<?xml version='1.0' encoding='utf-8'?>
<kml xmlns="http://www.opengis.net/kml/2.2" xmlns:gx="http://www.google.com/kml/ext/2.2">
  <Document>
    <name>VT 4.0.3 — Front</name>
    <description>Source: cam3_full_2026-10-03_223229_750_2f129f3e.jsonl
Active session only: 2026-10-03T22:33:27.075+10:00 to 2026-10-03T22:38:27.730+10:00. Drone track blue; surfer yellow; captured shoreline cyan; initial-central retreat boundary red. Tracks are ground-clamped GPS positions, not aircraft altitude. Track gaps over 5 seconds are split. Shoreline orientation is the configured direction, not independently verified. Boundary line is drawn 300 m each side of central for display; the control boundary is infinite. Settings: {"version": 1, "enabled": true, "filmingSeparationMetres": 28, "reapproachMarginMetres": 5, "maxMovementSpeedMetresPerSecond": 4, "lineupWidthMetres": 150, "rideStartKmh": 18, "rideDurationSeconds": 20, "noRideTimeoutSeconds": 300, "maxYawRateDegreesPerSecond": 15, "yawAccelerationDegreesPerSecondSquared": 8, "mode": "front", "shorelineId": "c33dc463-0f03-4608-9b2f-7a45154b7da3", "sidewaysSide": "left", "alignmentToleranceMetres": 3}</description>
    <Style id="drone">
      <LineStyle>
        <color>ffff6600</color>
        <width>4</width>
      </LineStyle>
      <IconStyle>
        <color>ffff6600</color>
        <scale>0.8</scale>
      </IconStyle>
    </Style>
    <Style id="surfer">
      <LineStyle>
        <color>ff00ffff</color>
        <width>4</width>
      </LineStyle>
      <IconStyle>
        <color>ff00ffff</color>
        <scale>0.8</scale>
      </IconStyle>
    </Style>
    <Style id="shore">
      <LineStyle>
        <color>ffffff00</color>
        <width>3</width>
      </LineStyle>
      <IconStyle>
        <color>ffffff00</color>
        <scale>0.8</scale>
      </IconStyle>
    </Style>
    <Style id="boundary">
      <LineStyle>
        <color>ff0000ff</color>
        <width>3</width>
      </LineStyle>
      <IconStyle>
        <color>ff0000ff</color>
        <scale>0.8</scale>
      </IconStyle>
    </Style>
    <Style id="sea">
      <LineStyle>
        <color>ff00aa00</color>
        <width>3</width>
      </LineStyle>
      <IconStyle>
        <color>ff00aa00</color>
        <scale>0.8</scale>
      </IconStyle>
    </Style>
    <Style id="plan">
      <LineStyle>
        <color>ff888888</color>
        <width>2</width>
      </LineStyle>
      <IconStyle>
        <color>ff888888</color>
        <scale>0.8</scale>
      </IconStyle>
    </Style>
    <Style id="event">
      <LineStyle>
        <color>ff00aaff</color>
        <width>2</width>
      </LineStyle>
      <IconStyle>
        <color>ff00aaff</color>
        <scale>0.8</scale>
      </IconStyle>
    </Style>
    <Style id="central">
      <LineStyle>
        <color>ff0000ff</color>
        <width>2</width>
      </LineStyle>
      <IconStyle>
        <color>ff0000ff</color>
        <scale>0.8</scale>
      </IconStyle>
    </Style>
    <Folder>
      <name>Shoreline and fixed retreat boundary</name>
      <Placemark>
        <name>Selected shoreline vc</name>
        <description>leftOfAToB</description>
        <styleUrl>#shore</styleUrl>
        <LineString>
          <tessellate>1</tessellate>
          <altitudeMode>clampToGround</altitudeMode>
          <coordinates>153.4080600000,-28.0889900000,0 153.4078500000,-28.0882800000,0</coordinates>
        </LineString>
      </Placemark>
      <Placemark>
        <name>Shoreline A</name>
        <description />
        <styleUrl>#event</styleUrl>
        <Point>
          <altitudeMode>clampToGround</altitudeMode>
          <coordinates>153.4080600000,-28.0889900000,0</coordinates>
        </Point>
      </Placemark>
      <Placemark>
        <name>Shoreline B</name>
        <description />
        <styleUrl>#event</styleUrl>
        <Point>
          <altitudeMode>clampToGround</altitudeMode>
          <coordinates>153.4078500000,-28.0882800000,0</coordinates>
        </Point>
      </Placemark>
      <Placemark>
        <name>Initial central / boundary anchor</name>
        <description>Fixed throughout the session; not a land or obstacle measurement.</description>
        <styleUrl>#central</styleUrl>
        <Point>
          <altitudeMode>clampToGround</altitudeMode>
          <coordinates>153.4077908964,-28.0886283289,0</coordinates>
        </Point>
      </Placemark>
      <Placemark>
        <name>Retreat shoreward boundary</name>
        <description>Only retreat uses this boundary; Come-to-me and return are unchanged.</description>
        <styleUrl>#boundary</styleUrl>
        <LineString>
          <tessellate>1</tessellate>
          <altitudeMode>clampToGround</altitudeMode>
          <coordinates>153.4085630345,-28.0912388817,0 153.4070187584,-28.0860177760,0</coordinates>
        </LineString>
      </Placemark>
      <Placemark>
        <name>Configured SEAWARD side</name>
        <description>Configured sea bearing 255.4 degrees</description>
        <styleUrl>#event</styleUrl>
        <Point>
          <altitudeMode>clampToGround</altitudeMode>
          <coordinates>153.4073963536,-28.0887191550,0</coordinates>
        </Point>
      </Placemark>
      <Placemark>
        <name>Configured seaward direction</name>
        <description />
        <styleUrl>#sea</styleUrl>
        <LineString>
          <tessellate>1</tessellate>
          <altitudeMode>clampToGround</altitudeMode>
          <coordinates>153.4077908964,-28.0886283289,0 153.4073963536,-28.0887191550,0</coordinates>
        </LineString>
      </Placemark>
    </Folder>
    <Folder>
      <name>GPS tracks — use time slider</name>
      <Placemark>
        <name>Drone GPS track</name>
        <styleUrl>#drone</styleUrl>
        <gx:Track>
          <altitudeMode>clampToGround</altitudeMode>
          <when>2026-10-03T22:33:26.579+10:00</when>
          <when>2026-10-03T22:33:27.182+10:00</when>
          <when>2026-10-03T22:33:27.731+10:00</when>
          <when>2026-10-03T22:33:28.266+10:00</when>
          <when>2026-10-03T22:33:28.799+10:00</when>
          <when>2026-10-03T22:33:29.332+10:00</when>
          <when>2026-10-03T22:33:29.876+10:00</when>
          <when>2026-10-03T22:33:30.427+10:00</when>
          <when>2026-10-03T22:33:30.960+10:00</when>
          <when>2026-10-03T22:33:31.497+10:00</when>
          <when>2026-10-03T22:33:32.038+10:00</when>
          <when>2026-10-03T22:33:32.587+10:00</when>
          <when>2026-10-03T22:33:33.135+10:00</when>
          <when>2026-10-03T22:33:33.684+10:00</when>
          <when>2026-10-03T22:33:34.223+10:00</when>
          <when>2026-10-03T22:33:34.753+10:00</when>
          <when>2026-10-03T22:33:35.290+10:00</when>
          <when>2026-10-03T22:33:35.821+10:00</when>
          <when>2026-10-03T22:33:36.358+10:00</when>
          <when>2026-10-03T22:33:36.891+10:00</when>
          <when>2026-10-03T22:33:37.427+10:00</when>
          <when>2026-10-03T22:33:37.962+10:00</when>
          <when>2026-10-03T22:33:38.496+10:00</when>
          <when>2026-10-03T22:33:39.035+10:00</when>
          <when>2026-10-03T22:33:39.576+10:00</when>
          <when>2026-10-03T22:33:40.106+10:00</when>
          <when>2026-10-03T22:33:40.641+10:00</when>
          <when>2026-10-03T22:33:41.180+10:00</when>
          <when>2026-10-03T22:33:41.725+10:00</when>
          <when>2026-10-03T22:33:42.261+10:00</when>
          <when>2026-10-03T22:33:42.796+10:00</when>
          <when>2026-10-03T22:33:43.328+10:00</when>
          <when>2026-10-03T22:33:43.862+10:00</when>
          <when>2026-10-03T22:33:44.405+10:00</when>
          <when>2026-10-03T22:33:44.944+10:00</when>
          <when>2026-10-03T22:33:45.475+10:00</when>
          <when>2026-10-03T22:33:46.008+10:00</when>
          <when>2026-10-03T22:33:46.547+10:00</when>
          <when>2026-10-03T22:33:47.095+10:00</when>
          <when>2026-10-03T22:33:47.635+10:00</when>
          <when>2026-10-03T22:33:48.172+10:00</when>
          <when>2026-10-03T22:33:48.701+10:00</when>
          <when>2026-10-03T22:33:49.245+10:00</when>
          <when>2026-10-03T22:33:49.775+10:00</when>
          <when>2026-10-03T22:33:50.313+10:00</when>
          <when>2026-10-03T22:33:50.849+10:00</when>
          <when>2026-10-03T22:33:51.382+10:00</when>
          <when>2026-10-03T22:33:51.912+10:00</when>
          <when>2026-10-03T22:33:52.448+10:00</when>
          <when>2026-10-03T22:33:52.987+10:00</when>
          <when>2026-10-03T22:33:53.521+10:00</when>
          <when>2026-10-03T22:33:54.058+10:00</when>
          <when>2026-10-03T22:33:54.584+10:00</when>
          <when>2026-10-03T22:33:55.110+10:00</when>
          <when>2026-10-03T22:33:55.645+10:00</when>
          <when>2026-10-03T22:33:56.181+10:00</when>
          <when>2026-10-03T22:33:56.718+10:00</when>
          <when>2026-10-03T22:33:57.251+10:00</when>
          <when>2026-10-03T22:33:57.793+10:00</when>
          <when>2026-10-03T22:33:58.328+10:00</when>
          <when>2026-10-03T22:33:58.869+10:00</when>
          <when>2026-10-03T22:33:59.399+10:00</when>
          <when>2026-10-03T22:33:59.941+10:00</when>
          <when>2026-10-03T22:34:00.478+10:00</when>
          <when>2026-10-03T22:34:01.005+10:00</when>
          <when>2026-10-03T22:34:01.540+10:00</when>
          <when>2026-10-03T22:34:02.069+10:00</when>
          <when>2026-10-03T22:34:02.607+10:00</when>
          <when>2026-10-03T22:34:03.144+10:00</when>
          <when>2026-10-03T22:34:03.685+10:00</when>
          <when>2026-10-03T22:34:04.212+10:00</when>
          <when>2026-10-03T22:34:04.741+10:00</when>
          <when>2026-10-03T22:34:05.270+10:00</when>
          <when>2026-10-03T22:34:05.807+10:00</when>
          <when>2026-10-03T22:34:06.342+10:00</when>
          <when>2026-10-03T22:34:06.874+10:00</when>
          <when>2026-10-03T22:34:07.395+10:00</when>
          <when>2026-10-03T22:34:07.931+10:00</when>
          <when>2026-10-03T22:34:08.475+10:00</when>
          <when>2026-10-03T22:34:09.019+10:00</when>
          <when>2026-10-03T22:34:09.548+10:00</when>
          <when>2026-10-03T22:34:10.081+10:00</when>
          <when>2026-10-03T22:34:10.610+10:00</when>
          <when>2026-10-03T22:34:11.162+10:00</when>
          <when>2026-10-03T22:34:11.694+10:00</when>
          <when>2026-10-03T22:34:12.224+10:00</when>
          <when>2026-10-03T22:34:12.752+10:00</when>
          <when>2026-10-03T22:34:13.306+10:00</when>
          <when>2026-10-03T22:34:13.844+10:00</when>
          <when>2026-10-03T22:34:14.394+10:00</when>
          <when>2026-10-03T22:34:14.937+10:00</when>
          <when>2026-10-03T22:34:15.476+10:00</when>
          <when>2026-10-03T22:34:16.006+10:00</when>
          <when>2026-10-03T22:34:16.544+10:00</when>
          <when>2026-10-03T22:34:17.081+10:00</when>
          <when>2026-10-03T22:34:17.619+10:00</when>
          <when>2026-10-03T22:34:18.152+10:00</when>
          <when>2026-10-03T22:34:18.682+10:00</when>
          <when>2026-10-03T22:34:19.212+10:00</when>
          <when>2026-10-03T22:34:19.744+10:00</when>
          <when>2026-10-03T22:34:20.287+10:00</when>
          <when>2026-10-03T22:34:20.833+10:00</when>
          <when>2026-10-03T22:34:21.374+10:00</when>
          <when>2026-10-03T22:34:21.914+10:00</when>
          <when>2026-10-03T22:34:22.454+10:00</when>
          <when>2026-10-03T22:34:23.005+10:00</when>
          <when>2026-10-03T22:34:23.544+10:00</when>
          <when>2026-10-03T22:34:24.085+10:00</when>
          <when>2026-10-03T22:34:24.628+10:00</when>
          <when>2026-10-03T22:34:25.169+10:00</when>
          <when>2026-10-03T22:34:25.712+10:00</when>
          <when>2026-10-03T22:34:26.259+10:00</when>
          <when>2026-10-03T22:34:26.808+10:00</when>
          <when>2026-10-03T22:34:27.339+10:00</when>
          <when>2026-10-03T22:34:27.879+10:00</when>
          <when>2026-10-03T22:34:28.413+10:00</when>
          <when>2026-10-03T22:34:28.944+10:00</when>
          <when>2026-10-03T22:34:29.469+10:00</when>
          <when>2026-10-03T22:34:30.006+10:00</when>
          <when>2026-10-03T22:34:30.550+10:00</when>
          <when>2026-10-03T22:34:31.091+10:00</when>
          <when>2026-10-03T22:34:31.639+10:00</when>
          <when>2026-10-03T22:34:32.180+10:00</when>
          <when>2026-10-03T22:34:32.720+10:00</when>
          <when>2026-10-03T22:34:33.267+10:00</when>
          <when>2026-10-03T22:34:33.802+10:00</when>
          <when>2026-10-03T22:34:34.340+10:00</when>
          <when>2026-10-03T22:34:34.873+10:00</when>
          <when>2026-10-03T22:34:35.408+10:00</when>
          <when>2026-10-03T22:34:35.939+10:00</when>
          <when>2026-10-03T22:34:36.480+10:00</when>
          <when>2026-10-03T22:34:37.010+10:00</when>
          <when>2026-10-03T22:34:37.541+10:00</when>
          <when>2026-10-03T22:34:38.083+10:00</when>
          <when>2026-10-03T22:34:38.617+10:00</when>
          <when>2026-10-03T22:34:39.154+10:00</when>
          <when>2026-10-03T22:34:39.685+10:00</when>
          <when>2026-10-03T22:34:40.217+10:00</when>
          <when>2026-10-03T22:34:40.755+10:00</when>
          <when>2026-10-03T22:34:41.285+10:00</when>
          <when>2026-10-03T22:34:41.818+10:00</when>
          <when>2026-10-03T22:34:42.351+10:00</when>
          <when>2026-10-03T22:34:42.882+10:00</when>
          <when>2026-10-03T22:34:43.411+10:00</when>
          <when>2026-10-03T22:34:43.956+10:00</when>
          <when>2026-10-03T22:34:44.497+10:00</when>
          <when>2026-10-03T22:34:45.034+10:00</when>
          <when>2026-10-03T22:34:45.575+10:00</when>
          <when>2026-10-03T22:34:46.107+10:00</when>
          <when>2026-10-03T22:34:46.642+10:00</when>
          <when>2026-10-03T22:34:47.174+10:00</when>
          <when>2026-10-03T22:34:47.713+10:00</when>
          <when>2026-10-03T22:34:48.250+10:00</when>
          <when>2026-10-03T22:34:48.774+10:00</when>
          <when>2026-10-03T22:34:49.316+10:00</when>
          <when>2026-10-03T22:34:49.854+10:00</when>
          <when>2026-10-03T22:34:50.386+10:00</when>
          <when>2026-10-03T22:34:50.924+10:00</when>
          <when>2026-10-03T22:34:51.453+10:00</when>
          <when>2026-10-03T22:34:51.986+10:00</when>
          <when>2026-10-03T22:34:52.532+10:00</when>
          <when>2026-10-03T22:34:53.073+10:00</when>
          <when>2026-10-03T22:34:53.608+10:00</when>
          <when>2026-10-03T22:34:54.153+10:00</when>
          <when>2026-10-03T22:34:54.687+10:00</when>
          <when>2026-10-03T22:34:55.232+10:00</when>
          <when>2026-10-03T22:34:55.776+10:00</when>
          <when>2026-10-03T22:34:56.306+10:00</when>
          <when>2026-10-03T22:34:56.850+10:00</when>
          <when>2026-10-03T22:34:57.380+10:00</when>
          <when>2026-10-03T22:34:57.905+10:00</when>
          <when>2026-10-03T22:34:58.436+10:00</when>
          <when>2026-10-03T22:34:58.972+10:00</when>
          <when>2026-10-03T22:34:59.499+10:00</when>
          <when>2026-10-03T22:35:00.035+10:00</when>
          <when>2026-10-03T22:35:00.583+10:00</when>
          <when>2026-10-03T22:35:01.122+10:00</when>
          <when>2026-10-03T22:35:01.653+10:00</when>
          <when>2026-10-03T22:35:02.197+10:00</when>
          <when>2026-10-03T22:35:02.727+10:00</when>
          <when>2026-10-03T22:35:03.272+10:00</when>
          <when>2026-10-03T22:35:03.817+10:00</when>
          <when>2026-10-03T22:35:04.357+10:00</when>
          <when>2026-10-03T22:35:04.886+10:00</when>
          <when>2026-10-03T22:35:05.430+10:00</when>
          <when>2026-10-03T22:35:05.960+10:00</when>
          <when>2026-10-03T22:35:06.497+10:00</when>
          <when>2026-10-03T22:35:07.026+10:00</when>
          <when>2026-10-03T22:35:07.546+10:00</when>
          <when>2026-10-03T22:35:08.076+10:00</when>
          <when>2026-10-03T22:35:08.619+10:00</when>
          <when>2026-10-03T22:35:09.145+10:00</when>
          <when>2026-10-03T22:35:09.677+10:00</when>
          <when>2026-10-03T22:35:10.214+10:00</when>
          <when>2026-10-03T22:35:10.743+10:00</when>
          <when>2026-10-03T22:35:11.280+10:00</when>
          <when>2026-10-03T22:35:11.812+10:00</when>
          <when>2026-10-03T22:35:12.343+10:00</when>
          <when>2026-10-03T22:35:12.883+10:00</when>
          <when>2026-10-03T22:35:13.424+10:00</when>
          <when>2026-10-03T22:35:13.961+10:00</when>
          <when>2026-10-03T22:35:14.491+10:00</when>
          <when>2026-10-03T22:35:15.036+10:00</when>
          <when>2026-10-03T22:35:15.562+10:00</when>
          <when>2026-10-03T22:35:16.096+10:00</when>
          <when>2026-10-03T22:35:16.641+10:00</when>
          <when>2026-10-03T22:35:17.172+10:00</when>
          <when>2026-10-03T22:35:17.702+10:00</when>
          <when>2026-10-03T22:35:18.241+10:00</when>
          <when>2026-10-03T22:35:18.774+10:00</when>
          <when>2026-10-03T22:35:19.307+10:00</when>
          <when>2026-10-03T22:35:19.842+10:00</when>
          <when>2026-10-03T22:35:20.372+10:00</when>
          <when>2026-10-03T22:35:20.905+10:00</when>
          <when>2026-10-03T22:35:21.455+10:00</when>
          <when>2026-10-03T22:35:21.989+10:00</when>
          <when>2026-10-03T22:35:22.522+10:00</when>
          <when>2026-10-03T22:35:23.057+10:00</when>
          <when>2026-10-03T22:35:23.596+10:00</when>
          <when>2026-10-03T22:35:24.136+10:00</when>
          <when>2026-10-03T22:35:24.667+10:00</when>
          <when>2026-10-03T22:35:25.207+10:00</when>
          <when>2026-10-03T22:35:25.751+10:00</when>
          <when>2026-10-03T22:35:26.283+10:00</when>
          <when>2026-10-03T22:35:26.808+10:00</when>
          <when>2026-10-03T22:35:27.345+10:00</when>
          <when>2026-10-03T22:35:27.875+10:00</when>
          <when>2026-10-03T22:35:28.409+10:00</when>
          <when>2026-10-03T22:35:28.952+10:00</when>
          <when>2026-10-03T22:35:29.489+10:00</when>
          <when>2026-10-03T22:35:30.021+10:00</when>
          <when>2026-10-03T22:35:30.567+10:00</when>
          <when>2026-10-03T22:35:31.100+10:00</when>
          <when>2026-10-03T22:35:31.633+10:00</when>
          <when>2026-10-03T22:35:32.170+10:00</when>
          <when>2026-10-03T22:35:32.703+10:00</when>
          <when>2026-10-03T22:35:33.234+10:00</when>
          <when>2026-10-03T22:35:33.761+10:00</when>
          <when>2026-10-03T22:35:34.290+10:00</when>
          <when>2026-10-03T22:35:34.821+10:00</when>
          <when>2026-10-03T22:35:35.360+10:00</when>
          <when>2026-10-03T22:35:35.891+10:00</when>
          <when>2026-10-03T22:35:36.434+10:00</when>
          <when>2026-10-03T22:35:36.967+10:00</when>
          <when>2026-10-03T22:35:37.499+10:00</when>
          <when>2026-10-03T22:35:38.032+10:00</when>
          <when>2026-10-03T22:35:38.575+10:00</when>
          <when>2026-10-03T22:35:39.117+10:00</when>
          <when>2026-10-03T22:35:39.656+10:00</when>
          <when>2026-10-03T22:35:40.203+10:00</when>
          <when>2026-10-03T22:35:40.740+10:00</when>
          <when>2026-10-03T22:35:41.267+10:00</when>
          <when>2026-10-03T22:35:41.798+10:00</when>
          <when>2026-10-03T22:35:42.326+10:00</when>
          <when>2026-10-03T22:35:42.853+10:00</when>
          <when>2026-10-03T22:35:43.385+10:00</when>
          <when>2026-10-03T22:35:43.922+10:00</when>
          <when>2026-10-03T22:35:44.444+10:00</when>
          <when>2026-10-03T22:35:44.983+10:00</when>
          <when>2026-10-03T22:35:45.520+10:00</when>
          <when>2026-10-03T22:35:46.057+10:00</when>
          <when>2026-10-03T22:35:46.583+10:00</when>
          <when>2026-10-03T22:35:47.118+10:00</when>
          <when>2026-10-03T22:35:47.649+10:00</when>
          <when>2026-10-03T22:35:48.195+10:00</when>
          <when>2026-10-03T22:35:48.735+10:00</when>
          <when>2026-10-03T22:35:49.267+10:00</when>
          <when>2026-10-03T22:35:49.794+10:00</when>
          <when>2026-10-03T22:35:50.327+10:00</when>
          <when>2026-10-03T22:35:50.856+10:00</when>
          <when>2026-10-03T22:35:51.383+10:00</when>
          <when>2026-10-03T22:35:51.920+10:00</when>
          <when>2026-10-03T22:35:52.452+10:00</when>
          <when>2026-10-03T22:35:52.991+10:00</when>
          <when>2026-10-03T22:35:53.533+10:00</when>
          <when>2026-10-03T22:35:54.068+10:00</when>
          <when>2026-10-03T22:35:54.592+10:00</when>
          <when>2026-10-03T22:35:55.137+10:00</when>
          <when>2026-10-03T22:35:55.663+10:00</when>
          <when>2026-10-03T22:35:56.209+10:00</when>
          <when>2026-10-03T22:35:56.741+10:00</when>
          <when>2026-10-03T22:35:57.267+10:00</when>
          <when>2026-10-03T22:35:57.803+10:00</when>
          <when>2026-10-03T22:35:58.331+10:00</when>
          <when>2026-10-03T22:35:58.858+10:00</when>
          <when>2026-10-03T22:35:59.393+10:00</when>
          <when>2026-10-03T22:35:59.920+10:00</when>
          <when>2026-10-03T22:36:00.450+10:00</when>
          <when>2026-10-03T22:36:01.004+10:00</when>
          <when>2026-10-03T22:36:01.550+10:00</when>
          <when>2026-10-03T22:36:02.086+10:00</when>
          <when>2026-10-03T22:36:02.614+10:00</when>
          <when>2026-10-03T22:36:03.147+10:00</when>
          <when>2026-10-03T22:36:03.667+10:00</when>
          <when>2026-10-03T22:36:04.201+10:00</when>
          <when>2026-10-03T22:36:04.740+10:00</when>
          <when>2026-10-03T22:36:05.272+10:00</when>
          <when>2026-10-03T22:36:05.816+10:00</when>
          <when>2026-10-03T22:36:06.351+10:00</when>
          <when>2026-10-03T22:36:06.871+10:00</when>
          <when>2026-10-03T22:36:07.403+10:00</when>
          <when>2026-10-03T22:36:07.947+10:00</when>
          <when>2026-10-03T22:36:08.477+10:00</when>
          <when>2026-10-03T22:36:09.032+10:00</when>
          <when>2026-10-03T22:36:09.563+10:00</when>
          <when>2026-10-03T22:36:10.100+10:00</when>
          <when>2026-10-03T22:36:10.631+10:00</when>
          <when>2026-10-03T22:36:11.161+10:00</when>
          <when>2026-10-03T22:36:11.688+10:00</when>
          <when>2026-10-03T22:36:12.233+10:00</when>
          <when>2026-10-03T22:36:12.771+10:00</when>
          <when>2026-10-03T22:36:13.308+10:00</when>
          <when>2026-10-03T22:36:13.849+10:00</when>
          <when>2026-10-03T22:36:14.386+10:00</when>
          <when>2026-10-03T22:36:14.933+10:00</when>
          <when>2026-10-03T22:36:15.466+10:00</when>
          <when>2026-10-03T22:36:16.003+10:00</when>
          <when>2026-10-03T22:36:16.542+10:00</when>
          <when>2026-10-03T22:36:17.072+10:00</when>
          <when>2026-10-03T22:36:17.599+10:00</when>
          <when>2026-10-03T22:36:18.132+10:00</when>
          <when>2026-10-03T22:36:18.664+10:00</when>
          <when>2026-10-03T22:36:19.195+10:00</when>
          <when>2026-10-03T22:36:19.722+10:00</when>
          <when>2026-10-03T22:36:20.252+10:00</when>
          <when>2026-10-03T22:36:20.778+10:00</when>
          <when>2026-10-03T22:36:21.309+10:00</when>
          <when>2026-10-03T22:36:21.852+10:00</when>
          <when>2026-10-03T22:36:22.385+10:00</when>
          <when>2026-10-03T22:36:22.915+10:00</when>
          <when>2026-10-03T22:36:23.449+10:00</when>
          <when>2026-10-03T22:36:23.978+10:00</when>
          <when>2026-10-03T22:36:24.505+10:00</when>
          <when>2026-10-03T22:36:25.041+10:00</when>
          <when>2026-10-03T22:36:25.574+10:00</when>
          <when>2026-10-03T22:36:26.112+10:00</when>
          <when>2026-10-03T22:36:26.654+10:00</when>
          <when>2026-10-03T22:36:27.193+10:00</when>
          <when>2026-10-03T22:36:27.735+10:00</when>
          <when>2026-10-03T22:36:28.272+10:00</when>
          <when>2026-10-03T22:36:28.807+10:00</when>
          <when>2026-10-03T22:36:29.348+10:00</when>
          <when>2026-10-03T22:36:29.884+10:00</when>
          <when>2026-10-03T22:36:30.431+10:00</when>
          <when>2026-10-03T22:36:30.962+10:00</when>
          <when>2026-10-03T22:36:31.496+10:00</when>
          <when>2026-10-03T22:36:32.031+10:00</when>
          <when>2026-10-03T22:36:32.566+10:00</when>
          <when>2026-10-03T22:36:33.099+10:00</when>
          <when>2026-10-03T22:36:33.638+10:00</when>
          <when>2026-10-03T22:36:34.168+10:00</when>
          <when>2026-10-03T22:36:34.691+10:00</when>
          <when>2026-10-03T22:36:35.235+10:00</when>
          <when>2026-10-03T22:36:35.760+10:00</when>
          <when>2026-10-03T22:36:36.289+10:00</when>
          <when>2026-10-03T22:36:36.821+10:00</when>
          <when>2026-10-03T22:36:37.349+10:00</when>
          <when>2026-10-03T22:36:37.900+10:00</when>
          <when>2026-10-03T22:36:38.435+10:00</when>
          <when>2026-10-03T22:36:38.967+10:00</when>
          <when>2026-10-03T22:36:39.500+10:00</when>
          <when>2026-10-03T22:36:40.040+10:00</when>
          <when>2026-10-03T22:36:40.571+10:00</when>
          <when>2026-10-03T22:36:41.098+10:00</when>
          <when>2026-10-03T22:36:41.636+10:00</when>
          <when>2026-10-03T22:36:42.220+10:00</when>
          <when>2026-10-03T22:36:42.751+10:00</when>
          <when>2026-10-03T22:36:43.282+10:00</when>
          <when>2026-10-03T22:36:43.814+10:00</when>
          <when>2026-10-03T22:36:44.355+10:00</when>
          <when>2026-10-03T22:36:44.890+10:00</when>
          <when>2026-10-03T22:36:45.426+10:00</when>
          <when>2026-10-03T22:36:45.967+10:00</when>
          <when>2026-10-03T22:36:46.498+10:00</when>
          <when>2026-10-03T22:36:47.030+10:00</when>
          <when>2026-10-03T22:36:47.568+10:00</when>
          <when>2026-10-03T22:36:48.104+10:00</when>
          <when>2026-10-03T22:36:48.640+10:00</when>
          <when>2026-10-03T22:36:49.176+10:00</when>
          <when>2026-10-03T22:36:49.716+10:00</when>
          <when>2026-10-03T22:36:50.239+10:00</when>
          <when>2026-10-03T22:36:50.768+10:00</when>
          <when>2026-10-03T22:36:51.313+10:00</when>
          <when>2026-10-03T22:36:51.856+10:00</when>
          <when>2026-10-03T22:36:52.380+10:00</when>
          <when>2026-10-03T22:36:52.911+10:00</when>
          <when>2026-10-03T22:36:53.464+10:00</when>
          <when>2026-10-03T22:36:53.992+10:00</when>
          <when>2026-10-03T22:36:54.521+10:00</when>
          <when>2026-10-03T22:36:55.061+10:00</when>
          <when>2026-10-03T22:36:55.589+10:00</when>
          <when>2026-10-03T22:36:56.119+10:00</when>
          <when>2026-10-03T22:36:56.666+10:00</when>
          <when>2026-10-03T22:36:57.198+10:00</when>
          <when>2026-10-03T22:36:57.732+10:00</when>
          <when>2026-10-03T22:36:58.270+10:00</when>
          <when>2026-10-03T22:36:58.795+10:00</when>
          <when>2026-10-03T22:36:59.332+10:00</when>
          <when>2026-10-03T22:36:59.872+10:00</when>
          <when>2026-10-03T22:37:00.394+10:00</when>
          <when>2026-10-03T22:37:00.924+10:00</when>
          <when>2026-10-03T22:37:01.452+10:00</when>
          <when>2026-10-03T22:37:01.979+10:00</when>
          <when>2026-10-03T22:37:02.520+10:00</when>
          <when>2026-10-03T22:37:03.056+10:00</when>
          <when>2026-10-03T22:37:03.581+10:00</when>
          <when>2026-10-03T22:37:04.114+10:00</when>
          <when>2026-10-03T22:37:04.644+10:00</when>
          <when>2026-10-03T22:37:05.182+10:00</when>
          <when>2026-10-03T22:37:05.705+10:00</when>
          <when>2026-10-03T22:37:06.230+10:00</when>
          <when>2026-10-03T22:37:06.754+10:00</when>
          <when>2026-10-03T22:37:07.283+10:00</when>
          <when>2026-10-03T22:37:07.813+10:00</when>
          <when>2026-10-03T22:37:08.346+10:00</when>
          <when>2026-10-03T22:37:08.871+10:00</when>
          <when>2026-10-03T22:37:09.393+10:00</when>
          <when>2026-10-03T22:37:09.922+10:00</when>
          <when>2026-10-03T22:37:10.450+10:00</when>
          <when>2026-10-03T22:37:10.984+10:00</when>
          <when>2026-10-03T22:37:11.524+10:00</when>
          <when>2026-10-03T22:37:12.063+10:00</when>
          <when>2026-10-03T22:37:12.590+10:00</when>
          <when>2026-10-03T22:37:13.114+10:00</when>
          <when>2026-10-03T22:37:13.642+10:00</when>
          <when>2026-10-03T22:37:14.172+10:00</when>
          <when>2026-10-03T22:37:14.699+10:00</when>
          <when>2026-10-03T22:37:15.237+10:00</when>
          <when>2026-10-03T22:37:15.767+10:00</when>
          <when>2026-10-03T22:37:16.294+10:00</when>
          <when>2026-10-03T22:37:16.823+10:00</when>
          <when>2026-10-03T22:37:17.358+10:00</when>
          <when>2026-10-03T22:37:17.879+10:00</when>
          <when>2026-10-03T22:37:18.407+10:00</when>
          <when>2026-10-03T22:37:18.941+10:00</when>
          <when>2026-10-03T22:37:19.469+10:00</when>
          <when>2026-10-03T22:37:20.000+10:00</when>
          <when>2026-10-03T22:37:20.542+10:00</when>
          <when>2026-10-03T22:37:21.069+10:00</when>
          <when>2026-10-03T22:37:21.599+10:00</when>
          <when>2026-10-03T22:37:22.129+10:00</when>
          <when>2026-10-03T22:37:22.662+10:00</when>
          <when>2026-10-03T22:37:23.197+10:00</when>
          <when>2026-10-03T22:37:23.735+10:00</when>
          <when>2026-10-03T22:37:24.267+10:00</when>
          <when>2026-10-03T22:37:24.799+10:00</when>
          <when>2026-10-03T22:37:25.330+10:00</when>
          <when>2026-10-03T22:37:25.855+10:00</when>
          <when>2026-10-03T22:37:26.380+10:00</when>
          <when>2026-10-03T22:37:26.916+10:00</when>
          <when>2026-10-03T22:37:27.441+10:00</when>
          <when>2026-10-03T22:37:27.969+10:00</when>
          <when>2026-10-03T22:37:28.503+10:00</when>
          <when>2026-10-03T22:37:29.035+10:00</when>
          <when>2026-10-03T22:37:29.564+10:00</when>
          <when>2026-10-03T22:37:30.110+10:00</when>
          <when>2026-10-03T22:37:30.650+10:00</when>
          <when>2026-10-03T22:37:31.182+10:00</when>
          <when>2026-10-03T22:37:31.721+10:00</when>
          <when>2026-10-03T22:37:32.255+10:00</when>
          <when>2026-10-03T22:37:32.786+10:00</when>
          <when>2026-10-03T22:37:33.320+10:00</when>
          <when>2026-10-03T22:37:33.858+10:00</when>
          <when>2026-10-03T22:37:34.385+10:00</when>
          <when>2026-10-03T22:37:34.922+10:00</when>
          <when>2026-10-03T22:37:35.454+10:00</when>
          <when>2026-10-03T22:37:35.987+10:00</when>
          <when>2026-10-03T22:37:36.527+10:00</when>
          <when>2026-10-03T22:37:37.060+10:00</when>
          <when>2026-10-03T22:37:37.592+10:00</when>
          <when>2026-10-03T22:37:38.134+10:00</when>
          <when>2026-10-03T22:37:38.660+10:00</when>
          <when>2026-10-03T22:37:39.198+10:00</when>
          <when>2026-10-03T22:37:39.724+10:00</when>
          <when>2026-10-03T22:37:40.253+10:00</when>
          <when>2026-10-03T22:37:40.780+10:00</when>
          <when>2026-10-03T22:37:41.306+10:00</when>
          <when>2026-10-03T22:37:41.835+10:00</when>
          <when>2026-10-03T22:37:42.369+10:00</when>
          <when>2026-10-03T22:37:42.893+10:00</when>
          <when>2026-10-03T22:37:43.446+10:00</when>
          <when>2026-10-03T22:37:43.975+10:00</when>
          <when>2026-10-03T22:37:44.517+10:00</when>
          <when>2026-10-03T22:37:45.044+10:00</when>
          <when>2026-10-03T22:37:45.581+10:00</when>
          <when>2026-10-03T22:37:46.111+10:00</when>
          <when>2026-10-03T22:37:46.641+10:00</when>
          <when>2026-10-03T22:37:47.179+10:00</when>
          <when>2026-10-03T22:37:47.712+10:00</when>
          <when>2026-10-03T22:37:48.234+10:00</when>
          <when>2026-10-03T22:37:48.764+10:00</when>
          <when>2026-10-03T22:37:49.317+10:00</when>
          <when>2026-10-03T22:37:49.842+10:00</when>
          <when>2026-10-03T22:37:50.375+10:00</when>
          <when>2026-10-03T22:37:50.902+10:00</when>
          <when>2026-10-03T22:37:51.442+10:00</when>
          <when>2026-10-03T22:37:51.981+10:00</when>
          <when>2026-10-03T22:37:52.536+10:00</when>
          <when>2026-10-03T22:37:53.069+10:00</when>
          <when>2026-10-03T22:37:53.607+10:00</when>
          <when>2026-10-03T22:37:54.153+10:00</when>
          <when>2026-10-03T22:37:54.686+10:00</when>
          <when>2026-10-03T22:37:55.218+10:00</when>
          <when>2026-10-03T22:37:55.745+10:00</when>
          <when>2026-10-03T22:37:56.265+10:00</when>
          <when>2026-10-03T22:37:56.797+10:00</when>
          <when>2026-10-03T22:37:57.332+10:00</when>
          <when>2026-10-03T22:37:57.855+10:00</when>
          <when>2026-10-03T22:37:58.386+10:00</when>
          <when>2026-10-03T22:37:58.923+10:00</when>
          <when>2026-10-03T22:37:59.463+10:00</when>
          <when>2026-10-03T22:37:59.993+10:00</when>
          <when>2026-10-03T22:38:00.537+10:00</when>
          <when>2026-10-03T22:38:01.064+10:00</when>
          <when>2026-10-03T22:38:01.597+10:00</when>
          <when>2026-10-03T22:38:02.145+10:00</when>
          <when>2026-10-03T22:38:02.674+10:00</when>
          <when>2026-10-03T22:38:03.227+10:00</when>
          <when>2026-10-03T22:38:03.761+10:00</when>
          <when>2026-10-03T22:38:04.294+10:00</when>
          <when>2026-10-03T22:38:04.831+10:00</when>
          <when>2026-10-03T22:38:05.367+10:00</when>
          <when>2026-10-03T22:38:05.893+10:00</when>
          <when>2026-10-03T22:38:06.423+10:00</when>
          <when>2026-10-03T22:38:06.957+10:00</when>
          <when>2026-10-03T22:38:07.481+10:00</when>
          <when>2026-10-03T22:38:08.019+10:00</when>
          <when>2026-10-03T22:38:08.548+10:00</when>
          <when>2026-10-03T22:38:09.075+10:00</when>
          <when>2026-10-03T22:38:09.611+10:00</when>
          <when>2026-10-03T22:38:10.141+10:00</when>
          <when>2026-10-03T22:38:10.665+10:00</when>
          <when>2026-10-03T22:38:11.200+10:00</when>
          <when>2026-10-03T22:38:11.732+10:00</when>
          <when>2026-10-03T22:38:12.259+10:00</when>
          <when>2026-10-03T22:38:12.788+10:00</when>
          <when>2026-10-03T22:38:13.324+10:00</when>
          <when>2026-10-03T22:38:13.848+10:00</when>
          <when>2026-10-03T22:38:14.380+10:00</when>
          <when>2026-10-03T22:38:14.911+10:00</when>
          <when>2026-10-03T22:38:15.446+10:00</when>
          <when>2026-10-03T22:38:15.976+10:00</when>
          <when>2026-10-03T22:38:16.499+10:00</when>
          <when>2026-10-03T22:38:17.027+10:00</when>
          <when>2026-10-03T22:38:17.568+10:00</when>
          <when>2026-10-03T22:38:18.102+10:00</when>
          <when>2026-10-03T22:38:18.636+10:00</when>
          <when>2026-10-03T22:38:19.171+10:00</when>
          <when>2026-10-03T22:38:19.694+10:00</when>
          <when>2026-10-03T22:38:20.223+10:00</when>
          <when>2026-10-03T22:38:20.753+10:00</when>
          <when>2026-10-03T22:38:21.281+10:00</when>
          <when>2026-10-03T22:38:21.800+10:00</when>
          <when>2026-10-03T22:38:22.335+10:00</when>
          <when>2026-10-03T22:38:22.864+10:00</when>
          <when>2026-10-03T22:38:23.390+10:00</when>
          <when>2026-10-03T22:38:23.918+10:00</when>
          <when>2026-10-03T22:38:24.462+10:00</when>
          <when>2026-10-03T22:38:24.992+10:00</when>
          <when>2026-10-03T22:38:25.519+10:00</when>
          <when>2026-10-03T22:38:26.053+10:00</when>
          <when>2026-10-03T22:38:26.583+10:00</when>
          <when>2026-10-03T22:38:27.105+10:00</when>
          <when>2026-10-03T22:38:27.647+10:00</when>
          <gx:coord>153.4077910918 -28.0886285988 0</gx:coord>
          <gx:coord>153.4077908964 -28.0886283289 0</gx:coord>
          <gx:coord>153.4077908661 -28.0886282092 0</gx:coord>
          <gx:coord>153.4077908430 -28.0886281703 0</gx:coord>
          <gx:coord>153.4077908355 -28.0886279733 0</gx:coord>
          <gx:coord>153.4077909516 -28.0886278610 0</gx:coord>
          <gx:coord>153.4077910852 -28.0886278727 0</gx:coord>
          <gx:coord>153.4077911406 -28.0886279231 0</gx:coord>
          <gx:coord>153.4077911912 -28.0886279364 0</gx:coord>
          <gx:coord>153.4077911549 -28.0886278483 0</gx:coord>
          <gx:coord>153.4077910386 -28.0886277964 0</gx:coord>
          <gx:coord>153.4077909983 -28.0886277026 0</gx:coord>
          <gx:coord>153.4077907368 -28.0886276534 0</gx:coord>
          <gx:coord>153.4077905504 -28.0886277547 0</gx:coord>
          <gx:coord>153.4077903590 -28.0886278318 0</gx:coord>
          <gx:coord>153.4077902716 -28.0886279929 0</gx:coord>
          <gx:coord>153.4077901936 -28.0886280708 0</gx:coord>
          <gx:coord>153.4077901054 -28.0886281883 0</gx:coord>
          <gx:coord>153.4077899048 -28.0886283167 0</gx:coord>
          <gx:coord>153.4077898411 -28.0886284393 0</gx:coord>
          <gx:coord>153.4077896803 -28.0886283910 0</gx:coord>
          <gx:coord>153.4077896764 -28.0886283569 0</gx:coord>
          <gx:coord>153.4077897579 -28.0886283218 0</gx:coord>
          <gx:coord>153.4077896159 -28.0886281791 0</gx:coord>
          <gx:coord>153.4077895508 -28.0886280097 0</gx:coord>
          <gx:coord>153.4077895677 -28.0886278668 0</gx:coord>
          <gx:coord>153.4077894687 -28.0886276561 0</gx:coord>
          <gx:coord>153.4077895795 -28.0886276305 0</gx:coord>
          <gx:coord>153.4077894593 -28.0886276147 0</gx:coord>
          <gx:coord>153.4077892469 -28.0886276796 0</gx:coord>
          <gx:coord>153.4077889727 -28.0886278550 0</gx:coord>
          <gx:coord>153.4077887925 -28.0886278702 0</gx:coord>
          <gx:coord>153.4077887610 -28.0886277863 0</gx:coord>
          <gx:coord>153.4077887609 -28.0886276531 0</gx:coord>
          <gx:coord>153.4077886157 -28.0886274264 0</gx:coord>
          <gx:coord>153.4077885777 -28.0886272687 0</gx:coord>
          <gx:coord>153.4077886153 -28.0886270605 0</gx:coord>
          <gx:coord>153.4077886854 -28.0886268821 0</gx:coord>
          <gx:coord>153.4077887534 -28.0886268754 0</gx:coord>
          <gx:coord>153.4077889761 -28.0886268706 0</gx:coord>
          <gx:coord>153.4077890574 -28.0886266752 0</gx:coord>
          <gx:coord>153.4077890471 -28.0886265582 0</gx:coord>
          <gx:coord>153.4077891459 -28.0886263727 0</gx:coord>
          <gx:coord>153.4077893140 -28.0886261537 0</gx:coord>
          <gx:coord>153.4077892581 -28.0886260067 0</gx:coord>
          <gx:coord>153.4077892687 -28.0886259217 0</gx:coord>
          <gx:coord>153.4077893635 -28.0886258090 0</gx:coord>
          <gx:coord>153.4077894228 -28.0886257655 0</gx:coord>
          <gx:coord>153.4077894741 -28.0886257647 0</gx:coord>
          <gx:coord>153.4077894679 -28.0886257372 0</gx:coord>
          <gx:coord>153.4077894221 -28.0886257130 0</gx:coord>
          <gx:coord>153.4077893968 -28.0886257612 0</gx:coord>
          <gx:coord>153.4077894567 -28.0886258600 0</gx:coord>
          <gx:coord>153.4077895095 -28.0886259275 0</gx:coord>
          <gx:coord>153.4077896638 -28.0886259836 0</gx:coord>
          <gx:coord>153.4077897994 -28.0886260475 0</gx:coord>
          <gx:coord>153.4077900657 -28.0886260664 0</gx:coord>
          <gx:coord>153.4077900769 -28.0886260030 0</gx:coord>
          <gx:coord>153.4077900658 -28.0886259585 0</gx:coord>
          <gx:coord>153.4077901217 -28.0886260376 0</gx:coord>
          <gx:coord>153.4077901548 -28.0886260092 0</gx:coord>
          <gx:coord>153.4077901246 -28.0886259764 0</gx:coord>
          <gx:coord>153.4077900676 -28.0886260579 0</gx:coord>
          <gx:coord>153.4077900855 -28.0886261023 0</gx:coord>
          <gx:coord>153.4077900353 -28.0886261679 0</gx:coord>
          <gx:coord>153.4077899826 -28.0886262873 0</gx:coord>
          <gx:coord>153.4077899834 -28.0886263609 0</gx:coord>
          <gx:coord>153.4077900224 -28.0886264610 0</gx:coord>
          <gx:coord>153.4077900536 -28.0886264321 0</gx:coord>
          <gx:coord>153.4077900186 -28.0886263280 0</gx:coord>
          <gx:coord>153.4077900408 -28.0886261109 0</gx:coord>
          <gx:coord>153.4077901351 -28.0886258306 0</gx:coord>
          <gx:coord>153.4077901995 -28.0886256766 0</gx:coord>
          <gx:coord>153.4077902749 -28.0886253994 0</gx:coord>
          <gx:coord>153.4077902392 -28.0886251569 0</gx:coord>
          <gx:coord>153.4077902382 -28.0886250924 0</gx:coord>
          <gx:coord>153.4077903617 -28.0886250503 0</gx:coord>
          <gx:coord>153.4077903472 -28.0886250211 0</gx:coord>
          <gx:coord>153.4077903418 -28.0886249210 0</gx:coord>
          <gx:coord>153.4077902209 -28.0886247817 0</gx:coord>
          <gx:coord>153.4077900266 -28.0886247186 0</gx:coord>
          <gx:coord>153.4077899511 -28.0886246503 0</gx:coord>
          <gx:coord>153.4077898622 -28.0886245920 0</gx:coord>
          <gx:coord>153.4077896798 -28.0886245106 0</gx:coord>
          <gx:coord>153.4077895301 -28.0886244826 0</gx:coord>
          <gx:coord>153.4077894319 -28.0886244540 0</gx:coord>
          <gx:coord>153.4077893434 -28.0886244557 0</gx:coord>
          <gx:coord>153.4077892115 -28.0886244379 0</gx:coord>
          <gx:coord>153.4077889813 -28.0886244594 0</gx:coord>
          <gx:coord>153.4077889361 -28.0886245185 0</gx:coord>
          <gx:coord>153.4077887864 -28.0886245589 0</gx:coord>
          <gx:coord>153.4077886603 -28.0886247654 0</gx:coord>
          <gx:coord>153.4077885412 -28.0886249370 0</gx:coord>
          <gx:coord>153.4077884679 -28.0886251538 0</gx:coord>
          <gx:coord>153.4077884357 -28.0886253103 0</gx:coord>
          <gx:coord>153.4077884353 -28.0886253413 0</gx:coord>
          <gx:coord>153.4077885601 -28.0886254462 0</gx:coord>
          <gx:coord>153.4077886241 -28.0886253560 0</gx:coord>
          <gx:coord>153.4077886310 -28.0886252511 0</gx:coord>
          <gx:coord>153.4077886970 -28.0886251854 0</gx:coord>
          <gx:coord>153.4077886808 -28.0886251288 0</gx:coord>
          <gx:coord>153.4077886232 -28.0886250131 0</gx:coord>
          <gx:coord>153.4077885182 -28.0886248955 0</gx:coord>
          <gx:coord>153.4077885158 -28.0886248337 0</gx:coord>
          <gx:coord>153.4077885587 -28.0886249021 0</gx:coord>
          <gx:coord>153.4077886380 -28.0886250184 0</gx:coord>
          <gx:coord>153.4077885652 -28.0886250907 0</gx:coord>
          <gx:coord>153.4077885264 -28.0886250814 0</gx:coord>
          <gx:coord>153.4077883664 -28.0886251285 0</gx:coord>
          <gx:coord>153.4077881948 -28.0886251343 0</gx:coord>
          <gx:coord>153.4077879289 -28.0886252611 0</gx:coord>
          <gx:coord>153.4077863060 -28.0886226189 0</gx:coord>
          <gx:coord>153.4077824948 -28.0886109098 0</gx:coord>
          <gx:coord>153.4077796135 -28.0885985745 0</gx:coord>
          <gx:coord>153.4077777519 -28.0885914826 0</gx:coord>
          <gx:coord>153.4077751328 -28.0885834031 0</gx:coord>
          <gx:coord>153.4077721511 -28.0885752017 0</gx:coord>
          <gx:coord>153.4077703773 -28.0885703794 0</gx:coord>
          <gx:coord>153.4077677139 -28.0885642923 0</gx:coord>
          <gx:coord>153.4077654345 -28.0885592357 0</gx:coord>
          <gx:coord>153.4077643650 -28.0885562317 0</gx:coord>
          <gx:coord>153.4077630233 -28.0885517503 0</gx:coord>
          <gx:coord>153.4077615583 -28.0885476531 0</gx:coord>
          <gx:coord>153.4077607361 -28.0885455505 0</gx:coord>
          <gx:coord>153.4077596151 -28.0885429187 0</gx:coord>
          <gx:coord>153.4077586334 -28.0885401295 0</gx:coord>
          <gx:coord>153.4077581029 -28.0885376670 0</gx:coord>
          <gx:coord>153.4077577745 -28.0885360342 0</gx:coord>
          <gx:coord>153.4077575052 -28.0885339068 0</gx:coord>
          <gx:coord>153.4077573249 -28.0885323753 0</gx:coord>
          <gx:coord>153.4077571945 -28.0885313940 0</gx:coord>
          <gx:coord>153.4077569083 -28.0885299549 0</gx:coord>
          <gx:coord>153.4077566410 -28.0885286720 0</gx:coord>
          <gx:coord>153.4077564787 -28.0885279330 0</gx:coord>
          <gx:coord>153.4077563366 -28.0885269771 0</gx:coord>
          <gx:coord>153.4077560880 -28.0885262456 0</gx:coord>
          <gx:coord>153.4077559628 -28.0885258462 0</gx:coord>
          <gx:coord>153.4077558178 -28.0885254228 0</gx:coord>
          <gx:coord>153.4077565981 -28.0885282597 0</gx:coord>
          <gx:coord>153.4077577308 -28.0885319075 0</gx:coord>
          <gx:coord>153.4077591578 -28.0885372569 0</gx:coord>
          <gx:coord>153.4077603466 -28.0885421077 0</gx:coord>
          <gx:coord>153.4077610899 -28.0885449797 0</gx:coord>
          <gx:coord>153.4077622307 -28.0885487835 0</gx:coord>
          <gx:coord>153.4077632090 -28.0885517695 0</gx:coord>
          <gx:coord>153.4077638719 -28.0885535347 0</gx:coord>
          <gx:coord>153.4077648189 -28.0885558467 0</gx:coord>
          <gx:coord>153.4077656054 -28.0885576671 0</gx:coord>
          <gx:coord>153.4077663956 -28.0885592971 0</gx:coord>
          <gx:coord>153.4077667725 -28.0885602750 0</gx:coord>
          <gx:coord>153.4077671211 -28.0885612654 0</gx:coord>
          <gx:coord>153.4077671578 -28.0885613818 0</gx:coord>
          <gx:coord>153.4077676670 -28.0885632368 0</gx:coord>
          <gx:coord>153.4077690902 -28.0885677084 0</gx:coord>
          <gx:coord>153.4077700697 -28.0885719231 0</gx:coord>
          <gx:coord>153.4077705836 -28.0885744840 0</gx:coord>
          <gx:coord>153.4077713650 -28.0885776553 0</gx:coord>
          <gx:coord>153.4077716906 -28.0885800448 0</gx:coord>
          <gx:coord>153.4077718609 -28.0885812768 0</gx:coord>
          <gx:coord>153.4077722072 -28.0885828442 0</gx:coord>
          <gx:coord>153.4077727925 -28.0885843270 0</gx:coord>
          <gx:coord>153.4077731733 -28.0885851849 0</gx:coord>
          <gx:coord>153.4077736882 -28.0885863361 0</gx:coord>
          <gx:coord>153.4077740851 -28.0885874287 0</gx:coord>
          <gx:coord>153.4077746588 -28.0885898406 0</gx:coord>
          <gx:coord>153.4077757923 -28.0885943493 0</gx:coord>
          <gx:coord>153.4077767737 -28.0885986008 0</gx:coord>
          <gx:coord>153.4077778720 -28.0886024539 0</gx:coord>
          <gx:coord>153.4077786096 -28.0886047424 0</gx:coord>
          <gx:coord>153.4077796599 -28.0886074534 0</gx:coord>
          <gx:coord>153.4077803155 -28.0886090338 0</gx:coord>
          <gx:coord>153.4077812300 -28.0886113310 0</gx:coord>
          <gx:coord>153.4077819660 -28.0886134413 0</gx:coord>
          <gx:coord>153.4077825736 -28.0886151893 0</gx:coord>
          <gx:coord>153.4077829322 -28.0886161941 0</gx:coord>
          <gx:coord>153.4077834963 -28.0886175979 0</gx:coord>
          <gx:coord>153.4077839094 -28.0886186920 0</gx:coord>
          <gx:coord>153.4077807725 -28.0886215139 0</gx:coord>
          <gx:coord>153.4077730233 -28.0886275898 0</gx:coord>
          <gx:coord>153.4077650436 -28.0886329534 0</gx:coord>
          <gx:coord>153.4077602048 -28.0886361214 0</gx:coord>
          <gx:coord>153.4077537999 -28.0886404018 0</gx:coord>
          <gx:coord>153.4077482763 -28.0886443426 0</gx:coord>
          <gx:coord>153.4077450593 -28.0886467403 0</gx:coord>
          <gx:coord>153.4077410003 -28.0886499193 0</gx:coord>
          <gx:coord>153.4077377760 -28.0886526880 0</gx:coord>
          <gx:coord>153.4077359845 -28.0886542533 0</gx:coord>
          <gx:coord>153.4077338609 -28.0886561525 0</gx:coord>
          <gx:coord>153.4077321546 -28.0886577390 0</gx:coord>
          <gx:coord>153.4077309864 -28.0886586089 0</gx:coord>
          <gx:coord>153.4077290469 -28.0886597548 0</gx:coord>
          <gx:coord>153.4077272283 -28.0886607619 0</gx:coord>
          <gx:coord>153.4077261334 -28.0886612952 0</gx:coord>
          <gx:coord>153.4077247966 -28.0886620511 0</gx:coord>
          <gx:coord>153.4077239989 -28.0886626295 0</gx:coord>
          <gx:coord>153.4077240201 -28.0886627217 0</gx:coord>
          <gx:coord>153.4077242456 -28.0886628092 0</gx:coord>
          <gx:coord>153.4077244900 -28.0886627900 0</gx:coord>
          <gx:coord>153.4077246162 -28.0886627924 0</gx:coord>
          <gx:coord>153.4077247001 -28.0886628604 0</gx:coord>
          <gx:coord>153.4077248954 -28.0886635447 0</gx:coord>
          <gx:coord>153.4077255695 -28.0886656918 0</gx:coord>
          <gx:coord>153.4077265254 -28.0886688765 0</gx:coord>
          <gx:coord>153.4077273989 -28.0886721867 0</gx:coord>
          <gx:coord>153.4077282438 -28.0886752160 0</gx:coord>
          <gx:coord>153.4077287934 -28.0886771221 0</gx:coord>
          <gx:coord>153.4077293380 -28.0886792143 0</gx:coord>
          <gx:coord>153.4077298617 -28.0886809413 0</gx:coord>
          <gx:coord>153.4077302999 -28.0886820312 0</gx:coord>
          <gx:coord>153.4077309272 -28.0886834415 0</gx:coord>
          <gx:coord>153.4077314697 -28.0886846240 0</gx:coord>
          <gx:coord>153.4077318232 -28.0886852203 0</gx:coord>
          <gx:coord>153.4077285891 -28.0886908866 0</gx:coord>
          <gx:coord>153.4077218419 -28.0887004595 0</gx:coord>
          <gx:coord>153.4077172053 -28.0887066375 0</gx:coord>
          <gx:coord>153.4077108546 -28.0887149838 0</gx:coord>
          <gx:coord>153.4077057123 -28.0887216113 0</gx:coord>
          <gx:coord>153.4077028240 -28.0887254141 0</gx:coord>
          <gx:coord>153.4076991279 -28.0887310365 0</gx:coord>
          <gx:coord>153.4076962874 -28.0887363174 0</gx:coord>
          <gx:coord>153.4076948219 -28.0887394361 0</gx:coord>
          <gx:coord>153.4076930401 -28.0887433453 0</gx:coord>
          <gx:coord>153.4076914524 -28.0887467868 0</gx:coord>
          <gx:coord>153.4076905148 -28.0887488431 0</gx:coord>
          <gx:coord>153.4076892206 -28.0887513628 0</gx:coord>
          <gx:coord>153.4076880956 -28.0887534882 0</gx:coord>
          <gx:coord>153.4076876107 -28.0887546004 0</gx:coord>
          <gx:coord>153.4076870624 -28.0887559121 0</gx:coord>
          <gx:coord>153.4076860203 -28.0887572061 0</gx:coord>
          <gx:coord>153.4076853028 -28.0887579497 0</gx:coord>
          <gx:coord>153.4076844062 -28.0887588418 0</gx:coord>
          <gx:coord>153.4076833946 -28.0887597881 0</gx:coord>
          <gx:coord>153.4076828051 -28.0887603590 0</gx:coord>
          <gx:coord>153.4076820959 -28.0887610048 0</gx:coord>
          <gx:coord>153.4076794030 -28.0887675730 0</gx:coord>
          <gx:coord>153.4076763440 -28.0887753373 0</gx:coord>
          <gx:coord>153.4076714667 -28.0887861905 0</gx:coord>
          <gx:coord>153.4076672017 -28.0887951223 0</gx:coord>
          <gx:coord>153.4076646243 -28.0888007971 0</gx:coord>
          <gx:coord>153.4076613106 -28.0888087674 0</gx:coord>
          <gx:coord>153.4076587977 -28.0888159207 0</gx:coord>
          <gx:coord>153.4076575010 -28.0888201597 0</gx:coord>
          <gx:coord>153.4076563588 -28.0888254912 0</gx:coord>
          <gx:coord>153.4076556898 -28.0888302241 0</gx:coord>
          <gx:coord>153.4076553877 -28.0888330016 0</gx:coord>
          <gx:coord>153.4076550371 -28.0888366396 0</gx:coord>
          <gx:coord>153.4076547923 -28.0888394288 0</gx:coord>
          <gx:coord>153.4076542997 -28.0888418668 0</gx:coord>
          <gx:coord>153.4076538307 -28.0888433586 0</gx:coord>
          <gx:coord>153.4076531576 -28.0888452964 0</gx:coord>
          <gx:coord>153.4076523386 -28.0888467966 0</gx:coord>
          <gx:coord>153.4076517978 -28.0888476132 0</gx:coord>
          <gx:coord>153.4076510410 -28.0888488383 0</gx:coord>
          <gx:coord>153.4076506226 -28.0888497103 0</gx:coord>
          <gx:coord>153.4076511520 -28.0888518193 0</gx:coord>
          <gx:coord>153.4076527376 -28.0888576592 0</gx:coord>
          <gx:coord>153.4076539005 -28.0888636865 0</gx:coord>
          <gx:coord>153.4076546471 -28.0888671451 0</gx:coord>
          <gx:coord>153.4076558168 -28.0888718641 0</gx:coord>
          <gx:coord>153.4076571630 -28.0888762145 0</gx:coord>
          <gx:coord>153.4076579875 -28.0888787662 0</gx:coord>
          <gx:coord>153.4076591580 -28.0888820929 0</gx:coord>
          <gx:coord>153.4076605172 -28.0888849279 0</gx:coord>
          <gx:coord>153.4076614814 -28.0888865568 0</gx:coord>
          <gx:coord>153.4076627821 -28.0888886144 0</gx:coord>
          <gx:coord>153.4076635831 -28.0888901554 0</gx:coord>
          <gx:coord>153.4076639280 -28.0888910557 0</gx:coord>
          <gx:coord>153.4076643375 -28.0888924468 0</gx:coord>
          <gx:coord>153.4076646333 -28.0888937090 0</gx:coord>
          <gx:coord>153.4076647722 -28.0888944270 0</gx:coord>
          <gx:coord>153.4076647400 -28.0888946210 0</gx:coord>
          <gx:coord>153.4076645926 -28.0888945267 0</gx:coord>
          <gx:coord>153.4076644889 -28.0888944746 0</gx:coord>
          <gx:coord>153.4076643975 -28.0888944484 0</gx:coord>
          <gx:coord>153.4076646767 -28.0888954955 0</gx:coord>
          <gx:coord>153.4076652677 -28.0888975594 0</gx:coord>
          <gx:coord>153.4076659726 -28.0889007845 0</gx:coord>
          <gx:coord>153.4076667025 -28.0889041269 0</gx:coord>
          <gx:coord>153.4076671508 -28.0889062336 0</gx:coord>
          <gx:coord>153.4076677221 -28.0889087682 0</gx:coord>
          <gx:coord>153.4076682174 -28.0889110395 0</gx:coord>
          <gx:coord>153.4076686295 -28.0889123878 0</gx:coord>
          <gx:coord>153.4076693502 -28.0889141938 0</gx:coord>
          <gx:coord>153.4076699415 -28.0889154105 0</gx:coord>
          <gx:coord>153.4076701498 -28.0889156522 0</gx:coord>
          <gx:coord>153.4076704256 -28.0889156859 0</gx:coord>
          <gx:coord>153.4076706093 -28.0889155974 0</gx:coord>
          <gx:coord>153.4076706977 -28.0889155855 0</gx:coord>
          <gx:coord>153.4076708328 -28.0889156059 0</gx:coord>
          <gx:coord>153.4076709911 -28.0889156314 0</gx:coord>
          <gx:coord>153.4076710430 -28.0889156670 0</gx:coord>
          <gx:coord>153.4076709962 -28.0889157032 0</gx:coord>
          <gx:coord>153.4076710634 -28.0889157852 0</gx:coord>
          <gx:coord>153.4076711797 -28.0889158796 0</gx:coord>
          <gx:coord>153.4076712499 -28.0889159346 0</gx:coord>
          <gx:coord>153.4076708736 -28.0889140885 0</gx:coord>
          <gx:coord>153.4076750268 -28.0889127908 0</gx:coord>
          <gx:coord>153.4076937863 -28.0889110440 0</gx:coord>
          <gx:coord>153.4077174440 -28.0889099931 0</gx:coord>
          <gx:coord>153.4077334315 -28.0889097570 0</gx:coord>
          <gx:coord>153.4077456318 -28.0889110138 0</gx:coord>
          <gx:coord>153.4077464230 -28.0889120561 0</gx:coord>
          <gx:coord>153.4077462866 -28.0889123966 0</gx:coord>
          <gx:coord>153.4077461176 -28.0889134675 0</gx:coord>
          <gx:coord>153.4077463121 -28.0889140556 0</gx:coord>
          <gx:coord>153.4077466737 -28.0889139311 0</gx:coord>
          <gx:coord>153.4077467996 -28.0889134943 0</gx:coord>
          <gx:coord>153.4077469547 -28.0889128218 0</gx:coord>
          <gx:coord>153.4077469912 -28.0889123277 0</gx:coord>
          <gx:coord>153.4077460415 -28.0889103221 0</gx:coord>
          <gx:coord>153.4077435979 -28.0889033841 0</gx:coord>
          <gx:coord>153.4077417579 -28.0888964690 0</gx:coord>
          <gx:coord>153.4077410535 -28.0888929251 0</gx:coord>
          <gx:coord>153.4077496543 -28.0888934270 0</gx:coord>
          <gx:coord>153.4077708165 -28.0888960817 0</gx:coord>
          <gx:coord>153.4077863266 -28.0888985248 0</gx:coord>
          <gx:coord>153.4078079252 -28.0889023832 0</gx:coord>
          <gx:coord>153.4078131701 -28.0889052996 0</gx:coord>
          <gx:coord>153.4078131409 -28.0889060405 0</gx:coord>
          <gx:coord>153.4078124375 -28.0889066702 0</gx:coord>
          <gx:coord>153.4078120883 -28.0889074332 0</gx:coord>
          <gx:coord>153.4078119938 -28.0889077482 0</gx:coord>
          <gx:coord>153.4078120840 -28.0889078489 0</gx:coord>
          <gx:coord>153.4078122878 -28.0889076654 0</gx:coord>
          <gx:coord>153.4078124040 -28.0889074582 0</gx:coord>
          <gx:coord>153.4078124296 -28.0889071277 0</gx:coord>
          <gx:coord>153.4078132524 -28.0889071435 0</gx:coord>
          <gx:coord>153.4078198822 -28.0889089177 0</gx:coord>
          <gx:coord>153.4078401250 -28.0889143838 0</gx:coord>
          <gx:coord>153.4078614013 -28.0889210495 0</gx:coord>
          <gx:coord>153.4078728527 -28.0889251318 0</gx:coord>
          <gx:coord>153.4078771037 -28.0889280783 0</gx:coord>
          <gx:coord>153.4078771719 -28.0889287146 0</gx:coord>
          <gx:coord>153.4078770330 -28.0889289436 0</gx:coord>
          <gx:coord>153.4078767668 -28.0889294576 0</gx:coord>
          <gx:coord>153.4078767041 -28.0889295815 0</gx:coord>
          <gx:coord>153.4078768476 -28.0889295214 0</gx:coord>
          <gx:coord>153.4078771106 -28.0889292185 0</gx:coord>
          <gx:coord>153.4078773058 -28.0889288035 0</gx:coord>
          <gx:coord>153.4078773738 -28.0889285136 0</gx:coord>
          <gx:coord>153.4078773658 -28.0889281764 0</gx:coord>
          <gx:coord>153.4078773253 -28.0889279768 0</gx:coord>
          <gx:coord>153.4078771914 -28.0889279193 0</gx:coord>
          <gx:coord>153.4078771311 -28.0889279371 0</gx:coord>
          <gx:coord>153.4078770673 -28.0889278782 0</gx:coord>
          <gx:coord>153.4078770021 -28.0889277718 0</gx:coord>
          <gx:coord>153.4078769110 -28.0889277046 0</gx:coord>
          <gx:coord>153.4078769141 -28.0889276429 0</gx:coord>
          <gx:coord>153.4078770175 -28.0889275099 0</gx:coord>
          <gx:coord>153.4078770594 -28.0889273959 0</gx:coord>
          <gx:coord>153.4078770449 -28.0889271080 0</gx:coord>
          <gx:coord>153.4078770643 -28.0889269388 0</gx:coord>
          <gx:coord>153.4078771989 -28.0889267549 0</gx:coord>
          <gx:coord>153.4078773290 -28.0889265396 0</gx:coord>
          <gx:coord>153.4078773406 -28.0889262896 0</gx:coord>
          <gx:coord>153.4078773785 -28.0889260923 0</gx:coord>
          <gx:coord>153.4078775025 -28.0889258661 0</gx:coord>
          <gx:coord>153.4078776013 -28.0889257281 0</gx:coord>
          <gx:coord>153.4078777140 -28.0889255863 0</gx:coord>
          <gx:coord>153.4078777901 -28.0889254022 0</gx:coord>
          <gx:coord>153.4078777577 -28.0889253328 0</gx:coord>
          <gx:coord>153.4078777345 -28.0889251892 0</gx:coord>
          <gx:coord>153.4078777615 -28.0889250390 0</gx:coord>
          <gx:coord>153.4078778554 -28.0889249675 0</gx:coord>
          <gx:coord>153.4078780522 -28.0889249134 0</gx:coord>
          <gx:coord>153.4078781636 -28.0889249372 0</gx:coord>
          <gx:coord>153.4078783351 -28.0889249433 0</gx:coord>
          <gx:coord>153.4078783604 -28.0889249477 0</gx:coord>
          <gx:coord>153.4078784405 -28.0889249126 0</gx:coord>
          <gx:coord>153.4078787697 -28.0889262893 0</gx:coord>
          <gx:coord>153.4078808765 -28.0889402784 0</gx:coord>
          <gx:coord>153.4078819801 -28.0889545434 0</gx:coord>
          <gx:coord>153.4078819233 -28.0889769351 0</gx:coord>
          <gx:coord>153.4078804496 -28.0889991992 0</gx:coord>
          <gx:coord>153.4078788782 -28.0890139338 0</gx:coord>
          <gx:coord>153.4078760018 -28.0890360251 0</gx:coord>
          <gx:coord>153.4078737891 -28.0890506921 0</gx:coord>
          <gx:coord>153.4078716766 -28.0890631376 0</gx:coord>
          <gx:coord>153.4078715859 -28.0890653181 0</gx:coord>
          <gx:coord>153.4078721700 -28.0890660242 0</gx:coord>
          <gx:coord>153.4078725080 -28.0890662224 0</gx:coord>
          <gx:coord>153.4078730555 -28.0890664000 0</gx:coord>
          <gx:coord>153.4078734847 -28.0890665251 0</gx:coord>
          <gx:coord>153.4078741148 -28.0890666471 0</gx:coord>
          <gx:coord>153.4078745359 -28.0890666496 0</gx:coord>
          <gx:coord>153.4078748771 -28.0890665176 0</gx:coord>
          <gx:coord>153.4078750314 -28.0890664162 0</gx:coord>
          <gx:coord>153.4078752535 -28.0890662506 0</gx:coord>
          <gx:coord>153.4078753162 -28.0890661256 0</gx:coord>
          <gx:coord>153.4078753767 -28.0890661817 0</gx:coord>
          <gx:coord>153.4078751722 -28.0890663027 0</gx:coord>
          <gx:coord>153.4078750630 -28.0890663536 0</gx:coord>
          <gx:coord>153.4078751130 -28.0890664748 0</gx:coord>
          <gx:coord>153.4078751942 -28.0890666143 0</gx:coord>
          <gx:coord>153.4078752801 -28.0890665163 0</gx:coord>
          <gx:coord>153.4078753373 -28.0890664124 0</gx:coord>
          <gx:coord>153.4078753946 -28.0890664427 0</gx:coord>
          <gx:coord>153.4078755771 -28.0890666695 0</gx:coord>
          <gx:coord>153.4078756568 -28.0890667111 0</gx:coord>
          <gx:coord>153.4078757034 -28.0890666252 0</gx:coord>
          <gx:coord>153.4078757296 -28.0890665755 0</gx:coord>
          <gx:coord>153.4078756851 -28.0890666085 0</gx:coord>
          <gx:coord>153.4078756232 -28.0890666829 0</gx:coord>
          <gx:coord>153.4078755982 -28.0890667289 0</gx:coord>
          <gx:coord>153.4078756373 -28.0890667389 0</gx:coord>
          <gx:coord>153.4078756869 -28.0890668587 0</gx:coord>
          <gx:coord>153.4078756718 -28.0890670443 0</gx:coord>
          <gx:coord>153.4078757425 -28.0890671430 0</gx:coord>
          <gx:coord>153.4078758058 -28.0890671961 0</gx:coord>
          <gx:coord>153.4078758268 -28.0890671988 0</gx:coord>
          <gx:coord>153.4078760318 -28.0890672724 0</gx:coord>
          <gx:coord>153.4078760926 -28.0890673656 0</gx:coord>
          <gx:coord>153.4078761362 -28.0890675424 0</gx:coord>
          <gx:coord>153.4078761645 -28.0890677062 0</gx:coord>
          <gx:coord>153.4078760492 -28.0890678861 0</gx:coord>
          <gx:coord>153.4078760264 -28.0890679851 0</gx:coord>
          <gx:coord>153.4078760625 -28.0890680523 0</gx:coord>
          <gx:coord>153.4078760386 -28.0890680436 0</gx:coord>
          <gx:coord>153.4078760285 -28.0890680431 0</gx:coord>
          <gx:coord>153.4078759848 -28.0890680715 0</gx:coord>
          <gx:coord>153.4078760330 -28.0890680374 0</gx:coord>
          <gx:coord>153.4078759996 -28.0890680217 0</gx:coord>
          <gx:coord>153.4078759055 -28.0890679430 0</gx:coord>
          <gx:coord>153.4078759562 -28.0890679068 0</gx:coord>
          <gx:coord>153.4078759801 -28.0890678920 0</gx:coord>
          <gx:coord>153.4078761049 -28.0890678165 0</gx:coord>
          <gx:coord>153.4078762072 -28.0890677518 0</gx:coord>
          <gx:coord>153.4078762572 -28.0890676638 0</gx:coord>
          <gx:coord>153.4078762953 -28.0890675279 0</gx:coord>
          <gx:coord>153.4078762570 -28.0890675179 0</gx:coord>
          <gx:coord>153.4078762031 -28.0890674928 0</gx:coord>
          <gx:coord>153.4078761543 -28.0890675226 0</gx:coord>
          <gx:coord>153.4078762714 -28.0890675702 0</gx:coord>
          <gx:coord>153.4078764638 -28.0890675697 0</gx:coord>
          <gx:coord>153.4078766749 -28.0890674856 0</gx:coord>
          <gx:coord>153.4078769474 -28.0890673551 0</gx:coord>
          <gx:coord>153.4078771025 -28.0890601645 0</gx:coord>
          <gx:coord>153.4078739944 -28.0890430429 0</gx:coord>
          <gx:coord>153.4078707726 -28.0890291664 0</gx:coord>
          <gx:coord>153.4078645865 -28.0890083881 0</gx:coord>
          <gx:coord>153.4078577551 -28.0889890041 0</gx:coord>
          <gx:coord>153.4078531480 -28.0889766789 0</gx:coord>
          <gx:coord>153.4078463709 -28.0889568338 0</gx:coord>
          <gx:coord>153.4078395045 -28.0889390432 0</gx:coord>
          <gx:coord>153.4078346715 -28.0889267829 0</gx:coord>
          <gx:coord>153.4078277099 -28.0889061721 0</gx:coord>
          <gx:coord>153.4078206740 -28.0888853526 0</gx:coord>
          <gx:coord>153.4078159525 -28.0888714366 0</gx:coord>
          <gx:coord>153.4078090278 -28.0888504315 0</gx:coord>
          <gx:coord>153.4078018701 -28.0888308944 0</gx:coord>
          <gx:coord>153.4077968879 -28.0888185166 0</gx:coord>
          <gx:coord>153.4077903239 -28.0888002124 0</gx:coord>
          <gx:coord>153.4077840901 -28.0887844307 0</gx:coord>
          <gx:coord>153.4077806527 -28.0887749305 0</gx:coord>
          <gx:coord>153.4077767559 -28.0887628681 0</gx:coord>
          <gx:coord>153.4077729141 -28.0887528926 0</gx:coord>
          <gx:coord>153.4077709420 -28.0887463735 0</gx:coord>
          <gx:coord>153.4077687169 -28.0887376303 0</gx:coord>
          <gx:coord>153.4077663717 -28.0887307461 0</gx:coord>
          <gx:coord>153.4077646668 -28.0887269236 0</gx:coord>
          <gx:coord>153.4077626132 -28.0887213073 0</gx:coord>
          <gx:coord>153.4077608870 -28.0887165934 0</gx:coord>
          <gx:coord>153.4077602359 -28.0887133514 0</gx:coord>
          <gx:coord>153.4077596992 -28.0887091781 0</gx:coord>
          <gx:coord>153.4077594219 -28.0887054411 0</gx:coord>
          <gx:coord>153.4077590969 -28.0887033753 0</gx:coord>
          <gx:coord>153.4077591832 -28.0887006396 0</gx:coord>
          <gx:coord>153.4077592311 -28.0886977238 0</gx:coord>
          <gx:coord>153.4077591774 -28.0886959044 0</gx:coord>
          <gx:coord>153.4077591705 -28.0886934964 0</gx:coord>
          <gx:coord>153.4077591445 -28.0886911668 0</gx:coord>
          <gx:coord>153.4077590451 -28.0886899099 0</gx:coord>
          <gx:coord>153.4077588663 -28.0886885364 0</gx:coord>
          <gx:coord>153.4077588215 -28.0886875314 0</gx:coord>
          <gx:coord>153.4077590152 -28.0886868243 0</gx:coord>
          <gx:coord>153.4077593349 -28.0886855627 0</gx:coord>
          <gx:coord>153.4077603325 -28.0886838935 0</gx:coord>
          <gx:coord>153.4077662963 -28.0886804476 0</gx:coord>
          <gx:coord>153.4077836351 -28.0886705814 0</gx:coord>
          <gx:coord>153.4077983009 -28.0886610661 0</gx:coord>
          <gx:coord>153.4078026454 -28.0886578966 0</gx:coord>
          <gx:coord>153.4078028876 -28.0886578170 0</gx:coord>
          <gx:coord>153.4078019922 -28.0886582776 0</gx:coord>
          <gx:coord>153.4078016450 -28.0886584715 0</gx:coord>
          <gx:coord>153.4078013905 -28.0886586330 0</gx:coord>
          <gx:coord>153.4078013371 -28.0886587357 0</gx:coord>
          <gx:coord>153.4078013136 -28.0886587020 0</gx:coord>
          <gx:coord>153.4078013451 -28.0886586674 0</gx:coord>
          <gx:coord>153.4078016130 -28.0886587132 0</gx:coord>
          <gx:coord>153.4078017502 -28.0886586885 0</gx:coord>
          <gx:coord>153.4078015878 -28.0886587462 0</gx:coord>
          <gx:coord>153.4078014351 -28.0886587837 0</gx:coord>
          <gx:coord>153.4078013860 -28.0886587316 0</gx:coord>
          <gx:coord>153.4078015103 -28.0886586636 0</gx:coord>
          <gx:coord>153.4078017848 -28.0886585678 0</gx:coord>
          <gx:coord>153.4078019625 -28.0886585531 0</gx:coord>
          <gx:coord>153.4078019809 -28.0886585884 0</gx:coord>
          <gx:coord>153.4078018324 -28.0886585946 0</gx:coord>
          <gx:coord>153.4078018617 -28.0886584963 0</gx:coord>
          <gx:coord>153.4078019727 -28.0886582891 0</gx:coord>
          <gx:coord>153.4078020816 -28.0886582210 0</gx:coord>
          <gx:coord>153.4078020992 -28.0886581777 0</gx:coord>
          <gx:coord>153.4078019995 -28.0886581318 0</gx:coord>
          <gx:coord>153.4078020070 -28.0886580720 0</gx:coord>
          <gx:coord>153.4078019672 -28.0886580234 0</gx:coord>
          <gx:coord>153.4078019640 -28.0886578198 0</gx:coord>
          <gx:coord>153.4078018255 -28.0886576579 0</gx:coord>
          <gx:coord>153.4078017431 -28.0886575525 0</gx:coord>
          <gx:coord>153.4078016725 -28.0886574709 0</gx:coord>
          <gx:coord>153.4078014914 -28.0886573999 0</gx:coord>
          <gx:coord>153.4078012484 -28.0886572790 0</gx:coord>
          <gx:coord>153.4078009752 -28.0886572180 0</gx:coord>
          <gx:coord>153.4078008395 -28.0886572086 0</gx:coord>
          <gx:coord>153.4078006651 -28.0886570680 0</gx:coord>
          <gx:coord>153.4077964625 -28.0886498050 0</gx:coord>
          <gx:coord>153.4077855877 -28.0886328787 0</gx:coord>
          <gx:coord>153.4077769345 -28.0886208869 0</gx:coord>
          <gx:coord>153.4077635882 -28.0886031841 0</gx:coord>
          <gx:coord>153.4077495009 -28.0885858630 0</gx:coord>
          <gx:coord>153.4077395828 -28.0885744906 0</gx:coord>
          <gx:coord>153.4077241670 -28.0885578672 0</gx:coord>
          <gx:coord>153.4077081795 -28.0885415560 0</gx:coord>
          <gx:coord>153.4076972594 -28.0885308923 0</gx:coord>
          <gx:coord>153.4076802508 -28.0885153033 0</gx:coord>
          <gx:coord>153.4076627887 -28.0885002267 0</gx:coord>
          <gx:coord>153.4076507908 -28.0884905761 0</gx:coord>
          <gx:coord>153.4076385374 -28.0884815919 0</gx:coord>
          <gx:coord>153.4076373642 -28.0884808866 0</gx:coord>
          <gx:coord>153.4076379435 -28.0884809186 0</gx:coord>
          <gx:coord>153.4076384583 -28.0884810591 0</gx:coord>
          <gx:coord>153.4076386138 -28.0884810214 0</gx:coord>
          <gx:coord>153.4076387872 -28.0884808244 0</gx:coord>
          <gx:coord>153.4076390260 -28.0884804270 0</gx:coord>
          <gx:coord>153.4076392148 -28.0884799459 0</gx:coord>
          <gx:coord>153.4076393493 -28.0884797599 0</gx:coord>
          <gx:coord>153.4076392928 -28.0884796228 0</gx:coord>
          <gx:coord>153.4076391958 -28.0884794254 0</gx:coord>
          <gx:coord>153.4076391690 -28.0884793692 0</gx:coord>
          <gx:coord>153.4076391022 -28.0884793773 0</gx:coord>
          <gx:coord>153.4076390790 -28.0884794604 0</gx:coord>
          <gx:coord>153.4076390572 -28.0884795324 0</gx:coord>
          <gx:coord>153.4076390314 -28.0884795039 0</gx:coord>
          <gx:coord>153.4076390288 -28.0884795763 0</gx:coord>
          <gx:coord>153.4076390907 -28.0884796635 0</gx:coord>
          <gx:coord>153.4076391671 -28.0884798264 0</gx:coord>
          <gx:coord>153.4076391840 -28.0884800359 0</gx:coord>
          <gx:coord>153.4076392605 -28.0884801764 0</gx:coord>
          <gx:coord>153.4076393106 -28.0884803804 0</gx:coord>
          <gx:coord>153.4076393605 -28.0884805669 0</gx:coord>
          <gx:coord>153.4076394573 -28.0884808368 0</gx:coord>
          <gx:coord>153.4076395335 -28.0884811519 0</gx:coord>
          <gx:coord>153.4076396167 -28.0884812855 0</gx:coord>
          <gx:coord>153.4076396412 -28.0884814933 0</gx:coord>
          <gx:coord>153.4076396507 -28.0884817117 0</gx:coord>
          <gx:coord>153.4076397406 -28.0884817803 0</gx:coord>
          <gx:coord>153.4076397429 -28.0884818506 0</gx:coord>
          <gx:coord>153.4076397172 -28.0884818873 0</gx:coord>
          <gx:coord>153.4076398425 -28.0884819608 0</gx:coord>
          <gx:coord>153.4076399808 -28.0884820964 0</gx:coord>
          <gx:coord>153.4076401011 -28.0884822917 0</gx:coord>
          <gx:coord>153.4076401107 -28.0884823158 0</gx:coord>
          <gx:coord>153.4076401509 -28.0884823089 0</gx:coord>
          <gx:coord>153.4076401946 -28.0884822171 0</gx:coord>
          <gx:coord>153.4076402883 -28.0884822872 0</gx:coord>
        </gx:Track>
      </Placemark>
      <Placemark>
        <name>Drone start</name>
        <description>2026-10-03T22:33:26.579+10:00</description>
        <styleUrl>#drone</styleUrl>
        <Point>
          <altitudeMode>clampToGround</altitudeMode>
          <coordinates>153.4077910918,-28.0886285988,0</coordinates>
        </Point>
      </Placemark>
      <Placemark>
        <name>Drone end</name>
        <description>2026-10-03T22:38:27.647+10:00</description>
        <styleUrl>#drone</styleUrl>
        <Point>
          <altitudeMode>clampToGround</altitudeMode>
          <coordinates>153.4076402883,-28.0884822872,0</coordinates>
        </Point>
      </Placemark>
      <Placemark>
        <name>Surfer GPS track</name>
        <styleUrl>#surfer</styleUrl>
        <gx:Track>
          <altitudeMode>clampToGround</altitudeMode>
          <when>2026-10-03T22:33:26.816+10:00</when>
          <when>2026-10-03T22:33:27.317+10:00</when>
          <when>2026-10-03T22:33:27.817+10:00</when>
          <when>2026-10-03T22:33:28.320+10:00</when>
          <when>2026-10-03T22:33:28.836+10:00</when>
          <when>2026-10-03T22:33:29.317+10:00</when>
          <when>2026-10-03T22:33:29.818+10:00</when>
          <when>2026-10-03T22:33:30.321+10:00</when>
          <when>2026-10-03T22:33:30.814+10:00</when>
          <when>2026-10-03T22:33:31.317+10:00</when>
          <when>2026-10-03T22:33:31.817+10:00</when>
          <when>2026-10-03T22:33:32.316+10:00</when>
          <when>2026-10-03T22:33:32.817+10:00</when>
          <when>2026-10-03T22:33:33.328+10:00</when>
          <when>2026-10-03T22:33:33.842+10:00</when>
          <when>2026-10-03T22:33:34.318+10:00</when>
          <when>2026-10-03T22:33:34.819+10:00</when>
          <when>2026-10-03T22:33:35.316+10:00</when>
          <when>2026-10-03T22:33:35.817+10:00</when>
          <when>2026-10-03T22:33:36.361+10:00</when>
          <when>2026-10-03T22:33:36.820+10:00</when>
          <when>2026-10-03T22:33:37.319+10:00</when>
          <when>2026-10-03T22:33:37.818+10:00</when>
          <when>2026-10-03T22:33:38.317+10:00</when>
          <when>2026-10-03T22:33:38.843+10:00</when>
          <when>2026-10-03T22:33:39.317+10:00</when>
          <when>2026-10-03T22:33:39.816+10:00</when>
          <when>2026-10-03T22:33:40.315+10:00</when>
          <when>2026-10-03T22:33:40.816+10:00</when>
          <when>2026-10-03T22:33:41.316+10:00</when>
          <when>2026-10-03T22:33:41.816+10:00</when>
          <when>2026-10-03T22:33:42.316+10:00</when>
          <when>2026-10-03T22:33:42.815+10:00</when>
          <when>2026-10-03T22:33:43.316+10:00</when>
          <when>2026-10-03T22:33:43.842+10:00</when>
          <when>2026-10-03T22:33:44.316+10:00</when>
          <when>2026-10-03T22:33:44.815+10:00</when>
          <when>2026-10-03T22:33:45.317+10:00</when>
          <when>2026-10-03T22:33:45.815+10:00</when>
          <when>2026-10-03T22:33:46.316+10:00</when>
          <when>2026-10-03T22:33:46.821+10:00</when>
          <when>2026-10-03T22:33:47.325+10:00</when>
          <when>2026-10-03T22:33:47.821+10:00</when>
          <when>2026-10-03T22:33:48.318+10:00</when>
          <when>2026-10-03T22:33:48.838+10:00</when>
          <when>2026-10-03T22:33:49.337+10:00</when>
          <when>2026-10-03T22:33:49.816+10:00</when>
          <when>2026-10-03T22:33:50.316+10:00</when>
          <when>2026-10-03T22:33:50.820+10:00</when>
          <when>2026-10-03T22:33:51.315+10:00</when>
          <when>2026-10-03T22:33:51.825+10:00</when>
          <when>2026-10-03T22:33:52.315+10:00</when>
          <when>2026-10-03T22:33:52.819+10:00</when>
          <when>2026-10-03T22:33:53.838+10:00</when>
          <when>2026-10-03T22:33:54.316+10:00</when>
          <when>2026-10-03T22:33:54.815+10:00</when>
          <when>2026-10-03T22:33:55.316+10:00</when>
          <when>2026-10-03T22:33:56.316+10:00</when>
          <when>2026-10-03T22:33:57.321+10:00</when>
          <when>2026-10-03T22:33:57.817+10:00</when>
          <when>2026-10-03T22:33:58.843+10:00</when>
          <when>2026-10-03T22:33:59.320+10:00</when>
          <when>2026-10-03T22:33:59.816+10:00</when>
          <when>2026-10-03T22:34:00.319+10:00</when>
          <when>2026-10-03T22:34:00.819+10:00</when>
          <when>2026-10-03T22:34:01.316+10:00</when>
          <when>2026-10-03T22:34:02.319+10:00</when>
          <when>2026-10-03T22:34:02.818+10:00</when>
          <when>2026-10-03T22:34:03.331+10:00</when>
          <when>2026-10-03T22:34:03.843+10:00</when>
          <when>2026-10-03T22:34:04.319+10:00</when>
          <when>2026-10-03T22:34:05.321+10:00</when>
          <when>2026-10-03T22:34:05.819+10:00</when>
          <when>2026-10-03T22:34:06.319+10:00</when>
          <when>2026-10-03T22:34:06.816+10:00</when>
          <when>2026-10-03T22:34:07.319+10:00</when>
          <when>2026-10-03T22:34:07.820+10:00</when>
          <when>2026-10-03T22:34:08.318+10:00</when>
          <when>2026-10-03T22:34:08.843+10:00</when>
          <when>2026-10-03T22:34:09.317+10:00</when>
          <when>2026-10-03T22:34:09.820+10:00</when>
          <when>2026-10-03T22:34:10.317+10:00</when>
          <when>2026-10-03T22:34:11.319+10:00</when>
          <when>2026-10-03T22:34:11.827+10:00</when>
          <when>2026-10-03T22:34:12.821+10:00</when>
          <when>2026-10-03T22:34:13.852+10:00</when>
          <when>2026-10-03T22:34:14.330+10:00</when>
          <when>2026-10-03T22:34:14.816+10:00</when>
          <when>2026-10-03T22:34:15.320+10:00</when>
          <when>2026-10-03T22:34:15.816+10:00</when>
          <when>2026-10-03T22:34:16.321+10:00</when>
          <when>2026-10-03T22:34:16.818+10:00</when>
          <when>2026-10-03T22:34:17.321+10:00</when>
          <when>2026-10-03T22:34:17.815+10:00</when>
          <when>2026-10-03T22:34:18.846+10:00</when>
          <when>2026-10-03T22:34:19.316+10:00</when>
          <when>2026-10-03T22:34:20.318+10:00</when>
          <when>2026-10-03T22:34:20.815+10:00</when>
          <when>2026-10-03T22:34:21.319+10:00</when>
          <when>2026-10-03T22:34:21.819+10:00</when>
          <when>2026-10-03T22:34:22.319+10:00</when>
          <when>2026-10-03T22:34:22.816+10:00</when>
          <when>2026-10-03T22:34:23.328+10:00</when>
          <when>2026-10-03T22:34:23.841+10:00</when>
          <when>2026-10-03T22:34:24.316+10:00</when>
          <when>2026-10-03T22:34:24.818+10:00</when>
          <when>2026-10-03T22:34:25.319+10:00</when>
          <when>2026-10-03T22:34:25.816+10:00</when>
          <when>2026-10-03T22:34:26.317+10:00</when>
          <when>2026-10-03T22:34:26.820+10:00</when>
          <when>2026-10-03T22:34:27.319+10:00</when>
          <when>2026-10-03T22:34:27.817+10:00</when>
          <when>2026-10-03T22:34:28.315+10:00</when>
          <when>2026-10-03T22:34:28.839+10:00</when>
          <when>2026-10-03T22:34:29.316+10:00</when>
          <when>2026-10-03T22:34:29.818+10:00</when>
          <when>2026-10-03T22:34:30.320+10:00</when>
          <when>2026-10-03T22:34:31.316+10:00</when>
          <when>2026-10-03T22:34:31.816+10:00</when>
          <when>2026-10-03T22:34:32.320+10:00</when>
          <when>2026-10-03T22:34:32.816+10:00</when>
          <when>2026-10-03T22:34:33.843+10:00</when>
          <when>2026-10-03T22:34:34.316+10:00</when>
          <when>2026-10-03T22:34:35.317+10:00</when>
          <when>2026-10-03T22:34:35.816+10:00</when>
          <when>2026-10-03T22:34:36.319+10:00</when>
          <when>2026-10-03T22:34:36.820+10:00</when>
          <when>2026-10-03T22:34:37.320+10:00</when>
          <when>2026-10-03T22:34:37.833+10:00</when>
          <when>2026-10-03T22:34:38.319+10:00</when>
          <when>2026-10-03T22:34:38.843+10:00</when>
          <when>2026-10-03T22:34:39.321+10:00</when>
          <when>2026-10-03T22:34:39.817+10:00</when>
          <when>2026-10-03T22:34:40.319+10:00</when>
          <when>2026-10-03T22:34:40.818+10:00</when>
          <when>2026-10-03T22:34:41.318+10:00</when>
          <when>2026-10-03T22:34:41.817+10:00</when>
          <when>2026-10-03T22:34:42.316+10:00</when>
          <when>2026-10-03T22:34:42.816+10:00</when>
          <when>2026-10-03T22:34:43.317+10:00</when>
          <when>2026-10-03T22:34:43.848+10:00</when>
          <when>2026-10-03T22:34:44.317+10:00</when>
          <when>2026-10-03T22:34:44.816+10:00</when>
          <when>2026-10-03T22:34:45.819+10:00</when>
          <when>2026-10-03T22:34:46.317+10:00</when>
          <when>2026-10-03T22:34:46.817+10:00</when>
          <when>2026-10-03T22:34:47.318+10:00</when>
          <when>2026-10-03T22:34:47.816+10:00</when>
          <when>2026-10-03T22:34:48.335+10:00</when>
          <when>2026-10-03T22:34:48.846+10:00</when>
          <when>2026-10-03T22:34:49.333+10:00</when>
          <when>2026-10-03T22:34:49.831+10:00</when>
          <when>2026-10-03T22:34:50.316+10:00</when>
          <when>2026-10-03T22:34:50.821+10:00</when>
          <when>2026-10-03T22:34:51.323+10:00</when>
          <when>2026-10-03T22:34:51.816+10:00</when>
          <when>2026-10-03T22:34:52.817+10:00</when>
          <when>2026-10-03T22:34:53.319+10:00</when>
          <when>2026-10-03T22:34:53.842+10:00</when>
          <when>2026-10-03T22:34:54.318+10:00</when>
          <when>2026-10-03T22:34:54.819+10:00</when>
          <when>2026-10-03T22:34:55.316+10:00</when>
          <when>2026-10-03T22:34:55.838+10:00</when>
          <when>2026-10-03T22:34:56.317+10:00</when>
          <when>2026-10-03T22:34:56.817+10:00</when>
          <when>2026-10-03T22:34:57.316+10:00</when>
          <when>2026-10-03T22:34:57.817+10:00</when>
          <when>2026-10-03T22:34:58.317+10:00</when>
          <when>2026-10-03T22:34:58.839+10:00</when>
          <when>2026-10-03T22:34:59.322+10:00</when>
          <when>2026-10-03T22:34:59.820+10:00</when>
          <when>2026-10-03T22:35:00.316+10:00</when>
          <when>2026-10-03T22:35:00.827+10:00</when>
          <when>2026-10-03T22:35:01.317+10:00</when>
          <when>2026-10-03T22:35:01.821+10:00</when>
          <when>2026-10-03T22:35:02.316+10:00</when>
          <when>2026-10-03T22:35:02.817+10:00</when>
          <when>2026-10-03T22:35:03.322+10:00</when>
          <when>2026-10-03T22:35:03.838+10:00</when>
          <when>2026-10-03T22:35:04.317+10:00</when>
          <when>2026-10-03T22:35:04.816+10:00</when>
          <when>2026-10-03T22:35:05.316+10:00</when>
          <when>2026-10-03T22:35:05.816+10:00</when>
          <when>2026-10-03T22:35:06.317+10:00</when>
          <when>2026-10-03T22:35:06.816+10:00</when>
          <when>2026-10-03T22:35:07.319+10:00</when>
          <when>2026-10-03T22:35:07.817+10:00</when>
          <when>2026-10-03T22:35:08.316+10:00</when>
          <when>2026-10-03T22:35:08.839+10:00</when>
          <when>2026-10-03T22:35:09.317+10:00</when>
          <when>2026-10-03T22:35:09.816+10:00</when>
          <when>2026-10-03T22:35:10.318+10:00</when>
          <when>2026-10-03T22:35:10.817+10:00</when>
          <when>2026-10-03T22:35:11.318+10:00</when>
          <when>2026-10-03T22:35:11.818+10:00</when>
          <when>2026-10-03T22:35:12.319+10:00</when>
          <when>2026-10-03T22:35:12.828+10:00</when>
          <when>2026-10-03T22:35:13.318+10:00</when>
          <when>2026-10-03T22:35:13.874+10:00</when>
          <when>2026-10-03T22:35:14.320+10:00</when>
          <when>2026-10-03T22:35:14.822+10:00</when>
          <when>2026-10-03T22:35:15.318+10:00</when>
          <when>2026-10-03T22:35:15.825+10:00</when>
          <when>2026-10-03T22:35:16.322+10:00</when>
          <when>2026-10-03T22:35:16.839+10:00</when>
          <when>2026-10-03T22:35:17.319+10:00</when>
          <when>2026-10-03T22:35:17.820+10:00</when>
          <when>2026-10-03T22:35:18.315+10:00</when>
          <when>2026-10-03T22:35:18.846+10:00</when>
          <when>2026-10-03T22:35:19.321+10:00</when>
          <when>2026-10-03T22:35:19.820+10:00</when>
          <when>2026-10-03T22:35:20.317+10:00</when>
          <when>2026-10-03T22:35:21.327+10:00</when>
          <when>2026-10-03T22:35:21.817+10:00</when>
          <when>2026-10-03T22:35:22.319+10:00</when>
          <when>2026-10-03T22:35:22.828+10:00</when>
          <when>2026-10-03T22:35:23.318+10:00</when>
          <when>2026-10-03T22:35:23.839+10:00</when>
          <when>2026-10-03T22:35:24.317+10:00</when>
          <when>2026-10-03T22:35:24.817+10:00</when>
          <when>2026-10-03T22:35:25.818+10:00</when>
          <when>2026-10-03T22:35:26.318+10:00</when>
          <when>2026-10-03T22:35:26.818+10:00</when>
          <when>2026-10-03T22:35:27.317+10:00</when>
          <when>2026-10-03T22:35:27.819+10:00</when>
          <when>2026-10-03T22:35:28.316+10:00</when>
          <when>2026-10-03T22:35:28.838+10:00</when>
          <when>2026-10-03T22:35:29.323+10:00</when>
          <when>2026-10-03T22:35:29.825+10:00</when>
          <when>2026-10-03T22:35:30.317+10:00</when>
          <when>2026-10-03T22:35:30.816+10:00</when>
          <when>2026-10-03T22:35:31.318+10:00</when>
          <when>2026-10-03T22:35:31.816+10:00</when>
          <when>2026-10-03T22:35:32.317+10:00</when>
          <when>2026-10-03T22:35:32.817+10:00</when>
          <when>2026-10-03T22:35:33.317+10:00</when>
          <when>2026-10-03T22:35:33.840+10:00</when>
          <when>2026-10-03T22:35:34.320+10:00</when>
          <when>2026-10-03T22:35:34.817+10:00</when>
          <when>2026-10-03T22:35:35.320+10:00</when>
          <when>2026-10-03T22:35:35.816+10:00</when>
          <when>2026-10-03T22:35:36.319+10:00</when>
          <when>2026-10-03T22:35:36.816+10:00</when>
          <when>2026-10-03T22:35:37.317+10:00</when>
          <when>2026-10-03T22:35:37.818+10:00</when>
          <when>2026-10-03T22:35:38.317+10:00</when>
          <when>2026-10-03T22:35:38.841+10:00</when>
          <when>2026-10-03T22:35:39.316+10:00</when>
          <when>2026-10-03T22:35:39.818+10:00</when>
          <when>2026-10-03T22:35:40.320+10:00</when>
          <when>2026-10-03T22:35:40.816+10:00</when>
          <when>2026-10-03T22:35:41.318+10:00</when>
          <when>2026-10-03T22:35:41.817+10:00</when>
          <when>2026-10-03T22:35:42.318+10:00</when>
          <when>2026-10-03T22:35:42.819+10:00</when>
          <when>2026-10-03T22:35:43.319+10:00</when>
          <when>2026-10-03T22:35:43.858+10:00</when>
          <when>2026-10-03T22:35:44.317+10:00</when>
          <when>2026-10-03T22:35:44.818+10:00</when>
          <when>2026-10-03T22:35:45.317+10:00</when>
          <when>2026-10-03T22:35:45.817+10:00</when>
          <when>2026-10-03T22:35:46.317+10:00</when>
          <when>2026-10-03T22:35:46.824+10:00</when>
          <when>2026-10-03T22:35:47.317+10:00</when>
          <when>2026-10-03T22:35:47.820+10:00</when>
          <when>2026-10-03T22:35:48.317+10:00</when>
          <when>2026-10-03T22:35:48.841+10:00</when>
          <when>2026-10-03T22:35:49.322+10:00</when>
          <when>2026-10-03T22:35:49.817+10:00</when>
          <when>2026-10-03T22:35:50.332+10:00</when>
          <when>2026-10-03T22:35:50.818+10:00</when>
          <when>2026-10-03T22:35:51.317+10:00</when>
          <when>2026-10-03T22:35:51.820+10:00</when>
          <when>2026-10-03T22:35:52.316+10:00</when>
          <when>2026-10-03T22:35:52.819+10:00</when>
          <when>2026-10-03T22:35:53.329+10:00</when>
          <when>2026-10-03T22:35:53.844+10:00</when>
          <when>2026-10-03T22:35:54.317+10:00</when>
          <when>2026-10-03T22:35:54.820+10:00</when>
          <when>2026-10-03T22:35:55.334+10:00</when>
          <when>2026-10-03T22:35:55.819+10:00</when>
          <when>2026-10-03T22:35:56.317+10:00</when>
          <when>2026-10-03T22:35:56.820+10:00</when>
          <when>2026-10-03T22:35:57.322+10:00</when>
          <when>2026-10-03T22:35:57.823+10:00</when>
          <when>2026-10-03T22:35:58.319+10:00</when>
          <when>2026-10-03T22:35:58.847+10:00</when>
          <when>2026-10-03T22:35:59.321+10:00</when>
          <when>2026-10-03T22:35:59.817+10:00</when>
          <when>2026-10-03T22:36:00.316+10:00</when>
          <when>2026-10-03T22:36:01.317+10:00</when>
          <when>2026-10-03T22:36:02.318+10:00</when>
          <when>2026-10-03T22:36:03.316+10:00</when>
          <when>2026-10-03T22:36:03.841+10:00</when>
          <when>2026-10-03T22:36:04.319+10:00</when>
          <when>2026-10-03T22:36:04.818+10:00</when>
          <when>2026-10-03T22:36:05.319+10:00</when>
          <when>2026-10-03T22:36:05.823+10:00</when>
          <when>2026-10-03T22:36:06.317+10:00</when>
          <when>2026-10-03T22:36:06.817+10:00</when>
          <when>2026-10-03T22:36:07.817+10:00</when>
          <when>2026-10-03T22:36:08.846+10:00</when>
          <when>2026-10-03T22:36:09.321+10:00</when>
          <when>2026-10-03T22:36:09.817+10:00</when>
          <when>2026-10-03T22:36:10.321+10:00</when>
          <when>2026-10-03T22:36:10.817+10:00</when>
          <when>2026-10-03T22:36:11.322+10:00</when>
          <when>2026-10-03T22:36:11.823+10:00</when>
          <when>2026-10-03T22:36:12.820+10:00</when>
          <when>2026-10-03T22:36:13.839+10:00</when>
          <when>2026-10-03T22:36:14.321+10:00</when>
          <when>2026-10-03T22:36:14.818+10:00</when>
          <when>2026-10-03T22:36:15.817+10:00</when>
          <when>2026-10-03T22:36:16.317+10:00</when>
          <when>2026-10-03T22:36:17.318+10:00</when>
          <when>2026-10-03T22:36:18.317+10:00</when>
          <when>2026-10-03T22:36:18.846+10:00</when>
          <when>2026-10-03T22:36:19.318+10:00</when>
          <when>2026-10-03T22:36:20.319+10:00</when>
          <when>2026-10-03T22:36:20.820+10:00</when>
          <when>2026-10-03T22:36:21.317+10:00</when>
          <when>2026-10-03T22:36:22.316+10:00</when>
          <when>2026-10-03T22:36:23.320+10:00</when>
          <when>2026-10-03T22:36:23.845+10:00</when>
          <when>2026-10-03T22:36:24.323+10:00</when>
          <when>2026-10-03T22:36:24.817+10:00</when>
          <when>2026-10-03T22:36:25.817+10:00</when>
          <when>2026-10-03T22:36:26.817+10:00</when>
          <when>2026-10-03T22:36:27.817+10:00</when>
          <when>2026-10-03T22:36:28.319+10:00</when>
          <when>2026-10-03T22:36:28.838+10:00</when>
          <when>2026-10-03T22:36:29.320+10:00</when>
          <when>2026-10-03T22:36:29.817+10:00</when>
          <when>2026-10-03T22:36:30.328+10:00</when>
          <when>2026-10-03T22:36:30.817+10:00</when>
          <when>2026-10-03T22:36:31.317+10:00</when>
          <when>2026-10-03T22:36:31.821+10:00</when>
          <when>2026-10-03T22:36:32.323+10:00</when>
          <when>2026-10-03T22:36:33.318+10:00</when>
          <when>2026-10-03T22:36:33.847+10:00</when>
          <when>2026-10-03T22:36:34.317+10:00</when>
          <when>2026-10-03T22:36:34.821+10:00</when>
          <when>2026-10-03T22:36:35.322+10:00</when>
          <when>2026-10-03T22:36:35.817+10:00</when>
          <when>2026-10-03T22:36:36.320+10:00</when>
          <when>2026-10-03T22:36:36.818+10:00</when>
          <when>2026-10-03T22:36:37.321+10:00</when>
          <when>2026-10-03T22:36:37.818+10:00</when>
          <when>2026-10-03T22:36:38.322+10:00</when>
          <when>2026-10-03T22:36:38.849+10:00</when>
          <when>2026-10-03T22:36:39.318+10:00</when>
          <when>2026-10-03T22:36:39.822+10:00</when>
          <when>2026-10-03T22:36:40.322+10:00</when>
          <when>2026-10-03T22:36:40.819+10:00</when>
          <when>2026-10-03T22:36:41.820+10:00</when>
          <when>2026-10-03T22:36:42.325+10:00</when>
          <when>2026-10-03T22:36:43.317+10:00</when>
          <when>2026-10-03T22:36:43.844+10:00</when>
          <when>2026-10-03T22:36:44.318+10:00</when>
          <when>2026-10-03T22:36:44.828+10:00</when>
          <when>2026-10-03T22:36:45.318+10:00</when>
          <when>2026-10-03T22:36:45.817+10:00</when>
          <when>2026-10-03T22:36:46.325+10:00</when>
          <when>2026-10-03T22:36:46.817+10:00</when>
          <when>2026-10-03T22:36:47.317+10:00</when>
          <when>2026-10-03T22:36:47.828+10:00</when>
          <when>2026-10-03T22:36:48.317+10:00</when>
          <when>2026-10-03T22:36:48.850+10:00</when>
          <when>2026-10-03T22:36:49.318+10:00</when>
          <when>2026-10-03T22:36:50.320+10:00</when>
          <when>2026-10-03T22:36:50.825+10:00</when>
          <when>2026-10-03T22:36:51.320+10:00</when>
          <when>2026-10-03T22:36:51.826+10:00</when>
          <when>2026-10-03T22:36:52.324+10:00</when>
          <when>2026-10-03T22:36:52.821+10:00</when>
          <when>2026-10-03T22:36:53.324+10:00</when>
          <when>2026-10-03T22:36:53.845+10:00</when>
          <when>2026-10-03T22:36:54.320+10:00</when>
          <when>2026-10-03T22:36:54.840+10:00</when>
          <when>2026-10-03T22:36:55.317+10:00</when>
          <when>2026-10-03T22:36:56.316+10:00</when>
          <when>2026-10-03T22:36:57.319+10:00</when>
          <when>2026-10-03T22:36:58.343+10:00</when>
          <when>2026-10-03T22:36:58.848+10:00</when>
          <when>2026-10-03T22:36:59.330+10:00</when>
          <when>2026-10-03T22:36:59.816+10:00</when>
          <when>2026-10-03T22:37:00.319+10:00</when>
          <when>2026-10-03T22:37:00.820+10:00</when>
          <when>2026-10-03T22:37:01.320+10:00</when>
          <when>2026-10-03T22:37:01.821+10:00</when>
          <when>2026-10-03T22:37:02.321+10:00</when>
          <when>2026-10-03T22:37:02.820+10:00</when>
          <when>2026-10-03T22:37:03.319+10:00</when>
          <when>2026-10-03T22:37:03.843+10:00</when>
          <when>2026-10-03T22:37:04.318+10:00</when>
          <when>2026-10-03T22:37:05.319+10:00</when>
          <when>2026-10-03T22:37:05.821+10:00</when>
          <when>2026-10-03T22:37:06.321+10:00</when>
          <when>2026-10-03T22:37:06.816+10:00</when>
          <when>2026-10-03T22:37:08.326+10:00</when>
          <when>2026-10-03T22:37:08.856+10:00</when>
          <when>2026-10-03T22:37:09.333+10:00</when>
          <when>2026-10-03T22:37:09.823+10:00</when>
          <when>2026-10-03T22:37:10.324+10:00</when>
          <when>2026-10-03T22:37:10.821+10:00</when>
          <when>2026-10-03T22:37:11.326+10:00</when>
          <when>2026-10-03T22:37:11.820+10:00</when>
          <when>2026-10-03T22:37:12.319+10:00</when>
          <when>2026-10-03T22:37:12.828+10:00</when>
          <when>2026-10-03T22:37:13.326+10:00</when>
          <when>2026-10-03T22:37:13.843+10:00</when>
          <when>2026-10-03T22:37:14.321+10:00</when>
          <when>2026-10-03T22:37:14.842+10:00</when>
          <when>2026-10-03T22:37:15.824+10:00</when>
          <when>2026-10-03T22:37:16.362+10:00</when>
          <when>2026-10-03T22:37:16.817+10:00</when>
          <when>2026-10-03T22:37:17.317+10:00</when>
          <when>2026-10-03T22:37:18.845+10:00</when>
          <when>2026-10-03T22:37:19.317+10:00</when>
          <when>2026-10-03T22:37:19.817+10:00</when>
          <when>2026-10-03T22:37:20.829+10:00</when>
          <when>2026-10-03T22:37:21.317+10:00</when>
          <when>2026-10-03T22:37:21.817+10:00</when>
          <when>2026-10-03T22:37:22.317+10:00</when>
          <when>2026-10-03T22:37:22.818+10:00</when>
          <when>2026-10-03T22:37:23.318+10:00</when>
          <when>2026-10-03T22:37:23.847+10:00</when>
          <when>2026-10-03T22:37:24.321+10:00</when>
          <when>2026-10-03T22:37:24.816+10:00</when>
          <when>2026-10-03T22:37:25.318+10:00</when>
          <when>2026-10-03T22:37:25.818+10:00</when>
          <when>2026-10-03T22:37:26.318+10:00</when>
          <when>2026-10-03T22:37:26.817+10:00</when>
          <when>2026-10-03T22:37:27.320+10:00</when>
          <when>2026-10-03T22:37:27.824+10:00</when>
          <when>2026-10-03T22:37:28.318+10:00</when>
          <when>2026-10-03T22:37:28.843+10:00</when>
          <when>2026-10-03T22:37:29.330+10:00</when>
          <when>2026-10-03T22:37:29.817+10:00</when>
          <when>2026-10-03T22:37:30.318+10:00</when>
          <when>2026-10-03T22:37:30.818+10:00</when>
          <when>2026-10-03T22:37:31.317+10:00</when>
          <when>2026-10-03T22:37:31.817+10:00</when>
          <when>2026-10-03T22:37:32.317+10:00</when>
          <when>2026-10-03T22:37:32.819+10:00</when>
          <when>2026-10-03T22:37:33.336+10:00</when>
          <when>2026-10-03T22:37:33.843+10:00</when>
          <when>2026-10-03T22:37:34.320+10:00</when>
          <when>2026-10-03T22:37:34.818+10:00</when>
          <when>2026-10-03T22:37:35.837+10:00</when>
          <when>2026-10-03T22:37:36.320+10:00</when>
          <when>2026-10-03T22:37:36.823+10:00</when>
          <when>2026-10-03T22:37:37.820+10:00</when>
          <when>2026-10-03T22:37:38.858+10:00</when>
          <when>2026-10-03T22:37:39.321+10:00</when>
          <when>2026-10-03T22:37:39.818+10:00</when>
          <when>2026-10-03T22:37:40.821+10:00</when>
          <when>2026-10-03T22:37:41.318+10:00</when>
          <when>2026-10-03T22:37:41.821+10:00</when>
          <when>2026-10-03T22:37:42.322+10:00</when>
          <when>2026-10-03T22:37:42.818+10:00</when>
          <when>2026-10-03T22:37:43.321+10:00</when>
          <when>2026-10-03T22:37:43.845+10:00</when>
          <when>2026-10-03T22:37:44.319+10:00</when>
          <when>2026-10-03T22:37:45.321+10:00</when>
          <when>2026-10-03T22:37:45.818+10:00</when>
          <when>2026-10-03T22:37:46.817+10:00</when>
          <when>2026-10-03T22:37:47.329+10:00</when>
          <when>2026-10-03T22:37:47.821+10:00</when>
          <when>2026-10-03T22:37:48.323+10:00</when>
          <when>2026-10-03T22:37:48.846+10:00</when>
          <when>2026-10-03T22:37:49.318+10:00</when>
          <when>2026-10-03T22:37:49.822+10:00</when>
          <when>2026-10-03T22:37:50.333+10:00</when>
          <when>2026-10-03T22:37:50.831+10:00</when>
          <when>2026-10-03T22:37:51.318+10:00</when>
          <when>2026-10-03T22:37:52.318+10:00</when>
          <when>2026-10-03T22:37:53.319+10:00</when>
          <when>2026-10-03T22:37:54.317+10:00</when>
          <when>2026-10-03T22:37:55.317+10:00</when>
          <when>2026-10-03T22:37:55.856+10:00</when>
          <when>2026-10-03T22:37:56.321+10:00</when>
          <when>2026-10-03T22:37:56.821+10:00</when>
          <when>2026-10-03T22:37:57.325+10:00</when>
          <when>2026-10-03T22:37:57.832+10:00</when>
          <when>2026-10-03T22:37:58.330+10:00</when>
          <when>2026-10-03T22:37:58.846+10:00</when>
          <when>2026-10-03T22:37:59.323+10:00</when>
          <when>2026-10-03T22:37:59.821+10:00</when>
          <when>2026-10-03T22:38:00.318+10:00</when>
          <when>2026-10-03T22:38:00.822+10:00</when>
          <when>2026-10-03T22:38:01.318+10:00</when>
          <when>2026-10-03T22:38:01.818+10:00</when>
          <when>2026-10-03T22:38:02.322+10:00</when>
          <when>2026-10-03T22:38:02.824+10:00</when>
          <when>2026-10-03T22:38:03.330+10:00</when>
          <when>2026-10-03T22:38:04.320+10:00</when>
          <when>2026-10-03T22:38:04.822+10:00</when>
          <when>2026-10-03T22:38:05.320+10:00</when>
          <when>2026-10-03T22:38:05.822+10:00</when>
          <when>2026-10-03T22:38:06.321+10:00</when>
          <when>2026-10-03T22:38:06.837+10:00</when>
          <when>2026-10-03T22:38:07.332+10:00</when>
          <when>2026-10-03T22:38:07.822+10:00</when>
          <when>2026-10-03T22:38:08.321+10:00</when>
          <when>2026-10-03T22:38:08.843+10:00</when>
          <when>2026-10-03T22:38:09.320+10:00</when>
          <when>2026-10-03T22:38:09.820+10:00</when>
          <when>2026-10-03T22:38:10.333+10:00</when>
          <when>2026-10-03T22:38:10.835+10:00</when>
          <when>2026-10-03T22:38:11.320+10:00</when>
          <when>2026-10-03T22:38:11.841+10:00</when>
          <when>2026-10-03T22:38:12.320+10:00</when>
          <when>2026-10-03T22:38:12.842+10:00</when>
          <when>2026-10-03T22:38:13.334+10:00</when>
          <when>2026-10-03T22:38:13.843+10:00</when>
          <when>2026-10-03T22:38:14.318+10:00</when>
          <when>2026-10-03T22:38:14.822+10:00</when>
          <when>2026-10-03T22:38:15.321+10:00</when>
          <when>2026-10-03T22:38:15.818+10:00</when>
          <when>2026-10-03T22:38:16.332+10:00</when>
          <when>2026-10-03T22:38:16.822+10:00</when>
          <when>2026-10-03T22:38:17.332+10:00</when>
          <when>2026-10-03T22:38:17.819+10:00</when>
          <when>2026-10-03T22:38:18.319+10:00</when>
          <when>2026-10-03T22:38:18.846+10:00</when>
          <when>2026-10-03T22:38:19.319+10:00</when>
          <when>2026-10-03T22:38:19.819+10:00</when>
          <when>2026-10-03T22:38:20.329+10:00</when>
          <when>2026-10-03T22:38:20.818+10:00</when>
          <when>2026-10-03T22:38:21.318+10:00</when>
          <when>2026-10-03T22:38:21.819+10:00</when>
          <when>2026-10-03T22:38:22.318+10:00</when>
          <when>2026-10-03T22:38:22.824+10:00</when>
          <when>2026-10-03T22:38:23.317+10:00</when>
          <when>2026-10-03T22:38:23.844+10:00</when>
          <when>2026-10-03T22:38:24.323+10:00</when>
          <when>2026-10-03T22:38:24.818+10:00</when>
          <when>2026-10-03T22:38:25.317+10:00</when>
          <when>2026-10-03T22:38:26.318+10:00</when>
          <when>2026-10-03T22:38:26.818+10:00</when>
          <when>2026-10-03T22:38:27.325+10:00</when>
          <gx:coord>153.4079100000 -28.0884100000 0</gx:coord>
          <gx:coord>153.4079100000 -28.0884100000 0</gx:coord>
          <gx:coord>153.4079100000 -28.0884100000 0</gx:coord>
          <gx:coord>153.4079100000 -28.0884100000 0</gx:coord>
          <gx:coord>153.4079100000 -28.0884100000 0</gx:coord>
          <gx:coord>153.4079100000 -28.0884100000 0</gx:coord>
          <gx:coord>153.4079100000 -28.0884100000 0</gx:coord>
          <gx:coord>153.4079100000 -28.0884100000 0</gx:coord>
          <gx:coord>153.4079100000 -28.0884100000 0</gx:coord>
          <gx:coord>153.4079100000 -28.0884100000 0</gx:coord>
          <gx:coord>153.4079100000 -28.0884100000 0</gx:coord>
          <gx:coord>153.4079100000 -28.0884100000 0</gx:coord>
          <gx:coord>153.4079100000 -28.0884100000 0</gx:coord>
          <gx:coord>153.4079100000 -28.0884200000 0</gx:coord>
          <gx:coord>153.4079100000 -28.0884200000 0</gx:coord>
          <gx:coord>153.4079100000 -28.0884200000 0</gx:coord>
          <gx:coord>153.4079100000 -28.0884200000 0</gx:coord>
          <gx:coord>153.4079100000 -28.0884200000 0</gx:coord>
          <gx:coord>153.4079100000 -28.0884200000 0</gx:coord>
          <gx:coord>153.4079100000 -28.0884200000 0</gx:coord>
          <gx:coord>153.4079100000 -28.0884200000 0</gx:coord>
          <gx:coord>153.4079100000 -28.0884200000 0</gx:coord>
          <gx:coord>153.4079100000 -28.0884200000 0</gx:coord>
          <gx:coord>153.4079100000 -28.0884200000 0</gx:coord>
          <gx:coord>153.4079100000 -28.0884200000 0</gx:coord>
          <gx:coord>153.4079100000 -28.0884200000 0</gx:coord>
          <gx:coord>153.4079100000 -28.0884200000 0</gx:coord>
          <gx:coord>153.4079100000 -28.0884200000 0</gx:coord>
          <gx:coord>153.4079100000 -28.0884200000 0</gx:coord>
          <gx:coord>153.4079100000 -28.0884200000 0</gx:coord>
          <gx:coord>153.4079100000 -28.0884200000 0</gx:coord>
          <gx:coord>153.4079100000 -28.0884200000 0</gx:coord>
          <gx:coord>153.4079100000 -28.0884200000 0</gx:coord>
          <gx:coord>153.4079100000 -28.0884200000 0</gx:coord>
          <gx:coord>153.4079100000 -28.0884200000 0</gx:coord>
          <gx:coord>153.4079100000 -28.0884200000 0</gx:coord>
          <gx:coord>153.4079100000 -28.0884200000 0</gx:coord>
          <gx:coord>153.4079100000 -28.0884200000 0</gx:coord>
          <gx:coord>153.4079100000 -28.0884200000 0</gx:coord>
          <gx:coord>153.4079100000 -28.0884200000 0</gx:coord>
          <gx:coord>153.4079100000 -28.0884200000 0</gx:coord>
          <gx:coord>153.4079100000 -28.0884200000 0</gx:coord>
          <gx:coord>153.4079100000 -28.0884200000 0</gx:coord>
          <gx:coord>153.4079100000 -28.0884200000 0</gx:coord>
          <gx:coord>153.4079100000 -28.0884200000 0</gx:coord>
          <gx:coord>153.4079100000 -28.0884200000 0</gx:coord>
          <gx:coord>153.4079100000 -28.0884200000 0</gx:coord>
          <gx:coord>153.4079100000 -28.0884200000 0</gx:coord>
          <gx:coord>153.4079100000 -28.0884200000 0</gx:coord>
          <gx:coord>153.4079100000 -28.0884200000 0</gx:coord>
          <gx:coord>153.4079100000 -28.0884200000 0</gx:coord>
          <gx:coord>153.4079100000 -28.0884200000 0</gx:coord>
          <gx:coord>153.4079100000 -28.0884200000 0</gx:coord>
          <gx:coord>153.4079000000 -28.0884200000 0</gx:coord>
          <gx:coord>153.4079000000 -28.0884200000 0</gx:coord>
          <gx:coord>153.4079000000 -28.0884200000 0</gx:coord>
          <gx:coord>153.4079000000 -28.0884200000 0</gx:coord>
          <gx:coord>153.4078900000 -28.0884200000 0</gx:coord>
          <gx:coord>153.4078700000 -28.0884300000 0</gx:coord>
          <gx:coord>153.4078700000 -28.0884300000 0</gx:coord>
          <gx:coord>153.4078500000 -28.0884300000 0</gx:coord>
          <gx:coord>153.4078400000 -28.0884300000 0</gx:coord>
          <gx:coord>153.4078400000 -28.0884300000 0</gx:coord>
          <gx:coord>153.4078300000 -28.0884300000 0</gx:coord>
          <gx:coord>153.4078200000 -28.0884300000 0</gx:coord>
          <gx:coord>153.4078200000 -28.0884300000 0</gx:coord>
          <gx:coord>153.4078000000 -28.0884300000 0</gx:coord>
          <gx:coord>153.4078000000 -28.0884400000 0</gx:coord>
          <gx:coord>153.4077900000 -28.0884400000 0</gx:coord>
          <gx:coord>153.4077800000 -28.0884400000 0</gx:coord>
          <gx:coord>153.4077800000 -28.0884400000 0</gx:coord>
          <gx:coord>153.4077600000 -28.0884500000 0</gx:coord>
          <gx:coord>153.4077600000 -28.0884500000 0</gx:coord>
          <gx:coord>153.4077500000 -28.0884500000 0</gx:coord>
          <gx:coord>153.4077500000 -28.0884500000 0</gx:coord>
          <gx:coord>153.4077400000 -28.0884600000 0</gx:coord>
          <gx:coord>153.4077300000 -28.0884600000 0</gx:coord>
          <gx:coord>153.4077300000 -28.0884600000 0</gx:coord>
          <gx:coord>153.4077200000 -28.0884700000 0</gx:coord>
          <gx:coord>153.4077200000 -28.0884700000 0</gx:coord>
          <gx:coord>153.4077100000 -28.0884700000 0</gx:coord>
          <gx:coord>153.4077100000 -28.0884700000 0</gx:coord>
          <gx:coord>153.4076900000 -28.0884800000 0</gx:coord>
          <gx:coord>153.4076900000 -28.0884900000 0</gx:coord>
          <gx:coord>153.4076800000 -28.0884900000 0</gx:coord>
          <gx:coord>153.4076700000 -28.0885000000 0</gx:coord>
          <gx:coord>153.4076600000 -28.0885000000 0</gx:coord>
          <gx:coord>153.4076600000 -28.0885000000 0</gx:coord>
          <gx:coord>153.4076500000 -28.0885100000 0</gx:coord>
          <gx:coord>153.4076500000 -28.0885100000 0</gx:coord>
          <gx:coord>153.4076400000 -28.0885100000 0</gx:coord>
          <gx:coord>153.4076400000 -28.0885200000 0</gx:coord>
          <gx:coord>153.4076300000 -28.0885200000 0</gx:coord>
          <gx:coord>153.4076300000 -28.0885200000 0</gx:coord>
          <gx:coord>153.4076200000 -28.0885300000 0</gx:coord>
          <gx:coord>153.4076200000 -28.0885300000 0</gx:coord>
          <gx:coord>153.4076100000 -28.0885400000 0</gx:coord>
          <gx:coord>153.4076100000 -28.0885400000 0</gx:coord>
          <gx:coord>153.4076000000 -28.0885400000 0</gx:coord>
          <gx:coord>153.4076000000 -28.0885400000 0</gx:coord>
          <gx:coord>153.4075900000 -28.0885500000 0</gx:coord>
          <gx:coord>153.4075900000 -28.0885500000 0</gx:coord>
          <gx:coord>153.4075900000 -28.0885500000 0</gx:coord>
          <gx:coord>153.4075800000 -28.0885500000 0</gx:coord>
          <gx:coord>153.4075800000 -28.0885600000 0</gx:coord>
          <gx:coord>153.4075800000 -28.0885600000 0</gx:coord>
          <gx:coord>153.4075700000 -28.0885600000 0</gx:coord>
          <gx:coord>153.4075700000 -28.0885600000 0</gx:coord>
          <gx:coord>153.4075700000 -28.0885600000 0</gx:coord>
          <gx:coord>153.4075700000 -28.0885700000 0</gx:coord>
          <gx:coord>153.4075600000 -28.0885700000 0</gx:coord>
          <gx:coord>153.4075600000 -28.0885700000 0</gx:coord>
          <gx:coord>153.4075600000 -28.0885700000 0</gx:coord>
          <gx:coord>153.4075600000 -28.0885700000 0</gx:coord>
          <gx:coord>153.4075600000 -28.0885700000 0</gx:coord>
          <gx:coord>153.4075600000 -28.0885700000 0</gx:coord>
          <gx:coord>153.4075600000 -28.0885700000 0</gx:coord>
          <gx:coord>153.4075500000 -28.0885800000 0</gx:coord>
          <gx:coord>153.4075500000 -28.0885800000 0</gx:coord>
          <gx:coord>153.4075400000 -28.0885800000 0</gx:coord>
          <gx:coord>153.4075400000 -28.0885900000 0</gx:coord>
          <gx:coord>153.4075200000 -28.0885900000 0</gx:coord>
          <gx:coord>153.4075200000 -28.0885900000 0</gx:coord>
          <gx:coord>153.4075100000 -28.0885900000 0</gx:coord>
          <gx:coord>153.4075100000 -28.0885900000 0</gx:coord>
          <gx:coord>153.4075100000 -28.0886000000 0</gx:coord>
          <gx:coord>153.4075000000 -28.0886000000 0</gx:coord>
          <gx:coord>153.4075000000 -28.0886100000 0</gx:coord>
          <gx:coord>153.4075000000 -28.0886100000 0</gx:coord>
          <gx:coord>153.4075000000 -28.0886200000 0</gx:coord>
          <gx:coord>153.4075000000 -28.0886200000 0</gx:coord>
          <gx:coord>153.4075000000 -28.0886300000 0</gx:coord>
          <gx:coord>153.4075000000 -28.0886300000 0</gx:coord>
          <gx:coord>153.4075000000 -28.0886400000 0</gx:coord>
          <gx:coord>153.4075000000 -28.0886400000 0</gx:coord>
          <gx:coord>153.4075000000 -28.0886500000 0</gx:coord>
          <gx:coord>153.4075000000 -28.0886500000 0</gx:coord>
          <gx:coord>153.4075000000 -28.0886500000 0</gx:coord>
          <gx:coord>153.4075000000 -28.0886500000 0</gx:coord>
          <gx:coord>153.4075000000 -28.0886500000 0</gx:coord>
          <gx:coord>153.4075000000 -28.0886500000 0</gx:coord>
          <gx:coord>153.4075000000 -28.0886500000 0</gx:coord>
          <gx:coord>153.4075000000 -28.0886500000 0</gx:coord>
          <gx:coord>153.4074900000 -28.0886500000 0</gx:coord>
          <gx:coord>153.4074900000 -28.0886500000 0</gx:coord>
          <gx:coord>153.4074900000 -28.0886500000 0</gx:coord>
          <gx:coord>153.4074900000 -28.0886600000 0</gx:coord>
          <gx:coord>153.4074900000 -28.0886600000 0</gx:coord>
          <gx:coord>153.4074900000 -28.0886700000 0</gx:coord>
          <gx:coord>153.4075000000 -28.0886700000 0</gx:coord>
          <gx:coord>153.4075000000 -28.0886800000 0</gx:coord>
          <gx:coord>153.4075000000 -28.0886800000 0</gx:coord>
          <gx:coord>153.4075000000 -28.0886800000 0</gx:coord>
          <gx:coord>153.4074900000 -28.0886900000 0</gx:coord>
          <gx:coord>153.4074800000 -28.0886900000 0</gx:coord>
          <gx:coord>153.4074800000 -28.0886900000 0</gx:coord>
          <gx:coord>153.4074700000 -28.0887000000 0</gx:coord>
          <gx:coord>153.4074600000 -28.0887000000 0</gx:coord>
          <gx:coord>153.4074600000 -28.0887100000 0</gx:coord>
          <gx:coord>153.4074500000 -28.0887100000 0</gx:coord>
          <gx:coord>153.4074500000 -28.0887200000 0</gx:coord>
          <gx:coord>153.4074500000 -28.0887200000 0</gx:coord>
          <gx:coord>153.4074400000 -28.0887300000 0</gx:coord>
          <gx:coord>153.4074400000 -28.0887300000 0</gx:coord>
          <gx:coord>153.4074400000 -28.0887300000 0</gx:coord>
          <gx:coord>153.4074400000 -28.0887300000 0</gx:coord>
          <gx:coord>153.4074400000 -28.0887300000 0</gx:coord>
          <gx:coord>153.4074400000 -28.0887300000 0</gx:coord>
          <gx:coord>153.4074400000 -28.0887300000 0</gx:coord>
          <gx:coord>153.4074400000 -28.0887300000 0</gx:coord>
          <gx:coord>153.4074400000 -28.0887300000 0</gx:coord>
          <gx:coord>153.4074400000 -28.0887300000 0</gx:coord>
          <gx:coord>153.4074400000 -28.0887300000 0</gx:coord>
          <gx:coord>153.4074400000 -28.0887300000 0</gx:coord>
          <gx:coord>153.4074400000 -28.0887300000 0</gx:coord>
          <gx:coord>153.4074400000 -28.0887300000 0</gx:coord>
          <gx:coord>153.4074400000 -28.0887300000 0</gx:coord>
          <gx:coord>153.4074400000 -28.0887300000 0</gx:coord>
          <gx:coord>153.4074400000 -28.0887300000 0</gx:coord>
          <gx:coord>153.4074400000 -28.0887300000 0</gx:coord>
          <gx:coord>153.4074400000 -28.0887300000 0</gx:coord>
          <gx:coord>153.4074400000 -28.0887300000 0</gx:coord>
          <gx:coord>153.4074400000 -28.0887300000 0</gx:coord>
          <gx:coord>153.4074400000 -28.0887300000 0</gx:coord>
          <gx:coord>153.4074400000 -28.0887300000 0</gx:coord>
          <gx:coord>153.4074400000 -28.0887300000 0</gx:coord>
          <gx:coord>153.4074400000 -28.0887300000 0</gx:coord>
          <gx:coord>153.4074400000 -28.0887300000 0</gx:coord>
          <gx:coord>153.4074400000 -28.0887300000 0</gx:coord>
          <gx:coord>153.4074400000 -28.0887300000 0</gx:coord>
          <gx:coord>153.4074400000 -28.0887300000 0</gx:coord>
          <gx:coord>153.4074400000 -28.0887300000 0</gx:coord>
          <gx:coord>153.4074400000 -28.0887300000 0</gx:coord>
          <gx:coord>153.4074400000 -28.0887400000 0</gx:coord>
          <gx:coord>153.4074400000 -28.0887400000 0</gx:coord>
          <gx:coord>153.4074400000 -28.0887500000 0</gx:coord>
          <gx:coord>153.4074400000 -28.0887500000 0</gx:coord>
          <gx:coord>153.4074400000 -28.0887600000 0</gx:coord>
          <gx:coord>153.4074400000 -28.0887700000 0</gx:coord>
          <gx:coord>153.4074300000 -28.0887700000 0</gx:coord>
          <gx:coord>153.4074300000 -28.0887800000 0</gx:coord>
          <gx:coord>153.4074300000 -28.0887900000 0</gx:coord>
          <gx:coord>153.4074200000 -28.0887900000 0</gx:coord>
          <gx:coord>153.4074200000 -28.0888000000 0</gx:coord>
          <gx:coord>153.4074200000 -28.0888000000 0</gx:coord>
          <gx:coord>153.4074100000 -28.0888100000 0</gx:coord>
          <gx:coord>153.4074100000 -28.0888200000 0</gx:coord>
          <gx:coord>153.4074100000 -28.0888200000 0</gx:coord>
          <gx:coord>153.4074100000 -28.0888300000 0</gx:coord>
          <gx:coord>153.4074000000 -28.0888300000 0</gx:coord>
          <gx:coord>153.4074000000 -28.0888400000 0</gx:coord>
          <gx:coord>153.4074000000 -28.0888400000 0</gx:coord>
          <gx:coord>153.4073900000 -28.0888500000 0</gx:coord>
          <gx:coord>153.4073900000 -28.0888600000 0</gx:coord>
          <gx:coord>153.4073900000 -28.0888700000 0</gx:coord>
          <gx:coord>153.4073800000 -28.0888700000 0</gx:coord>
          <gx:coord>153.4073800000 -28.0888800000 0</gx:coord>
          <gx:coord>153.4073800000 -28.0888800000 0</gx:coord>
          <gx:coord>153.4073800000 -28.0888900000 0</gx:coord>
          <gx:coord>153.4073800000 -28.0888900000 0</gx:coord>
          <gx:coord>153.4073700000 -28.0889000000 0</gx:coord>
          <gx:coord>153.4073700000 -28.0889100000 0</gx:coord>
          <gx:coord>153.4073700000 -28.0889200000 0</gx:coord>
          <gx:coord>153.4073700000 -28.0889200000 0</gx:coord>
          <gx:coord>153.4073700000 -28.0889200000 0</gx:coord>
          <gx:coord>153.4073700000 -28.0889200000 0</gx:coord>
          <gx:coord>153.4073700000 -28.0889200000 0</gx:coord>
          <gx:coord>153.4073700000 -28.0889200000 0</gx:coord>
          <gx:coord>153.4073700000 -28.0889200000 0</gx:coord>
          <gx:coord>153.4073700000 -28.0889200000 0</gx:coord>
          <gx:coord>153.4073700000 -28.0889200000 0</gx:coord>
          <gx:coord>153.4073700000 -28.0889200000 0</gx:coord>
          <gx:coord>153.4073700000 -28.0889200000 0</gx:coord>
          <gx:coord>153.4073700000 -28.0889200000 0</gx:coord>
          <gx:coord>153.4073700000 -28.0889200000 0</gx:coord>
          <gx:coord>153.4073700000 -28.0889200000 0</gx:coord>
          <gx:coord>153.4073700000 -28.0889200000 0</gx:coord>
          <gx:coord>153.4073700000 -28.0889200000 0</gx:coord>
          <gx:coord>153.4073700000 -28.0889200000 0</gx:coord>
          <gx:coord>153.4073700000 -28.0889300000 0</gx:coord>
          <gx:coord>153.4073700000 -28.0889300000 0</gx:coord>
          <gx:coord>153.4073700000 -28.0889300000 0</gx:coord>
          <gx:coord>153.4073700000 -28.0889300000 0</gx:coord>
          <gx:coord>153.4073700000 -28.0889300000 0</gx:coord>
          <gx:coord>153.4073700000 -28.0889300000 0</gx:coord>
          <gx:coord>153.4073700000 -28.0889300000 0</gx:coord>
          <gx:coord>153.4073700000 -28.0889400000 0</gx:coord>
          <gx:coord>153.4073700000 -28.0889400000 0</gx:coord>
          <gx:coord>153.4073700000 -28.0889500000 0</gx:coord>
          <gx:coord>153.4073700000 -28.0889600000 0</gx:coord>
          <gx:coord>153.4073700000 -28.0889600000 0</gx:coord>
          <gx:coord>153.4073700000 -28.0889700000 0</gx:coord>
          <gx:coord>153.4073700000 -28.0889700000 0</gx:coord>
          <gx:coord>153.4073700000 -28.0889800000 0</gx:coord>
          <gx:coord>153.4073600000 -28.0889800000 0</gx:coord>
          <gx:coord>153.4073600000 -28.0889900000 0</gx:coord>
          <gx:coord>153.4073600000 -28.0889900000 0</gx:coord>
          <gx:coord>153.4073600000 -28.0889900000 0</gx:coord>
          <gx:coord>153.4073600000 -28.0889900000 0</gx:coord>
          <gx:coord>153.4073600000 -28.0889900000 0</gx:coord>
          <gx:coord>153.4073600000 -28.0889900000 0</gx:coord>
          <gx:coord>153.4073600000 -28.0889900000 0</gx:coord>
          <gx:coord>153.4073600000 -28.0889900000 0</gx:coord>
          <gx:coord>153.4073600000 -28.0889900000 0</gx:coord>
          <gx:coord>153.4073700000 -28.0889900000 0</gx:coord>
          <gx:coord>153.4073700000 -28.0889900000 0</gx:coord>
          <gx:coord>153.4073700000 -28.0889900000 0</gx:coord>
          <gx:coord>153.4073600000 -28.0889900000 0</gx:coord>
          <gx:coord>153.4073600000 -28.0889900000 0</gx:coord>
          <gx:coord>153.4073600000 -28.0889900000 0</gx:coord>
          <gx:coord>153.4073600000 -28.0889900000 0</gx:coord>
          <gx:coord>153.4073600000 -28.0889900000 0</gx:coord>
          <gx:coord>153.4073700000 -28.0889900000 0</gx:coord>
          <gx:coord>153.4073700000 -28.0889900000 0</gx:coord>
          <gx:coord>153.4073800000 -28.0889900000 0</gx:coord>
          <gx:coord>153.4073800000 -28.0889800000 0</gx:coord>
          <gx:coord>153.4073900000 -28.0889800000 0</gx:coord>
          <gx:coord>153.4073900000 -28.0889800000 0</gx:coord>
          <gx:coord>153.4074000000 -28.0889700000 0</gx:coord>
          <gx:coord>153.4074000000 -28.0889700000 0</gx:coord>
          <gx:coord>153.4074100000 -28.0889600000 0</gx:coord>
          <gx:coord>153.4074100000 -28.0889600000 0</gx:coord>
          <gx:coord>153.4074200000 -28.0889600000 0</gx:coord>
          <gx:coord>153.4074200000 -28.0889600000 0</gx:coord>
          <gx:coord>153.4074300000 -28.0889600000 0</gx:coord>
          <gx:coord>153.4074300000 -28.0889500000 0</gx:coord>
          <gx:coord>153.4074400000 -28.0889500000 0</gx:coord>
          <gx:coord>153.4074500000 -28.0889500000 0</gx:coord>
          <gx:coord>153.4074500000 -28.0889500000 0</gx:coord>
          <gx:coord>153.4074500000 -28.0889500000 0</gx:coord>
          <gx:coord>153.4074600000 -28.0889500000 0</gx:coord>
          <gx:coord>153.4074700000 -28.0889400000 0</gx:coord>
          <gx:coord>153.4074800000 -28.0889400000 0</gx:coord>
          <gx:coord>153.4074800000 -28.0889300000 0</gx:coord>
          <gx:coord>153.4074900000 -28.0889300000 0</gx:coord>
          <gx:coord>153.4074900000 -28.0889300000 0</gx:coord>
          <gx:coord>153.4074900000 -28.0889200000 0</gx:coord>
          <gx:coord>153.4075000000 -28.0889200000 0</gx:coord>
          <gx:coord>153.4075000000 -28.0889200000 0</gx:coord>
          <gx:coord>153.4075000000 -28.0889200000 0</gx:coord>
          <gx:coord>153.4075100000 -28.0889100000 0</gx:coord>
          <gx:coord>153.4075200000 -28.0889000000 0</gx:coord>
          <gx:coord>153.4075300000 -28.0889000000 0</gx:coord>
          <gx:coord>153.4075300000 -28.0889000000 0</gx:coord>
          <gx:coord>153.4075400000 -28.0888900000 0</gx:coord>
          <gx:coord>153.4075400000 -28.0888900000 0</gx:coord>
          <gx:coord>153.4075500000 -28.0888900000 0</gx:coord>
          <gx:coord>153.4075500000 -28.0888900000 0</gx:coord>
          <gx:coord>153.4075600000 -28.0888800000 0</gx:coord>
          <gx:coord>153.4075700000 -28.0888800000 0</gx:coord>
          <gx:coord>153.4075800000 -28.0888700000 0</gx:coord>
          <gx:coord>153.4075800000 -28.0888700000 0</gx:coord>
          <gx:coord>153.4075900000 -28.0888700000 0</gx:coord>
          <gx:coord>153.4075900000 -28.0888700000 0</gx:coord>
          <gx:coord>153.4076000000 -28.0888600000 0</gx:coord>
          <gx:coord>153.4076100000 -28.0888600000 0</gx:coord>
          <gx:coord>153.4076200000 -28.0888600000 0</gx:coord>
          <gx:coord>153.4076200000 -28.0888600000 0</gx:coord>
          <gx:coord>153.4076300000 -28.0888600000 0</gx:coord>
          <gx:coord>153.4076400000 -28.0888600000 0</gx:coord>
          <gx:coord>153.4076400000 -28.0888500000 0</gx:coord>
          <gx:coord>153.4076500000 -28.0888500000 0</gx:coord>
          <gx:coord>153.4076600000 -28.0888500000 0</gx:coord>
          <gx:coord>153.4076700000 -28.0888500000 0</gx:coord>
          <gx:coord>153.4076800000 -28.0888500000 0</gx:coord>
          <gx:coord>153.4076800000 -28.0888500000 0</gx:coord>
          <gx:coord>153.4076900000 -28.0888500000 0</gx:coord>
          <gx:coord>153.4077000000 -28.0888500000 0</gx:coord>
          <gx:coord>153.4077100000 -28.0888400000 0</gx:coord>
          <gx:coord>153.4077200000 -28.0888400000 0</gx:coord>
          <gx:coord>153.4077200000 -28.0888400000 0</gx:coord>
          <gx:coord>153.4077300000 -28.0888400000 0</gx:coord>
          <gx:coord>153.4077300000 -28.0888400000 0</gx:coord>
          <gx:coord>153.4077400000 -28.0888400000 0</gx:coord>
          <gx:coord>153.4077400000 -28.0888400000 0</gx:coord>
          <gx:coord>153.4077400000 -28.0888400000 0</gx:coord>
          <gx:coord>153.4077500000 -28.0888400000 0</gx:coord>
          <gx:coord>153.4077500000 -28.0888400000 0</gx:coord>
          <gx:coord>153.4077600000 -28.0888400000 0</gx:coord>
          <gx:coord>153.4077700000 -28.0888400000 0</gx:coord>
          <gx:coord>153.4077700000 -28.0888400000 0</gx:coord>
          <gx:coord>153.4077800000 -28.0888400000 0</gx:coord>
          <gx:coord>153.4077900000 -28.0888400000 0</gx:coord>
          <gx:coord>153.4077900000 -28.0888400000 0</gx:coord>
          <gx:coord>153.4078000000 -28.0888400000 0</gx:coord>
          <gx:coord>153.4078000000 -28.0888400000 0</gx:coord>
          <gx:coord>153.4078100000 -28.0888400000 0</gx:coord>
          <gx:coord>153.4078100000 -28.0888400000 0</gx:coord>
          <gx:coord>153.4078200000 -28.0888400000 0</gx:coord>
          <gx:coord>153.4078300000 -28.0888400000 0</gx:coord>
          <gx:coord>153.4078300000 -28.0888400000 0</gx:coord>
          <gx:coord>153.4078400000 -28.0888400000 0</gx:coord>
          <gx:coord>153.4078500000 -28.0888400000 0</gx:coord>
          <gx:coord>153.4078500000 -28.0888400000 0</gx:coord>
          <gx:coord>153.4078700000 -28.0888400000 0</gx:coord>
          <gx:coord>153.4078700000 -28.0888400000 0</gx:coord>
          <gx:coord>153.4078800000 -28.0888500000 0</gx:coord>
          <gx:coord>153.4078900000 -28.0888500000 0</gx:coord>
          <gx:coord>153.4078900000 -28.0888500000 0</gx:coord>
          <gx:coord>153.4079000000 -28.0888500000 0</gx:coord>
          <gx:coord>153.4079000000 -28.0888600000 0</gx:coord>
          <gx:coord>153.4079000000 -28.0888600000 0</gx:coord>
          <gx:coord>153.4079100000 -28.0888700000 0</gx:coord>
          <gx:coord>153.4079100000 -28.0888700000 0</gx:coord>
          <gx:coord>153.4079100000 -28.0888700000 0</gx:coord>
          <gx:coord>153.4079000000 -28.0888700000 0</gx:coord>
          <gx:coord>153.4079000000 -28.0888700000 0</gx:coord>
          <gx:coord>153.4078900000 -28.0888700000 0</gx:coord>
          <gx:coord>153.4078900000 -28.0888700000 0</gx:coord>
          <gx:coord>153.4078700000 -28.0888600000 0</gx:coord>
          <gx:coord>153.4078700000 -28.0888500000 0</gx:coord>
          <gx:coord>153.4078600000 -28.0888500000 0</gx:coord>
          <gx:coord>153.4078500000 -28.0888500000 0</gx:coord>
          <gx:coord>153.4078500000 -28.0888400000 0</gx:coord>
          <gx:coord>153.4078400000 -28.0888400000 0</gx:coord>
          <gx:coord>153.4078300000 -28.0888400000 0</gx:coord>
          <gx:coord>153.4078300000 -28.0888400000 0</gx:coord>
          <gx:coord>153.4078200000 -28.0888400000 0</gx:coord>
          <gx:coord>153.4078100000 -28.0888300000 0</gx:coord>
          <gx:coord>153.4078100000 -28.0888300000 0</gx:coord>
          <gx:coord>153.4078000000 -28.0888300000 0</gx:coord>
          <gx:coord>153.4077900000 -28.0888200000 0</gx:coord>
          <gx:coord>153.4077800000 -28.0888100000 0</gx:coord>
          <gx:coord>153.4077700000 -28.0888100000 0</gx:coord>
          <gx:coord>153.4077600000 -28.0888100000 0</gx:coord>
          <gx:coord>153.4077600000 -28.0888100000 0</gx:coord>
          <gx:coord>153.4077500000 -28.0888000000 0</gx:coord>
          <gx:coord>153.4077500000 -28.0888000000 0</gx:coord>
          <gx:coord>153.4077400000 -28.0888000000 0</gx:coord>
          <gx:coord>153.4077300000 -28.0888000000 0</gx:coord>
          <gx:coord>153.4077300000 -28.0887900000 0</gx:coord>
          <gx:coord>153.4077200000 -28.0887900000 0</gx:coord>
          <gx:coord>153.4077200000 -28.0887900000 0</gx:coord>
          <gx:coord>153.4077100000 -28.0887800000 0</gx:coord>
          <gx:coord>153.4077100000 -28.0887800000 0</gx:coord>
          <gx:coord>153.4077000000 -28.0887700000 0</gx:coord>
          <gx:coord>153.4076900000 -28.0887700000 0</gx:coord>
          <gx:coord>153.4076800000 -28.0887700000 0</gx:coord>
          <gx:coord>153.4076800000 -28.0887700000 0</gx:coord>
          <gx:coord>153.4076600000 -28.0887700000 0</gx:coord>
          <gx:coord>153.4076600000 -28.0887700000 0</gx:coord>
          <gx:coord>153.4076500000 -28.0887700000 0</gx:coord>
          <gx:coord>153.4076500000 -28.0887600000 0</gx:coord>
          <gx:coord>153.4076500000 -28.0887600000 0</gx:coord>
          <gx:coord>153.4076400000 -28.0887600000 0</gx:coord>
          <gx:coord>153.4076400000 -28.0887600000 0</gx:coord>
          <gx:coord>153.4076300000 -28.0887600000 0</gx:coord>
          <gx:coord>153.4076300000 -28.0887500000 0</gx:coord>
          <gx:coord>153.4076200000 -28.0887500000 0</gx:coord>
          <gx:coord>153.4076200000 -28.0887500000 0</gx:coord>
          <gx:coord>153.4076200000 -28.0887400000 0</gx:coord>
          <gx:coord>153.4076100000 -28.0887400000 0</gx:coord>
          <gx:coord>153.4076100000 -28.0887400000 0</gx:coord>
          <gx:coord>153.4076000000 -28.0887300000 0</gx:coord>
          <gx:coord>153.4075900000 -28.0887300000 0</gx:coord>
          <gx:coord>153.4075900000 -28.0887300000 0</gx:coord>
          <gx:coord>153.4075900000 -28.0887300000 0</gx:coord>
          <gx:coord>153.4075700000 -28.0887200000 0</gx:coord>
          <gx:coord>153.4075700000 -28.0887200000 0</gx:coord>
          <gx:coord>153.4075700000 -28.0887200000 0</gx:coord>
          <gx:coord>153.4075600000 -28.0887200000 0</gx:coord>
          <gx:coord>153.4075600000 -28.0887200000 0</gx:coord>
          <gx:coord>153.4075600000 -28.0887200000 0</gx:coord>
          <gx:coord>153.4075600000 -28.0887200000 0</gx:coord>
          <gx:coord>153.4075600000 -28.0887200000 0</gx:coord>
          <gx:coord>153.4075600000 -28.0887200000 0</gx:coord>
          <gx:coord>153.4075600000 -28.0887200000 0</gx:coord>
          <gx:coord>153.4075700000 -28.0887200000 0</gx:coord>
          <gx:coord>153.4075700000 -28.0887200000 0</gx:coord>
          <gx:coord>153.4075700000 -28.0887200000 0</gx:coord>
          <gx:coord>153.4075700000 -28.0887200000 0</gx:coord>
          <gx:coord>153.4075700000 -28.0887200000 0</gx:coord>
          <gx:coord>153.4075700000 -28.0887200000 0</gx:coord>
          <gx:coord>153.4075700000 -28.0887200000 0</gx:coord>
          <gx:coord>153.4075700000 -28.0887200000 0</gx:coord>
          <gx:coord>153.4075700000 -28.0887200000 0</gx:coord>
          <gx:coord>153.4075700000 -28.0887200000 0</gx:coord>
          <gx:coord>153.4075700000 -28.0887200000 0</gx:coord>
          <gx:coord>153.4075700000 -28.0887200000 0</gx:coord>
          <gx:coord>153.4075700000 -28.0887200000 0</gx:coord>
          <gx:coord>153.4075700000 -28.0887200000 0</gx:coord>
          <gx:coord>153.4075700000 -28.0887200000 0</gx:coord>
          <gx:coord>153.4075700000 -28.0887200000 0</gx:coord>
          <gx:coord>153.4075700000 -28.0887200000 0</gx:coord>
          <gx:coord>153.4075700000 -28.0887200000 0</gx:coord>
          <gx:coord>153.4075700000 -28.0887200000 0</gx:coord>
          <gx:coord>153.4075700000 -28.0887300000 0</gx:coord>
          <gx:coord>153.4075700000 -28.0887400000 0</gx:coord>
          <gx:coord>153.4075700000 -28.0887400000 0</gx:coord>
          <gx:coord>153.4075800000 -28.0887500000 0</gx:coord>
          <gx:coord>153.4075800000 -28.0887600000 0</gx:coord>
          <gx:coord>153.4075800000 -28.0887600000 0</gx:coord>
          <gx:coord>153.4075900000 -28.0887700000 0</gx:coord>
          <gx:coord>153.4076000000 -28.0887800000 0</gx:coord>
          <gx:coord>153.4076100000 -28.0887900000 0</gx:coord>
          <gx:coord>153.4076100000 -28.0887900000 0</gx:coord>
          <gx:coord>153.4076300000 -28.0887900000 0</gx:coord>
          <gx:coord>153.4076300000 -28.0887900000 0</gx:coord>
          <gx:coord>153.4076400000 -28.0887900000 0</gx:coord>
          <gx:coord>153.4076500000 -28.0887900000 0</gx:coord>
          <gx:coord>153.4076500000 -28.0887900000 0</gx:coord>
          <gx:coord>153.4076600000 -28.0888000000 0</gx:coord>
          <gx:coord>153.4076700000 -28.0888000000 0</gx:coord>
          <gx:coord>153.4076700000 -28.0888000000 0</gx:coord>
          <gx:coord>153.4076900000 -28.0887900000 0</gx:coord>
          <gx:coord>153.4076900000 -28.0887900000 0</gx:coord>
          <gx:coord>153.4077000000 -28.0887900000 0</gx:coord>
          <gx:coord>153.4077100000 -28.0887900000 0</gx:coord>
          <gx:coord>153.4077200000 -28.0887900000 0</gx:coord>
          <gx:coord>153.4077200000 -28.0887800000 0</gx:coord>
          <gx:coord>153.4077300000 -28.0887800000 0</gx:coord>
          <gx:coord>153.4077300000 -28.0887800000 0</gx:coord>
          <gx:coord>153.4077400000 -28.0887800000 0</gx:coord>
          <gx:coord>153.4077400000 -28.0887700000 0</gx:coord>
          <gx:coord>153.4077500000 -28.0887700000 0</gx:coord>
          <gx:coord>153.4077500000 -28.0887700000 0</gx:coord>
          <gx:coord>153.4077600000 -28.0887600000 0</gx:coord>
          <gx:coord>153.4077700000 -28.0887500000 0</gx:coord>
          <gx:coord>153.4077800000 -28.0887500000 0</gx:coord>
          <gx:coord>153.4077900000 -28.0887400000 0</gx:coord>
          <gx:coord>153.4077900000 -28.0887300000 0</gx:coord>
          <gx:coord>153.4078000000 -28.0887300000 0</gx:coord>
          <gx:coord>153.4078000000 -28.0887200000 0</gx:coord>
          <gx:coord>153.4078100000 -28.0887200000 0</gx:coord>
          <gx:coord>153.4078100000 -28.0887100000 0</gx:coord>
          <gx:coord>153.4078200000 -28.0887100000 0</gx:coord>
          <gx:coord>153.4078200000 -28.0887000000 0</gx:coord>
          <gx:coord>153.4078300000 -28.0887000000 0</gx:coord>
          <gx:coord>153.4078300000 -28.0886900000 0</gx:coord>
          <gx:coord>153.4078300000 -28.0886900000 0</gx:coord>
          <gx:coord>153.4078300000 -28.0886900000 0</gx:coord>
          <gx:coord>153.4078300000 -28.0886900000 0</gx:coord>
          <gx:coord>153.4078300000 -28.0886900000 0</gx:coord>
          <gx:coord>153.4078400000 -28.0886800000 0</gx:coord>
          <gx:coord>153.4078400000 -28.0886800000 0</gx:coord>
          <gx:coord>153.4078400000 -28.0886700000 0</gx:coord>
          <gx:coord>153.4078500000 -28.0886600000 0</gx:coord>
          <gx:coord>153.4078600000 -28.0886600000 0</gx:coord>
          <gx:coord>153.4078600000 -28.0886500000 0</gx:coord>
          <gx:coord>153.4078600000 -28.0886400000 0</gx:coord>
          <gx:coord>153.4078700000 -28.0886400000 0</gx:coord>
          <gx:coord>153.4078700000 -28.0886300000 0</gx:coord>
          <gx:coord>153.4078700000 -28.0886300000 0</gx:coord>
          <gx:coord>153.4078700000 -28.0886200000 0</gx:coord>
          <gx:coord>153.4078700000 -28.0886100000 0</gx:coord>
          <gx:coord>153.4078700000 -28.0886100000 0</gx:coord>
          <gx:coord>153.4078700000 -28.0886000000 0</gx:coord>
          <gx:coord>153.4078700000 -28.0885900000 0</gx:coord>
          <gx:coord>153.4078700000 -28.0885800000 0</gx:coord>
          <gx:coord>153.4078800000 -28.0885800000 0</gx:coord>
          <gx:coord>153.4078800000 -28.0885700000 0</gx:coord>
          <gx:coord>153.4078800000 -28.0885700000 0</gx:coord>
          <gx:coord>153.4078800000 -28.0885600000 0</gx:coord>
          <gx:coord>153.4078800000 -28.0885500000 0</gx:coord>
          <gx:coord>153.4078800000 -28.0885500000 0</gx:coord>
          <gx:coord>153.4078800000 -28.0885400000 0</gx:coord>
          <gx:coord>153.4078800000 -28.0885400000 0</gx:coord>
          <gx:coord>153.4078800000 -28.0885300000 0</gx:coord>
          <gx:coord>153.4078700000 -28.0885200000 0</gx:coord>
          <gx:coord>153.4078700000 -28.0885200000 0</gx:coord>
          <gx:coord>153.4078700000 -28.0885100000 0</gx:coord>
          <gx:coord>153.4078700000 -28.0885100000 0</gx:coord>
          <gx:coord>153.4078700000 -28.0885000000 0</gx:coord>
          <gx:coord>153.4078700000 -28.0885000000 0</gx:coord>
          <gx:coord>153.4078700000 -28.0885000000 0</gx:coord>
          <gx:coord>153.4078800000 -28.0885000000 0</gx:coord>
          <gx:coord>153.4078800000 -28.0885100000 0</gx:coord>
          <gx:coord>153.4078800000 -28.0885100000 0</gx:coord>
          <gx:coord>153.4078800000 -28.0885100000 0</gx:coord>
          <gx:coord>153.4078800000 -28.0885100000 0</gx:coord>
          <gx:coord>153.4078800000 -28.0885100000 0</gx:coord>
          <gx:coord>153.4078800000 -28.0885100000 0</gx:coord>
          <gx:coord>153.4078800000 -28.0885100000 0</gx:coord>
          <gx:coord>153.4078800000 -28.0885100000 0</gx:coord>
          <gx:coord>153.4078800000 -28.0885100000 0</gx:coord>
          <gx:coord>153.4078800000 -28.0885100000 0</gx:coord>
          <gx:coord>153.4078800000 -28.0885100000 0</gx:coord>
          <gx:coord>153.4078800000 -28.0885100000 0</gx:coord>
          <gx:coord>153.4078800000 -28.0885100000 0</gx:coord>
          <gx:coord>153.4078900000 -28.0885100000 0</gx:coord>
          <gx:coord>153.4078900000 -28.0885100000 0</gx:coord>
          <gx:coord>153.4078900000 -28.0885000000 0</gx:coord>
        </gx:Track>
      </Placemark>
      <Placemark>
        <name>Surfer start</name>
        <description>2026-10-03T22:33:26.816+10:00</description>
        <styleUrl>#surfer</styleUrl>
        <Point>
          <altitudeMode>clampToGround</altitudeMode>
          <coordinates>153.4079100000,-28.0884100000,0</coordinates>
        </Point>
      </Placemark>
      <Placemark>
        <name>Surfer end</name>
        <description>2026-10-03T22:38:27.325+10:00</description>
        <styleUrl>#surfer</styleUrl>
        <Point>
          <altitudeMode>clampToGround</altitudeMode>
          <coordinates>153.4078900000,-28.0885000000,0</coordinates>
        </Point>
      </Placemark>
    </Folder>
    <Folder>
      <name>Key events — timestamps in Brisbane time</name>
      <Placemark>
        <name>22:34:11 retreat_started</name>
        <description>{
  "event": "retreat_started",
  "reason": "too_close",
  "projectedSeparationM": null,
  "comeToMeAlignmentErrorM": null,
  "pathBlockReason": null,
  "boundaryStatus": "inactive",
  "boundarySeawardDistanceM": 0.021706423885900994,
  "distanceM": 17.859075611541915,
  "retreatBoundarySeawardDistanceM": null
}</description>
        <styleUrl>#event</styleUrl>
        <Point>
          <altitudeMode>clampToGround</altitudeMode>
          <coordinates>153.4077895301,-28.0886244826,0</coordinates>
        </Point>
        <TimeStamp>
          <when>2026-10-03T22:34:11.910+10:00</when>
        </TimeStamp>
      </Placemark>
      <Placemark>
        <name>22:34:11 retreat_boundary_blocked</name>
        <description>{
  "event": "retreat_boundary_blocked",
  "reason": "central_boundary",
  "projectedSeparationM": null,
  "comeToMeAlignmentErrorM": null,
  "pathBlockReason": null,
  "boundaryStatus": "blocked",
  "boundarySeawardDistanceM": 0.021706423885900994,
  "distanceM": 17.859075611541915,
  "retreatBoundarySeawardDistanceM": null
}</description>
        <styleUrl>#event</styleUrl>
        <Point>
          <altitudeMode>clampToGround</altitudeMode>
          <coordinates>153.4077895301,-28.0886244826,0</coordinates>
        </Point>
        <TimeStamp>
          <when>2026-10-03T22:34:11.911+10:00</when>
        </TimeStamp>
      </Placemark>
      <Placemark>
        <name>22:34:13 retreat_boundary_allowed</name>
        <description>{
  "event": "retreat_boundary_allowed",
  "reason": "boundary_released",
  "projectedSeparationM": null,
  "comeToMeAlignmentErrorM": null,
  "pathBlockReason": null,
  "boundaryStatus": "inactive",
  "boundarySeawardDistanceM": 0.07315342220013837,
  "distanceM": 18.104079301012284,
  "retreatBoundarySeawardDistanceM": null
}</description>
        <styleUrl>#event</styleUrl>
        <Point>
          <altitudeMode>clampToGround</altitudeMode>
          <coordinates>153.4077889813,-28.0886244594,0</coordinates>
        </Point>
        <TimeStamp>
          <when>2026-10-03T22:34:13.961+10:00</when>
        </TimeStamp>
      </Placemark>
      <Placemark>
        <name>22:34:25 Fixed destination: alignment_only_preserve_projection</name>
        <description>{
  "event": "movement_cycle",
  "reason": "alignment_only_preserve_projection",
  "projectedSeparationM": 18.88243667976874,
  "comeToMeAlignmentErrorM": 12.412285182059634,
  "pathBlockReason": "none",
  "boundaryStatus": null,
  "boundarySeawardDistanceM": null,
  "distanceM": null,
  "retreatBoundarySeawardDistanceM": 0.16675513749135085
}</description>
        <styleUrl>#event</styleUrl>
        <Point>
          <altitudeMode>clampToGround</altitudeMode>
          <coordinates>153.4077562481,-28.0885171245,0</coordinates>
        </Point>
        <TimeStamp>
          <when>2026-10-03T22:34:25.387+10:00</when>
        </TimeStamp>
      </Placemark>
      <Placemark>
        <name>22:34:39 Fixed destination arrived</name>
        <description>{
  "event": "movement_cycle",
  "reason": "fixed_destination_arrived",
  "projectedSeparationM": 27.22013799558959,
  "comeToMeAlignmentErrorM": -4.866364433536502,
  "pathBlockReason": "none",
  "boundaryStatus": null,
  "boundarySeawardDistanceM": null,
  "distanceM": null,
  "retreatBoundarySeawardDistanceM": 0.4387024282080043
}</description>
        <styleUrl>#event</styleUrl>
        <Point>
          <altitudeMode>clampToGround</altitudeMode>
          <coordinates>153.4077559628,-28.0885258462,0</coordinates>
        </Point>
        <TimeStamp>
          <when>2026-10-03T22:34:39.800+10:00</when>
        </TimeStamp>
      </Placemark>
      <Placemark>
        <name>22:34:39 Fixed destination: alignment_only_preserve_projection</name>
        <description>{
  "event": "movement_cycle",
  "reason": "alignment_only_preserve_projection",
  "projectedSeparationM": 27.22013799558959,
  "comeToMeAlignmentErrorM": -4.866364433536502,
  "pathBlockReason": "none",
  "boundaryStatus": null,
  "boundarySeawardDistanceM": null,
  "distanceM": null,
  "retreatBoundarySeawardDistanceM": 0.4387024282080043
}</description>
        <styleUrl>#event</styleUrl>
        <Point>
          <altitudeMode>clampToGround</altitudeMode>
          <coordinates>153.4077684878,-28.0885681925,0</coordinates>
        </Point>
        <TimeStamp>
          <when>2026-10-03T22:34:39.904+10:00</when>
        </TimeStamp>
      </Placemark>
      <Placemark>
        <name>22:34:46 Fixed destination arrived</name>
        <description>{
  "event": "movement_cycle",
  "reason": "fixed_destination_arrived",
  "projectedSeparationM": 28.790309582447748,
  "comeToMeAlignmentErrorM": -2.7985099778915137,
  "pathBlockReason": "none",
  "boundaryStatus": null,
  "boundarySeawardDistanceM": null,
  "distanceM": null,
  "retreatBoundarySeawardDistanceM": 0.3792282562934719
}</description>
        <styleUrl>#event</styleUrl>
        <Point>
          <altitudeMode>clampToGround</altitudeMode>
          <coordinates>153.4077667725,-28.0885602750,0</coordinates>
        </Point>
        <TimeStamp>
          <when>2026-10-03T22:34:46.756+10:00</when>
        </TimeStamp>
      </Placemark>
      <Placemark>
        <name>22:34:47 Fixed destination: alignment_only_preserve_projection</name>
        <description>{
  "event": "movement_cycle",
  "reason": "alignment_only_preserve_projection",
  "projectedSeparationM": 29.076336697642397,
  "comeToMeAlignmentErrorM": -3.759243733131995,
  "pathBlockReason": "none",
  "boundaryStatus": null,
  "boundarySeawardDistanceM": null,
  "distanceM": null,
  "retreatBoundarySeawardDistanceM": 0.3739492890280689
}</description>
        <styleUrl>#event</styleUrl>
        <Point>
          <altitudeMode>clampToGround</altitudeMode>
          <coordinates>153.4077767966,-28.0885939777,0</coordinates>
        </Point>
        <TimeStamp>
          <when>2026-10-03T22:34:47.394+10:00</when>
        </TimeStamp>
      </Placemark>
      <Placemark>
        <name>22:34:53 Fixed destination arrived</name>
        <description>{
  "event": "movement_cycle",
  "reason": "fixed_destination_arrived",
  "projectedSeparationM": 32.9664241915191,
  "comeToMeAlignmentErrorM": -4.459814147787591,
  "pathBlockReason": "none",
  "boundaryStatus": null,
  "boundarySeawardDistanceM": null,
  "distanceM": null,
  "retreatBoundarySeawardDistanceM": 0.4544554869971471
}</description>
        <styleUrl>#event</styleUrl>
        <Point>
          <altitudeMode>clampToGround</altitudeMode>
          <coordinates>153.4077736882,-28.0885863361,0</coordinates>
        </Point>
        <TimeStamp>
          <when>2026-10-03T22:34:53.618+10:00</when>
        </TimeStamp>
      </Placemark>
      <Placemark>
        <name>22:34:53 Fixed destination: alignment_only_preserve_projection</name>
        <description>{
  "event": "movement_cycle",
  "reason": "alignment_only_preserve_projection",
  "projectedSeparationM": 32.9664241915191,
  "comeToMeAlignmentErrorM": -4.459814147787591,
  "pathBlockReason": "none",
  "boundaryStatus": null,
  "boundarySeawardDistanceM": null,
  "distanceM": null,
  "retreatBoundarySeawardDistanceM": 0.4544554869971471
}</description>
        <styleUrl>#event</styleUrl>
        <Point>
          <altitudeMode>clampToGround</altitudeMode>
          <coordinates>153.4077851669,-28.0886251447,0</coordinates>
        </Point>
        <TimeStamp>
          <when>2026-10-03T22:34:53.724+10:00</when>
        </TimeStamp>
      </Placemark>
      <Placemark>
        <name>22:35:00 Fixed destination arrived</name>
        <description>{
  "event": "movement_cycle",
  "reason": "fixed_destination_arrived",
  "projectedSeparationM": 35.76037259871325,
  "comeToMeAlignmentErrorM": -3.585759961743861,
  "pathBlockReason": "none",
  "boundaryStatus": null,
  "boundarySeawardDistanceM": null,
  "distanceM": null,
  "retreatBoundarySeawardDistanceM": 0.401150165442974
}</description>
        <styleUrl>#event</styleUrl>
        <Point>
          <altitudeMode>clampToGround</altitudeMode>
          <coordinates>153.4077834963,-28.0886175979,0</coordinates>
        </Point>
        <TimeStamp>
          <when>2026-10-03T22:35:00.594+10:00</when>
        </TimeStamp>
      </Placemark>
      <Placemark>
        <name>22:35:00 Fixed destination: projected_reapproach</name>
        <description>{
  "event": "movement_cycle",
  "reason": "projected_reapproach",
  "projectedSeparationM": 35.76037259871325,
  "comeToMeAlignmentErrorM": -3.585759961743861,
  "pathBlockReason": "none",
  "boundaryStatus": null,
  "boundarySeawardDistanceM": null,
  "distanceM": null,
  "retreatBoundarySeawardDistanceM": 0.401150165442974
}</description>
        <styleUrl>#event</styleUrl>
        <Point>
          <altitudeMode>clampToGround</altitudeMode>
          <coordinates>153.4077161803,-28.0886664217,0</coordinates>
        </Point>
        <TimeStamp>
          <when>2026-10-03T22:35:00.704+10:00</when>
        </TimeStamp>
      </Placemark>
      <Placemark>
        <name>22:35:10 Fixed destination arrived</name>
        <description>{
  "event": "movement_cycle",
  "reason": "fixed_destination_arrived",
  "projectedSeparationM": 28.940569815919858,
  "comeToMeAlignmentErrorM": -0.2568262325733812,
  "pathBlockReason": "none",
  "boundaryStatus": null,
  "boundarySeawardDistanceM": null,
  "distanceM": null,
  "retreatBoundarySeawardDistanceM": 7.220958224944579
}</description>
        <styleUrl>#event</styleUrl>
        <Point>
          <altitudeMode>clampToGround</altitudeMode>
          <coordinates>153.4077247966,-28.0886620511,0</coordinates>
        </Point>
        <TimeStamp>
          <when>2026-10-03T22:35:10.219+10:00</when>
        </TimeStamp>
      </Placemark>
      <Placemark>
        <name>22:35:13 Fixed destination: alignment_only_preserve_projection</name>
        <description>{
  "event": "movement_cycle",
  "reason": "alignment_only_preserve_projection",
  "projectedSeparationM": 29.744877215367918,
  "comeToMeAlignmentErrorM": -3.4093117167084737,
  "pathBlockReason": "none",
  "boundaryStatus": null,
  "boundarySeawardDistanceM": null,
  "distanceM": null,
  "retreatBoundarySeawardDistanceM": 7.2588951067102325
}</description>
        <styleUrl>#event</styleUrl>
        <Point>
          <altitudeMode>clampToGround</altitudeMode>
          <coordinates>153.4077333911,-28.0886924597,0</coordinates>
        </Point>
        <TimeStamp>
          <when>2026-10-03T22:35:13.431+10:00</when>
        </TimeStamp>
      </Placemark>
      <Placemark>
        <name>22:35:19 Fixed destination arrived</name>
        <description>{
  "event": "movement_cycle",
  "reason": "fixed_destination_arrived",
  "projectedSeparationM": 34.59532568881403,
  "comeToMeAlignmentErrorM": -7.6790610402105255,
  "pathBlockReason": "none",
  "boundaryStatus": null,
  "boundarySeawardDistanceM": null,
  "distanceM": null,
  "retreatBoundarySeawardDistanceM": 7.221280081746739
}</description>
        <styleUrl>#event</styleUrl>
        <Point>
          <altitudeMode>clampToGround</altitudeMode>
          <coordinates>153.4077314697,-28.0886846240,0</coordinates>
        </Point>
        <TimeStamp>
          <when>2026-10-03T22:35:19.311+10:00</when>
        </TimeStamp>
      </Placemark>
      <Placemark>
        <name>22:35:19 Fixed destination: projected_reapproach</name>
        <description>{
  "event": "movement_cycle",
  "reason": "projected_reapproach",
  "projectedSeparationM": 35.544525035930874,
  "comeToMeAlignmentErrorM": -7.431377614383377,
  "pathBlockReason": "none",
  "boundaryStatus": null,
  "boundarySeawardDistanceM": null,
  "distanceM": null,
  "retreatBoundarySeawardDistanceM": 7.221280081746739
}</description>
        <styleUrl>#event</styleUrl>
        <Point>
          <altitudeMode>clampToGround</altitudeMode>
          <coordinates>153.4076761805,-28.0887664217,0</coordinates>
        </Point>
        <TimeStamp>
          <when>2026-10-03T22:35:19.416+10:00</when>
        </TimeStamp>
      </Placemark>
      <Placemark>
        <name>22:35:31 Fixed destination arrived</name>
        <description>{
  "event": "movement_cycle",
  "reason": "fixed_destination_arrived",
  "projectedSeparationM": 34.17334993229157,
  "comeToMeAlignmentErrorM": -9.428486605922124,
  "pathBlockReason": "none",
  "boundaryStatus": null,
  "boundarySeawardDistanceM": null,
  "distanceM": null,
  "retreatBoundarySeawardDistanceM": 13.966792466743069
}</description>
        <styleUrl>#event</styleUrl>
        <Point>
          <altitudeMode>clampToGround</altitudeMode>
          <coordinates>153.4076828051,-28.0887603590,0</coordinates>
        </Point>
        <TimeStamp>
          <when>2026-10-03T22:35:31.108+10:00</when>
        </TimeStamp>
      </Placemark>
      <Placemark>
        <name>22:35:31 Fixed destination: projected_reapproach</name>
        <description>{
  "event": "movement_cycle",
  "reason": "projected_reapproach",
  "projectedSeparationM": 34.17334993229157,
  "comeToMeAlignmentErrorM": -9.428486605922124,
  "pathBlockReason": "none",
  "boundaryStatus": null,
  "boundarySeawardDistanceM": null,
  "distanceM": null,
  "retreatBoundarySeawardDistanceM": 13.966792466743069
}</description>
        <styleUrl>#event</styleUrl>
        <Point>
          <altitudeMode>clampToGround</altitudeMode>
          <coordinates>153.4076461807,-28.0888564217,0</coordinates>
        </Point>
        <TimeStamp>
          <when>2026-10-03T22:35:31.212+10:00</when>
        </TimeStamp>
      </Placemark>
      <Placemark>
        <name>22:35:41 Fixed destination arrived</name>
        <description>{
  "event": "movement_cycle",
  "reason": "fixed_destination_arrived",
  "projectedSeparationM": 30.07798188371721,
  "comeToMeAlignmentErrorM": -6.075154606590759,
  "pathBlockReason": "none",
  "boundaryStatus": null,
  "boundarySeawardDistanceM": null,
  "distanceM": null,
  "retreatBoundarySeawardDistanceM": 19.465909306406935
}</description>
        <styleUrl>#event</styleUrl>
        <Point>
          <altitudeMode>clampToGround</altitudeMode>
          <coordinates>153.4076510410,-28.0888488383,0</coordinates>
        </Point>
        <TimeStamp>
          <when>2026-10-03T22:35:41.906+10:00</when>
        </TimeStamp>
      </Placemark>
      <Placemark>
        <name>22:35:42 Fixed destination: alignment_only_preserve_projection</name>
        <description>{
  "event": "movement_cycle",
  "reason": "alignment_only_preserve_projection",
  "projectedSeparationM": 30.07798188371721,
  "comeToMeAlignmentErrorM": -6.075154606590759,
  "pathBlockReason": "none",
  "boundaryStatus": null,
  "boundarySeawardDistanceM": null,
  "distanceM": null,
  "retreatBoundarySeawardDistanceM": 19.465909306406935
}</description>
        <styleUrl>#event</styleUrl>
        <Point>
          <altitudeMode>clampToGround</altitudeMode>
          <coordinates>153.4076666773,-28.0889017033,0</coordinates>
        </Point>
        <TimeStamp>
          <when>2026-10-03T22:35:42.013+10:00</when>
        </TimeStamp>
      </Placemark>
      <Placemark>
        <name>22:35:50 Fixed destination arrived</name>
        <description>{
  "event": "movement_cycle",
  "reason": "fixed_destination_arrived",
  "projectedSeparationM": 31.619106383218178,
  "comeToMeAlignmentErrorM": -2.8149134150138133,
  "pathBlockReason": "none",
  "boundaryStatus": null,
  "boundarySeawardDistanceM": null,
  "distanceM": null,
  "retreatBoundarySeawardDistanceM": 19.435474632715984
}</description>
        <styleUrl>#event</styleUrl>
        <Point>
          <altitudeMode>clampToGround</altitudeMode>
          <coordinates>153.4076646333,-28.0888937090,0</coordinates>
        </Point>
        <TimeStamp>
          <when>2026-10-03T22:35:50.440+10:00</when>
        </TimeStamp>
      </Placemark>
      <Placemark>
        <name>22:35:52 Fixed destination: alignment_only_preserve_projection</name>
        <description>{
  "event": "movement_cycle",
  "reason": "alignment_only_preserve_projection",
  "projectedSeparationM": 29.68551265277504,
  "comeToMeAlignmentErrorM": -3.23149324674759,
  "pathBlockReason": "none",
  "boundaryStatus": null,
  "boundarySeawardDistanceM": null,
  "distanceM": null,
  "retreatBoundarySeawardDistanceM": 19.47067253363464
}</description>
        <styleUrl>#event</styleUrl>
        <Point>
          <altitudeMode>clampToGround</altitudeMode>
          <coordinates>153.4076728061,-28.0889225945,0</coordinates>
        </Point>
        <TimeStamp>
          <when>2026-10-03T22:35:52.889+10:00</when>
        </TimeStamp>
      </Placemark>
      <Placemark>
        <name>22:35:57 Fixed destination arrived</name>
        <description>{
  "event": "movement_cycle",
  "reason": "fixed_destination_arrived",
  "projectedSeparationM": 24.00508414236809,
  "comeToMeAlignmentErrorM": 0.9999105056523714,
  "pathBlockReason": "none",
  "boundaryStatus": null,
  "boundarySeawardDistanceM": null,
  "distanceM": null,
  "retreatBoundarySeawardDistanceM": 19.562864350858256
}</description>
        <styleUrl>#event</styleUrl>
        <Point>
          <altitudeMode>clampToGround</altitudeMode>
          <coordinates>153.4076693502,-28.0889141938,0</coordinates>
        </Point>
        <TimeStamp>
          <when>2026-10-03T22:35:57.911+10:00</when>
        </TimeStamp>
      </Placemark>
      <Placemark>
        <name>22:36:03 Fixed destination: alignment_only_preserve_projection</name>
        <description>{
  "event": "movement_cycle",
  "reason": "alignment_only_preserve_projection",
  "projectedSeparationM": 18.543182176634403,
  "comeToMeAlignmentErrorM": 3.2159487923788634,
  "pathBlockReason": "none",
  "boundaryStatus": null,
  "boundarySeawardDistanceM": null,
  "distanceM": null,
  "retreatBoundarySeawardDistanceM": 19.4365280374164
}</description>
        <styleUrl>#event</styleUrl>
        <Point>
          <altitudeMode>clampToGround</altitudeMode>
          <coordinates>153.4076629025,-28.0888878949,0</coordinates>
        </Point>
        <TimeStamp>
          <when>2026-10-03T22:36:03.886+10:00</when>
        </TimeStamp>
      </Placemark>
      <Placemark>
        <name>22:36:04 retreat_approach_replaced</name>
        <description>{
  "event": "retreat_approach_replaced",
  "reason": "too_close",
  "projectedSeparationM": null,
  "comeToMeAlignmentErrorM": null,
  "pathBlockReason": null,
  "boundaryStatus": "inactive",
  "boundarySeawardDistanceM": 19.43141353451978,
  "distanceM": 17.848932807596434,
  "retreatBoundarySeawardDistanceM": null
}</description>
        <styleUrl>#event</styleUrl>
        <Point>
          <altitudeMode>clampToGround</altitudeMode>
          <coordinates>153.4076712499,-28.0889159346,0</coordinates>
        </Point>
        <TimeStamp>
          <when>2026-10-03T22:36:04.416+10:00</when>
        </TimeStamp>
      </Placemark>
      <Placemark>
        <name>22:36:04 retreat_started</name>
        <description>{
  "event": "retreat_started",
  "reason": "too_close",
  "projectedSeparationM": null,
  "comeToMeAlignmentErrorM": null,
  "pathBlockReason": null,
  "boundaryStatus": "inactive",
  "boundarySeawardDistanceM": 19.43141353451978,
  "distanceM": 17.848932807596434,
  "retreatBoundarySeawardDistanceM": null
}</description>
        <styleUrl>#event</styleUrl>
        <Point>
          <altitudeMode>clampToGround</altitudeMode>
          <coordinates>153.4076712499,-28.0889159346,0</coordinates>
        </Point>
        <TimeStamp>
          <when>2026-10-03T22:36:04.417+10:00</when>
        </TimeStamp>
      </Placemark>
      <Placemark>
        <name>22:36:11 Fixed destination: alignment_only_preserve_projection</name>
        <description>{
  "event": "movement_cycle",
  "reason": "alignment_only_preserve_projection",
  "projectedSeparationM": 18.054196624333123,
  "comeToMeAlignmentErrorM": 7.333689751310459,
  "pathBlockReason": "none",
  "boundaryStatus": null,
  "boundarySeawardDistanceM": null,
  "distanceM": null,
  "retreatBoundarySeawardDistanceM": 12.15810867345207
}</description>
        <styleUrl>#event</styleUrl>
        <Point>
          <altitudeMode>clampToGround</altitudeMode>
          <coordinates>153.4077280793,-28.0888490052,0</coordinates>
        </Point>
        <TimeStamp>
          <when>2026-10-03T22:36:11.481+10:00</when>
        </TimeStamp>
      </Placemark>
      <Placemark>
        <name>22:36:13 retreat_approach_replaced</name>
        <description>{
  "event": "retreat_approach_replaced",
  "reason": "too_close",
  "projectedSeparationM": null,
  "comeToMeAlignmentErrorM": null,
  "pathBlockReason": null,
  "boundaryStatus": "inactive",
  "boundarySeawardDistanceM": 12.211779055653293,
  "distanceM": 17.923916380564826,
  "retreatBoundarySeawardDistanceM": null
}</description>
        <styleUrl>#event</styleUrl>
        <Point>
          <altitudeMode>clampToGround</altitudeMode>
          <coordinates>153.4077417579,-28.0888964690,0</coordinates>
        </Point>
        <TimeStamp>
          <when>2026-10-03T22:36:13.418+10:00</when>
        </TimeStamp>
      </Placemark>
      <Placemark>
        <name>22:36:13 retreat_started</name>
        <description>{
  "event": "retreat_started",
  "reason": "too_close",
  "projectedSeparationM": null,
  "comeToMeAlignmentErrorM": null,
  "pathBlockReason": null,
  "boundaryStatus": "inactive",
  "boundarySeawardDistanceM": 12.211779055653293,
  "distanceM": 17.923916380564826,
  "retreatBoundarySeawardDistanceM": null
}</description>
        <styleUrl>#event</styleUrl>
        <Point>
          <altitudeMode>clampToGround</altitudeMode>
          <coordinates>153.4077417579,-28.0888964690,0</coordinates>
        </Point>
        <TimeStamp>
          <when>2026-10-03T22:36:13.425+10:00</when>
        </TimeStamp>
      </Placemark>
      <Placemark>
        <name>22:36:20 retreat_started</name>
        <description>{
  "event": "retreat_started",
  "reason": "too_close",
  "projectedSeparationM": null,
  "comeToMeAlignmentErrorM": null,
  "pathBlockReason": null,
  "boundaryStatus": "inactive",
  "boundarySeawardDistanceM": 5.783366320026946,
  "distanceM": 17.708177603156976,
  "retreatBoundarySeawardDistanceM": null
}</description>
        <styleUrl>#event</styleUrl>
        <Point>
          <altitudeMode>clampToGround</altitudeMode>
          <coordinates>153.4078124296,-28.0889071277,0</coordinates>
        </Point>
        <TimeStamp>
          <when>2026-10-03T22:36:20.885+10:00</when>
        </TimeStamp>
      </Placemark>
      <Placemark>
        <name>22:36:29 retreat_started</name>
        <description>{
  "event": "retreat_started",
  "reason": "too_close",
  "projectedSeparationM": null,
  "comeToMeAlignmentErrorM": null,
  "pathBlockReason": null,
  "boundaryStatus": "inactive",
  "boundarySeawardDistanceM": 0.21055668922022086,
  "distanceM": 17.451904199397795,
  "retreatBoundarySeawardDistanceM": null
}</description>
        <styleUrl>#event</styleUrl>
        <Point>
          <altitudeMode>clampToGround</altitudeMode>
          <coordinates>153.4078773253,-28.0889279768,0</coordinates>
        </Point>
        <TimeStamp>
          <when>2026-10-03T22:36:29.355+10:00</when>
        </TimeStamp>
      </Placemark>
      <Placemark>
        <name>22:36:29 retreat_boundary_blocked</name>
        <description>{
  "event": "retreat_boundary_blocked",
  "reason": "central_boundary",
  "projectedSeparationM": null,
  "comeToMeAlignmentErrorM": null,
  "pathBlockReason": null,
  "boundaryStatus": "blocked",
  "boundarySeawardDistanceM": 0.20879969150125177,
  "distanceM": 17.451904199397795,
  "retreatBoundarySeawardDistanceM": null
}</description>
        <styleUrl>#event</styleUrl>
        <Point>
          <altitudeMode>clampToGround</altitudeMode>
          <coordinates>153.4078773253,-28.0889279768,0</coordinates>
        </Point>
        <TimeStamp>
          <when>2026-10-03T22:36:29.356+10:00</when>
        </TimeStamp>
      </Placemark>
      <Placemark>
        <name>22:36:43 retreat_boundary_allowed</name>
        <description>{
  "event": "retreat_boundary_allowed",
  "reason": "boundary_released",
  "projectedSeparationM": null,
  "comeToMeAlignmentErrorM": null,
  "pathBlockReason": null,
  "boundaryStatus": "allowed",
  "boundarySeawardDistanceM": 0.016910897250291157,
  "distanceM": 8.33130261730963,
  "retreatBoundarySeawardDistanceM": null
}</description>
        <styleUrl>#event</styleUrl>
        <Point>
          <altitudeMode>clampToGround</altitudeMode>
          <coordinates>153.4078784405,-28.0889249126,0</coordinates>
        </Point>
        <TimeStamp>
          <when>2026-10-03T22:36:43.826+10:00</when>
        </TimeStamp>
      </Placemark>
      <Placemark>
        <name>22:37:18 Fixed destination: alignment_only_preserve_projection</name>
        <description>{
  "event": "movement_cycle",
  "reason": "alignment_only_preserve_projection",
  "projectedSeparationM": 19.35390942298693,
  "comeToMeAlignmentErrorM": 44.98261425064669,
  "pathBlockReason": "none",
  "boundaryStatus": null,
  "boundarySeawardDistanceM": null,
  "distanceM": null,
  "retreatBoundarySeawardDistanceM": 4.187254032660142
}</description>
        <styleUrl>#event</styleUrl>
        <Point>
          <altitudeMode>clampToGround</altitudeMode>
          <coordinates>153.4077608988,-28.0886760540,0</coordinates>
        </Point>
        <TimeStamp>
          <when>2026-10-03T22:37:18.947+10:00</when>
        </TimeStamp>
      </Placemark>
      <Placemark>
        <name>22:37:40 retreat_approach_replaced</name>
        <description>{
  "event": "retreat_approach_replaced",
  "reason": "too_close",
  "projectedSeparationM": null,
  "comeToMeAlignmentErrorM": null,
  "pathBlockReason": null,
  "boundaryStatus": "inactive",
  "boundarySeawardDistanceM": 4.602667364500193,
  "distanceM": 17.199796439209937,
  "retreatBoundarySeawardDistanceM": null
}</description>
        <styleUrl>#event</styleUrl>
        <Point>
          <altitudeMode>clampToGround</altitudeMode>
          <coordinates>153.4077593349,-28.0886855627,0</coordinates>
        </Point>
        <TimeStamp>
          <when>2026-10-03T22:37:40.887+10:00</when>
        </TimeStamp>
      </Placemark>
      <Placemark>
        <name>22:37:40 retreat_started</name>
        <description>{
  "event": "retreat_started",
  "reason": "too_close",
  "projectedSeparationM": null,
  "comeToMeAlignmentErrorM": null,
  "pathBlockReason": null,
  "boundaryStatus": "inactive",
  "boundarySeawardDistanceM": 4.602667364500193,
  "distanceM": 17.199796439209937,
  "retreatBoundarySeawardDistanceM": null
}</description>
        <styleUrl>#event</styleUrl>
        <Point>
          <altitudeMode>clampToGround</altitudeMode>
          <coordinates>153.4077593349,-28.0886855627,0</coordinates>
        </Point>
        <TimeStamp>
          <when>2026-10-03T22:37:40.888+10:00</when>
        </TimeStamp>
      </Placemark>
      <Placemark>
        <name>22:37:46 retreat_started</name>
        <description>{
  "event": "retreat_started",
  "reason": "too_close",
  "projectedSeparationM": null,
  "comeToMeAlignmentErrorM": null,
  "pathBlockReason": null,
  "boundaryStatus": "inactive",
  "boundarySeawardDistanceM": -0.13606779037190975,
  "distanceM": 17.66148293061856,
  "retreatBoundarySeawardDistanceM": null
}</description>
        <styleUrl>#event</styleUrl>
        <Point>
          <altitudeMode>clampToGround</altitudeMode>
          <coordinates>153.4078013136,-28.0886587020,0</coordinates>
        </Point>
        <TimeStamp>
          <when>2026-10-03T22:37:46.857+10:00</when>
        </TimeStamp>
      </Placemark>
      <Placemark>
        <name>22:37:46 retreat_boundary_blocked</name>
        <description>{
  "event": "retreat_boundary_blocked",
  "reason": "central_boundary",
  "projectedSeparationM": null,
  "comeToMeAlignmentErrorM": null,
  "pathBlockReason": null,
  "boundaryStatus": "blocked",
  "boundarySeawardDistanceM": -0.13606779037190975,
  "distanceM": 17.66148293061856,
  "retreatBoundarySeawardDistanceM": null
}</description>
        <styleUrl>#event</styleUrl>
        <Point>
          <altitudeMode>clampToGround</altitudeMode>
          <coordinates>153.4078013136,-28.0886587020,0</coordinates>
        </Point>
        <TimeStamp>
          <when>2026-10-03T22:37:46.857+10:00</when>
        </TimeStamp>
      </Placemark>
      <Placemark>
        <name>22:38:00 retreat_boundary_allowed</name>
        <description>{
  "event": "retreat_boundary_allowed",
  "reason": "boundary_released",
  "projectedSeparationM": null,
  "comeToMeAlignmentErrorM": null,
  "pathBlockReason": null,
  "boundaryStatus": "allowed",
  "boundarySeawardDistanceM": -0.1329951987806105,
  "distanceM": 4.63444221148557,
  "retreatBoundarySeawardDistanceM": null
}</description>
        <styleUrl>#event</styleUrl>
        <Point>
          <altitudeMode>clampToGround</altitudeMode>
          <coordinates>153.4078008395,-28.0886572086,0</coordinates>
        </Point>
        <TimeStamp>
          <when>2026-10-03T22:38:00.645+10:00</when>
        </TimeStamp>
      </Placemark>
    </Folder>
    <Folder>
      <name>Fixed planned journeys (optional)</name>
      <visibility>0</visibility>
      <Placemark>
        <name>22:34:25 alignment_only_preserve_projection</name>
        <description>Saved once; not continuously retargeted.</description>
        <styleUrl>#plan</styleUrl>
        <LineString>
          <tessellate>1</tessellate>
          <altitudeMode>clampToGround</altitudeMode>
          <coordinates>153.4077881948,-28.0886251343,0 153.4077562481,-28.0885171245,0</coordinates>
        </LineString>
      </Placemark>
      <Placemark>
        <name>22:34:39 alignment_only_preserve_projection</name>
        <description>Saved once; not continuously retargeted.</description>
        <styleUrl>#plan</styleUrl>
        <LineString>
          <tessellate>1</tessellate>
          <altitudeMode>clampToGround</altitudeMode>
          <coordinates>153.4077559628,-28.0885258462,0 153.4077684878,-28.0885681925,0</coordinates>
        </LineString>
      </Placemark>
      <Placemark>
        <name>22:34:47 alignment_only_preserve_projection</name>
        <description>Saved once; not continuously retargeted.</description>
        <styleUrl>#plan</styleUrl>
        <LineString>
          <tessellate>1</tessellate>
          <altitudeMode>clampToGround</altitudeMode>
          <coordinates>153.4077671211,-28.0885612654,0 153.4077767966,-28.0885939777,0</coordinates>
        </LineString>
      </Placemark>
      <Placemark>
        <name>22:34:53 alignment_only_preserve_projection</name>
        <description>Saved once; not continuously retargeted.</description>
        <styleUrl>#plan</styleUrl>
        <LineString>
          <tessellate>1</tessellate>
          <altitudeMode>clampToGround</altitudeMode>
          <coordinates>153.4077736882,-28.0885863361,0 153.4077851669,-28.0886251447,0</coordinates>
        </LineString>
      </Placemark>
      <Placemark>
        <name>22:35:00 projected_reapproach</name>
        <description>Saved once; not continuously retargeted.</description>
        <styleUrl>#plan</styleUrl>
        <LineString>
          <tessellate>1</tessellate>
          <altitudeMode>clampToGround</altitudeMode>
          <coordinates>153.4077834963,-28.0886175979,0 153.4077161803,-28.0886664217,0</coordinates>
        </LineString>
      </Placemark>
      <Placemark>
        <name>22:35:13 alignment_only_preserve_projection</name>
        <description>Saved once; not continuously retargeted.</description>
        <styleUrl>#plan</styleUrl>
        <LineString>
          <tessellate>1</tessellate>
          <altitudeMode>clampToGround</altitudeMode>
          <coordinates>153.4077246162,-28.0886627924,0 153.4077333911,-28.0886924597,0</coordinates>
        </LineString>
      </Placemark>
      <Placemark>
        <name>22:35:19 projected_reapproach</name>
        <description>Saved once; not continuously retargeted.</description>
        <styleUrl>#plan</styleUrl>
        <LineString>
          <tessellate>1</tessellate>
          <altitudeMode>clampToGround</altitudeMode>
          <coordinates>153.4077314697,-28.0886846240,0 153.4076761805,-28.0887664217,0</coordinates>
        </LineString>
      </Placemark>
      <Placemark>
        <name>22:35:31 projected_reapproach</name>
        <description>Saved once; not continuously retargeted.</description>
        <styleUrl>#plan</styleUrl>
        <LineString>
          <tessellate>1</tessellate>
          <altitudeMode>clampToGround</altitudeMode>
          <coordinates>153.4076828051,-28.0887603590,0 153.4076461807,-28.0888564217,0</coordinates>
        </LineString>
      </Placemark>
      <Placemark>
        <name>22:35:42 alignment_only_preserve_projection</name>
        <description>Saved once; not continuously retargeted.</description>
        <styleUrl>#plan</styleUrl>
        <LineString>
          <tessellate>1</tessellate>
          <altitudeMode>clampToGround</altitudeMode>
          <coordinates>153.4076510410,-28.0888488383,0 153.4076666773,-28.0889017033,0</coordinates>
        </LineString>
      </Placemark>
      <Placemark>
        <name>22:35:52 alignment_only_preserve_projection</name>
        <description>Saved once; not continuously retargeted.</description>
        <styleUrl>#plan</styleUrl>
        <LineString>
          <tessellate>1</tessellate>
          <altitudeMode>clampToGround</altitudeMode>
          <coordinates>153.4076644889,-28.0888944746,0 153.4076728061,-28.0889225945,0</coordinates>
        </LineString>
      </Placemark>
      <Placemark>
        <name>22:36:03 alignment_only_preserve_projection</name>
        <description>Saved once; not continuously retargeted.</description>
        <styleUrl>#plan</styleUrl>
        <LineString>
          <tessellate>1</tessellate>
          <altitudeMode>clampToGround</altitudeMode>
          <coordinates>153.4076711797,-28.0889158796,0 153.4076629025,-28.0888878949,0</coordinates>
        </LineString>
      </Placemark>
      <Placemark>
        <name>22:36:11 alignment_only_preserve_projection</name>
        <description>Saved once; not continuously retargeted.</description>
        <styleUrl>#plan</styleUrl>
        <LineString>
          <tessellate>1</tessellate>
          <altitudeMode>clampToGround</altitudeMode>
          <coordinates>153.4077469547,-28.0889128218,0 153.4077280793,-28.0888490052,0</coordinates>
        </LineString>
      </Placemark>
      <Placemark>
        <name>22:37:18 alignment_only_preserve_projection</name>
        <description>Saved once; not continuously retargeted.</description>
        <styleUrl>#plan</styleUrl>
        <LineString>
          <tessellate>1</tessellate>
          <altitudeMode>clampToGround</altitudeMode>
          <coordinates>153.4078766749,-28.0890674856,0 153.4077608988,-28.0886760540,0</coordinates>
        </LineString>
      </Placemark>
    </Folder>
  </Document>
</kml>