frame,timestamp,video_offset_s,visual_label,framing,individually_reviewed,direct_separation_m,projected_separation_m,gps_age_ms,shoreward_speed_kmh,closing_rate_mps,height_above_takeoff_m,actual_pitch_deg,geometric_depression_deg,yaw_error_deg,drone_measured_speed_mps,requested_forward_mps,retreat_active,logged_detector_speed_kmh,aiming_match_delta_ms,shoreward_acceleration_mps2_sampled,acceleration_note
frame_00001.jpg,2026-10-04T08:53:08.000+10:00,0.0,waiting / paddling; exact stroke or wave push not classified,visible in sampled frame,True,30.64410758154817,30.189429906023648,400,0.11045766440195497,,9.600000000000001,-18.900000000000002,17.394413530359913,4.801031330157912,0.7280109889280519,0.6710982608156831,False,4.003017359052569,48.0,,"Difference of sampled overlapping GPS speed windows; noisy, not an independent accelerometer measurement"
frame_00002.jpg,2026-10-04T08:53:09.001+10:00,1.001,not individually reviewed,not individually reviewed,False,29.99652459076866,29.56455181587877,303,-0.0,0.6469360547247833,9.600000000000001,-19.0,17.746598545314075,3.354193888647046,0.5099019513592785,0.5450435425065685,False,0.0,-31.0,-0.030652032523575026,"Difference of sampled overlapping GPS speed windows; noisy, not an independent accelerometer measurement"
frame_00003.jpg,2026-10-04T08:53:10.002+10:00,2.002,not individually reviewed,not individually reviewed,False,29.37166333215889,28.962515523192888,350,-0.0,0.6242370215881847,9.600000000000001,-21.700000000000003,18.099754370527187,2.6933756790962207,0.41231056256176607,0.4216188885175204,False,0.0,-7.0,0.0,"Difference of sampled overlapping GPS speed windows; noisy, not an independent accelerometer measurement"
frame_00004.jpg,2026-10-04T08:53:11.003+10:00,3.003,not individually reviewed,not individually reviewed,False,29.922935059869715,29.539925296544446,376,-3.5346554073336467,-0.5507210067041225,9.600000000000001,-24.700000000000003,17.787495118907078,2.29590033568536,0.316227766016838,0.3379537424944583,False,3.5360018316395037,20.0,-0.980867856402943,"Difference of sampled overlapping GPS speed windows; noisy, not an independent accelerometer measurement"
frame_00005.jpg,2026-10-04T08:53:12.004+10:00,4.004,not individually reviewed,not individually reviewed,False,29.646954459309047,29.27419941421525,409,-0.0,0.27570489566500345,9.600000000000001,-25.0,17.94250620165597,2.1140813858127103,0.1,0.28315952527167954,False,0.0,47.0,0.9808678564029439,"Difference of sampled overlapping GPS speed windows; noisy, not an independent accelerometer measurement"
frame_00006.jpg,2026-10-04T08:53:13.005+10:00,5.005,waiting / paddling; exact stroke or wave push not classified,visible in sampled frame,True,29.63530602309498,29.074241411223788,336,0.1103473170848701,0.011636799414652097,9.600000000000001,-25.0,17.949106311322225,3.5855657805439023,0.1,0.24818088170679203,False,3.999018340711857,-25.0,0.030621411112462554,"Difference of sampled overlapping GPS speed windows; noisy, not an independent accelerometer measurement"
frame_00007.jpg,2026-10-04T08:53:14.006+10:00,6.006,not individually reviewed,not individually reviewed,False,28.780005018800132,27.965594473633224,337,3.6451125806848066,0.8544465577371109,9.600000000000001,-25.0,18.446889909411688,5.681725466214061,0.1,0.0,False,5.341109758860837,3.0,0.9808983415473236,"Difference of sampled overlapping GPS speed windows; noisy, not an independent accelerometer measurement"
frame_00008.jpg,2026-10-04T08:53:15.007+10:00,7.007,not individually reviewed,not individually reviewed,False,28.583665116164987,27.78614308397144,1361,3.6451125806848066,0.1961437588762691,9.600000000000001,-25.0,18.564942794057504,3.285222217142973,0.1,0.0,False,5.341109758860837,26.0,0.0,"Difference of sampled overlapping GPS speed windows; noisy, not an independent accelerometer measurement"
frame_00009.jpg,2026-10-04T08:53:16.008+10:00,8.008,not individually reviewed,not individually reviewed,False,27.5501048961503,26.738028946185842,815,2.3564365017328,1.032527692322363,9.600000000000001,-24.900000000000002,19.21119910312881,3.6647216573235255,0.1,0.22493729617456026,False,2.357334117770436,-49.0,-0.3576079695171515,"Difference of sampled overlapping GPS speed windows; noisy, not an independent accelerometer measurement"
frame_00010.jpg,2026-10-04T08:53:17.009+10:00,9.009,not individually reviewed,not individually reviewed,False,28.323990512386995,27.786642458569595,340,-2.3564365017328,-0.7731125037329607,9.600000000000001,-24.900000000000002,18.72333346683962,-0.002849862046787166,1.4000000000000001,0.21305102107473212,False,2.357334117770436,-25.0,-1.3078235662852686,"Difference of sampled overlapping GPS speed windows; noisy, not an independent accelerometer measurement"
frame_00011.jpg,2026-10-04T08:53:18.010+10:00,10.01,waiting / paddling; exact stroke or wave push not classified,visible in sampled frame,True,28.060355585345835,27.895134427514122,369,-0.11045766440195497,0.2633715554856743,9.5,-24.900000000000002,18.703835433557433,-4.960510031455442,1.1,0.17639137151715803,False,4.003017359052569,3.0,0.6232597506190605,"Difference of sampled overlapping GPS speed windows; noisy, not an independent accelerometer measurement"
frame_00012.jpg,2026-10-04T08:53:19.011+10:00,11.011,not individually reviewed,not individually reviewed,False,27.990573654495236,27.976831125077116,370,-0.11045766440195497,0.06971221863196718,9.600000000000001,-25.0,18.930563910858503,-8.785649212745284,0.9,0.1392753979772101,False,4.003017359052569,29.0,0.0,"Difference of sampled overlapping GPS speed windows; noisy, not an independent accelerometer measurement"
frame_00013.jpg,2026-10-04T08:53:20.012+10:00,12.012,not individually reviewed,not individually reviewed,False,26.039195549059436,26.038959335677337,317,7.069310814667293,1.9494286767590419,9.600000000000001,-24.900000000000002,20.237668760502462,-7.425648029131253,0.6000000000000001,0.0849419092953142,False,7.072003663278999,-46.0,1.9923877453294594,"Difference of sampled overlapping GPS speed windows; noisy, not an independent accelerometer measurement"
frame_00014.jpg,2026-10-04T08:53:21.013+10:00,13.013,not individually reviewed,not individually reviewed,False,26.065683796349912,26.057517100144064,849,3.5346554073336467,-0.02646178550497164,9.5,-25.0,20.02497078807608,-5.9155583153085445,0.4,0.060023125930604534,False,3.5360018316395037,-19.0,-0.9808678564029439,"Difference of sampled overlapping GPS speed windows; noisy, not an independent accelerometer measurement"
frame_00015.jpg,2026-10-04T08:53:22.014+10:00,14.014,not individually reviewed,not individually reviewed,False,25.122412815238157,25.10106209644571,377,2.3564369382224313,0.9423286524592962,9.5,-24.900000000000002,20.714031034503655,-4.543586196907427,0.2,0.04944810553053429,False,2.3573345544263358,8.0,-0.3269559521343146,"Difference of sampled overlapping GPS speed windows; noisy, not an independent accelerometer measurement"
frame_00016.jpg,2026-10-04T08:53:23.015+10:00,15.015,waiting / paddling; exact stroke or wave push not classified,visible in sampled frame,True,25.257111448230912,25.13654231200823,406,-0.11045766440195497,-0.1345640689238315,9.5,-24.900000000000002,20.612870988627915,-6.281843118652205,0.2,0.0,False,4.003017359052569,34.0,-0.6845639367922032,"Difference of sampled overlapping GPS speed windows; noisy, not an independent accelerometer measurement"
frame_00017.jpg,2026-10-04T08:53:24.016+10:00,16.016,not individually reviewed,not individually reviewed,False,25.29369176775989,25.156794744708957,303,-0.0,-0.03654377575322323,9.5,-25.0,20.585561772971758,-4.545034254202847,0.0,0.0,False,0.0,-44.0,0.030652032523575096,"Difference of sampled overlapping GPS speed windows; noisy, not an independent accelerometer measurement"
frame_00018.jpg,2026-10-04T08:53:25.017+10:00,17.017,not individually reviewed,not individually reviewed,False,25.465398782876782,25.188463770384455,354,-0.11045766440195497,-0.17153547963725677,9.5,-25.0,20.45829289526111,-5.63878032502123,0.0,0.034654942367858786,False,4.003017359052569,-15.0,-0.030652032523574988,"Difference of sampled overlapping GPS speed windows; noisy, not an independent accelerometer measurement"
frame_00019.jpg,2026-10-04T08:53:26.018+10:00,18.018,not individually reviewed,not individually reviewed,False,25.420980852315765,25.195424246888486,382,-0.0,0.04437355700401372,9.5,-24.900000000000002,20.491070741594797,-3.019407531176057,0.7000000000000001,0.05362715491105686,False,0.0,9.0,0.030652032523574988,"Difference of sampled overlapping GPS speed windows; noisy, not an independent accelerometer measurement"
frame_00020.jpg,2026-10-04T08:53:27.019+10:00,19.019,not individually reviewed,not individually reviewed,False,24.85536678169038,24.36729480550653,404,3.3137410505845035,0.5650490216037828,9.600000000000001,-24.900000000000002,21.118280609113178,-5.654406607545184,0.4,0.07042725237908025,False,8.752137323983035,34.0,0.9195640611012629,"Difference of sampled overlapping GPS speed windows; noisy, not an independent accelerometer measurement"
frame_00021.jpg,2026-10-04T08:53:28.020+10:00,20.02,waiting / paddling; exact stroke or wave push not classified,visible in sampled frame,True,24.803774052163888,24.4165455275801,330,-0.0,0.05154118833815204,9.600000000000001,-24.900000000000002,21.15832485783707,-2.518664074069193,0.4,0.0833812778131824,False,0.0,-45.0,-0.9195640611012597,"Difference of sampled overlapping GPS speed windows; noisy, not an independent accelerometer measurement"
frame_00022.jpg,2026-10-04T08:53:29.021+10:00,21.021,not individually reviewed,not individually reviewed,False,24.991318675557682,24.46485352967863,334,-0.11045766444119744,-0.18735726612766665,9.600000000000001,-24.900000000000002,21.013449753014847,-3.862505291963771,0.30000000000000004,0.07872607630699238,False,4.003017360474727,-15.0,-0.030652032534464784,"Difference of sampled overlapping GPS speed windows; noisy, not an independent accelerometer measurement"
frame_00023.jpg,2026-10-04T08:53:30.022+10:00,22.022,not individually reviewed,not individually reviewed,False,24.703805833765944,24.4301050160831,384,0.11045766444119744,0.2872256161755625,9.5,-24.900000000000002,21.034553497656084,0.08198341936804354,0.2,0.07236792710187764,False,4.003017360474727,11.0,0.06130406506892978,"Difference of sampled overlapping GPS speed windows; noisy, not an independent accelerometer measurement"
frame_00024.jpg,2026-10-04T08:53:31.023+10:00,23.023,not individually reviewed,not individually reviewed,False,24.86702068981563,24.453124834889717,412,-0.11045766444119744,-0.16305180424543902,9.5,-25.0,20.90846159203123,-1.849490782366047,0.2,0.06304279640004472,False,4.003017360474727,36.0,-0.06130406506892957,"Difference of sampled overlapping GPS speed windows; noisy, not an independent accelerometer measurement"
frame_00025.jpg,2026-10-04T08:53:32.024+10:00,24.024,not individually reviewed,not individually reviewed,False,24.800739619704046,24.424340332462254,1336,-0.11045766444119744,0.06621485525632603,9.600000000000001,-24.900000000000002,21.16068457716696,-1.3761541363978722,0.2,0.0,False,4.003017360474727,-40.0,0.0,"Difference of sampled overlapping GPS speed windows; noisy, not an independent accelerometer measurement"
frame_00026.jpg,2026-10-04T08:53:33.025+10:00,25.025,waiting / paddling; exact stroke or wave push not classified,visible in sampled frame,True,26.661250006371986,26.36901453784628,363,-3.534657039144832,-1.8586517349330072,9.600000000000001,-25.0,19.80258607697433,0.027742173046135576,0.2,0.11447484090956005,False,3.536003464072276,-12.0,-0.9502162766965374,"Difference of sampled overlapping GPS speed windows; noisy, not an independent accelerometer measurement"
frame_00027.jpg,2026-10-04T08:53:34.026+10:00,26.026,not individually reviewed,not individually reviewed,False,26.547235704588445,26.358591704026143,373,-0.0,0.11390040138215918,9.600000000000001,-25.0,19.880982123492586,1.7842842943225605,0.7000000000000001,0.09048941470501544,False,0.0,14.0,0.9808683092309989,"Difference of sampled overlapping GPS speed windows; noisy, not an independent accelerometer measurement"
frame_00028.jpg,2026-10-04T08:53:35.027+10:00,27.027,not individually reviewed,not individually reviewed,False,27.3436125127722,27.314953399605784,415,-3.4241992160433816,-0.7955812269567983,9.5,-25.0,19.15877698266533,5.495275671391141,0.6000000000000001,0.06424336000670006,False,5.341111060792441,38.0,-0.9502162326682698,"Difference of sampled overlapping GPS speed windows; noisy, not an independent accelerometer measurement"
frame_00029.jpg,2026-10-04T08:53:36.028+10:00,28.028,not individually reviewed,not individually reviewed,False,27.342891328995048,27.323152363348456,344,-0.0,0.0007204633138382964,9.5,-24.900000000000002,19.159245470395007,5.1415282501017145,0.5,0.05367443592328119,False,0.0,-39.0,0.9502162326682732,"Difference of sampled overlapping GPS speed windows; noisy, not an independent accelerometer measurement"
frame_00030.jpg,2026-10-04T08:53:37.029+10:00,29.029,not individually reviewed,not individually reviewed,False,28.31367050112735,28.30726722495622,868,-3.5346567168012495,-0.9698093627695339,9.5,-25.0,18.547991661640893,4.100149820754382,0.30000000000000004,0.031036542384969407,False,3.5360031416059097,-10.0,-0.9808682197805654,"Difference of sampled overlapping GPS speed windows; noisy, not an independent accelerometer measurement"
frame_00031.jpg,2026-10-04T08:53:38.030+10:00,30.03,waiting / paddling; exact stroke or wave push not classified,visible in sampled frame,True,28.310744521328807,28.309227520630493,399,-0.0,0.0029230567418021187,9.5,-25.0,18.549777470412316,3.6254826297699765,0.2,0.019904460010318183,False,0.0,15.0,0.9808682197805654,"Difference of sampled overlapping GPS speed windows; noisy, not an independent accelerometer measurement"
frame_00032.jpg,2026-10-04T08:53:39.031+10:00,31.031,not individually reviewed,not individually reviewed,False,28.315044090405145,28.315041383069538,405,-0.0,-0.0042952738025351265,9.600000000000001,-24.900000000000002,18.72883685840851,3.447806794230928,0.2,0.01317945828353047,False,0.0,41.0,0.0,"Difference of sampled overlapping GPS speed windows; noisy, not an independent accelerometer measurement"
frame_00033.jpg,2026-10-04T08:53:40.032+10:00,32.032,not individually reviewed,not individually reviewed,False,28.32307363472688,28.322134639687828,353,-0.0,-0.0080215227989377,9.600000000000001,-24.900000000000002,18.72389734072127,3.485583546250382,0.1,0.0,False,0.0,-29.0,0.0,"Difference of sampled overlapping GPS speed windows; noisy, not an independent accelerometer measurement"
frame_00034.jpg,2026-10-04T08:53:41.033+10:00,33.033,not individually reviewed,not individually reviewed,False,28.308324611321456,28.30681458618238,390,-0.0,0.014734289116308969,9.600000000000001,-24.900000000000002,18.732972397633976,3.1107833495782415,0.0,0.0,False,0.0,0.0,0.0,"Difference of sampled overlapping GPS speed windows; noisy, not an independent accelerometer measurement"
frame_00035.jpg,2026-10-04T08:53:42.034+10:00,34.034,not individually reviewed,not individually reviewed,False,29.273604515693577,29.27186095888695,417,-3.5346567168012495,-0.9643155887833378,9.600000000000001,-25.0,18.156411566320518,3.044323523141088,0.0,0.0,False,3.5360031416059097,26.0,-0.9808682197805688,"Difference of sampled overlapping GPS speed windows; noisy, not an independent accelerometer measurement"
frame_00036.jpg,2026-10-04T08:53:43.035+10:00,35.035,waiting / paddling; exact stroke or wave push not classified,visible in sampled frame,True,30.259586922178617,30.2577811778322,439,-3.5346567168012495,-0.9849974090759634,9.5,-25.0,17.429685510537333,2.9449295926855257,0.0,0.0,False,3.5360031416059097,50.0,0.0,"Difference of sampled overlapping GPS speed windows; noisy, not an independent accelerometer measurement"
frame_00037.jpg,2026-10-04T08:53:44.036+10:00,36.036,not individually reviewed,not individually reviewed,False,31.260551362530954,31.258567980437206,344,-3.5346567168012495,-0.9999644758764611,9.5,-24.900000000000002,16.903889949564785,2.9644090627409696,0.0,0.0,False,3.5360031416059097,-23.0,0.0,"Difference of sampled overlapping GPS speed windows; noisy, not an independent accelerometer measurement"
frame_00038.jpg,2026-10-04T08:53:45.037+10:00,37.037,not individually reviewed,not individually reviewed,False,31.265325626967023,31.26348663625873,390,-0.0,-0.004769494941127749,9.5,-25.0,16.90145586607567,2.9404300146291007,0.0,0.0,False,0.0,0.0,0.9808682197805688,"Difference of sampled overlapping GPS speed windows; noisy, not an independent accelerometer measurement"
frame_00039.jpg,2026-10-04T08:53:46.038+10:00,38.038,not individually reviewed,not individually reviewed,False,31.282857278201742,31.280968253416944,414,-0.0,-0.017514137097621826,9.5,-25.0,16.892523464934968,2.9486492646420857,0.0,0.0,False,0.0,22.0,0.0,"Difference of sampled overlapping GPS speed windows; noisy, not an independent accelerometer measurement"
frame_00040.jpg,2026-10-04T08:53:47.039+10:00,39.039,not individually reviewed,not individually reviewed,False,31.273803033011966,31.27199418918627,945,-0.0,0.009045199989787036,9.5,-25.0,16.89713547083757,3.0352338273905843,0.0,0.0,False,0.0,50.0,0.0,"Difference of sampled overlapping GPS speed windows; noisy, not an independent accelerometer measurement"
frame_00041.jpg,2026-10-04T08:53:48.040+10:00,40.04,waiting / paddling; exact stroke or wave push not classified,visible in sampled frame,True,30.30106684954508,30.29962521336814,363,2.3564378112008333,0.9717644190478377,9.5,-25.0,17.407267812811067,2.877912686060199,0.0,0.0,False,2.357335427737273,-29.0,0.6539121465203792,"Difference of sampled overlapping GPS speed windows; noisy, not an independent accelerometer measurement"
frame_00042.jpg,2026-10-04T08:53:49.041+10:00,41.041,not individually reviewed,not individually reviewed,False,30.317324920845177,30.315638692074756,1391,2.3564378112008333,-0.01624182947062642,9.600000000000001,-25.0,17.570423620326576,2.923291402345285,0.0,0.0,False,2.357335427737273,-3.0,0.0,"Difference of sampled overlapping GPS speed windows; noisy, not an independent accelerometer measurement"
frame_00043.jpg,2026-10-04T08:53:50.042+10:00,42.042,not individually reviewed,not individually reviewed,False,28.377298079928472,28.343592078860613,912,4.786513847091828,1.9380887521645405,9.700000000000001,-25.0,18.871584288268355,4.2116978797497495,0.0,0.0,False,5.417560591451995,18.0,0.6743467743065221,"Difference of sampled overlapping GPS speed windows; noisy, not an independent accelerometer measurement"
frame_00044.jpg,2026-10-04T08:53:51.043+10:00,43.043,not individually reviewed,not individually reviewed,False,28.44289860023738,28.331415484391393,443,0.07363844293463663,-0.06553498532358515,9.600000000000001,-24.900000000000002,18.65048224388519,5.2933696091533875,0.0,0.0,False,2.6686782393683792,49.0,-1.3078242324778562,"Difference of sampled overlapping GPS speed windows; noisy, not an independent accelerometer measurement"
frame_00045.jpg,2026-10-04T08:53:52.044+10:00,44.044,not individually reviewed,not individually reviewed,False,28.44123667047982,28.331263277125963,871,0.05522883220097748,0.0016602694880721157,9.600000000000001,-25.0,18.651496688022867,3.459017488252698,0.0,0.0,False,2.0015086795262844,-28.0,-0.005108672087262512,"Difference of sampled overlapping GPS speed windows; noisy, not an independent accelerometer measurement"
frame_00046.jpg,2026-10-04T08:53:53.045+10:00,45.045,waiting / paddling; exact stroke or wave push not classified,visible in sampled frame,True,28.428663394946028,28.317927671655777,1901,0.05522883220097748,0.012560714818973865,9.600000000000001,-25.0,18.659174881902825,2.8775867635841905,0.0,0.0,False,2.0015086795262844,1.0,0.0,"Difference of sampled overlapping GPS speed windows; noisy, not an independent accelerometer measurement"
frame_00047.jpg,2026-10-04T08:53:54.046+10:00,46.046,not individually reviewed,not individually reviewed,False,28.418207397743274,28.307484820420477,924,-0.0,0.010445551651103372,9.600000000000001,-25.0,18.66556474992861,2.878217445918949,0.0,0.0,False,0.0,23.0,-0.015326016261787548,"Difference of sampled overlapping GPS speed windows; noisy, not an independent accelerometer measurement"
frame_00048.jpg,2026-10-04T08:53:55.047+10:00,47.047,not individually reviewed,not individually reviewed,False,30.39239226647651,30.285128363934188,442,-4.712874749423552,-1.972212656077159,9.600000000000001,-24.900000000000002,17.5296866694059,2.6339757839845106,0.0,0.0,False,4.714669982163892,47.0,-1.3078240507890895,"Difference of sampled overlapping GPS speed windows; noisy, not an independent accelerometer measurement"
frame_00049.jpg,2026-10-04T08:53:56.048+10:00,48.048,not individually reviewed,not individually reviewed,False,30.398826639173812,30.293119391912025,372,-0.0,-0.006427944752550299,9.600000000000001,-24.900000000000002,17.526203427086994,2.6983820433868004,0.0,0.0,False,0.0,-30.0,1.3078240507890802,"Difference of sampled overlapping GPS speed windows; noisy, not an independent accelerometer measurement"
frame_00050.jpg,2026-10-04T08:53:57.049+10:00,49.049,not individually reviewed,not individually reviewed,False,30.399124287024478,30.29449861865482,1396,-0.0,-0.0002973505001651628,9.600000000000001,-24.900000000000002,17.526042328117203,2.673830081939286,0.0,0.0,False,0.0,-7.0,0.0,"Difference of sampled overlapping GPS speed windows; noisy, not an independent accelerometer measurement"
frame_00051.jpg,2026-10-04T08:53:58.050+10:00,50.05,waiting / paddling; exact stroke or wave push not classified,visible in sampled frame,True,31.389782360931186,31.286965650426108,422,-1.767328031033832,-0.989668405501207,9.600000000000001,-25.0,17.005308880477543,2.557502769385337,0.0,0.0,False,1.768001243311461,18.0,-0.49043401904590855,"Difference of sampled overlapping GPS speed windows; noisy, not an independent accelerometer measurement"
frame_00052.jpg,2026-10-04T08:53:59.051+10:00,51.051,not individually reviewed,not individually reviewed,False,31.383240975336303,31.28089819420175,425,-0.0,0.006534850744138461,9.5,-25.0,16.84155383187999,2.447276432352396,0.0,0.0,False,0.0,44.0,0.49043401904590506,"Difference of sampled overlapping GPS speed windows; noisy, not an independent accelerometer measurement"
frame_00053.jpg,2026-10-04T08:54:00.052+10:00,52.052,not individually reviewed,not individually reviewed,False,31.33481374904219,31.302519991362907,379,-0.11045766440195497,0.048378847446665894,9.5,-25.0,16.866105326036408,0.5203291398031524,0.0,0.0,False,4.003017359052569,-28.0,-0.030652032523575096,"Difference of sampled overlapping GPS speed windows; noisy, not an independent accelerometer measurement"
frame_00054.jpg,2026-10-04T08:54:01.053+10:00,53.053,not individually reviewed,not individually reviewed,False,31.34173807607077,31.308202863915902,907,-0.0,-0.00691740961895919,9.5,-24.900000000000002,16.862590593317968,0.4695760498367463,0.0,0.0,False,0.0,-2.0,0.030652032523575096,"Difference of sampled overlapping GPS speed windows; noisy, not an independent accelerometer measurement"
frame_00055.jpg,2026-10-04T08:54:02.054+10:00,54.054,not individually reviewed,not individually reviewed,False,31.349286146621097,31.315324005178848,430,-0.0,-0.007540530020307828,9.5,-24.900000000000002,16.858760873345112,0.5860771573411512,0.0,0.0,False,0.0,22.0,0.0,"Difference of sampled overlapping GPS speed windows; noisy, not an independent accelerometer measurement"
frame_00056.jpg,2026-10-04T08:54:03.055+10:00,55.055,waiting / paddling; exact stroke or wave push not classified,visible in sampled frame,True,32.335327311977665,32.30136092251974,450,-3.534656389434511,-0.9850561092473205,9.5,-25.0,16.3725937172713,0.5452538695775502,0.0,0.0,False,3.53600281411447,45.0,-0.9808681289362079,"Difference of sampled overlapping GPS speed windows; noisy, not an independent accelerometer measurement"
frame_00057.jpg,2026-10-04T08:54:04.056+10:00,56.056,not individually reviewed,not individually reviewed,False,33.33485586032885,33.33224020838055,351,-3.6451142175198483,-0.9985300183328537,9.5,-25.0,15.906862136666614,-1.3632592853999768,0.0,1.068777902387224,False,5.341110842915767,-29.0,-0.030652077945759155,"Difference of sampled overlapping GPS speed windows; noisy, not an independent accelerometer measurement"
frame_00058.jpg,2026-10-04T08:54:05.057+10:00,57.057,not individually reviewed,not individually reviewed,False,32.91588110633398,32.91355464849677,1381,-3.6451142175198483,0.41855619779707703,9.600000000000001,-24.900000000000002,16.259458232937675,-1.2997990504073869,0.7000000000000001,0.9848297065093843,False,5.341110842915767,0.0,0.0,"Difference of sampled overlapping GPS speed windows; noisy, not an independent accelerometer measurement"
frame_00059.jpg,2026-10-04T08:54:06.058+10:00,58.058,not individually reviewed,not individually reviewed,False,33.81433642315379,33.80714934133531,436,-3.5898857076821282,-0.8975577590607526,9.5,-24.900000000000002,15.69249140039888,-3.162634729985939,0.8,0.7645868308967284,False,4.063170724567974,22.0,0.01532592680589417,"Difference of sampled overlapping GPS speed windows; noisy, not an independent accelerometer measurement"
frame_00060.jpg,2026-10-04T08:54:07.059+10:00,59.059,not individually reviewed,not individually reviewed,False,33.02620519080085,33.01724800446512,1461,-3.5898857076821282,0.7873438884644742,9.5,-24.900000000000002,16.04790056351462,-3.2157454486339248,0.6000000000000001,0.6061383729869416,False,4.063170724567974,46.0,0.0,"Difference of sampled overlapping GPS speed windows; noisy, not an independent accelerometer measurement"
frame_00061.jpg,2026-10-04T08:54:08.060+10:00,60.06,waiting / paddling; exact stroke or wave push not classified,visible in sampled frame,True,33.35531083448143,33.35385427260158,886,-2.2827994773622544,-0.3287768668137638,9.600000000000001,-24.900000000000002,16.056360289217398,-1.2455094024684286,0.5,0.48286153016851985,False,3.560740707194961,-28.0,0.36271679163055487,"Difference of sampled overlapping GPS speed windows; noisy, not an independent accelerometer measurement"
frame_00062.jpg,2026-10-04T08:54:09.061+10:00,61.061,not individually reviewed,not individually reviewed,False,32.88145261823843,32.88066320638248,399,-0.0,0.47338483141159055,9.600000000000001,-25.0,16.27558196028808,-1.3838617604895944,0.4,0.38774794596685336,False,0.0,5.0,0.6334774884455155,"Difference of sampled overlapping GPS speed windows; noisy, not an independent accelerometer measurement"
frame_00063.jpg,2026-10-04T08:54:10.062+10:00,62.062,not individually reviewed,not individually reviewed,False,32.517294997584145,32.51698472626245,446,-0.0,0.3637938268274548,9.600000000000001,-25.0,16.448050207174827,-1.5304112976895112,0.30000000000000004,0.3145146732171502,False,0.0,29.0,0.0,"Difference of sampled overlapping GPS speed windows; noisy, not an independent accelerometer measurement"
frame_00064.jpg,2026-10-04T08:54:11.063+10:00,63.063,not individually reviewed,not individually reviewed,False,32.37478646659226,32.374662678250544,869,-0.0,0.14236616482705572,9.600000000000001,-24.900000000000002,16.516514918893805,-1.7219874340776187,0.1,0.0,False,0.0,-50.0,0.0,"Difference of sampled overlapping GPS speed windows; noisy, not an independent accelerometer measurement"
frame_00065.jpg,2026-10-04T08:54:12.064+10:00,64.064,not individually reviewed,not individually reviewed,False,32.1123550132003,32.11231421226885,1897,-0.0,0.2621692841078538,9.600000000000001,-25.0,16.644053898246835,-1.8738451755899632,0.1,0.23241209371601343,False,0.0,-23.0,0.0,"Difference of sampled overlapping GPS speed windows; noisy, not an independent accelerometer measurement"
frame_00066.jpg,2026-10-04T08:54:13.065+10:00,65.065,waiting / paddling; exact stroke or wave push not classified,visible in sampled frame,True,32.00835247247301,32.00823474277487,2927,-0.0,0.10389864208520834,9.600000000000001,-24.900000000000002,16.695129152141387,-1.9373731562867533,0.1,0.2113866804389148,False,0.0,7.0,0.0,"Difference of sampled overlapping GPS speed windows; noisy, not an independent accelerometer measurement"
frame_00067.jpg,2026-10-04T08:54:14.066+10:00,66.066,not individually reviewed,not individually reviewed,False,30.90474435983744,30.835616766264124,428,,1.1025056070285377,9.600000000000001,-24.900000000000002,17.256462129920266,1.9517705584918303,0.0,0.0,False,,34.0,,"Difference of sampled overlapping GPS speed windows; noisy, not an independent accelerometer measurement"
frame_00068.jpg,2026-10-04T08:54:15.067+10:00,67.067,not individually reviewed,not individually reviewed,False,30.930202563430093,30.861614751723454,375,-0.0,-0.025432770821830666,9.600000000000001,-25.0,17.243101110070405,1.9351987234626904,0.0,0.0,False,0.0,-46.0,,"Difference of sampled overlapping GPS speed windows; noisy, not an independent accelerometer measurement"
frame_00069.jpg,2026-10-04T08:54:16.068+10:00,68.068,not individually reviewed,not individually reviewed,False,30.919401776546273,30.848950810460515,404,-0.0,0.010789996886933093,9.600000000000001,-25.0,17.24876714743744,2.0873811904770037,0.0,0.0,False,0.0,-19.0,0.0,"Difference of sampled overlapping GPS speed windows; noisy, not an independent accelerometer measurement"
frame_00070.jpg,2026-10-04T08:54:17.069+10:00,69.069,not individually reviewed,not individually reviewed,False,30.85686152425238,30.786218307331744,434,-0.0,0.06247777451937334,9.600000000000001,-25.0,17.28164654957847,2.096583051401808,0.0,0.0,False,0.0,9.0,0.0,"Difference of sampled overlapping GPS speed windows; noisy, not an independent accelerometer measurement"
frame_00071.jpg,2026-10-04T08:54:18.070+10:00,70.07,waiting / paddling; exact stroke or wave push not classified,visible in sampled frame,True,30.845957262919203,30.776160029793186,461,-0.0,0.010893367965212133,9.600000000000001,-25.0,17.287391712287924,2.07396698874868,0.0,0.0,False,0.0,35.0,0.0,"Difference of sampled overlapping GPS speed windows; noisy, not an independent accelerometer measurement"
frame_00072.jpg,2026-10-04T08:54:19.071+10:00,71.071,not individually reviewed,not individually reviewed,False,30.857431989658256,30.787292301856272,1390,-0.0,-0.011463263475577122,9.600000000000001,-24.900000000000002,17.28134608856679,2.0826976643463695,0.0,0.0,False,0.0,-35.0,0.0,"Difference of sampled overlapping GPS speed windows; noisy, not an independent accelerometer measurement"
frame_00073.jpg,2026-10-04T08:54:20.072+10:00,72.072,not individually reviewed,not individually reviewed,False,29.865815717837094,29.796278034444878,419,1.767328031033832,0.9906256461749867,9.600000000000001,-24.900000000000002,17.819364506994283,2.0294442941656143,0.0,0.0,False,1.768001243311461,-9.0,0.49043401904590506,"Difference of sampled overlapping GPS speed windows; noisy, not an independent accelerometer measurement"
frame_00074.jpg,2026-10-04T08:54:21.073+10:00,73.073,not individually reviewed,not individually reviewed,False,30.903515958499035,30.74700316760525,937,,-1.0366635770848565,9.600000000000001,-24.900000000000002,17.25710732944222,3.6877099303243313,0.4,0.022473727175079065,False,,17.0,,"Difference of sampled overlapping GPS speed windows; noisy, not an independent accelerometer measurement"
frame_00075.jpg,2026-10-04T08:54:22.074+10:00,74.074,not individually reviewed,not individually reviewed,False,30.854323120222915,30.762405878292878,474,-0.0,0.049143694581538666,9.600000000000001,-24.900000000000002,17.282983635930858,1.7425318695758278,0.7000000000000001,0.02525452303920338,False,0.0,43.0,,"Difference of sampled overlapping GPS speed windows; noisy, not an independent accelerometer measurement"
frame_00076.jpg,2026-10-04T08:54:23.075+10:00,75.075,waiting / paddling; exact stroke or wave push not classified,visible in sampled frame,True,29.885877646552927,29.75699795109667,396,3.6451132354191467,0.9674779956743135,9.600000000000001,-24.900000000000002,17.808158494882107,2.441781943476826,0.5,0.021382619522168727,False,5.341110192482988,-30.0,1.0115199343487427,"Difference of sampled overlapping GPS speed windows; noisy, not an independent accelerometer measurement"
frame_00077.jpg,2026-10-04T08:54:24.076+10:00,76.076,not individually reviewed,not individually reviewed,False,29.860741395860067,29.781932391411097,1414,3.6451132354191467,0.02511113955330677,9.600000000000001,-25.0,17.822201038717502,1.2824469670192684,0.30000000000000004,0.020286534831796016,False,5.341110192482988,-13.0,0.0,"Difference of sampled overlapping GPS speed windows; noisy, not an independent accelerometer measurement"
frame_00078.jpg,2026-10-04T08:54:25.077+10:00,77.077,not individually reviewed,not individually reviewed,False,29.87401749291219,29.816017978358655,434,-0.0,-0.013262834217906054,9.600000000000001,-25.0,17.814781584513906,0.7896975657857865,0.1,0.0,False,0.0,6.0,-1.0115199343487427,"Difference of sampled overlapping GPS speed windows; noisy, not an independent accelerometer measurement"
frame_00079.jpg,2026-10-04T08:54:26.078+10:00,78.078,not individually reviewed,not individually reviewed,False,29.910635180063274,29.857036815404527,962,-0.0,-0.036581106045037344,9.600000000000001,-25.0,17.794348439134232,0.5493989194701498,0.0,0.0,False,0.0,31.0,0.0,"Difference of sampled overlapping GPS speed windows; noisy, not an independent accelerometer measurement"
frame_00080.jpg,2026-10-04T08:54:27.079+10:00,79.079,not individually reviewed,not individually reviewed,False,29.923405577712373,29.869800443384865,390,-0.0,-0.012757640009090063,9.600000000000001,-24.900000000000002,17.787233054417438,0.6488831785289904,0.0,0.0,False,0.0,-43.0,0.0,"Difference of sampled overlapping GPS speed windows; noisy, not an independent accelerometer measurement"
frame_00081.jpg,2026-10-04T08:54:28.080+10:00,80.08,waiting / paddling; exact stroke or wave push not classified,visible in sampled frame,True,29.992112337389642,29.851427344905193,921,0.11045766440195497,-0.06863812155571354,9.600000000000001,-25.0,17.749045476897816,2.7705471815928604,0.0,0.0,False,4.003017359052569,-13.0,0.030652032523574877,"Difference of sampled overlapping GPS speed windows; noisy, not an independent accelerometer measurement"
frame_00082.jpg,2026-10-04T08:54:29.081+10:00,81.081,not individually reviewed,not individually reviewed,False,30.98350015856546,30.846665743497173,430,-2.3564367199776513,-0.9903974237520647,9.600000000000001,-25.0,17.215194235387866,2.505613791467681,0.0,0.0,False,2.357334336098422,18.0,-0.6845638762292137,"Difference of sampled overlapping GPS speed windows; noisy, not an independent accelerometer measurement"
frame_00083.jpg,2026-10-04T08:54:30.082+10:00,82.082,not individually reviewed,not individually reviewed,False,30.056714078469536,29.79493115447045,476,3.6451125806848066,0.9258602198760467,9.600000000000001,-24.900000000000002,17.7132839702024,4.686331642661116,0.0,0.03467563959040095,False,5.341109758860837,44.0,1.6654315963654438,"Difference of sampled overlapping GPS speed windows; noisy, not an independent accelerometer measurement"
frame_00084.jpg,2026-10-04T08:54:31.083+10:00,83.083,not individually reviewed,not individually reviewed,False,29.897663946159756,29.737450960559464,410,-0.0,0.15889124106871103,9.600000000000001,-25.0,17.801581366651323,1.6530186311726993,0.8,0.029576087241547793,False,0.0,-27.0,-1.0115197526597817,"Difference of sampled overlapping GPS speed windows; noisy, not an independent accelerometer measurement"
frame_00085.jpg,2026-10-04T08:54:32.084+10:00,84.084,not individually reviewed,not individually reviewed,False,29.8076808610253,29.727723349671777,434,-0.0,0.08989319194251358,9.600000000000001,-25.0,17.85191414640733,-0.1835779484961222,0.7000000000000001,0.014823372684681334,False,0.0,-3.0,0.0,"Difference of sampled overlapping GPS speed windows; noisy, not an independent accelerometer measurement"
frame_00086.jpg,2026-10-04T08:54:33.085+10:00,85.085,waiting / paddling; exact stroke or wave push not classified,visible in sampled frame,True,29.79051423054119,29.730963849739524,461,-0.0,0.017149481003105833,9.600000000000001,-24.900000000000002,17.86154773478688,-0.7577916718153119,0.6000000000000001,0.010899540945252176,False,0.0,21.0,0.0,"Difference of sampled overlapping GPS speed windows; noisy, not an independent accelerometer measurement"
frame_00087.jpg,2026-10-04T08:54:34.086+10:00,86.086,not individually reviewed,not individually reviewed,False,29.82044609886543,29.803699453494335,467,-0.0,-0.029901966357879013,9.600000000000001,-25.0,17.84475705121533,-2.4608580833051974,0.4,0.0,False,0.0,49.0,0.0,"Difference of sampled overlapping GPS speed windows; noisy, not an independent accelerometer measurement"
frame_00088.jpg,2026-10-04T08:54:35.087+10:00,87.087,not individually reviewed,not individually reviewed,False,28.87122487550453,28.86079909043234,417,3.5346547425531067,0.9482729504104871,9.600000000000001,-24.900000000000002,18.392534020315853,-2.841297692631315,0.1,0.0,False,3.5360011666057334,-25.0,0.9808676719261543,"Difference of sampled overlapping GPS speed windows; noisy, not an independent accelerometer measurement"
frame_00089.jpg,2026-10-04T08:54:36.088+10:00,88.088,not individually reviewed,not individually reviewed,False,26.95558780784068,26.947650154102895,439,7.069309505198399,1.9137233443195323,9.600000000000001,-25.0,19.602918053303593,-2.9906282457716316,0.0,0.0,False,7.0720023533113014,2.0,0.9808676775017554,"Difference of sampled overlapping GPS speed windows; noisy, not an independent accelerometer measurement"
frame_00090.jpg,2026-10-04T08:54:37.089+10:00,89.089,not individually reviewed,not individually reviewed,False,26.96181680365218,26.953951728691283,1462,7.069309505198399,-0.006222773038462475,9.600000000000001,-24.900000000000002,19.598734317388733,-2.997159285212774,0.0,0.0,False,7.0720023533113014,24.0,0.0,"Difference of sampled overlapping GPS speed windows; noisy, not an independent accelerometer measurement"
frame_00091.jpg,2026-10-04T08:54:38.090+10:00,90.09,waiting / paddling; exact stroke or wave push not classified,visible in sampled frame,True,25.991515556150244,25.983769609125286,390,1.7673273762995998,0.9693319155863501,9.600000000000001,-24.900000000000002,20.271774485705212,-2.8822818318824375,0.0,0.0,False,1.768000588327827,-51.0,-1.4713015120709219,"Difference of sampled overlapping GPS speed windows; noisy, not an independent accelerometer measurement"
frame_00092.jpg,2026-10-04T08:54:39.091+10:00,91.091,not individually reviewed,not individually reviewed,False,26.027877249325464,26.019517232954634,398,-0.0,-0.03632536780741235,9.5,-25.0,20.05174182186671,-2.8289060339141088,0.0,0.0,False,0.0,-23.0,-0.4904338373569809,"Difference of sampled overlapping GPS speed windows; noisy, not an independent accelerometer measurement"
frame_00093.jpg,2026-10-04T08:54:40.092+10:00,92.092,not individually reviewed,not individually reviewed,False,28.03300695665608,28.030196502637814,442,-7.179767496967658,-2.0031265807498677,9.5,-24.900000000000002,18.720811946075155,-5.092652732131455,0.0,0.0,False,8.126338037158257,1.0,-1.9923874727959883,"Difference of sampled overlapping GPS speed windows; noisy, not an independent accelerometer measurement"
frame_00094.jpg,2026-10-04T08:54:41.093+10:00,93.093,not individually reviewed,not individually reviewed,False,29.073737650794786,29.036991090140965,472,-3.64511290805203,-1.0396910031355702,9.5,-24.900000000000002,18.095081699902195,-5.762222549299167,0.0,0.0,False,5.341109975671943,28.0,0.9808676292917113,"Difference of sampled overlapping GPS speed windows; noisy, not an independent accelerometer measurement"
frame_00095.jpg,2026-10-04T08:54:42.094+10:00,94.094,not individually reviewed,not individually reviewed,False,30.029566552835345,29.996512416814348,400,-3.534655397287552,-0.9548740280125457,9.5,-24.900000000000002,17.555021500125093,-3.6697753410352334,0.0,0.0,False,3.536001821589582,-45.0,0.03065198988913284,"Difference of sampled overlapping GPS speed windows; noisy, not an independent accelerometer measurement"
frame_00096.jpg,2026-10-04T08:54:43.095+10:00,95.095,waiting / paddling; exact stroke or wave push not classified,visible in sampled frame,True,30.118782940077157,30.01558674039423,432,-0.11045766440195497,-0.08912725998183053,9.5,-24.900000000000002,17.506201598222624,-4.725550812273923,0.0,0.0,False,4.003017359052569,-18.0,0.9502158210915697,"Difference of sampled overlapping GPS speed windows; noisy, not an independent accelerometer measurement"
frame_00097.jpg,2026-10-04T08:54:44.096+10:00,96.096,not individually reviewed,not individually reviewed,False,31.104550682594493,31.004895001683447,950,-2.4300754902794313,-0.9847829595577781,9.5,-24.900000000000002,16.983800572121435,-3.268898523350231,0.0,0.0,False,3.560740128321992,8.0,-0.643694590375587,"Difference of sampled overlapping GPS speed windows; noisy, not an independent accelerometer measurement"
frame_00098.jpg,2026-10-04T08:54:45.097+10:00,97.097,not individually reviewed,not individually reviewed,False,32.212290945575496,32.029716829860696,485,-2.4300757085241034,-1.1066336293516523,9.5,-25.0,16.431762499968332,-3.7843351225117203,0.6000000000000001,0.030168776370732803,False,3.56074027286265,33.0,-6.056295707408698e-08,"Difference of sampled overlapping GPS speed windows; noisy, not an independent accelerometer measurement"
frame_00099.jpg,2026-10-04T08:54:46.098+10:00,98.098,not individually reviewed,not individually reviewed,False,33.29696875561948,33.06868015401276,414,-3.6451138901530564,-1.0835942158281568,9.5,-24.900000000000002,15.924044549352189,-2.694358077565539,0.6000000000000001,0.04708325297328031,False,5.341110626104901,-38.0,-0.33717343257546545,"Difference of sampled overlapping GPS speed windows; noisy, not an independent accelerometer measurement"
frame_00100.jpg,2026-10-04T08:54:47.099+10:00,99.099,not individually reviewed,not individually reviewed,False,33.44903921525171,33.16186520317013,444,-0.11045766440195497,-0.15191854109113642,9.5,-24.900000000000002,15.855295955637782,-2.4944940945864573,0.5,0.05826885238162093,False,4.003017359052569,-9.0,0.9808680835140094,"Difference of sampled overlapping GPS speed windows; noisy, not an independent accelerometer measurement"
frame_00101.jpg,2026-10-04T08:54:48.100+10:00,100.1,waiting / paddling; exact stroke or wave push not classified,visible in sampled frame,True,33.42885769245196,33.20271947755798,468,-0.0,0.020161361438307417,9.5,-25.0,15.864386391698003,-1.5494214994121194,0.4,0.058383353309220794,False,0.0,14.0,0.030652032523575314,"Difference of sampled overlapping GPS speed windows; noisy, not an independent accelerometer measurement"
frame_00102.jpg,2026-10-04T08:54:49.101+10:00,101.101,not individually reviewed,not individually reviewed,False,33.40399544698953,33.21946516834718,480,-0.0,0.024837408054375284,9.5,-24.900000000000002,15.875599154324531,-0.9064306675288663,0.2,0.05501938500285126,False,0.0,47.0,0.0,"Difference of sampled overlapping GPS speed windows; noisy, not an independent accelerometer measurement"
frame_00103.jpg,2026-10-04T08:54:50.102+10:00,102.102,not individually reviewed,not individually reviewed,False,33.36668673033265,33.20047038080725,1406,-0.0,0.03727144521166918,9.600000000000001,-24.900000000000002,16.051168099600506,-0.5025679146194761,0.2,0.0484132133037159,False,0.0,-27.0,0.0,"Difference of sampled overlapping GPS speed windows; noisy, not an independent accelerometer measurement"
frame_00104.jpg,2026-10-04T08:54:51.103+10:00,103.103,not individually reviewed,not individually reviewed,False,33.0828460926418,32.948390408662924,453,-0.0,0.28355708061024065,9.600000000000001,-24.900000000000002,16.181703241072388,-0.7486321843226733,0.1,1.0326511602982946,False,0.0,-4.0,0.0,"Difference of sampled overlapping GPS speed windows; noisy, not an independent accelerometer measurement"
frame_00105.jpg,2026-10-04T08:54:52.104+10:00,104.104,not individually reviewed,not individually reviewed,False,32.140129589166165,32.05010174877006,479,-0.0,0.9417747287468903,9.600000000000001,-25.0,16.630465246464667,0.7293041460230825,0.8602325267042628,0.8489762580994927,False,0.0,22.0,0.0,"Difference of sampled overlapping GPS speed windows; noisy, not an independent accelerometer measurement"
frame_00106.jpg,2026-10-04T08:54:53.105+10:00,105.105,waiting / paddling; exact stroke or wave push not classified,visible in sampled frame,True,31.80441938917995,31.72818599257021,1408,-0.0,0.3353748251610521,9.600000000000001,-24.900000000000002,16.796169018054297,1.1509399918347754,0.8944271909999159,0.7819351748670338,False,0.0,-50.0,0.0,"Difference of sampled overlapping GPS speed windows; noisy, not an independent accelerometer measurement"
frame_00107.jpg,2026-10-04T08:54:54.106+10:00,106.106,not individually reviewed,not individually reviewed,False,30.81331499621683,30.76959054056333,416,-0.0,0.990114278684439,9.600000000000001,-24.900000000000002,17.304612203211644,2.1660797553273596,0.670820393249937,0.581474691046378,False,0.0,-22.0,0.0,"Difference of sampled overlapping GPS speed windows; noisy, not an independent accelerometer measurement"
frame_00108.jpg,2026-10-04T08:54:55.107+10:00,107.107,not individually reviewed,not individually reviewed,False,30.233538824721435,30.20403232266803,971,,0.579196974520872,9.600000000000001,-25.0,17.616109066159716,2.587202558847821,0.4472135954999579,0.4628787655738781,False,,9.0,,"Difference of sampled overlapping GPS speed windows; noisy, not an independent accelerometer measurement"
frame_00109.jpg,2026-10-04T08:54:56.108+10:00,108.108,not individually reviewed,not individually reviewed,False,29.762597923175658,29.74010940126272,1996,,0.4704704311146627,9.600000000000001,-24.900000000000002,17.87723533420657,2.8912916857102573,0.36055512754639896,0.36727676641898177,False,,33.0,,"Difference of sampled overlapping GPS speed windows; noisy, not an independent accelerometer measurement"
frame_00110.jpg,2026-10-04T08:54:57.109+10:00,109.109,not individually reviewed,not individually reviewed,False,32.29897679523002,32.29865579888006,420,,-2.533845027027333,9.600000000000001,-24.900000000000002,16.553162059514037,4.874722634848467,0.22360679774997896,0.292748139955716,False,,-40.0,,"Difference of sampled overlapping GPS speed windows; noisy, not an independent accelerometer measurement"
frame_00111.jpg,2026-10-04T08:54:58.110+10:00,110.11,waiting / paddling; exact stroke or wave push not classified,visible in sampled frame,True,32.013255085724936,31.984759139243888,454,0.11045766440195497,0.285436273231851,9.600000000000001,-24.900000000000002,16.69271465860174,5.436519216404918,0.22360679774997896,0.22985873235051574,False,4.003017359052569,-9.0,,"Difference of sampled overlapping GPS speed windows; noisy, not an independent accelerometer measurement"
frame_00112.jpg,2026-10-04T08:54:59.111+10:00,111.111,not individually reviewed,not individually reviewed,False,31.813084997819754,31.780425190880766,983,0.11045766440195497,0.19997011778739437,9.600000000000001,-25.0,16.79185143304265,3.6152911149329157,0.14142135623730953,0.18229116769324785,False,4.003017359052569,17.0,0.0,"Difference of sampled overlapping GPS speed windows; noisy, not an independent accelerometer measurement"
frame_00113.jpg,2026-10-04T08:55:00.112+10:00,112.112,not individually reviewed,not individually reviewed,False,32.599861065248305,32.56416499129135,507,-2.356437374711776,-0.7859900773512002,9.5,-24.900000000000002,16.24677146781057,2.900359497636714,0.1,0.1402428242387482,False,2.357334991081948,43.0,-0.6845640579181248,"Difference of sampled overlapping GPS speed windows; noisy, not an independent accelerometer measurement"
frame_00114.jpg,2026-10-04T08:55:01.113+10:00,113.113,not individually reviewed,not individually reviewed,False,32.51519052767132,32.476634650509325,436,-0.0,0.0845859516253576,9.5,-25.0,16.286838738109587,3.1093507740612267,0.14142135623730953,0.0,False,0.0,-31.0,0.6539120253945401,"Difference of sampled overlapping GPS speed windows; noisy, not an independent accelerometer measurement"
frame_00115.jpg,2026-10-04T08:55:02.114+10:00,114.114,not individually reviewed,not individually reviewed,False,32.52989123476947,32.41687807972456,967,0.07363844293463663,-0.014686021077073117,9.5,-24.900000000000002,16.27986837212389,3.8961732881805347,0.0,0.0,False,2.6686782393683792,1.0,0.020434688349049917,"Difference of sampled overlapping GPS speed windows; noisy, not an independent accelerometer measurement"
frame_00116.jpg,2026-10-04T08:55:03.115+10:00,115.115,waiting / paddling; exact stroke or wave push not classified,visible in sampled frame,True,32.54449594852391,32.43411004783586,1991,0.07363844293463663,-0.014590123630806365,9.5,-24.900000000000002,16.27294926736404,2.9392249831773825,0.0,0.0,False,2.6686782393683792,24.0,0.0,"Difference of sampled overlapping GPS speed windows; noisy, not an independent accelerometer measurement"
frame_00117.jpg,2026-10-04T08:55:04.116+10:00,116.116,not individually reviewed,not individually reviewed,False,30.65862016323304,30.429528555064206,393,,1.8839917934973738,9.600000000000001,-25.0,17.386676052861578,5.227506688843505,0.0,0.022114291936931565,False,,-50.0,,"Difference of sampled overlapping GPS speed windows; noisy, not an independent accelerometer measurement"
frame_00118.jpg,2026-10-04T08:55:05.117+10:00,117.117,not individually reviewed,not individually reviewed,False,30.59041932509147,30.42299299818598,449,-0.0,0.06813270543613162,9.600000000000001,-25.0,17.42309587676773,2.516111797251142,0.8,0.03636955946444467,False,0.0,-23.0,,"Difference of sampled overlapping GPS speed windows; noisy, not an independent accelerometer measurement"
frame_00119.jpg,2026-10-04T08:55:06.118+10:00,118.118,not individually reviewed,not individually reviewed,False,30.505832537094584,30.414568597173325,470,-0.0,0.08450228571117596,9.600000000000001,-24.900000000000002,17.46847183176009,0.7518937694263741,0.7000000000000001,0.026152378019008465,False,0.0,0.0,0.0,"Difference of sampled overlapping GPS speed windows; noisy, not an independent accelerometer measurement"
frame_00120.jpg,2026-10-04T08:55:07.119+10:00,119.119,not individually reviewed,not individually reviewed,False,30.448177881593363,30.402347615527127,496,-0.0,0.05759705844277796,9.600000000000001,-24.900000000000002,17.499531690639483,-0.5371241063933212,0.6000000000000001,0.014879207395266636,False,0.0,25.0,0.0,"Difference of sampled overlapping GPS speed windows; noisy, not an independent accelerometer measurement"
frame_00121.jpg,2026-10-04T08:55:08.120+10:00,120.12,waiting / paddling; exact stroke or wave push not classified,visible in sampled frame,True,29.49168264983189,29.40743614436582,1020,2.4300752720346868,0.9555396920694033,9.600000000000001,-25.0,18.030872145050747,0.5506166742783307,0.30000000000000004,0.012029981142712387,False,3.560739983781295,50.0,0.6743465623361846,"Difference of sampled overlapping GPS speed windows; noisy, not an independent accelerometer measurement"
frame_00122.jpg,2026-10-04T08:55:09.121+10:00,121.121,not individually reviewed,not individually reviewed,False,29.51746232587831,29.4495723431829,1948,2.4300752720346868,-0.025753922124294552,9.600000000000001,-24.900000000000002,18.016142593374493,0.2055599800373784,0.30000000000000004,0.0,False,3.560739983781295,-24.0,0.0,"Difference of sampled overlapping GPS speed windows; noisy, not an independent accelerometer measurement"
frame_00123.jpg,2026-10-04T08:55:10.122+10:00,122.122,not individually reviewed,not individually reviewed,False,29.604011439492076,29.5539828040676,978,-0.0,-0.08646265096280425,9.5,-25.0,17.791563323725367,-0.3497174713216964,0.0,0.0,False,0.0,1.0,-0.6743465623361846,"Difference of sampled overlapping GPS speed windows; noisy, not an independent accelerometer measurement"
frame_00124.jpg,2026-10-04T08:55:11.123+10:00,123.123,not individually reviewed,not individually reviewed,False,31.557443609960583,31.508713101034996,10,-4.7128734399553025,-1.9514806897787278,9.600000000000001,-25.0,16.92013595876,-0.4966465924783279,0.0,0.0,False,0.0,34.0,-1.3078236874112776,"Difference of sampled overlapping GPS speed windows; noisy, not an independent accelerometer measurement"
frame_00125.jpg,2026-10-04T08:55:12.124+10:00,124.124,not individually reviewed,not individually reviewed,False,31.555662951473725,31.50744438766718,431,-0.0,0.0017788796072507938,9.600000000000001,-24.900000000000002,16.921036192244237,-0.5133332157950008,0.0,0.0,False,0.0,-46.0,1.3078236874112963,"Difference of sampled overlapping GPS speed windows; noisy, not an independent accelerometer measurement"
frame_00126.jpg,2026-10-04T08:55:13.125+10:00,125.125,waiting / paddling; exact stroke or wave push not classified,visible in sampled frame,True,31.638458677406998,31.505753757684843,460,0.11045766440195497,-0.0827130129203531,9.600000000000001,-25.0,16.87927594332997,1.4684153834720064,0.0,0.0,False,4.003017359052569,-17.0,0.030652032523574877,"Difference of sampled overlapping GPS speed windows; noisy, not an independent accelerometer measurement"
frame_00127.jpg,2026-10-04T08:55:14.126+10:00,126.126,not individually reviewed,not individually reviewed,False,31.649252084382717,31.513703010207237,468,-0.0,-0.010782624351367145,9.5,-24.900000000000002,16.70792078782255,1.623506320127376,0.0,0.0,False,0.0,12.0,-0.030652032523574877,"Difference of sampled overlapping GPS speed windows; noisy, not an independent accelerometer measurement"
frame_00128.jpg,2026-10-04T08:55:15.127+10:00,127.127,not individually reviewed,not individually reviewed,False,31.674716700895672,31.539379614528656,18,-0.0,-0.025439177335620112,9.5,-24.900000000000002,16.69523638370913,1.5172209606987508,0.0,0.0,False,0.0,36.0,0.0,"Difference of sampled overlapping GPS speed windows; noisy, not an independent accelerometer measurement"
frame_00129.jpg,2026-10-04T08:55:16.128+10:00,128.128,not individually reviewed,not individually reviewed,False,30.717137359257013,30.580401178956528,438,3.5346547525991996,0.9566227189197399,9.5,-24.900000000000002,17.185458312850766,1.6269922649170212,0.0,0.0,False,3.536001176655654,-40.0,0.9808676747139617,"Difference of sampled overlapping GPS speed windows; noisy, not an independent accelerometer measurement"
frame_00130.jpg,2026-10-04T08:55:17.129+10:00,129.129,not individually reviewed,not individually reviewed,False,30.736895256014865,30.60133303712198,448,-0.0,-0.019738158599252972,9.5,-25.0,17.175061537245963,1.701976873407375,0.0,0.0,False,0.0,-12.0,-0.9808676747139479,"Difference of sampled overlapping GPS speed windows; noisy, not an independent accelerometer measurement"
frame_00131.jpg,2026-10-04T08:55:18.130+10:00,130.13,waiting / paddling; exact stroke or wave push not classified,visible in sampled frame,True,30.743731682017348,30.60855885318199,494,-0.0,-0.006829596406076833,9.5,-24.900000000000002,17.171466991477196,1.6936361187338207,0.0,0.0,False,0.0,8.0,0.0,"Difference of sampled overlapping GPS speed windows; noisy, not an independent accelerometer measurement"
frame_00132.jpg,2026-10-04T08:55:19.131+10:00,131.131,not individually reviewed,not individually reviewed,False,29.76233477841193,29.623067283532077,491,3.5346547525991996,0.9804164871183,9.600000000000001,-25.0,17.877383335513567,1.863783764464415,0.0,0.0,False,3.536001176655654,35.0,0.9808676747139479,"Difference of sampled overlapping GPS speed windows; noisy, not an independent accelerometer measurement"
frame_00133.jpg,2026-10-04T08:55:20.132+10:00,132.132,not individually reviewed,not individually reviewed,False,29.718018026417365,29.576505013551845,1421,3.5346547525991996,0.0442724795150496,9.600000000000001,-25.0,17.90234240097614,1.9125123397346897,0.0,0.0,False,3.536001176655654,-37.0,0.0,"Difference of sampled overlapping GPS speed windows; noisy, not an independent accelerometer measurement"
frame_00134.jpg,2026-10-04T08:55:21.133+10:00,133.133,not individually reviewed,not individually reviewed,False,28.653943949437544,28.600923549460404,474,1.7120986259404485,1.0630110659139076,9.600000000000001,-24.900000000000002,18.52251923248386,-0.0951142389759525,0.0,0.0,False,2.6705548794304184,-15.0,-0.5057598309076319,"Difference of sampled overlapping GPS speed windows; noisy, not an independent accelerometer measurement"
frame_00135.jpg,2026-10-04T08:55:22.134+10:00,134.134,not individually reviewed,not individually reviewed,False,28.661465404947624,28.6074530989366,499,-0.0,-0.007513941568511478,9.5,-25.0,18.338060977477934,-0.16310866650496791,0.0,0.0,False,0.0,10.0,-0.4751078438063294,"Difference of sampled overlapping GPS speed windows; noisy, not an independent accelerometer measurement"
frame_00136.jpg,2026-10-04T08:55:23.135+10:00,135.135,waiting / paddling; exact stroke or wave push not classified,visible in sampled frame,True,28.658084259219674,28.604097980551714,28,-0.0,0.0033777679599897963,9.5,-24.900000000000002,18.340079763255932,-0.16374903586734035,0.0,0.0,False,0.0,38.0,0.0,"Difference of sampled overlapping GPS speed windows; noisy, not an independent accelerometer measurement"
frame_00137.jpg,2026-10-04T08:55:24.136+10:00,136.136,not individually reviewed,not individually reviewed,False,28.65287131052589,28.599361378257186,956,-0.0,0.005207740952832249,9.5,-24.900000000000002,18.34319310750438,-0.17898733006666134,0.0,0.0,False,0.0,-36.0,0.0,"Difference of sampled overlapping GPS speed windows; noisy, not an independent accelerometer measurement"
frame_00138.jpg,2026-10-04T08:55:25.137+10:00,137.137,not individually reviewed,not individually reviewed,False,27.641453243871418,27.58689962720209,478,2.3564367199776513,1.0104076589954758,9.5,-24.900000000000002,18.967164474450954,-0.0808543822519141,0.0,0.0,False,2.357334336098422,-8.0,0.6539118437056388,"Difference of sampled overlapping GPS speed windows; noisy, not an independent accelerometer measurement"
frame_00139.jpg,2026-10-04T08:55:26.138+10:00,138.138,not individually reviewed,not individually reviewed,False,25.670211804462934,25.613270350387914,4,3.534655079966477,1.9692721672412428,9.600000000000001,-25.0,20.50450597454529,0.13578665011721114,0.0,0.0,False,7.072003008295258,16.0,0.3269559218528194,"Difference of sampled overlapping GPS speed windows; noisy, not an independent accelerometer measurement"
frame_00140.jpg,2026-10-04T08:55:27.139+10:00,139.139,not individually reviewed,not individually reviewed,False,24.661122918425168,24.65461484940916,31,7.069310159932954,1.0080808052325336,9.600000000000001,-25.0,21.269802839226042,-2.3647909645021628,0.0,0.0,False,5.341109969018543,43.0,0.9808677655584581,"Difference of sampled overlapping GPS speed windows; noisy, not an independent accelerometer measurement"
frame_00141.jpg,2026-10-04T08:55:28.140+10:00,140.14,waiting / paddling; exact stroke or wave push not classified,visible in sampled frame,True,24.6635314502415,24.65686742257348,463,2.282798379468017,-0.0024061256906416297,9.5,-25.0,21.065891176954068,-2.3491766732598762,0.0,0.0,False,3.560739979345695,-31.0,-1.3282583473373986,"Difference of sampled overlapping GPS speed windows; noisy, not an independent accelerometer measurement"
frame_00142.jpg,2026-10-04T08:55:29.141+10:00,141.141,not individually reviewed,not individually reviewed,False,23.675765268719516,23.670111196197897,466,3.5346554073336467,0.986779402119864,9.5,-24.900000000000002,21.863330748207524,-2.4289220379540666,0.0,0.0,False,3.5360018316395037,-6.0,0.3473906726233832,"Difference of sampled overlapping GPS speed windows; noisy, not an independent accelerometer measurement"
frame_00143.jpg,2026-10-04T08:55:30.142+10:00,142.142,not individually reviewed,not individually reviewed,False,23.716516809650635,23.708169237383135,26,-0.11045766440195497,-0.04071083010101775,9.5,-25.0,21.829297396052333,-4.001471010730029,0.0,0.0,False,0.0,29.0,-1.0115198889265136,"Difference of sampled overlapping GPS speed windows; noisy, not an independent accelerometer measurement"
frame_00144.jpg,2026-10-04T08:55:31.143+10:00,143.143,not individually reviewed,not individually reviewed,False,23.713341860630948,23.705010377062152,447,-0.0,0.003171777242444845,9.4,-25.0,21.623439890112316,-3.1001071979744665,0.0,0.0,False,0.0,-51.0,0.030652032523574877,"Difference of sampled overlapping GPS speed windows; noisy, not an independent accelerometer measurement"
frame_00145.jpg,2026-10-04T08:55:32.144+10:00,144.144,not individually reviewed,not individually reviewed,False,24.68400386984351,24.67681041126156,470,-3.534655734700709,-0.9696923168956684,9.4,-25.0,20.847505007815577,-2.7645417587443717,0.0,0.0,False,3.536002159131267,-26.0,-0.9808679472473893,"Difference of sampled overlapping GPS speed windows; noisy, not an independent accelerometer measurement"
frame_00146.jpg,2026-10-04T08:55:33.145+10:00,145.145,waiting / paddling; exact stroke or wave push not classified,visible in sampled frame,True,24.684836408331734,24.677787814421535,497,-0.0,-0.0008317067814405162,9.5,-24.900000000000002,21.049302597305925,-2.650519900422296,0.0,0.0,False,0.0,-2.0,0.9808679472473893,"Difference of sampled overlapping GPS speed windows; noisy, not an independent accelerometer measurement"
frame_00147.jpg,2026-10-04T08:55:34.146+10:00,146.146,not individually reviewed,not individually reviewed,False,23.803214014328876,23.741931660834567,494,3.4241982339822448,0.8807416523505067,9.5,-25.0,21.7572271266299,-5.393481043480051,0.0,0.0,False,5.341110409293975,21.0,0.9502159601460555,"Difference of sampled overlapping GPS speed windows; noisy, not an independent accelerometer measurement"
frame_00148.jpg,2026-10-04T08:55:35.147+10:00,147.147,not individually reviewed,not individually reviewed,False,23.803093985572165,23.7426356607379,451,-0.0,0.00011990884786371284,9.5,-25.0,21.757326591990182,-3.865738516437659,0.0,0.0,False,0.0,-50.0,-0.9502159601460285,"Difference of sampled overlapping GPS speed windows; noisy, not an independent accelerometer measurement"
frame_00149.jpg,2026-10-04T08:55:36.148+10:00,148.148,not individually reviewed,not individually reviewed,False,24.906439150262752,24.750725121412536,473,-3.6451138901530564,-1.1022429217688188,9.5,-24.900000000000002,20.87822499591265,-5.191421293145254,0.0,0.0,False,5.341110626104901,-26.0,-1.0115201160375844,"Difference of sampled overlapping GPS speed windows; noisy, not an independent accelerometer measurement"
frame_00150.jpg,2026-10-04T08:55:37.149+10:00,149.149,not individually reviewed,not individually reviewed,False,24.921437024245666,24.769279120582464,503,-0.0,-0.014982891091821925,9.5,-25.0,20.86674255354134,-3.715817553259285,0.0,0.0,False,0.0,-1.0,1.0115201160375844,"Difference of sampled overlapping GPS speed windows; noisy, not an independent accelerometer measurement"
frame_00151.jpg,2026-10-04T08:55:38.150+10:00,150.15,waiting / paddling; exact stroke or wave push not classified,visible in sampled frame,True,24.105688866271972,23.812351907503214,23,3.4241988887159387,0.8149332247489449,9.5,-25.0,21.509292787488132,-4.628726677234795,0.6000000000000001,0.05490954816414295,False,3.5360031416059097,18.0,0.9502161418348103,"Difference of sampled overlapping GPS speed windows; noisy, not an independent accelerometer measurement"
frame_00152.jpg,2026-10-04T08:55:39.151+10:00,151.151,not individually reviewed,not individually reviewed,False,23.107745090937428,22.907223419521195,46,3.5346567168012495,0.9969468285060384,9.5,-25.0,22.34842488992435,-1.9348101147623993,0.7000000000000001,0.07254429494217328,False,3.5360031416059097,42.0,0.030652077945751543,"Difference of sampled overlapping GPS speed windows; noisy, not an independent accelerometer measurement"
frame_00153.jpg,2026-10-04T08:55:40.152+10:00,152.152,not individually reviewed,not individually reviewed,False,22.098395044006836,21.96637735071809,471,3.5346567168012495,1.008341705225367,9.600000000000001,-25.0,23.481123631627547,-0.5472019313258443,0.5,0.06872837899121079,False,3.5360031416059097,-32.0,0.0,"Difference of sampled overlapping GPS speed windows; noisy, not an independent accelerometer measurement"
frame_00154.jpg,2026-10-04T08:55:41.153+10:00,153.153,not individually reviewed,not individually reviewed,False,22.071876080530867,21.988679121968726,507,-0.0,0.026492471004963644,9.600000000000001,-25.0,23.506276499559817,0.74246669649051,0.4,0.0632555178713817,False,0.0,-1.0,-0.9808682197805618,"Difference of sampled overlapping GPS speed windows; noisy, not an independent accelerometer measurement"
frame_00155.jpg,2026-10-04T08:55:42.154+10:00,154.154,not individually reviewed,not individually reviewed,False,22.042592356715282,21.988691697678917,38,-0.0,0.029254469346238515,9.700000000000001,-24.900000000000002,23.752236969597643,1.8111123968433276,0.30000000000000004,0.05630568386927059,False,0.0,31.0,0.0,"Difference of sampled overlapping GPS speed windows; noisy, not an independent accelerometer measurement"
frame_00156.jpg,2026-10-04T08:55:43.155+10:00,155.155,waiting / paddling; exact stroke or wave push not classified,visible in sampled frame,True,22.10256429461196,21.974210046062463,464,-0.11045766444119744,-0.05991202587080596,9.700000000000001,-25.0,23.69489784145307,-0.3589818954224029,0.2,0.041772347224951475,False,4.003017360474727,-44.0,-0.030652032534464677,"Difference of sampled overlapping GPS speed windows; noisy, not an independent accelerometer measurement"
frame_00157.jpg,2026-10-04T08:55:44.156+10:00,156.156,not individually reviewed,not individually reviewed,False,23.011648153629224,22.910296796452673,462,-3.5346570441678815,-0.9081756833339314,9.600000000000001,-25.0,22.64492267229891,0.43933395720887347,0.2,0.0,False,3.536003469097242,-20.0,-0.9502162780904283,"Difference of sampled overlapping GPS speed windows; noisy, not an independent accelerometer measurement"
frame_00158.jpg,2026-10-04T08:55:45.157+10:00,157.157,not individually reviewed,not individually reviewed,False,23.112181029916318,22.916523927993705,15,-0.11045766440195497,-0.1004324438432506,9.600000000000001,-25.0,22.556307005299587,-1.7417759510274209,0.5,0.05494051349190347,False,0.0,4.0,0.9502162781013181,"Difference of sampled overlapping GPS speed windows; noisy, not an independent accelerometer measurement"
frame_00159.jpg,2026-10-04T08:55:46.158+10:00,158.158,not individually reviewed,not individually reviewed,False,22.960726327940574,22.921554829812045,533,0.11045766440195497,0.15130339857716724,9.600000000000001,-24.900000000000002,22.690060333168567,2.37149956656242,0.5,0.051110602619072486,False,4.003017359052569,30.0,0.061304065047151496,"Difference of sampled overlapping GPS speed windows; noisy, not an independent accelerometer measurement"
frame_00160.jpg,2026-10-04T08:55:47.159+10:00,159.159,not individually reviewed,not individually reviewed,False,22.961465272375825,22.93137825828885,471,-0.0,-0.0007382062290228864,9.600000000000001,-24.900000000000002,22.689404106106775,2.7853491299053985,0.30000000000000004,0.049766042894655554,False,0.0,-41.0,-0.030652032523574877,"Difference of sampled overlapping GPS speed windows; noisy, not an independent accelerometer measurement"
frame_00161.jpg,2026-10-04T08:55:48.160+10:00,160.16,waiting / paddling; exact stroke or wave push not classified,visible in sampled frame,True,22.95957375621863,22.952630576847156,499,-0.0,0.001889626530663299,9.600000000000001,-24.900000000000002,22.691083957892744,4.309627424648966,0.4,0.041829552168867426,False,0.0,-16.0,0.0,"Difference of sampled overlapping GPS speed windows; noisy, not an independent accelerometer measurement"
frame_00162.jpg,2026-10-04T08:55:49.161+10:00,161.161,not individually reviewed,not individually reviewed,False,22.96005416814035,22.957422067529876,25,-0.0,-0.0004799319897279327,9.600000000000001,-25.0,22.6906572826884,3.9511277586017286,0.30000000000000004,0.033908329372098076,False,0.0,11.0,0.0,"Difference of sampled overlapping GPS speed windows; noisy, not an independent accelerometer measurement"
frame_00163.jpg,2026-10-04T08:55:50.162+10:00,162.162,not individually reviewed,not individually reviewed,False,22.941806459500555,22.94178209103454,55,-0.0,0.01822947916063389,9.600000000000001,-25.0,22.706874566494168,3.603346379543268,0.2,0.01951413555016679,False,0.0,40.0,0.0,"Difference of sampled overlapping GPS speed windows; noisy, not an independent accelerometer measurement"
frame_00164.jpg,2026-10-04T08:55:51.163+10:00,163.163,not individually reviewed,not individually reviewed,False,22.934163075785925,22.93356931898017,482,-0.0,0.00763574796666303,9.600000000000001,-25.0,22.713673995780635,3.6312998476865914,0.1,0.0,False,0.0,-34.0,0.0,"Difference of sampled overlapping GPS speed windows; noisy, not an independent accelerometer measurement"
frame_00165.jpg,2026-10-04T08:55:52.164+10:00,164.164,not individually reviewed,not individually reviewed,False,22.906810798113714,22.905499051446,10,-0.0,0.027324952719491556,9.600000000000001,-24.900000000000002,22.73803775908743,3.2321160284689086,0.0,0.0,False,0.0,-9.0,0.0,"Difference of sampled overlapping GPS speed windows; noisy, not an independent accelerometer measurement"
frame_00166.jpg,2026-10-04T08:55:53.165+10:00,165.165,waiting / paddling; exact stroke or wave push not classified,visible in sampled frame,True,22.89700327015762,22.895688404640648,34,-0.11045766440195497,0.009797730225869317,9.600000000000001,-24.900000000000002,22.746785774196393,2.8329744546950906,0.0,0.0,False,0.0,15.0,-0.030652032523574877,"Difference of sampled overlapping GPS speed windows; noisy, not an independent accelerometer measurement"
frame_00167.jpg,2026-10-04T08:55:54.166+10:00,166.166,not individually reviewed,not individually reviewed,False,22.878245518482892,22.876664473972337,1061,-0.0,0.018739012662064757,9.600000000000001,-24.900000000000002,22.763534879882215,2.9925279605853348,0.0,0.0,False,0.0,42.0,0.030652032523574877,"Difference of sampled overlapping GPS speed windows; noisy, not an independent accelerometer measurement"
frame_00168.jpg,2026-10-04T08:55:55.167+10:00,167.167,not individually reviewed,not individually reviewed,False,22.85159993677215,22.84995157927628,483,-0.0,0.02661896274799406,9.600000000000001,-25.0,22.787367346344748,3.0071159219755828,0.0,0.0,False,0.0,-37.0,0.0,"Difference of sampled overlapping GPS speed windows; noisy, not an independent accelerometer measurement"
frame_00169.jpg,2026-10-04T08:55:56.168+10:00,168.168,not individually reviewed,not individually reviewed,False,22.82845337835948,22.82680126559444,511,-0.0,0.02312343497769186,9.600000000000001,-25.0,22.80810857641898,3.0082476841702146,0.0,0.0,False,0.0,-11.0,0.0,"Difference of sampled overlapping GPS speed windows; noisy, not an independent accelerometer measurement"
frame_00170.jpg,2026-10-04T08:55:57.169+10:00,169.169,not individually reviewed,not individually reviewed,False,23.816845699440304,23.814760494367125,37,-0.0,-0.9874049161646589,9.600000000000001,-25.0,21.953183032628765,3.077101673929292,0.0,0.0,False,2.357335646064828,15.0,0.0,"Difference of sampled overlapping GPS speed windows; noisy, not an independent accelerometer measurement"
frame_00171.jpg,2026-10-04T08:55:58.170+10:00,170.17,waiting / paddling; exact stroke or wave push not classified,visible in sampled frame,True,24.81137723887076,24.80861476308479,62,-3.5346570441678815,-0.993538001429029,9.600000000000001,-24.900000000000002,21.152414462225952,3.073910587766477,0.0,0.0,False,3.536003469097242,40.0,-0.9808683106249209,"Difference of sampled overlapping GPS speed windows; noisy, not an independent accelerometer measurement"
frame_00172.jpg,2026-10-04T08:55:59.171+10:00,171.171,not individually reviewed,not individually reviewed,False,24.80625372046516,24.803081704391257,986,-3.5346570441678815,0.005118400005594842,9.600000000000001,-24.900000000000002,21.156396922360052,3.1351873607308107,0.0,0.0,False,3.536003469097242,-37.0,0.0,"Difference of sampled overlapping GPS speed windows; noisy, not an independent accelerometer measurement"
frame_00173.jpg,2026-10-04T08:56:00.172+10:00,172.172,not individually reviewed,not individually reviewed,False,24.820393398059224,24.773785369648138,15,-0.0,-0.01412555204202074,9.600000000000001,-24.900000000000002,21.145409763686562,4.630644121303703,0.0,0.0,False,0.0,-10.0,0.980868310624893,"Difference of sampled overlapping GPS speed windows; noisy, not an independent accelerometer measurement"
frame_00174.jpg,2026-10-04T08:56:01.173+10:00,173.173,not individually reviewed,not individually reviewed,False,23.85598419903933,23.809000149828424,46,2.3564378112008333,0.9634457532666272,9.600000000000001,-24.900000000000002,21.92058179118506,3.1153723203708523,0.0,0.0,False,3.5360031416059097,20.0,0.6539121465203745,"Difference of sampled overlapping GPS speed windows; noisy, not an independent accelerometer measurement"
frame_00175.jpg,2026-10-04T08:56:02.174+10:00,174.174,not individually reviewed,not individually reviewed,False,23.86431564313632,23.818016304177558,75,-0.0,-0.008323120976012593,9.600000000000001,-25.0,21.913653818955375,2.9884377563323596,0.0,0.0,False,0.0,46.0,-0.6539121465203745,"Difference of sampled overlapping GPS speed windows; noisy, not an independent accelerometer measurement"
frame_00176.jpg,2026-10-04T08:56:03.175+10:00,175.175,waiting / paddling; exact stroke or wave push not classified,visible in sampled frame,True,23.857976506572054,23.81097128973348,501,-0.0,0.006332803760503933,9.600000000000001,-25.0,21.918924718595477,3.016032623816045,0.0,0.0,False,0.0,-29.0,0.0,"Difference of sampled overlapping GPS speed windows; noisy, not an independent accelerometer measurement"
frame_00177.jpg,2026-10-04T08:56:04.176+10:00,176.176,not individually reviewed,not individually reviewed,False,23.931201800895625,23.786267741111217,26,0.07363844293463663,-0.07315214218138934,9.600000000000001,-24.900000000000002,21.858185497484854,5.727809585185469,0.0,0.0,False,2.6686782393683792,-3.0,0.020434688349050496,"Difference of sampled overlapping GPS speed windows; noisy, not an independent accelerometer measurement"
frame_00178.jpg,2026-10-04T08:56:05.177+10:00,177.177,not individually reviewed,not individually reviewed,False,23.910836314031783,23.7646374081046,557,0.05522883220097748,0.020345141722119535,9.600000000000001,-25.0,21.875046187188318,4.258007521534523,0.0,0.0,False,2.0015086795262844,26.0,-0.005108672087262476,"Difference of sampled overlapping GPS speed windows; noisy, not an independent accelerometer measurement"
frame_00179.jpg,2026-10-04T08:56:06.178+10:00,178.178,not individually reviewed,not individually reviewed,False,23.943268934649986,23.766332766822448,1584,0.05522883220097748,-0.03240022039780438,9.5,-24.900000000000002,21.641753237744762,2.9718695482097246,0.0,0.0,False,2.0015086795262844,51.0,0.0,"Difference of sampled overlapping GPS speed windows; noisy, not an independent accelerometer measurement"
frame_00180.jpg,2026-10-04T08:56:07.179+10:00,179.179,not individually reviewed,not individually reviewed,False,23.94355969445192,23.795709599213772,507,-0.0,-0.00029046933260222345,9.5,-25.0,21.641514722908294,2.989379357581811,0.0,0.0,False,0.0,-26.0,-0.015326016261787439,"Difference of sampled overlapping GPS speed windows; noisy, not an independent accelerometer measurement"
frame_00181.jpg,2026-10-04T08:56:08.180+10:00,180.18,waiting / paddling; exact stroke or wave push not classified,visible in sampled frame,True,24.917079605004815,24.77315836693207,34,-0.0,-0.9725473631897052,9.5,-24.900000000000002,20.87007737026774,2.6799533038379195,0.0,0.0,False,0.0,-1.0,0.0,"Difference of sampled overlapping GPS speed windows; noisy, not an independent accelerometer measurement"
frame_00182.jpg,2026-10-04T08:56:09.181+10:00,181.181,not individually reviewed,not individually reviewed,False,25.010070002356713,24.72881878331217,63,0.11045766440195497,-0.09289749985204548,9.5,-25.0,20.79913037177389,4.819541273739674,0.2,0.04852591018191175,False,4.003017359052569,28.0,0.030652032523574877,"Difference of sampled overlapping GPS speed windows; noisy, not an independent accelerometer measurement"
frame_00183.jpg,2026-10-04T08:56:10.182+10:00,182.182,not individually reviewed,not individually reviewed,False,23.975725302933878,23.74717010835393,480,3.534656062067664,1.0333113880348004,9.5,-25.0,21.61515963700085,3.0364018098892984,0.8,0.0559015410544478,False,3.536002486622922,-52.0,0.9502160055682622,"Difference of sampled overlapping GPS speed windows; noisy, not an independent accelerometer measurement"
frame_00184.jpg,2026-10-04T08:56:11.183+10:00,183.183,not individually reviewed,not individually reviewed,False,23.846675164227868,23.714161369580502,1012,3.534656062067664,0.12892121748852117,9.5,-25.0,21.721268561646458,0.5618588277457093,0.6000000000000001,0.04114281816206381,False,3.536002486622922,-26.0,0.0,"Difference of sampled overlapping GPS speed windows; noisy, not an independent accelerometer measurement"
frame_00185.jpg,2026-10-04T08:56:12.184+10:00,184.184,not individually reviewed,not individually reviewed,False,23.77593183291123,23.704961874330404,2040,3.534656062067664,0.07067265865798038,9.5,-24.900000000000002,21.7798575834855,-0.9531100672759294,0.5,0.025771431180730445,False,3.536002486622922,2.0,0.0,"Difference of sampled overlapping GPS speed windows; noisy, not an independent accelerometer measurement"
frame_00186.jpg,2026-10-04T08:56:13.185+10:00,185.185,waiting / paddling; exact stroke or wave push not classified,visible in sampled frame,True,23.8304538925924,23.706180177493167,68,,-0.05446759208907978,9.5,-24.900000000000002,21.7346763602955,0.4727815240930795,0.30000000000000004,0.022433293762469893,False,,30.0,,"Difference of sampled overlapping GPS speed windows; noisy, not an independent accelerometer measurement"
frame_00187.jpg,2026-10-04T08:56:14.186+10:00,186.186,not individually reviewed,not individually reviewed,False,23.81720083154743,23.726948313665744,1014,,0.013239821223743299,9.5,-25.0,21.745642461517445,-0.29165513036048196,0.30000000000000004,0.0,False,,-25.0,,"Difference of sampled overlapping GPS speed windows; noisy, not an independent accelerometer measurement"
frame_00188.jpg,2026-10-04T08:56:15.187+10:00,187.187,not individually reviewed,not individually reviewed,False,23.825287832000246,23.753877038706676,2051,,-0.008078921531283126,9.5,-24.900000000000002,21.73894970906697,-1.043977073738347,0.0,0.0,False,,11.0,,"Difference of sampled overlapping GPS speed windows; noisy, not an independent accelerometer measurement"
frame_00189.jpg,2026-10-04T08:56:16.188+10:00,188.188,not individually reviewed,not individually reviewed,False,24.83395091170723,24.763871273339557,70,,-1.0076554242827018,9.5,-25.0,20.933892927009786,-1.0757827426029962,0.0,0.0,False,,31.0,,"Difference of sampled overlapping GPS speed windows; noisy, not an independent accelerometer measurement"
frame_00190.jpg,2026-10-04T08:56:17.189+10:00,189.189,not individually reviewed,not individually reviewed,False,24.849086715908562,24.778605013457287,997,,-0.01512068351781428,9.5,-25.0,20.922245854986755,-1.0647597057667326,0.0,0.0,False,,-43.0,,"Difference of sampled overlapping GPS speed windows; noisy, not an independent accelerometer measurement"
frame_00191.jpg,2026-10-04T08:56:18.190+10:00,190.19,waiting / paddling; exact stroke or wave push not classified,visible in sampled frame,True,24.87419169890958,24.80435472157355,2023,,-0.02507990309792024,9.5,-24.900000000000002,20.902954724689568,-1.0867260487664225,0.0,0.0,False,,-18.0,,"Difference of sampled overlapping GPS speed windows; noisy, not an independent accelerometer measurement"
frame_00192.jpg,2026-10-04T08:56:19.191+10:00,191.191,not individually reviewed,not individually reviewed,False,24.88640073967171,24.81350695989702,3050,,-0.01219684391821182,9.5,-24.900000000000002,20.89358534987299,-0.9947799098650876,0.0,0.0,False,,7.0,,"Difference of sampled overlapping GPS speed windows; noisy, not an independent accelerometer measurement"
frame_00193.jpg,2026-10-04T08:56:20.192+10:00,192.192,not individually reviewed,not individually reviewed,False,24.882828280992634,24.81350695989702,4075,,0.0035688897892877857,9.5,-24.900000000000002,20.896326070083504,-0.8156566932497071,0.0,0.0,False,,32.0,,"Difference of sampled overlapping GPS speed windows; noisy, not an independent accelerometer measurement"
frame_00194.jpg,2026-10-04T08:56:21.193+10:00,193.193,not individually reviewed,not individually reviewed,False,24.952563960352332,24.765011133610138,485,,-0.06966601334635247,9.5,-24.900000000000002,20.84295009543214,1.6481509790320388,0.0,0.05723398422860313,False,,-39.0,,"Difference of sampled overlapping GPS speed windows; noisy, not an independent accelerometer measurement"
frame_00195.jpg,2026-10-04T08:56:22.194+10:00,194.194,not individually reviewed,not individually reviewed,False,24.870410751774486,24.747604040873803,36,-0.0,0.08207113744040608,9.5,-24.900000000000002,20.905857900140546,0.41502979305698773,0.6000000000000001,0.04193424636588576,False,0.0,-12.0,,"Difference of sampled overlapping GPS speed windows; noisy, not an independent accelerometer measurement"
frame_00196.jpg,2026-10-04T08:56:23.195+10:00,195.195,waiting / paddling; exact stroke or wave push not classified,visible in sampled frame,True,24.86648571253386,24.68845041264181,65,-0.0,0.003921118122504866,9.5,-24.900000000000002,20.9088725307957,1.479113377144813,0.5,0.025687645901177537,False,4.003017359052569,19.0,0.0,"Difference of sampled overlapping GPS speed windows; noisy, not an independent accelerometer measurement"
frame_00197.jpg,2026-10-04T08:56:24.196+10:00,196.196,not individually reviewed,not individually reviewed,False,25.801882352551086,25.682969000690434,90,-3.4241975692020263,-0.9344621778393882,9.5,-25.0,20.213212013721087,0.1217524248133941,0.4,0.018399754787287875,False,3.5360014940977122,40.0,-0.9502157756693334,"Difference of sampled overlapping GPS speed windows; noisy, not an independent accelerometer measurement"
frame_00198.jpg,2026-10-04T08:56:25.197+10:00,197.197,waiting / paddling; exact stroke or wave push not classified,visible in sampled frame,True,25.804693787961014,25.708455924185635,10,-0.0,-0.0028086267831448648,9.5,-24.900000000000002,20.211187977529992,-0.3312790598921538,0.30000000000000004,0.018449122413287507,False,0.0,-40.0,0.9502157756693334,"Difference of sampled overlapping GPS speed windows; noisy, not an independent accelerometer measurement"
frame_00199.jpg,2026-10-04T08:56:26.198+10:00,198.198,not individually reviewed,not individually reviewed,False,25.849929511226662,25.779093640039374,38,-0.0,-0.04519053273291527,9.5,-24.900000000000002,20.178674752439875,-1.138557893651523,0.0,0.0,False,0.0,-12.0,0.0,"Difference of sampled overlapping GPS speed windows; noisy, not an independent accelerometer measurement"
frame_00200.jpg,2026-10-04T08:56:27.199+10:00,199.199,paddling / wave approach,visible,True,25.90256183181865,25.83332484296015,74,-0.0,-0.05257974085113828,9.5,-24.900000000000002,20.140971171347033,-1.190999559960801,0.0,0.0,False,0.0,20.0,0.0,"Difference of sampled overlapping GPS speed windows; noisy, not an independent accelerometer measurement"
frame_00201.jpg,2026-10-04T08:56:28.200+10:00,200.2,paddling / wave approach,visible,True,25.932635132281483,25.864370643280072,102,-0.0,-0.030043257205625677,9.5,-25.0,20.11948849044839,-1.2229581995619583,0.0,0.0,False,0.0,48.0,0.0,"Difference of sampled overlapping GPS speed windows; noisy, not an independent accelerometer measurement"
frame_00202.jpg,2026-10-04T08:56:29.201+10:00,201.201,paddling / wave approach,visible,True,25.94495042465105,25.877116358751127,29,-0.0,-0.012302989380187557,9.5,-24.900000000000002,20.110703808339682,-1.1370781430301804,0.0,0.0,False,0.0,-26.0,0.0,"Difference of sampled overlapping GPS speed windows; noisy, not an independent accelerometer measurement"
frame_00203.jpg,2026-10-04T08:56:30.202+10:00,202.202,paddling / wave approach,visible,True,26.947967427631493,26.88129983918049,48,-3.534655079966477,-1.00201498799245,9.5,-25.0,19.419145513763,-1.3500909563504138,0.0,0.0,False,3.5360015041476327,-2.0,-0.9808677655584581,"Difference of sampled overlapping GPS speed windows; noisy, not an independent accelerometer measurement"
frame_00204.jpg,2026-10-04T08:56:31.203+10:00,203.203,paddling / wave approach,visible,True,26.963955815626313,26.896297360543873,81,-3.534655079966477,-0.015972415579241145,9.5,-24.900000000000002,19.408491924648164,-1.2214372480997326,0.0,0.0,False,0.0,24.0,0.0,"Difference of sampled overlapping GPS speed windows; noisy, not an independent accelerometer measurement"
frame_00205.jpg,2026-10-04T08:56:32.204+10:00,204.204,paddling / wave approach,visible,True,26.95688067781973,26.887915778566416,99,-0.0,0.007068069736847462,9.5,-25.0,19.413204935224105,-1.3818748181114415,0.0,0.0,False,0.0,41.0,0.9808677655584581,"Difference of sampled overlapping GPS speed windows; noisy, not an independent accelerometer measurement"
frame_00206.jpg,2026-10-04T08:56:33.205+10:00,205.205,takeoff / crouch,near lower edge; poor margin,True,26.067289902548698,25.893426573983827,13,3.6451125806848066,0.8887020731978338,9.5,-24.900000000000002,20.023835012860435,1.1399967208558337,0.0,0.060718860966452314,False,5.341109758860837,-40.0,1.0115197526597817,"Difference of sampled overlapping GPS speed windows; noisy, not an independent accelerometer measurement"
frame_00207.jpg,2026-10-04T08:56:34.206+10:00,206.206,ride moving toward lower edge,near lower edge; poor margin,True,24.167146311602263,23.896798040188834,41,7.179766832186903,1.8982453456008341,9.5,-25.0,21.459573544358452,3.1969392407258965,0.7000000000000001,0.05062265707988147,False,8.126337458407775,-14.0,0.9808675356593907,"Difference of sampled overlapping GPS speed windows; noisy, not an independent accelerometer measurement"
frame_00208.jpg,2026-10-04T08:56:35.207+10:00,207.207,target not identifiable,missing target in sample; exit versus occlusion uncertain,True,18.39087889087206,17.968482467918662,69,14.24907471059428,5.770496923806397,9.5,-25.0,27.319085932147747,6.622381046059672,0.5,0.0,False,21.590344566001953,12.0,1.9617348979929357,"Difference of sampled overlapping GPS speed windows; noisy, not an independent accelerometer measurement"
frame_00209.jpg,2026-10-04T08:56:36.208+10:00,208.208,target not identifiable,missing target in sample; exit versus occlusion uncertain,True,11.553024397743368,11.065567083732766,94,21.207924577139835,6.8310234696590335,9.5,-27.700000000000003,39.43030718614228,7.621903652850619,0.1,-4.0,True,21.590344566001953,37.0,1.931082769049151,"Difference of sampled overlapping GPS speed windows; noisy, not an independent accelerometer measurement"
frame_00210.jpg,2026-10-04T08:56:37.209+10:00,209.209,target not identifiable,missing target in sample; exit versus occlusion uncertain,True,6.8766953100339485,6.010965581105052,20,24.742578675004154,4.671657430279141,9.600000000000001,-33.2,54.38512553461326,14.779371274360074,3.66742416417845,-4.0,True,21.590344566001953,-39.0,0.9808674930248369,"Difference of sampled overlapping GPS speed windows; noisy, not an independent accelerometer measurement"
frame_00211.jpg,2026-10-04T08:56:38.210+10:00,210.21,target not identifiable,missing target in sample; exit versus occlusion uncertain,True,2.8588349899159833,2.1323479668296974,48,28.056320063004506,4.013846473644321,9.600000000000001,-35.0,73.41671528251484,19.784058609064914,3.984971769034255,-4.0,True,21.590344566001953,-13.0,0.9195641547342481,"Difference of sampled overlapping GPS speed windows; noisy, not an independent accelerometer measurement"
frame_00212.jpg,2026-10-04T08:56:39.211+10:00,211.211,target not identifiable,missing target in sample; exit versus occlusion uncertain,True,1.4620657001656827,1.098490083711065,76,23.34344859060216,1.3953739158344662,9.600000000000001,-40.7,81.34048100696646,13.213306220675577,3.939543120718442,-4.0,True,21.590344566001953,16.0,-1.3078231414147858,"Difference of sampled overlapping GPS speed windows; noisy, not an independent accelerometer measurement"
frame_00213.jpg,2026-10-04T08:56:40.212+10:00,212.212,target not identifiable,missing target in sample; exit versus occlusion uncertain,True,2.1583841145407163,-2.1175255529013555,104,24.521674804054957,-0.6956227915834502,9.5,-50.6,77.19978740301084,134.95268339661993,3.9446165846632044,-4.0,True,21.590344566001953,41.0,0.3269581011912596,"Difference of sampled overlapping GPS speed windows; noisy, not an independent accelerometer measurement"
frame_00214.jpg,2026-10-04T08:56:41.213+10:00,213.213,target not identifiable,missing target in sample; exit versus occlusion uncertain,True,3.738717975866288,1.7331445558416188,1032,24.521674804054957,-1.5787551062193526,9.5,-55.0,68.51791833670329,16.101312068220636,3.8948684188300895,-4.0,True,21.590344566001953,-33.0,0.0,"Difference of sampled overlapping GPS speed windows; noisy, not an independent accelerometer measurement"
frame_00215.jpg,2026-10-04T08:56:42.214+10:00,214.214,post-ride whitewater; identity uncertain,identity uncertain,True,7.686267687631943,4.244622941567762,2058,24.521674804054957,-3.943606105659996,9.5,-55.0,51.02434281805901,-4.2016485930821545,3.8275318418009276,-4.0,True,21.590344566001953,-7.0,0.0,"Difference of sampled overlapping GPS speed windows; noisy, not an independent accelerometer measurement"
frame_00216.jpg,2026-10-04T08:56:43.215+10:00,215.215,post-ride whitewater; identity uncertain,identity uncertain,True,4.712872065278017,-4.487373920432473,88,,2.97042519715677,9.5,-54.900000000000006,63.61436757931898,134.71443019720573,3.801315561749643,-4.0,True,21.590344566001953,22.0,,"Difference of sampled overlapping GPS speed windows; noisy, not an independent accelerometer measurement"
frame_00217.jpg,2026-10-04T08:56:44.216+10:00,216.216,not individually reviewed,not individually reviewed,False,3.655921173989356,-2.9023072657889957,1114,,1.0558949962923685,9.5,-55.0,68.95158776895133,73.26697044115235,3.769615364994153,-4.0,True,21.590344566001953,48.0,,"Difference of sampled overlapping GPS speed windows; noisy, not an independent accelerometer measurement"
frame_00218.jpg,2026-10-04T08:56:45.217+10:00,217.217,not individually reviewed,not individually reviewed,False,4.600791003188197,-3.7871243930089165,37,3.368973325134295,-0.9439259032955459,9.5,-55.0,64.15938134005307,62.71981136104944,3.736308338453881,-4.0,True,21.590344566001953,-29.0,,"Difference of sampled overlapping GPS speed windows; noisy, not an independent accelerometer measurement"
frame_00219.jpg,2026-10-04T08:56:46.218+10:00,218.218,not individually reviewed,not individually reviewed,False,8.096399316600928,-2.870079378664151,66,-3.424202489743556,-3.492116197215516,9.5,-55.0,49.5606194296842,13.08089334317765,3.7,-4.0,True,21.590344566001953,-4.0,-1.885108173736822,"Difference of sampled overlapping GPS speed windows; noisy, not an independent accelerometer measurement"
frame_00220.jpg,2026-10-04T08:56:47.219+10:00,219.219,not individually reviewed,not individually reviewed,False,11.988484626040163,-3.9670073414989266,1092,-3.424202489743556,-3.8881971123269086,9.5,-55.0,38.39425862413826,-2.2576965725506852,3.7336309405188937,-4.0,True,21.590344566001953,22.0,0.0,"Difference of sampled overlapping GPS speed windows; noisy, not an independent accelerometer measurement"
frame_00221.jpg,2026-10-04T08:56:48.220+10:00,220.22,post-ride whitewater; identity uncertain,identity uncertain,True,17.51486159869163,-3.865452396956776,122,-3.424201993652428,-5.520856116534933,9.5,-55.0,28.4752501883471,-12.23130698154182,3.801315561749643,-4.0,True,21.590344566001953,50.0,1.376654257345582e-07,"Difference of sampled overlapping GPS speed windows; noisy, not an independent accelerometer measurement"
frame_00222.jpg,2026-10-04T08:56:49.221+10:00,221.221,not individually reviewed,not individually reviewed,False,20.537620029771848,-3.0263438639960887,43,-6.9588606796947685,-3.019738692387829,9.5,-49.900000000000006,24.823645516489808,-16.60745716995416,3.7576588456111875,-4.0,True,21.590344566001953,-29.0,-0.9808687662455111,"Difference of sampled overlapping GPS speed windows; noisy, not an independent accelerometer measurement"
frame_00223.jpg,2026-10-04T08:56:50.222+10:00,222.222,not individually reviewed,not individually reviewed,False,24.07996339234748,-3.7994442985030754,75,-3.5346590083654097,-3.538804558017615,9.5,-39.900000000000006,21.530169983217462,-15.302875214838764,3.7161808352124095,0.0,False,21.590344566001953,-1.0,0.9502169140108065,"Difference of sampled overlapping GPS speed windows; noisy, not an independent accelerometer measurement"
frame_00224.jpg,2026-10-04T08:56:51.223+10:00,223.223,not individually reviewed,not individually reviewed,False,27.524832692215806,-5.258595090927044,1101,-3.5346590083654097,-3.4414278719963303,9.600000000000001,-34.9,19.227543802497184,-5.567181524179659,2.1840329667841556,0.0,False,21.590344566001953,24.0,0.0,"Difference of sampled overlapping GPS speed windows; noisy, not an independent accelerometer measurement"
frame_00225.jpg,2026-10-04T08:56:52.224+10:00,224.224,not individually reviewed,not individually reviewed,False,27.781491399288527,-5.416926718920835,2126,-3.5346590083654097,-0.2564023047679523,9.5,-33.0,18.87834288502205,2.3625501651290506,0.2,0.0,False,21.590344566001953,48.0,0.0,"Difference of sampled overlapping GPS speed windows; noisy, not an independent accelerometer measurement"
frame_00226.jpg,2026-10-04T08:56:53.225+10:00,225.225,post-ride whitewater; identity uncertain,identity uncertain,True,28.268079552016918,0.46721284191641277,43,,-0.4861020506777134,9.5,-27.5,18.57585485485343,-9.728221345572365,0.1,0.0,False,21.590344566001953,-31.0,,"Difference of sampled overlapping GPS speed windows; noisy, not an independent accelerometer measurement"
frame_00227.jpg,2026-10-04T08:56:54.226+10:00,226.226,not individually reviewed,not individually reviewed,False,28.2592780004391,1.413010132401086,541,,0.008792758818999147,9.600000000000001,-25.0,18.763211807677674,-9.947275400300782,0.0,0.0,False,21.590344566001953,-4.0,,"Difference of sampled overlapping GPS speed windows; noisy, not an independent accelerometer measurement"
frame_00228.jpg,2026-10-04T08:56:55.227+10:00,227.227,not individually reviewed,not individually reviewed,False,28.31119662000332,2.3501923106918525,107,-2.3564391206662827,-0.05186675281140777,9.600000000000001,-25.0,18.731204589136237,-3.9429615780851464,0.0,0.0,False,,26.0,,"Difference of sampled overlapping GPS speed windows; noisy, not an independent accelerometer measurement"
frame_00229.jpg,2026-10-04T08:56:56.228+10:00,228.228,not individually reviewed,not individually reviewed,False,28.301391025744962,2.3388345943899087,131,-0.0,0.00979579845989647,9.600000000000001,-25.0,18.73724155608611,1.0784576487579898,0.0,0.0,False,,50.0,0.6539125098974002,"Difference of sampled overlapping GPS speed windows; noisy, not an independent accelerometer measurement"
frame_00230.jpg,2026-10-04T08:56:57.229+10:00,229.229,not individually reviewed,not individually reviewed,False,29.402445078972317,2.2658018124789385,61,0.11045766440195497,-1.0999540991282264,9.600000000000001,-24.900000000000002,18.082039464814365,1.2991116430093825,0.0,0.0,False,4.003017359052569,-20.0,0.030652032523574877,"Difference of sampled overlapping GPS speed windows; noisy, not an independent accelerometer measurement"
frame_00231.jpg,2026-10-04T08:56:58.230+10:00,230.23,post-ride whitewater; identity uncertain,identity uncertain,True,29.547277573125385,3.227810176229272,582,-3.4242008529144363,-0.14468780634672115,9.600000000000001,-24.900000000000002,17.999136255632745,-0.45283224780632736,0.0,0.0,False,5.341112143779703,3.0,-0.9808687194240412,"Difference of sampled overlapping GPS speed windows; noisy, not an independent accelerometer measurement"
frame_00232.jpg,2026-10-04T08:56:59.231+10:00,231.231,not individually reviewed,not individually reviewed,False,30.99682540510648,5.13389285223011,113,-4.639239143665688,-1.4480997322488476,9.600000000000001,-24.900000000000002,17.208230755574238,-3.8148232285356016,0.0,0.0,False,5.41756249146224,29.0,-0.3371734628569336,"Difference of sampled overlapping GPS speed windows; noisy, not an independent accelerometer measurement"
frame_00233.jpg,2026-10-04T08:57:00.232+10:00,232.232,not individually reviewed,not individually reviewed,False,31.018496450826923,5.115744085433295,44,-0.0,-0.02164939632411798,9.5,-24.900000000000002,17.028196035383704,-3.174109866332401,0.0,0.0,False,0.0,-41.0,1.287390149757372,"Difference of sampled overlapping GPS speed windows; noisy, not an independent accelerometer measurement"
frame_00234.jpg,2026-10-04T08:57:01.233+10:00,233.233,not individually reviewed,not individually reviewed,False,31.222866934126035,6.061733104331028,73,-3.5346580262671297,-0.20416631698212967,9.5,-25.0,16.923126676214206,-4.675921824433203,0.0,0.0,False,3.536004451570593,-12.0,-0.980868583157707,"Difference of sampled overlapping GPS speed windows; noisy, not an independent accelerometer measurement"
frame_00235.jpg,2026-10-04T08:57:02.234+10:00,234.234,not individually reviewed,not individually reviewed,False,31.227784180634607,6.051345165872922,87,-3.5346580262671297,-0.004912334174398106,9.5,-24.900000000000002,16.920614164275563,-3.5547079048776595,0.0,0.0,False,0.0,3.0,0.0,"Difference of sampled overlapping GPS speed windows; noisy, not an independent accelerometer measurement"
frame_00236.jpg,2026-10-04T08:57:03.235+10:00,235.235,post-ride whitewater; identity uncertain,identity uncertain,True,31.73899189197859,8.005926965847703,113,-7.0693160424881585,-0.5106970143296521,9.5,-24.900000000000002,16.66330277349573,-5.891457001381127,0.0,0.0,False,7.072008893091251,33.0,-0.9808685803699112,"Difference of sampled overlapping GPS speed windows; noisy, not an independent accelerometer measurement"
frame_00237.jpg,2026-10-04T08:57:04.236+10:00,236.236,not individually reviewed,not individually reviewed,False,31.747036062270368,7.999905930153581,525,-3.5346580162210275,-0.00803613415762122,9.600000000000001,-24.900000000000002,16.824814404968,-3.7764434948514918,0.0,0.0,False,3.5360044415206637,-41.0,0.9808685831577352,"Difference of sampled overlapping GPS speed windows; noisy, not an independent accelerometer measurement"
frame_00238.jpg,2026-10-04T08:57:05.237+10:00,237.237,not individually reviewed,not individually reviewed,False,32.701148612628586,10.92260210052137,72,-7.069316052534258,-0.9531593909672508,9.600000000000001,-25.0,16.36053351297559,-8.193715082018798,0.0,0.0,False,7.072008903141168,-16.0,-0.9808685859455029,"Difference of sampled overlapping GPS speed windows; noisy, not an independent accelerometer measurement"
frame_00239.jpg,2026-10-04T08:57:06.238+10:00,238.238,not individually reviewed,not individually reviewed,False,33.090210794488044,11.920011583590535,98,-7.069316052534259,-0.3886735083511071,9.600000000000001,-24.900000000000002,16.178290189692238,-7.595379710037832,0.0,0.0,False,3.536004451570593,5.0,-2.464697579365415e-16,"Difference of sampled overlapping GPS speed windows; noisy, not an independent accelerometer measurement"
frame_00240.jpg,2026-10-04T08:57:07.239+10:00,239.239,not individually reviewed,not individually reviewed,False,33.90304314894879,13.867357951851588,118,-7.069316052534259,-0.8120203341266189,9.600000000000001,-25.0,15.810022651234494,-7.125105588674842,0.0,0.0,False,7.07200890314118,30.0,0.0,"Difference of sampled overlapping GPS speed windows; noisy, not an independent accelerometer measurement"
frame_00241.jpg,2026-10-04T08:57:08.240+10:00,240.24,waiting / paddling after ride,visible in sampled frame,True,35.26897768458097,16.806489602789462,44,-10.603974068755287,-1.3645699656665116,9.600000000000001,-24.900000000000002,15.226669655454167,-10.439775228040844,0.0,0.0,False,10.608013344661826,-46.0,-0.9808685803699108,"Difference of sampled overlapping GPS speed windows; noisy, not an independent accelerometer measurement"
frame_00242.jpg,2026-10-04T08:57:09.241+10:00,241.241,not individually reviewed,not individually reviewed,False,36.70370295176123,17.742997962157173,549,-6.958858050719922,-1.4332919752050572,9.600000000000001,-23.5,14.65758393165439,-7.589657877644527,0.0,0.0,False,8.126343158444612,-18.0,1.0115207065255154,"Difference of sampled overlapping GPS speed windows; noisy, not an independent accelerometer measurement"
frame_00243.jpg,2026-10-04T08:57:10.242+10:00,242.242,not individually reviewed,not individually reviewed,False,37.21854253471049,18.716884600630884,97,-0.0,-0.5143252576915657,9.600000000000001,-20.5,14.463387350737353,-6.1726747291641,0.0,0.0,False,2.3573360827197227,5.0,1.931085040159864,"Difference of sampled overlapping GPS speed windows; noisy, not an independent accelerometer measurement"
frame_00244.jpg,2026-10-04T08:57:11.243+10:00,243.243,not individually reviewed,not individually reviewed,False,36.98854866633016,18.735990291493692,126,-0.0,0.22976410427605018,9.600000000000001,-18.900000000000002,14.549514734817851,-0.11449142049184502,1.6278820596099708,3.45412879201114,False,0.0,29.0,0.0,"Difference of sampled overlapping GPS speed windows; noisy, not an independent accelerometer measurement"
frame_00245.jpg,2026-10-04T08:57:12.244+10:00,244.244,not individually reviewed,not individually reviewed,False,34.863715714838634,20.051854741923837,57,-3.534657698900822,2.1227102412502767,9.600000000000001,-19.0,15.395314611467258,-8.091311243697191,3.9000000000000004,3.5856747107705624,False,3.536004124079584,-37.0,-0.9808684923134656,"Difference of sampled overlapping GPS speed windows; noisy, not an independent accelerometer measurement"
frame_00246.jpg,2026-10-04T08:57:13.245+10:00,245.245,waiting / paddling after ride,visible in sampled frame,True,32.7433816296475,21.910398011385173,89,-7.069315397801644,2.1182158693218107,9.600000000000001,-19.0,16.34055784671474,-12.483078072861076,4.201190307520001,3.5007449049454604,False,7.072008248159162,-6.0,-0.9808684923134656,"Difference of sampled overlapping GPS speed windows; noisy, not an independent accelerometer measurement"
frame_00247.jpg,2026-10-04T08:57:14.246+10:00,246.246,not individually reviewed,not individually reviewed,False,31.82109418323417,23.578201406731075,110,-6.958857406033299,0.921366080332999,9.600000000000001,-18.900000000000002,16.78786282339295,-13.89456947636495,4.201190307520001,3.3174027018180166,False,8.126342597187735,21.0,0.030652123367838967,"Difference of sampled overlapping GPS speed windows; noisy, not an independent accelerometer measurement"
frame_00248.jpg,2026-10-04T08:57:15.247+10:00,247.247,not individually reviewed,not individually reviewed,False,30.64117808195587,25.373518394294756,149,-7.0693147330227095,1.1787373639143839,9.600000000000001,-18.900000000000002,17.395976221783645,-16.18377735795673,4.001249804748512,2.418642012937214,False,7.072007583126999,50.0,-0.03065193889150027,"Difference of sampled overlapping GPS speed windows; noisy, not an independent accelerometer measurement"
frame_00249.jpg,2026-10-04T08:57:16.248+10:00,248.248,not individually reviewed,not individually reviewed,False,29.58547635577991,26.29041638324061,72,-3.534657371534405,1.0546470790968645,9.600000000000001,-21.6,17.977393340133386,-16.482259285296777,3.2015621187164247,1.6576727207573332,False,3.5360037965884663,-30.0,0.9808683986814263,"Difference of sampled overlapping GPS speed windows; noisy, not an independent accelerometer measurement"
frame_00250.jpg,2026-10-04T08:57:17.249+10:00,249.249,not individually reviewed,not individually reviewed,False,27.971732063025254,25.321064804972966,100,3.645114872253112,1.6121321605940626,9.600000000000001,-24.6,18.94240662818233,-12.036502567286107,2.2,1.111876033842356,False,5.341111276537319,-3.0,1.9923887900398165,"Difference of sampled overlapping GPS speed windows; noisy, not an independent accelerometer measurement"
frame_00251.jpg,2026-10-04T08:57:18.250+10:00,250.25,waiting / paddling after ride,visible in sampled frame,True,27.56830867659262,25.458393986530027,122,0.11045766444119744,0.40302036606656877,9.600000000000001,-25.0,19.199442436522418,-9.219349949840307,1.6,0.7362451712795697,False,4.003017360474727,24.0,-0.9808683560361576,"Difference of sampled overlapping GPS speed windows; noisy, not an independent accelerometer measurement"
frame_00252.jpg,2026-10-04T08:57:19.251+10:00,251.251,not individually reviewed,not individually reviewed,False,28.067055698209426,26.572074390078225,49,-3.5346567168012495,-0.4982487728439638,9.600000000000001,-25.0,18.882637927162918,-9.296508099525454,1.4000000000000001,0.5328387189390194,False,3.5360031416059097,-50.0,-1.0115202523150266,"Difference of sampled overlapping GPS speed windows; noisy, not an independent accelerometer measurement"
frame_00253.jpg,2026-10-04T08:57:20.252+10:00,252.252,not individually reviewed,not individually reviewed,False,29.049332813798546,27.633888986395952,79,-3.4241988887159387,-0.9812958197693511,9.600000000000001,-25.0,18.287290095835026,-7.021649243074307,1.1,0.39724272988697296,False,5.341110842915767,-25.0,0.030652077945751543,"Difference of sampled overlapping GPS speed windows; noisy, not an independent accelerometer measurement"
frame_00254.jpg,2026-10-04T08:57:21.253+10:00,253.253,not individually reviewed,not individually reviewed,False,29.77800392119,28.66792797992493,101,-3.534656389434511,-0.7279431642272253,9.600000000000001,-25.0,17.8685746220846,-6.687515944198594,0.7000000000000001,0.30138248007176927,False,3.53600281411447,0.0,-0.030651987101391606,"Difference of sampled overlapping GPS speed windows; noisy, not an independent accelerometer measurement"
frame_00255.jpg,2026-10-04T08:57:22.254+10:00,254.254,not individually reviewed,not individually reviewed,False,29.89926764728175,28.676387987236957,136,0.11045766440195497,-0.12114258350824283,9.600000000000001,-25.0,17.800686813981905,-3.4378274200587384,0.6000000000000001,0.23458259191772818,False,4.003017359052569,29.0,1.0115201614597757,"Difference of sampled overlapping GPS speed windows; noisy, not an independent accelerometer measurement"
frame_00256.jpg,2026-10-04T08:57:23.255+10:00,255.255,waiting / paddling after ride,visible in sampled frame,True,29.81661286868136,28.690023474704773,60,-0.0,0.08257220639399529,9.600000000000001,-25.0,17.84690564782919,-3.2807819727469223,0.5,0.20795208600642337,False,0.0,-48.0,-0.030652032523574877,"Difference of sampled overlapping GPS speed windows; noisy, not an independent accelerometer measurement"
frame_00257.jpg,2026-10-04T08:57:24.256+10:00,256.256,not individually reviewed,not individually reviewed,False,30.887636198530036,29.659464341345007,90,-3.4241982339822448,-1.069953376472203,9.600000000000001,-25.0,17.26545214995266,-2.569641248215362,0.4,0.1684281847133118,False,5.341110409293975,-21.0,-0.9502159601460555,"Difference of sampled overlapping GPS speed windows; noisy, not an independent accelerometer measurement"
frame_00258.jpg,2026-10-04T08:57:25.257+10:00,257.257,not individually reviewed,not individually reviewed,False,32.97572832820748,31.58920584422444,108,-3.534655734700709,-2.086006123553892,9.600000000000001,-25.0,16.231504133566865,-1.9072794439313157,0.30000000000000004,0.14591119352796356,False,8.126339177166676,1.0,-0.03065198710135992,"Difference of sampled overlapping GPS speed windows; noisy, not an independent accelerometer measurement"
frame_00259.jpg,2026-10-04T08:57:26.258+10:00,258.258,not individually reviewed,not individually reviewed,False,33.81825946092844,32.552569819119384,138,-3.5346554073336467,-0.8416894432776795,9.600000000000001,-25.0,15.847670424984983,-2.85623131347063,0.30000000000000004,0.12180776383426106,False,3.5360018316395037,30.0,9.084445064578699e-08,"Difference of sampled overlapping GPS speed windows; noisy, not an independent accelerometer measurement"
frame_00260.jpg,2026-10-04T08:57:27.259+10:00,259.259,not individually reviewed,not individually reviewed,False,34.07194475858832,32.51305140707299,67,0.11045766440195497,-0.25343186579409105,9.600000000000001,-25.0,15.735539922845769,-1.1824708288363581,0.2,0.5784491024982003,False,4.003017359052569,-46.0,1.011519888926485,"Difference of sampled overlapping GPS speed windows; noisy, not an independent accelerometer measurement"
frame_00261.jpg,2026-10-04T08:57:28.260+10:00,260.26,waiting / paddling after ride,visible in sampled frame,True,34.28146995798419,32.49741436244493,94,0.11045766440195497,-0.20931588351235744,9.600000000000001,-24.900000000000002,15.644088273671862,0.2846135953833482,1.4000000000000001,0.5481548917535003,False,4.003017359052569,-21.0,0.0,"Difference of sampled overlapping GPS speed windows; noisy, not an independent accelerometer measurement"
frame_00262.jpg,2026-10-04T08:57:29.261+10:00,261.261,not individually reviewed,not individually reviewed,False,32.754917087010085,31.576088753551776,114,3.5346547525991996,1.5250278431309767,9.600000000000001,-24.900000000000002,16.33510997333277,-3.062913118365941,1.7000000000000002,0.42720960240355427,False,3.536001176655654,3.0,0.950215642190346,"Difference of sampled overlapping GPS speed windows; noisy, not an independent accelerometer measurement"
frame_00263.jpg,2026-10-04T08:57:30.262+10:00,262.262,not individually reviewed,not individually reviewed,False,33.35019699936897,32.560585555088046,143,-3.5346547525991996,-0.5946852271317515,9.600000000000001,-25.0,16.05869541305796,-5.488503485472052,1.3,0.3230325334613199,False,3.536001176655654,32.0,-1.9617353494279515,"Difference of sampled overlapping GPS speed windows; noisy, not an independent accelerometer measurement"
frame_00264.jpg,2026-10-04T08:57:31.263+10:00,263.263,not individually reviewed,not individually reviewed,False,33.36385717468103,32.577663521664014,72,0.11045766440195497,-0.013646528783278263,9.600000000000001,-25.0,16.052459260674762,-3.7182394012630766,0.9,0.23964729288578854,False,4.003017359052569,-44.0,1.0115197072375515,"Difference of sampled overlapping GPS speed windows; noisy, not an independent accelerometer measurement"
frame_00265.jpg,2026-10-04T08:57:32.264+10:00,264.264,not individually reviewed,not individually reviewed,False,33.4403831529534,32.60283593657387,101,0.11045766440195497,-0.0764495287436281,9.600000000000001,-24.900000000000002,16.017610603937722,-2.4307689724782904,0.8,0.19275342708426407,False,4.003017359052569,-14.0,0.0,"Difference of sampled overlapping GPS speed windows; noisy, not an independent accelerometer measurement"
frame_00266.jpg,2026-10-04T08:57:33.265+10:00,265.265,waiting / paddling after ride,visible in sampled frame,True,34.3221260611986,33.63929872298085,137,-3.5346540878182298,-0.880862046199002,9.600000000000001,-25.0,15.6264630069981,-3.233212353222598,0.5,0.16430372560389336,False,3.5360005116214555,18.0,-1.011519522760648,"Difference of sampled overlapping GPS speed windows; noisy, not an independent accelerometer measurement"
frame_00267.jpg,2026-10-04T08:57:34.266+10:00,266.266,not individually reviewed,not individually reviewed,False,34.28287208065608,33.69865784847842,167,-0.0,0.03921476577674908,9.600000000000001,-24.900000000000002,15.64347977891968,-3.7885564649843673,0.4,0.148153642212379,False,0.0,47.0,0.9808674902370165,"Difference of sampled overlapping GPS speed windows; noisy, not an independent accelerometer measurement"
frame_00268.jpg,2026-10-04T08:57:35.267+10:00,267.267,not individually reviewed,not individually reviewed,False,35.196762834226405,34.69953451205709,85,-3.5346540978643213,-0.9129777757945338,9.600000000000001,-24.5,15.256456384409681,-4.038969135884145,0.30000000000000004,0.12716795934433867,False,3.5360005216713732,-35.0,-0.9808674930248653,"Difference of sampled overlapping GPS speed windows; noisy, not an independent accelerometer measurement"
frame_00269.jpg,2026-10-04T08:57:36.268+10:00,268.268,not individually reviewed,not individually reviewed,False,35.13883475179961,34.698301580371705,116,-0.0,0.05787021221458368,9.600000000000001,-21.5,15.280432555579385,-3.3990464993649994,0.30000000000000004,0.10646584491600097,False,0.0,-7.0,0.9808674930248653,"Difference of sampled overlapping GPS speed windows; noisy, not an independent accelerometer measurement"
frame_00270.jpg,2026-10-04T08:57:37.269+10:00,269.269,not individually reviewed,not individually reviewed,False,34.14042272244638,33.74623803106335,135,3.5346540978643213,0.9974146147384874,9.600000000000001,-18.900000000000002,15.70553684610943,-1.666094302337342,0.1,1.5109967383614589,False,3.5360005216713732,21.0,0.9808674930248096,"Difference of sampled overlapping GPS speed windows; noisy, not an independent accelerometer measurement"
frame_00271.jpg,2026-10-04T08:57:38.270+10:00,270.27,waiting / paddling after ride,visible in sampled frame,True,32.12725410090389,31.84313505226457,165,3.5346540878182298,2.0111574640784124,9.600000000000001,-19.0,16.63676186965671,-4.255624658408124,1.6401219466856725,1.3142622888391946,False,3.5360005116214555,42.0,-2.7877931829910798e-09,"Difference of sampled overlapping GPS speed windows; noisy, not an independent accelerometer measurement"
frame_00272.jpg,2026-10-04T08:57:39.271+10:00,271.271,not individually reviewed,not individually reviewed,False,30.777980814391796,30.603983211231306,88,-0.0,1.3479253611509434,9.600000000000001,-19.0,17.323290342437954,-4.385893667179971,1.3601470508735445,1.0191653615918201,False,0.0,-37.0,-0.9808674902370165,"Difference of sampled overlapping GPS speed windows; noisy, not an independent accelerometer measurement"
frame_00273.jpg,2026-10-04T08:57:40.272+10:00,272.272,not individually reviewed,not individually reviewed,False,29.77692270642133,29.668840077238126,116,-0.0,1.0000580499205445,9.600000000000001,-19.0,17.869182178262474,-4.297945173645758,1.0,0.7998169591655232,False,0.0,-9.0,0.0,"Difference of sampled overlapping GPS speed windows; noisy, not an independent accelerometer measurement"
frame_00274.jpg,2026-10-04T08:57:41.273+10:00,273.273,not individually reviewed,not individually reviewed,False,30.979058654430403,30.914971296488265,138,-7.069308185682552,-1.2009350129960763,9.600000000000001,-21.400000000000002,17.21751648197302,-4.095087116693662,0.7810249675906655,0.6315553578884058,False,7.072001033292822,16.0,-1.9617349832618265,"Difference of sampled overlapping GPS speed windows; noisy, not an independent accelerometer measurement"
frame_00275.jpg,2026-10-04T08:57:42.274+10:00,274.274,not individually reviewed,not individually reviewed,False,30.41642966937297,30.378466531681728,171,-0.0,0.5620669181392939,9.600000000000001,-24.400000000000002,17.516680889642544,-3.918234004124429,0.6403124237432849,0.5082418932638217,False,0.0,44.0,1.961734983261938,"Difference of sampled overlapping GPS speed windows; noisy, not an independent accelerometer measurement"
frame_00276.jpg,2026-10-04T08:57:43.275+10:00,275.275,waiting / paddling after ride,visible in sampled frame,True,31.128093408931957,31.099761358771275,95,-3.5346540978643213,-0.7109527867722141,9.600000000000001,-25.0,17.13992388732173,-3.636405714474904,0.5,0.44875717793367526,False,3.5360005216713732,-33.0,-0.9808674930248653,"Difference of sampled overlapping GPS speed windows; noisy, not an independent accelerometer measurement"
frame_00277.jpg,2026-10-04T08:57:44.276+10:00,276.276,not individually reviewed,not individually reviewed,False,30.771196151886308,30.752379213302813,122,-0.0,0.3565407163293195,9.600000000000001,-25.0,17.32688128311208,-3.5773043310250614,0.36055512754639896,0.3728288469145377,False,0.0,-6.0,0.9808674930248096,"Difference of sampled overlapping GPS speed windows; noisy, not an independent accelerometer measurement"
frame_00278.jpg,2026-10-04T08:57:45.277+10:00,277.277,not individually reviewed,not individually reviewed,False,30.483863007412612,30.47228100786804,144,-0.0,0.28704609837532025,9.600000000000001,-25.0,17.480294706594258,-3.40166688973261,0.22360679774997896,0.3110813592286399,False,0.0,21.0,0.0,"Difference of sampled overlapping GPS speed windows; noisy, not an independent accelerometer measurement"
frame_00279.jpg,2026-10-04T08:57:46.278+10:00,278.278,not individually reviewed,not individually reviewed,False,30.185542551839898,30.179664625849213,174,-0.0,0.2980224331395746,9.600000000000001,-25.0,17.64238342906179,-3.2503712347692044,0.14142135623730953,0.24755020186621607,False,0.0,47.0,0.0,"Difference of sampled overlapping GPS speed windows; noisy, not an independent accelerometer measurement"
frame_00280.jpg,2026-10-04T08:57:47.279+10:00,279.279,not individually reviewed,not individually reviewed,False,29.143246620215898,29.13863059013917,100,3.5346540978643213,1.0412546769470534,9.600000000000001,-25.0,18.23226353630543,-3.261304875057931,0.14142135623730953,0.2348350391921413,False,3.5360005216713732,-33.0,0.9808674930248653,"Difference of sampled overlapping GPS speed windows; noisy, not an independent accelerometer measurement"
frame_00281.jpg,2026-10-04T08:57:48.280+10:00,280.28,waiting / paddling after ride,visible in sampled frame,True,28.01307762755059,28.01092163147669,124,3.5346540978643213,1.1290399527125952,9.600000000000001,-25.0,18.91643791672612,-3.2701886545066827,0.14142135623730953,0.20327770633299982,False,3.5360005216713732,-5.0,0.0,"Difference of sampled overlapping GPS speed windows; noisy, not an independent accelerometer measurement"
frame_00282.jpg,2026-10-04T08:57:49.281+10:00,281.281,not individually reviewed,not individually reviewed,False,27.912818735724123,27.911631296478806,155,-0.0,0.10015873309337371,9.600000000000001,-25.0,18.979528339863382,-3.1524995940887948,0.1,0.0,False,0.0,20.0,-0.9808674930248096,"Difference of sampled overlapping GPS speed windows; noisy, not an independent accelerometer measurement"
frame_00283.jpg,2026-10-04T08:57:50.282+10:00,282.282,not individually reviewed,not individually reviewed,False,28.909432709410407,28.908134136207835,173,-3.5346540978643213,-0.9956183553309528,9.600000000000001,-24.900000000000002,18.369858607332226,-3.1379301797526296,0.0,0.0,False,3.5360005216713732,45.0,-0.9808674930248653,"Difference of sampled overlapping GPS speed windows; noisy, not an independent accelerometer measurement"
frame_00284.jpg,2026-10-04T08:57:51.283+10:00,283.283,not individually reviewed,not individually reviewed,False,29.936529833795017,29.934439643744806,95,-3.5346540978643213,-1.0260710533312793,9.600000000000001,-24.900000000000002,17.779926242773346,-2.9039618910929903,0.0,0.0,False,3.5360005216713732,-33.0,0.0,"Difference of sampled overlapping GPS speed windows; noisy, not an independent accelerometer measurement"
frame_00285.jpg,2026-10-04T08:57:52.284+10:00,284.284,not individually reviewed,not individually reviewed,False,29.939003958310558,29.93698453824802,131,-0.0,-0.0024716528626777326,9.600000000000001,-24.900000000000002,17.778549446917275,-2.8155488076753272,0.0,0.0,False,0.0,-6.0,0.9808674930248653,"Difference of sampled overlapping GPS speed windows; noisy, not an independent accelerometer measurement"
frame_00286.jpg,2026-10-04T08:57:53.285+10:00,285.285,waiting / paddling after ride,visible in sampled frame,True,29.944738132194825,29.942629935659095,163,-0.0,-0.005728445438828507,9.600000000000001,-25.0,17.775359298469628,-2.801147373523577,0.0,0.0,False,0.0,25.0,0.0,"Difference of sampled overlapping GPS speed windows; noisy, not an independent accelerometer measurement"
frame_00287.jpg,2026-10-04T08:57:54.286+10:00,286.286,not individually reviewed,not individually reviewed,False,29.968996025803403,29.966736282278923,92,-0.0,-0.02423365994862915,9.600000000000001,-24.900000000000002,17.761875918194555,-2.7774239807905587,0.0,0.0,False,0.0,-48.0,0.0,"Difference of sampled overlapping GPS speed windows; noisy, not an independent accelerometer measurement"
frame_00288.jpg,2026-10-04T08:57:55.287+10:00,287.287,not individually reviewed,not individually reviewed,False,29.958933995945358,29.957036693250473,120,-0.0,0.010051977880164334,9.600000000000001,-24.900000000000002,17.767466340725086,-2.7361921688000166,0.0,0.0,False,0.0,-20.0,0.0,"Difference of sampled overlapping GPS speed windows; noisy, not an independent accelerometer measurement"
frame_00289.jpg,2026-10-04T08:57:56.288+10:00,288.288,not individually reviewed,not individually reviewed,False,29.973552676633236,29.971902386139295,145,-0.0,-0.014604076611266817,9.600000000000001,-25.0,17.759345381516997,-2.7797646379661956,0.0,0.0,False,0.0,5.0,0.0,"Difference of sampled overlapping GPS speed windows; noisy, not an independent accelerometer measurement"
frame_00290.jpg,2026-10-04T08:57:57.289+10:00,289.289,not individually reviewed,not individually reviewed,False,29.971840887396493,29.970417669783565,178,-0.0,0.001710079157586169,9.600000000000001,-25.0,17.76029594207282,-2.922628947346425,0.0,0.0,False,0.0,34.0,0.0,"Difference of sampled overlapping GPS speed windows; noisy, not an independent accelerometer measurement"
frame_00291.jpg,2026-10-04T08:57:58.290+10:00,290.29,waiting / paddling after ride,visible in sampled frame,True,29.97672178606376,29.975404896266266,99,-0.0,-0.004876022644622198,9.600000000000001,-24.900000000000002,17.75758582754086,-2.9439288518456124,0.0,0.0,False,0.0,-44.0,0.0,"Difference of sampled overlapping GPS speed windows; noisy, not an independent accelerometer measurement"
frame_00292.jpg,2026-10-04T08:57:59.291+10:00,291.291,not individually reviewed,not individually reviewed,False,29.009144711670597,29.00769215644838,127,3.5346540978643213,0.9666104639292331,9.600000000000001,-24.900000000000002,18.310935485709592,-2.907632945050409,0.0,0.0,False,3.5360005216713732,-18.0,0.9808674930248653,"Difference of sampled overlapping GPS speed windows; noisy, not an independent accelerometer measurement"
frame_00293.jpg,2026-10-04T08:58:00.292+10:00,292.292,not individually reviewed,not individually reviewed,False,28.02798345861882,28.0267577563418,153,3.5346540978643213,0.9801810719797973,9.600000000000001,-24.900000000000002,18.907092537290236,-2.9451589385715806,0.0,0.0,False,3.5360005216713732,7.0,0.0,"Difference of sampled overlapping GPS speed windows; noisy, not an independent accelerometer measurement"
frame_00294.jpg,2026-10-04T08:58:01.293+10:00,293.293,not individually reviewed,not individually reviewed,False,29.019079651936778,29.017700831489602,170,-3.5346540978643213,-0.9901060872307272,9.600000000000001,-24.900000000000002,18.30508459264006,-2.922464824968756,0.0,0.0,False,3.5360005216713732,32.0,-1.9617349860496192,"Difference of sampled overlapping GPS speed windows; noisy, not an independent accelerometer measurement"
frame_00295.jpg,2026-10-04T08:58:02.294+10:00,294.294,not individually reviewed,not individually reviewed,False,29.04299456067547,29.041613005842702,102,-0.0,-0.023891017720971762,9.600000000000001,-24.900000000000002,18.291015402407407,-3.022141456756117,0.0,0.0,False,0.0,-46.0,0.9808674930248653,"Difference of sampled overlapping GPS speed windows; noisy, not an independent accelerometer measurement"
frame_00296.jpg,2026-10-04T08:58:03.295+10:00,295.295,waiting / paddling after ride,visible in sampled frame,True,29.03376046555479,29.032252016580642,129,-0.0,0.009224870250431753,9.600000000000001,-24.900000000000002,18.296445363491166,-2.8969564348117274,0.0,0.0,False,0.0,-19.0,0.0,"Difference of sampled overlapping GPS speed windows; noisy, not an independent accelerometer measurement"
frame_00297.jpg,2026-10-04T08:58:04.296+10:00,296.296,not individually reviewed,not individually reviewed,False,29.012370503262474,29.010467776260118,158,-0.0,0.021368593698615768,9.600000000000001,-25.0,18.309035353948314,-2.824831192816191,0.0,0.0,False,0.0,7.0,0.0,"Difference of sampled overlapping GPS speed windows; noisy, not an independent accelerometer measurement"
frame_00298.jpg,2026-10-04T08:58:05.297+10:00,297.297,not individually reviewed,not individually reviewed,False,29.003134850690525,29.001212386201573,179,-0.0,0.009226426145803003,9.600000000000001,-25.0,18.314476571607024,-2.821331427420091,0.0,0.0,False,0.0,29.0,0.0,"Difference of sampled overlapping GPS speed windows; noisy, not an independent accelerometer measurement"
frame_00299.jpg,2026-10-04T08:58:06.298+10:00,298.298,not individually reviewed,not individually reviewed,False,29.009945220240695,29.008052349016364,103,-0.0,-0.006803565984185597,9.600000000000001,-24.900000000000002,18.310463915761794,-2.826504183161319,0.0,0.0,False,0.0,-49.0,0.0,"Difference of sampled overlapping GPS speed windows; noisy, not an independent accelerometer measurement"
frame_00300.jpg,2026-10-04T08:58:07.299+10:00,299.299,not individually reviewed,not individually reviewed,False,29.027130868451138,29.025262613014487,125,-0.0,-0.017168479730712394,9.600000000000001,-24.900000000000002,18.300345711943947,-2.830965318938979,0.0,0.0,False,0.0,-27.0,0.0,"Difference of sampled overlapping GPS speed windows; noisy, not an independent accelerometer measurement"
