<?xml version='1.0' encoding='utf-8'?>
<kml xmlns="http://www.opengis.net/kml/2.2">
  <Document>
    <name>VT 3.0 — 26 Sep 2026 — 16:57 run</name>
    <description>Drone and tracker GPS positions; all geometry clamped to ground, not flight altitude. Times are Brisbane UTC+10, log observation/receipt time. Tracker drift is not proof of actual movement. Paths split at gaps over 3 seconds. Heading arrows show aircraft heading, not measured camera yaw.</description>
    <Style id="drone">
      <LineStyle>
        <color>ffff8800</color>
        <width>3</width>
      </LineStyle>
      <IconStyle>
        <color>ffff8800</color>
        <scale>0.7</scale>
      </IconStyle>
    </Style>
    <Style id="tracker">
      <LineStyle>
        <color>ff00aaff</color>
        <width>3</width>
      </LineStyle>
      <IconStyle>
        <color>ff00aaff</color>
        <scale>0.7</scale>
      </IconStyle>
    </Style>
    <Style id="heading">
      <LineStyle>
        <color>ff00cc00</color>
        <width>3</width>
      </LineStyle>
      <IconStyle>
        <color>ff00cc00</color>
        <scale>0.7</scale>
      </IconStyle>
    </Style>
    <Style id="compare">
      <LineStyle>
        <color>ffdd00dd</color>
        <width>3</width>
      </LineStyle>
      <IconStyle>
        <color>ffdd00dd</color>
        <scale>0.7</scale>
      </IconStyle>
    </Style>
    <Folder>
      <name>Drone GPS path</name>
      <visibility>1</visibility>
      <Placemark>
        <name>Drone segment 1</name>
        <styleUrl>#drone</styleUrl>
        <description>2026-09-26T16:58:05.489+10:00 to 2026-09-26T17:08:29.393+10:00</description>
        <LineString>
          <tessellate>1</tessellate>
          <altitudeMode>clampToGround</altitudeMode>
          <coordinates>153.56947964817002,-28.201591664748424,0 153.5694797942558,-28.201591481936283,0 153.56947990929729,-28.20159032874221,0 153.56948001907793,-28.20158888241304,0 153.56948009769332,-28.201587943126963,0 153.569480207765,-28.201586749115688,0 153.56948040181373,-28.201585838616683,0 153.56948051974842,-28.201585394391767,0 153.56948060514839,-28.201584937102265,0 153.56948069353516,-28.201584702633596,0 153.5694807223558,-28.201584625672464,0 153.56948077852564,-28.201584559763756,0 153.569480846027,-28.201584527645217,0 153.56948093548124,-28.20158445133731,0 153.56948096286928,-28.201584342305825,0 153.56948101895708,-28.20158416551303,0 153.56948103272856,-28.201583937711586,0 153.56948107415542,-28.201583812066662,0 153.56948117147022,-28.20158361230696,0 153.5694812665194,-28.20158347248374,0 153.56948140399794,-28.20158330279187,0 153.5694815178936,-28.20158315216038,0 153.56948155428742,-28.201583059009863,0 153.56948163696435,-28.201582925727507,0 153.56948170254645,-28.201582836146194,0 153.56948175227498,-28.201582697903575,0 153.5694818063943,-28.201582606691332,0 153.56948183635842,-28.201582467505276,0 153.56948190981382,-28.20158232254403,0 153.56948198793407,-28.2015822143853,0 153.56948211764015,-28.201582032626895,0 153.56948228594123,-28.201581930324746,0 153.56948237356247,-28.201581858886072,0 153.56948252411865,-28.201581728763845,0 153.56948259627512,-28.201581634264038,0 153.5694826846315,-28.201581484998975,0 153.56948273260903,-28.20158139918926,0 153.56948282672866,-28.201581324945984,0 153.56948297058898,-28.20158121143399,0 153.569483073421,-28.201581143679107,0 153.56948307342586,-28.201582190591683,0 153.56948307388092,-28.201582502484104,0 153.5694830400169,-28.201582439321104,0 153.56948317878894,-28.20158248789567,0 153.56948321166507,-28.201582488947263,0 153.56948318136924,-28.201582559177993,0 153.56948315172897,-28.20158263439468,0 153.5694829934216,-28.201582645527424,0 153.56948277244834,-28.20158271896112,0 153.56948281454413,-28.201582465213615,0 153.5694827740541,-28.201582094905355,0 153.56948254969618,-28.201582221706825,0 153.569482253121,-28.201582437568092,0 153.56948228505237,-28.20158240432193,0 153.56948254741118,-28.201582791206153,0 153.56948277769155,-28.201582768718996,0 153.5694826535908,-28.201582986862288,0 153.5694825129396,-28.20158312374276,0 153.56948256223797,-28.201583236171036,0 153.56948262881951,-28.20158334593928,0 153.5694824497282,-28.20158366470453,0 153.56948196886833,-28.20158395117561,0 153.56948196109403,-28.201584078723474,0 153.56948229506187,-28.20158400730194,0 153.56948224888515,-28.201583863997325,0 153.56948225685082,-28.201583729335685,0 153.5694824406294,-28.201583735758753,0 153.569482863707,-28.20158363770688,0 153.56948486748553,-28.20158525286801,0 153.56949703422944,-28.2015976381395,0 153.56951885458454,-28.201621627752065,0 153.5695339209457,-28.20163869350977,0 153.56954431099155,-28.20165236295426,0 153.56954558601976,-28.20165486086928,0 153.56954557025247,-28.201656095948337,0 153.5695452662408,-28.201656628024043,0 153.5695448707943,-28.201656982327112,0 153.56954444600524,-28.201656892117203,0 153.5695442945535,-28.201656584298366,0 153.56954430497433,-28.201656867924154,0 153.5695444597992,-28.20165723139385,0 153.5695446770372,-28.201657809499743,0 153.5695470588976,-28.20165913981751,0 153.5695560692794,-28.201663393399027,0 153.56958112812072,-28.201675069996917,0 153.569605428532,-28.20168612579984,0 153.56964806063007,-28.201705109443388,0 153.56968900233045,-28.201724755508685,0 153.56971768579186,-28.20173877618499,0 153.5697632687199,-28.201762902358922,0 153.56979337448612,-28.20177748372452,0 153.56982171672425,-28.201792207215714,0 153.56982778890838,-28.20179619166671,0 153.56982773800974,-28.201796343130265,0 153.56982692363098,-28.201796041008446,0 153.56982662263283,-28.201795924652224,0 153.56982878677894,-28.201796956180715,0 153.5698384256806,-28.201801816447446,0 153.56986424495443,-28.20181462618634,0 153.5698981698318,-28.201830764902276,0 153.5699156627987,-28.201836794111262,0 153.56993655808316,-28.201832575422905,0 153.56994783114703,-28.201822018875735,0 153.56996394794456,-28.20179692201575,0 153.56997136258596,-28.20178389895997,0 153.5699737694437,-28.201778558961557,0 153.56997301797867,-28.20177841981727,0 153.5699721780534,-28.201778846005553,0 153.56997115673605,-28.20177921494953,0 153.5699690683741,-28.20177970993037,0 153.5699682650772,-28.20178013207506,0 153.56996923728457,-28.201781713806913,0 153.56998491734117,-28.201790223454356,0 153.57000415357783,-28.201799779725246,0 153.57004232781367,-28.20181894378862,0 153.57007221439287,-28.201833298181633,0 153.5701231397371,-28.201857106504832,0 153.57015374671332,-28.20187179665348,0 153.57018399008868,-28.201886105367556,0 153.57019856110645,-28.201887522305686,0 153.5702154209701,-28.2018784889096,0 153.57022467675134,-28.201866179994205,0 153.57024026675344,-28.201840571516374,0 153.57025212120536,-28.20182060363386,0 153.57026137457578,-28.201803282491294,0 153.5702614726403,-28.201801123741554,0 153.57025938287853,-28.201801772858836,0 153.57025759462047,-28.201802805706638,0 153.57025641419128,-28.201803361547046,0 153.57025450648268,-28.20180400816278,0 153.57025323141073,-28.20180424843127,0 153.5702517705528,-28.20180425184091,0 153.57025134259956,-28.201804114135868,0 153.57025110136553,-28.201804328892003,0 153.570251107898,-28.20180439470326,0 153.57025085461004,-28.20180431915995,0 153.5702507286271,-28.20180418159198,0 153.57025023846006,-28.20180389093273,0 153.5702500730491,-28.201803802676082,0 153.57024997933956,-28.20180387743123,0 153.57025001277947,-28.201804570668273,0 153.57025516182736,-28.2018071288089,0 153.57027499333347,-28.20181533093735,0 153.57029490548425,-28.20182338621126,0 153.5703333652037,-28.201838414394356,0 153.5703639204258,-28.201850245976814,0 153.57041466519442,-28.201869602556535,0 153.57045119317522,-28.201884199805253,0 153.57046415192215,-28.201889300049192,0 153.5704674033712,-28.20189071239544,0 153.570469273596,-28.201892370544424,0 153.57046869811828,-28.20189256210127,0 153.57046860401988,-28.20189257063395,0 153.5704687892615,-28.20189260229737,0 153.57046911090686,-28.20189258139403,0 153.5704694713581,-28.201892598664987,0 153.57046968101866,-28.201892641431165,0 153.57047012157014,-28.201892687521323,0 153.57047041700795,-28.201892616347155,0 153.5704707500074,-28.20189267014756,0 153.5704708185203,-28.201892690536884,0 153.57047101985975,-28.20189276650854,0 153.57047109809363,-28.20189273604449,0 153.57046498169882,-28.201890445826436,0 153.57045255029163,-28.201885872860714,0 153.57042212501858,-28.201874456003978,0 153.5703807977093,-28.201861092086663,0 153.57035243980107,-28.20185159300869,0 153.5703099816781,-28.201835692419504,0 153.57028602772965,-28.20182618352381,0 153.57026608136127,-28.201819170744077,0 153.5702627316922,-28.201818269398856,0 153.57026148438317,-28.201817902990697,0 153.57025515031782,-28.201815557447325,0 153.57023321404085,-28.201807226968935,0 153.57021177290807,-28.20179821851979,0 153.5701732687835,-28.20178208259668,0 153.57014117338088,-28.20177039000431,0 153.57013101192217,-28.201766904937568,0 153.5701284219614,-28.201765796837734,0 153.57012840384166,-28.20176558999746,0 153.5701290196806,-28.201765243875823,0 153.57012851100492,-28.20176486483999,0 153.5701172582772,-28.201760360683956,0 153.570101578415,-28.201754625166906,0 153.57007328353714,-28.201745152595056,0 153.570063600697,-28.2017423395022,0 153.5700608351378,-28.201741264813446,0 153.57006080791925,-28.20174103880035,0 153.57006114951193,-28.201740941839688,0 153.57006160872757,-28.20174112955855,0 153.57006171670744,-28.201741320395772,0 153.57006174773656,-28.20174146899797,0 153.5700618549776,-28.201741556243718,0 153.57006189623314,-28.201741503368545,0 153.57006178903097,-28.201741363710237,0 153.57006137064315,-28.20174137054666,0 153.57006117844136,-28.201741489918444,0 153.57006089801263,-28.201741665129568,0 153.57006085664045,-28.201741514437035,0 153.57006084715286,-28.201741422256728,0 153.57006094766703,-28.20174131037245,0 153.57006104355406,-28.20174121817501,0 153.57006119885526,-28.2017414256835,0 153.57006113298638,-28.2017414514186,0 153.5700614339068,-28.201741256212237,0 153.57006143686198,-28.20174128866382,0 153.5700615151736,-28.20174110005399,0 153.57006150766904,-28.20174121723264,0 153.57006142834646,-28.201741312856864,0 153.57006133502574,-28.201741398115082,0 153.57006131885015,-28.201741215245114,0 153.57006151377377,-28.201740954364556,0 153.57006171421887,-28.201740973588777,0 153.57006205013457,-28.201740965998468,0 153.57006229782326,-28.20174087693653,0 153.57006234055638,-28.20174052423548,0 153.57006257529684,-28.201740377552273,0 153.57006267997156,-28.201740269505986,0 153.57006279425053,-28.201740149157573,0 153.57006294912404,-28.201740277164834,0 153.5700631919523,-28.201740597551375,0 153.5700632883448,-28.201740713890462,0 153.57006348062438,-28.20174094805929,0 153.57006372213058,-28.20174124438985,0 153.57006375455953,-28.20174155797424,0 153.5700637253968,-28.201741323873954,0 153.5700635555531,-28.20174136646879,0 153.57006342494302,-28.201741491426226,0 153.57006369627297,-28.201741747680632,0 153.57006407519393,-28.201741884203432,0 153.57006396569764,-28.20174193104748,0 153.57006411368872,-28.201742100758626,0 153.57006428889835,-28.201742104493814,0 153.5700647308108,-28.20174200904093,0 153.57006509721123,-28.201741860952755,0 153.57006512722938,-28.20174176236437,0 153.57006493456103,-28.201742014832185,0 153.57006497982155,-28.20174211595638,0 153.57006514091643,-28.201742450906725,0 153.5700647269613,-28.20174239780881,0 153.57006465891496,-28.201742576635187,0 153.57006475538526,-28.20174291542352,0 153.57006475305224,-28.201742943163282,0 153.57006485049462,-28.20174323250322,0 153.57006494163784,-28.201743437304565,0 153.57006490858674,-28.201743685677375,0 153.5700649366607,-28.201743776675446,0 153.57006500311286,-28.201743910028487,0 153.5700650795192,-28.20174395673546,0 153.57006511921938,-28.20174393725423,0 153.57006508360197,-28.20174396764974,0 153.5700652912794,-28.20174401415111,0 153.5700651467101,-28.20174411423014,0 153.57006504938437,-28.201744312811883,0 153.5700648820681,-28.20174453203996,0 153.5700649564136,-28.201744652302708,0 153.5700650236045,-28.201744576913608,0 153.570064954275,-28.201744419761603,0 153.57006485201106,-28.20174432201278,0 153.57006453475955,-28.20174419947123,0 153.5700643215606,-28.201744132546267,0 153.5700641213099,-28.20174408861498,0 153.57006402577284,-28.201744148772054,0 153.5700638434864,-28.20174434252204,0 153.57006382711637,-28.20174441326786,0 153.57006387428223,-28.20174445647952,0 153.5700637655636,-28.201744422057544,0 153.5700639714913,-28.201744527465213,0 153.57006395539346,-28.201744545627133,0 153.57006392102036,-28.2017445250836,0 153.5700641463121,-28.201744458981068,0 153.57006407951002,-28.201744466057363,0 153.57006397732383,-28.201744677472387,0 153.5700640607292,-28.20174486452302,0 153.57006381202953,-28.20174479192675,0 153.57006347700818,-28.201744616989767,0 153.5700632946051,-28.20174443633007,0 153.57006305768712,-28.20174436870262,0 153.57006299193492,-28.20174449866315,0 153.57006275560022,-28.201744362620094,0 153.57006245794602,-28.20174416121126,0 153.570062235765,-28.20174426689307,0 153.57006212926274,-28.201744180898093,0 153.57006211973624,-28.20174401356856,0 153.57006211647,-28.201743909822877,0 153.5700620880461,-28.20174400006706,0 153.57006223700927,-28.20174401331155,0 153.57006232756922,-28.20174416955546,0 153.57006241447414,-28.201744235126842,0 153.57006236831927,-28.20174427672792,0 153.57006240805833,-28.20174423471563,0 153.57006261449155,-28.20174438342063,0 153.5700627478235,-28.201744494996497,0 153.57006267270032,-28.20174425294608,0 153.57006275373382,-28.201744169932407,0 153.57006293368724,-28.201744135853108,0 153.57006290067505,-28.20174412387652,0 153.57006266570127,-28.201744154477645,0 153.57006237842901,-28.201744027652612,0 153.5700625527832,-28.201744122317336,0 153.570062744324,-28.201744067214758,0 153.570062917395,-28.201743987490786,0 153.57006288570483,-28.201743893785558,0 153.57006282158576,-28.20174390838363,0 153.5700631261223,-28.20174415812716,0 153.57006325649914,-28.20174433753608,0 153.57006318709185,-28.201744342504913,0 153.57006308214494,-28.201744387001614,0 153.57006296354984,-28.201744509063417,0 153.5700631465751,-28.20174470305328,0 153.5700631965017,-28.201744674611028,0 153.5700631914857,-28.20174452881879,0 153.57006305169907,-28.201744354704235,0 153.57006278052464,-28.201744039115187,0 153.5700626214517,-28.201743563718374,0 153.57006249822948,-28.20174336751824,0 153.57006235595426,-28.201743180279134,0 153.57006223541504,-28.201743114639218,0 153.57006227169347,-28.20174325957476,0 153.57006234553347,-28.201743490179734,0 153.5700624822872,-28.2017437317504,0 153.57006215850322,-28.201743620311603,0 153.57006204138574,-28.20174351325908,0 153.5700618617045,-28.201743320571392,0 153.570061726545,-28.20174324989411,0 153.57006169458265,-28.20174326795323,0 153.57006171351895,-28.201743228271148,0 153.5700616908887,-28.201743033921478,0 153.57006176690618,-28.2017429705775,0 153.5700618489118,-28.2017427868337,0 153.57006202540455,-28.2017425377584,0 153.57006210289964,-28.201742354357275,0 153.5700621758842,-28.20174217487982,0 153.57006225905627,-28.201742035324312,0 153.5700624658783,-28.20174179754024,0 153.57006259050036,-28.20174170462317,0 153.5700627098342,-28.201741506778188,0 153.57006264983673,-28.20174134061376,0 153.57006232255324,-28.201741303741635,0 153.5700620212829,-28.201741347141766,0 153.57006175652427,-28.201741337992274,0 153.5700613602612,-28.201741453131987,0 153.5700610204183,-28.201741435775364,0 153.57006067618153,-28.20174136225386,0 153.57006051699193,-28.201741420097854,0 153.57006040838996,-28.20174149802277,0 153.57006044482392,-28.20174139696711,0 153.57006057613393,-28.20174116356931,0 153.5700605619414,-28.20174098940336,0 153.5700603501423,-28.20174083329652,0 153.57006016116787,-28.201740677532356,0 153.57006020040143,-28.201740598562278,0 153.57006023508563,-28.201740325173983,0 153.57006022727,-28.201740124878857,0 153.5700601366323,-28.201740070084686,0 153.57006017368838,-28.201740052471052,0 153.57006025569393,-28.201739802813194,0 153.57006060553,-28.201739745808755,0 153.5700606302211,-28.20173980271039,0 153.5700605741509,-28.20174005483553,0 153.57006046232155,-28.2017401623678,0 153.57006052274673,-28.201740138945777,0 153.57006076821907,-28.201739969114694,0 153.57006138273593,-28.201739936131965,0 153.57006185245018,-28.201739865146273,0 153.57006199515308,-28.20173985142203,0 153.57006223840907,-28.201739849177486,0 153.5700624597347,-28.201739847241363,0 153.57006283325083,-28.201739962980763,0 153.57006281637533,-28.20174018498453,0 153.57006265835224,-28.201740376524242,0 153.57006264505407,-28.20174043991962,0 153.57006260088227,-28.20174050855797,0 153.5700626618129,-28.20174054678367,0 153.57006280334932,-28.201740566676115,0 153.57006312837757,-28.20174068022238,0 153.57006328492307,-28.201740740036776,0 153.57006343143658,-28.201740909696518,0 153.57006360065813,-28.20174088612029,0 153.57006377586774,-28.20174091526503,0 153.57006386596115,-28.201740985325493,0 153.5700638429809,-28.201741124915266,0 153.57006386732206,-28.201741356342666,0 153.57006378201135,-28.201741351613713,0 153.57006368662982,-28.201741171725043,0 153.57006360303,-28.201741034499747,0 153.57006321578797,-28.201741046973215,0 153.57006348144094,-28.201741318562444,0 153.5700638526629,-28.20174145498245,0 153.57006397203565,-28.20174130183977,0 153.5700639254142,-28.201741243413224,0 153.57006386774978,-28.20174121228095,0 153.57006384480843,-28.201741205530197,0 153.57006386545564,-28.2017412262108,0 153.57006384123113,-28.201741228181195,0 153.57006390126745,-28.201741259005058,0 153.5700639071389,-28.20174126354554,0 153.57006370105566,-28.201741405191374,0 153.57006349396144,-28.201741871387284,0 153.57006348144094,-28.201742186719336,0 153.57006355858604,-28.201742514473445,0 153.57006363308707,-28.201742751572162,0 153.57006377349583,-28.201743002275187,0 153.5700640116581,-28.201743208618584,0 153.57006407021683,-28.201743145497343,0 153.5700640721999,-28.201743205328874,0 153.5700641330139,-28.201743428600544,0 153.570064116605,-28.20174370730034,0 153.570064017024,-28.20174376959915,0 153.57006429768606,-28.201743762814136,0 153.5700644774062,-28.201744106108677,0 153.57006463714012,-28.201744273472478,0 153.57006477424383,-28.201744173324915,0 153.57006491270843,-28.201744117811124,0 153.57006492954503,-28.201744062383,0 153.5700649696729,-28.20174421809576,0 153.57006482871978,-28.201744565262565,0 153.57006471646272,-28.20174467101291,0 153.57006453958113,-28.201744642587794,0 153.57006437109834,-28.2017445674043,0 153.5700640261228,-28.20174450284382,0 153.57006334717573,-28.201744748081133,0 153.5700632073891,-28.20174487341551,0 153.5700631722383,-28.201745016911808,0 153.57006302199198,-28.20174497688705,0 153.5700628354283,-28.20174508411091,0 153.57006272752625,-28.201745059969262,0 153.57006267382795,-28.20174516102493,0 153.57006268490977,-28.201745363513197,0 153.57006281777515,-28.201745623674125,0 153.57006336976715,-28.20174608599778,0 153.57006349660554,-28.201746300736776,0 153.5700637227916,-28.201746505041235,0 153.5700639313245,-28.201746528754537,0 153.57006392308116,-28.201746593469228,0 153.57006384546946,-28.20174669880836,0 153.57006397887918,-28.201746755093176,0 153.57006456676078,-28.201746641666848,0 153.57006479648524,-28.201746644802345,0 153.57006449863664,-28.201746593452093,0 153.5700645388423,-28.2017464688716,0 153.57006469600995,-28.20174636291565,0 153.57006462026465,-28.20174630137073,0 153.57006465300466,-28.20174600973485,0 153.5700647483862,-28.201745798576834,0 153.57006477369944,-28.201745587949972,0 153.57006489439422,-28.201745360137817,0 153.57006491908533,-28.20174521557922,0 153.57006508488513,-28.20174500944143,0 153.57006521020705,-28.20174493763332,0 153.57006543199927,-28.201744592316974,0 153.5700655882726,-28.201744429116705,0 153.57006586737927,-28.201744245989726,0 153.57006614909116,-28.201743999655847,0 153.57006610204198,-28.201743888576857,0 153.57006608994917,-28.201743818996146,0 153.57006598309695,-28.201743737832928,0 153.57006615597356,-28.201743723200586,0 153.5700662309023,-28.201743716569773,0 153.57006626142595,-28.20174371826603,0 153.57006614150885,-28.201743732589957,0 153.57006627173013,-28.201743847866744,0 153.57006634522017,-28.201743855439922,0 153.57006644001845,-28.201743825712633,0 153.5700666055461,-28.20174368661974,0 153.57006666356043,-28.20174356022306,0 153.57006682216678,-28.201743487266974,0 153.5700669695746,-28.201743490179734,0 153.5700671432289,-28.201743497941386,0 153.57006710496742,-28.20174359010456,0 153.57006710193448,-28.20174369366177,0 153.5700671284531,-28.201743825781165,0 153.57006710345095,-28.201743816186188,0 153.57006689507358,-28.20174386429814,0 153.57006680116962,-28.201744076689796,0 153.57006697062448,-28.201744204491455,0 153.57006721267507,-28.201744313480106,0 153.57006745978052,-28.201744112311147,0 153.57006749154846,-28.20174403089092,0 153.5700672244179,-28.201743822080246,0 153.57006726190173,-28.20174360028209,0 153.57006734830114,-28.201743488363544,0 153.5700672387271,-28.201743367124166,0 153.57006720890334,-28.201743155606334,0 153.57006722573993,-28.201743125673435,0 153.5700672463483,-28.201743065704836,0 153.57006725132536,-28.201743031762604,0 153.57006724914788,-28.201743076996063,0 153.57006715061675,-28.201743129305818,0 153.57006724794252,-28.201743029638003,0 153.57006745437567,-28.201743041511786,0 153.5700677814648,-28.20174306885747,0 153.5700677439032,-28.201743079206338,0 153.57006751196232,-28.20174288036759,0 153.57006741759176,-28.201742733855724,0 153.57006725124762,-28.201742737865057,0 153.5700671322248,-28.201742886467247,0 153.57006689367375,-28.201742947275413,0 153.57006689725108,-28.20174292248268,0 153.57006682578296,-28.201742959149197,0 153.57006664396312,-28.20174308693372,0 153.57006653112282,-28.201743230378614,0 153.57006638406494,-28.201743423665988,0 153.5700663468533,-28.2017435448711,0 153.57006632538952,-28.201743549480113,0 153.5700662814899,-28.201743420530487,0 153.5700662772127,-28.201743453290476,0 153.57006625742093,-28.201743407388797,0 153.57006627697942,-28.201743403859215,0 153.57006634090408,-28.201743549908464,0 153.57006626407005,-28.201743805134836,0 153.57006617790393,-28.201744031713343,0 153.5700661667443,-28.201744107633598,0 153.5700661098187,-28.201744259628303,0 153.57006610865216,-28.201744384414393,0 153.57006627791262,-28.20174439258726,0 153.5700662544658,-28.20174442238309,0 153.5700661238557,-28.20174433782736,0 153.57006605930886,-28.20174414217551,0 153.57006617595974,-28.20174402004517,0 153.57006625757649,-28.20174400630379,0 153.57006610989646,-28.20174418710056,0 153.57006584047178,-28.201744410269427,0 153.5700657590106,-28.201744639298088,0 153.57006556758648,-28.201744983072384,0 153.5700655376461,-28.201745020732666,0 153.5700655426232,-28.201745112159085,0 153.57006551913747,-28.201745207337822,0 153.5700657618102,-28.201745494330417,0 153.5700658851491,-28.20174561730032,0 153.57006592807662,-28.201746015577505,0 153.57006582542382,-28.201746550874383,0 153.57006592726003,-28.201746791605487,0 153.57006633818224,-28.201746907636164,0 153.57006656331845,-28.20174695963751,0 153.57006669011798,-28.201746895522508,0 153.5700667235579,-28.201747032456524,0 153.57006676442458,-28.2017473271251,0 153.57006666216066,-28.201747436867645,0 153.5700663363936,-28.20174758538417,0 153.57006623689037,-28.201747719953715,0 153.5700664073951,-28.201748140556354,0 153.57006639747976,-28.201748369430806,0 153.5700661613784,-28.201748675510554,0 153.57006590560187,-28.20174882238223,0 153.57006588682108,-28.201748809309073,0 153.57006601019884,-28.20174871627207,0 153.5700659998169,-28.201748767536657,0 153.5700660592311,-28.20174885754096,0 153.5700661989011,-28.201748864720063,0 153.57006620749436,-28.201749023842464,0 153.57006604562181,-28.201749250335308,0 153.5700658017437,-28.201749525179974,0 153.57006564912544,-28.20174970107645,0 153.57006552629207,-28.201749719958,0 153.57006542674998,-28.201749717867663,0 153.5700654229394,-28.201749705702603,0 153.57006539614855,-28.20174964547699,0 153.57006537511253,-28.2017495930473,0 153.57006533109626,-28.201749608639137,0 153.57006528058642,-28.2017496919955,0 153.5700650057569,-28.20174948717702,0 153.57006487553565,-28.201749173661167,0 153.5700649410157,-28.201749238324453,0 153.57006488385676,-28.20174938380828,0 153.5700646508272,-28.20174945945439,0 153.57006412862003,-28.201749338180743,0 153.5700641208433,-28.2017491593201,0 153.5700642312339,-28.20174881756761,0 153.57006423030072,-28.2017484662544,0 153.5700644258076,-28.201748236112042,0 153.57006460832736,-28.201748203471986,0 153.57006488688967,-28.201748292276918,0 153.57006491500255,-28.201748212381606,0 153.57006504569043,-28.20174808026221,0 153.5700651768449,-28.20174803067674,0 153.57006534062273,-28.20174806754887,0 153.57006545606825,-28.20174797900094,0 153.57006558916692,-28.201747889305043,0 153.5700657762749,-28.201747840130793,0 153.57006580088827,-28.20174777017314,0 153.57006557571316,-28.201747791590492,0 153.57006527078778,-28.20174776948778,0 153.57006501613887,-28.20174770996466,0 153.57006490477613,-28.20174764137771,0 153.57006506921502,-28.201747635792067,0 153.57006510747652,-28.201747660156453,0 153.57006499385855,-28.20174772195838,0 153.5700647022702,-28.20174785320395,0 153.57006481950435,-28.201747994215832,0 153.57006504635143,-28.201748200730563,0 153.5700651017606,-28.201748369516476,0 153.5700651815887,-28.201748464746622,0 153.57006540174783,-28.201748598647942,0 153.570065547367,-28.20174874863798,0 153.57006585606413,-28.201748832439822,0 153.57006598286364,-28.201748828601826,0 153.57006609846468,-28.201748843953787,0 153.5700661964903,-28.201748808349574,0 153.57006623700704,-28.201749078893638,0 153.5700663636121,-28.201749232875873,0 153.57006653123946,-28.20174924370449,0 153.570066332583,-28.20174903401999,0 153.57006620834983,-28.201748897497186,0 153.57006589712523,-28.201748623440672,0 153.57006561133056,-28.201748431044265,0 153.57006560324277,-28.201748260253684,0 153.57006576620407,-28.201748226122987,0 153.57006588281607,-28.201748090114194,0 153.57006569384163,-28.201747973723702,0 153.57006549448525,-28.20174796179852,0 153.57006552706974,-28.20174808845221,0 153.570065832384,-28.201748325670863,0 153.57006603205144,-28.201748451707733,0 153.57006617195472,-28.20174855284906,0 153.57006615122975,-28.201748589892524,0 153.57006608882153,-28.201748538011117,0 153.5700663665284,-28.201748541163752,0 153.57006660780132,-28.20174856179295,0 153.57006662934288,-28.201748365044534,0 153.57006657681106,-28.201748323906074,0 153.57006676442458,-28.201748603719572,0 153.57006695876495,-28.201748655378243,0 153.5700668821642,-28.20174865878788,0 153.5700665541808,-28.201748631339395,0 153.57006651724137,-28.201748639135314,0 153.57006657179508,-28.201748591331775,0 153.570066326906,-28.20174845777313,0 153.57006629342717,-28.201748299370347,0 153.5700662946326,-28.201748335334376,0 153.57006627219673,-28.201748489590756,0 153.57006656335736,-28.201748485547157,0 153.57006654508203,-28.201748529255703,0 153.57006628051784,-28.201748486609457,0 153.5700660137761,-28.20174848940228,0 153.57006601964756,-28.20174848955649,0 153.57006594919042,-28.20174865674895,0 153.570065982747,-28.201748772916694,0 153.57006619186313,-28.201748878632777,0 153.57006624031214,-28.201748951126252,0 153.57006602847414,-28.20174920905977,0 153.5700657179106,-28.201749223212364,0 153.5700657385189,-28.20174934544551,0 153.57006602532456,-28.201749397001375,0 153.57006606284727,-28.201749623785492,0 153.57006606074754,-28.201749847434108,0 153.5700659328593,-28.201750080335025,0 153.5700659444466,-28.20175003143492,0 153.57006596334404,-28.20175000768735,0 153.57006603593982,-28.20175013783635,0 153.57006625314375,-28.20175018517728,0 153.57006626235918,-28.20175030710201,0 153.570066152824,-28.20175044227124,0 153.57006593705873,-28.201750388059626,0 153.57006581943577,-28.201750384564317,0 153.5700658979418,-28.201750391229396,0 153.57006626698632,-28.2017503800067,0 153.5700662945548,-28.20175040836328,0 153.57006606805768,-28.201750366453794,0 153.57006597695334,-28.20175041143025,0 153.57006594530208,-28.201750577714613,0 153.57006588934854,-28.20175069724061,0 153.57006570087958,-28.20175056883926,0 153.5700657184161,-28.201750301602036,0 153.57006590949024,-28.201750111278827,0 153.5700660109376,-28.20175006959208,0 153.57006621021623,-28.201750057221414,0 153.57006648232385,-28.201750033559517,0 153.5700668389645,-28.20175006640518,0 153.57006722437902,-28.201750136465638,0 153.57006712569236,-28.20175012253579,0 153.57006696397536,-28.201750072967457,0 153.57006701452408,-28.201750002135974,0 153.57006715765473,-28.20174985934216,0 153.57006728184902,-28.201749835114843,0 153.57006745414242,-28.201749940556784,0 153.57006732928704,-28.20174998061581,0 153.57006734872886,-28.201749978165665,0 153.57006749287046,-28.20174992354283,0 153.5700674498263,-28.201749980324536,0 153.5700673717091,-28.20175017320069,0 153.57006726851193,-28.20175021817714,0 153.57006746491314,-28.201750084944045,0 153.5700675068297,-28.201749987452228,0 153.57006758230284,-28.201749817432674,0 153.5700676745737,-28.20174971260756,0 153.57006774716942,-28.201749678151312,0 153.57006767204626,-28.20174969425717,0 153.57006782555882,-28.20174977036589,0 153.57006778441993,-28.20174982575974,0 153.5700677495802,-28.201749750010833,0 153.5700676864332,-28.201749686906727,0 153.5700676281855,-28.201749672222988,0 153.57006751126244,-28.201749942321573,0 153.57006752164438,-28.201750354460078,0 153.57006743613925,-28.201750804515868,0 153.5700673885068,-28.201750884513977,0 153.570067158899,-28.201750800420868,0 153.57006707533807,-28.201750624370185,0 153.5700669781679,-28.201750470028138,0 153.57006689375154,-28.201750417598447,0 153.57006684538027,-28.201750435194946,0 153.57006684176412,-28.201750395632804,0 153.57006688826894,-28.201750265757944,0 153.57006687119903,-28.20175007332727,0 153.570066703805,-28.201749998503587,0 153.5700665359444,-28.201749916123863,0 153.57006638460928,-28.201750016459897,0 153.5700662297358,-28.201750226658415,0 153.57006623673487,-28.20175058616162,0 153.57006630746417,-28.20175062471286,0 153.5700661651112,-28.201750615049352,0 153.57006593981947,-28.201750686172115,0 153.57006562661184,-28.201750859001628,0 153.5700653647306,-28.201750953786284,0 153.5700651861381,-28.20175101248698,0 153.57006489416094,-28.201751219447193,0 153.57006482117635,-28.20175120070272,0 153.5700647493583,-28.201751123000548,0 153.57006464347816,-28.201751177195028,0 153.5700646251251,-28.201751466055217,0 153.57006471883463,-28.201751613132497,0 153.57006474904722,-28.201751736907692,0 153.57006453370968,-28.20175173461175,0 153.57006402134013,-28.201751957729222,0 153.57006386561116,-28.201752052051265,0 153.5700639315967,-28.201752171594386,0 153.57006382960495,-28.201751931308767,0 153.57006375615376,-28.201751792712763,0 153.5700637997034,-28.201751780170756,0 153.5700637534708,-28.20175180372985,0 153.5700637843444,-28.2017518176597,0 153.5700636215775,-28.201751776212827,0 153.5700633366383,-28.201751632767934,0 153.57006325428276,-28.20175153289451,0 153.57006322360357,-28.201751483240503,0 153.5700632558381,-28.201751525509803,0 153.5700631245281,-28.201751386005704,0 153.57006298726887,-28.201751361178697,0 153.57006288613255,-28.20175135475349,0 153.57006337548304,-28.201751645018657,0 153.5700636233273,-28.201751769410674,0 153.5700637323181,-28.201751736993362,0 153.57006356496296,-28.201751827614487,0 153.57006346997025,-28.2017519601451,0 153.57006345741084,-28.201752103384386,0 153.57006311395173,-28.201752254162585,0 153.57006275007873,-28.2017522257546,0 153.57006248621445,-28.20175233573702,0 153.57006236439204,-28.20175249640147,0 153.57006258505663,-28.201752527019725,0 153.57006269241433,-28.201752870537014,0 153.57006283336747,-28.201753105648198,0 153.5700631480527,-28.20175320589857,0 153.5700631905136,-28.201753242428012,0 153.57006278068016,-28.201753335979035,0 153.57006264870913,-28.201753289649005,0 153.57006283231763,-28.201753305549254,0 153.57006285389804,-28.2017533483497,0 153.57006275338384,-28.20175336831068,0 153.57006271566675,-28.2017535869048,0 153.57006268382105,-28.201753610806573,0 153.5700624851257,-28.201753694659814,0 153.57006248458134,-28.201753771299686,0 153.57006283885008,-28.2017538493274,0 153.570062854248,-28.201753785760683,0 153.57006259497194,-28.20175379160334,0 153.57006232158116,-28.201753804350954,0 153.57006222973803,-28.201753929445456,0 153.57006245841265,-28.20175399196701,0 153.57006268623184,-28.20175394627093,0 153.57006303214058,-28.201754009837646,0 153.57006318736404,-28.20175382463747,0 153.57006289398706,-28.201753282247168,0 153.57006262304594,-28.201752916627168,0 153.57006241276326,-28.20175281247027,0 153.57006238741113,-28.201752799876868,0 153.57006224673015,-28.201752855339258,0 153.57006207770306,-28.20175288361017,0 153.57006212541324,-28.20175287168498,0 153.57006224661353,-28.201752860188144,0 153.5700621298849,-28.201752845778547,0 153.57006201545036,-28.201752969331004,0 153.57006242003453,-28.201753315829585,0 153.5700628746619,-28.201753645965308,0 153.5700629729986,-28.201753539957952,0 153.57006309979812,-28.20175361282837,0 153.5700630471108,-28.201753602976385,0 153.57006290328025,-28.201753585602624,0 153.5700628810388,-28.20175373919078,0 153.57006324837246,-28.20175371304447,0 153.57006362546588,-28.201753671648998,0 153.57006367772547,-28.20175360863057,0 153.57006368340248,-28.201753741966474,0 153.57006353198963,-28.201753817732516,0 153.57006379519294,-28.20175418247869,0 153.57006392451987,-28.20175445555857,0 153.5700640108804,-28.201754608478506,0 153.57006416470404,-28.20175492783701,0 153.5700642196466,-28.20175525973752,0 153.57006430717365,-28.201755695555057,0 153.57006441173175,-28.201756026667407,0 153.57006441072076,-28.201756227870636,0 153.57006448576615,-28.201756442575363,0 153.57006462885792,-28.201756707019765,0 153.57006419110604,-28.201756899895923,0 153.57006445263733,-28.201757121591278,0 153.5700647426703,-28.201757396453083,0 153.57006457998122,-28.201757165008548,0 153.57006450975734,-28.2017566874186,0 153.57006449054884,-28.201756644892292,0 153.57006449054884,-28.201756824352618,0 153.57006438657402,-28.201756919548494,0 153.5700647483473,-28.201757255064255,0 153.57006524555229,-28.201757253385136,0 153.57006551019424,-28.201757046990338,0 153.57006537172967,-28.201756609836362,0 153.57006532534146,-28.201756758935442,0 153.5700653075328,-28.201756834084666,0 153.5700654236004,-28.20175685192104,0 153.57006541640695,-28.20175685209238,0 153.5700653440834,-28.20175701145466,0 153.57006532957982,-28.201757051119603,0 153.57006506342134,-28.201756927173072,0 153.5700651960534,-28.201756979739837,0 153.5700651619136,-28.201756961560783,0 153.57006493296677,-28.20175695881936,0 153.5700648987103,-28.201756851167154,0 153.57006485325533,-28.20175673045892,0 153.57006424752618,-28.201756183031254,0 153.57006428637092,-28.201755974940205,0 153.5700647014148,-28.20175632471136,0 153.57006473306603,-28.20175637244637,0 153.57006447165142,-28.2017565055424,0 153.5700643763865,-28.201756745708085,0 153.57006440675462,-28.20175689869655,0 153.57006424219912,-28.201756960121532,0 153.57006405489668,-28.201756772985227,0 153.57006404816983,-28.201756977889374,0 153.57006417749676,-28.201757039348625,0 153.5700645507796,-28.20175713720025,0 153.5700646780846,-28.20175711722214,0 153.57006488132933,-28.201757056859456,0 153.57006511999703,-28.201756847329158,0 153.57006524496902,-28.201756759723597,0 153.5700655295583,-28.201756466991153,0 153.57006556381478,-28.201756217830177,0 153.5700656995964,-28.201755876763038,0 153.5700657926838,-28.20175572413438,0 153.57006584960945,-28.201755525158557,0 153.57006583075088,-28.201755380719895,0 153.57006574893973,-28.20175515175977,0 153.5700658042711,-28.20175520095116,0 153.57006547309928,-28.201754970311917,0 153.5700654241837,-28.201754917042663,0 153.5700653787287,-28.20175493237749,0 153.57006521782824,-28.201754979050197,0 153.57006504304633,-28.20175495370918,0 153.57006504129657,-28.2017548221552,0 153.57006491500255,-28.20175470883168,0 153.57006485877682,-28.201754831390367,0 153.57006468939974,-28.201755019486168,0 153.57006448339428,-28.201755096023238,0 153.57006424356004,-28.20175513784706,0 153.5700640463034,-28.201755140382872,0 153.57006368678537,-28.201755154038576,0 153.57006348735123,-28.2017551858562,0 153.57006332796723,-28.201755226000902,0 153.57006324238438,-28.201755295410273,0 153.570063103842,-28.20175528720314,0 153.5700630563651,-28.201755324298006,0 153.57006304477775,-28.201755238063157,0 153.57006311441836,-28.201755006190275,0 153.57006323083593,-28.201754859198665,0 153.57006329133887,-28.201754692965697,0 153.57006318137596,-28.20175460849564,0 153.5700630905049,-28.201754479614547,0 153.57006302914655,-28.201754478603647,0 153.57006290639094,-28.20175450529824,0 153.57006268895367,-28.20175466807016,0 153.57006260169882,-28.201754802125688,0 153.57006256503155,-28.2017548510258,0 153.57006254512314,-28.201755043833423,0 153.57006251374406,-28.201755336668672,0 153.57006250499524,-28.201755357126533,0 153.57006230338362,-28.20175530738686,0 153.5700623549433,-28.201755174616373,0 153.5700624990849,-28.201754922576907,0 153.5700624843869,-28.201754739741205,0 153.5700625003292,-28.201754596296308,0 153.570062755678,-28.201754482338835,0 153.57006293629246,-28.201754475296806,0 153.57006315719036,-28.20175433586124,0 153.57006315026905,-28.201754229476936,0 153.5700631471195,-28.201754074723677,0 153.57006327524104,-28.201753947830117,0 153.57006316096206,-28.201753877067166,0 153.57006319704607,-28.201753636970018,0 153.57006306876897,-28.201753679427785,0 153.57006294430246,-28.201753854296232,0 153.57006291681174,-28.20175392209502,0 153.57006281664752,-28.2017537563418,0 153.57006278826248,-28.20175371071426,0 153.5700628468601,-28.201753641681833,0 153.57006289025423,-28.201753517306955,0 153.5700629573285,-28.201753236294085,0 153.57006297354297,-28.201753086441112,0 153.57006309357672,-28.20175292651342,0 153.57006310135344,-28.20175282242506,0 153.5700630598646,-28.20175274785839,0 153.57006264159344,-28.201752458895395,0 153.57006234040082,-28.20175232800964,0 153.57006207050958,-28.20175225056447,0 153.5700620908457,-28.201752053284903,0 153.5700622749597,-28.201751696283246,0 153.57006216491902,-28.20175157451272,0 153.57006191124222,-28.20175149221866,0 153.57006184708422,-28.20175149101929,0 153.57006186629275,-28.20175131503714,0 153.57006184661762,-28.201751269409606,0 153.57006164628916,-28.20175127996408,0 153.57006136885448,-28.20175128496717,0 153.5700612184915,-28.201751375930975,0 153.57006118971762,-28.201751973937874,0 153.57006104934771,-28.20175229271383,0 153.5700610804546,-28.201752357702663,0 153.57006151882865,-28.201752139040003,0 153.5700616222202,-28.20175197325252,0 153.57006156583896,-28.20175188974196,0 153.57006166079276,-28.201751768005696,0 153.57006162218133,-28.201751630951744,0 153.57006188484024,-28.20175163175703,0 153.57006185276123,-28.201751749209826,0 153.5700619986915,-28.201751621922178,0 153.57006219785345,-28.2017516824562,0 153.57006217549537,-28.201751602869297,0 153.57006205732802,-28.201751365427906,0 153.57006214874343,-28.201751198423914,0 153.57006220578572,-28.201751116386866,0 153.57006206203295,-28.201750954591578,0 153.5700613566839,-28.201750757620417,0 153.57006071358757,-28.20175081748622,0 153.5700605615526,-28.20175094710407,0 153.57006071036022,-28.201751135713888,0 153.57006067777576,-28.20175120767621,0 153.57006085247988,-28.20175135715224,0 153.57006135450644,-28.201751533699802,0 153.57006182153768,-28.201751569304015,0 153.57006216775753,-28.201751331177263,0 153.57006213392876,-28.20175137389204,0 153.57006223012684,-28.20175129451075,0 153.57006192224628,-28.201751428172198,0 153.57006159243537,-28.20175145137148,0 153.57006150976875,-28.201751335118058,0 153.57006117148117,-28.201750849423785,0 153.57006104040445,-28.201750448542242,0 153.57006117377534,-28.201750319986694,0 153.5700613208721,-28.20175030211605,0 153.57006106291809,-28.201750241427828,0 153.57006046986498,-28.201749966908704,0 153.57006041010084,-28.20175006575409,0 153.57006023551335,-28.20175049701401,0 153.57006007904565,-28.201750655211182,0 153.57005994866884,-28.201750685315417,0 153.57006004148406,-28.20175075792883,0 153.5700598560869,-28.201750911122907,0 153.57005979515625,-28.201750758134438,0 153.57005982727415,-28.201750619726905,0 153.57005999268512,-28.201750477824056,0 153.57005972602116,-28.201750459970544,0 153.57005971420054,-28.201750582974714,0 153.57005979686713,-28.201750755375883,0 153.57005998374188,-28.201750794646745,0 153.57006013107193,-28.201750530579293,0 153.5700600660974,-28.201750120445453,0 153.57005994201972,-28.20174971120258,0 153.5700599074522,-28.201749510838916,0 153.57005983512866,-28.20174941608852,0 153.57005999552362,-28.20174928672768,0 153.57006034769262,-28.20174921166413,0 153.57006031631354,-28.20174919644923,0 153.5700605109261,-28.201749092840622,0 153.57006056112485,-28.201749112167647,0 153.57006042180484,-28.2017493513567,0 153.5700603840877,-28.201749470985494,0 153.57006041706103,-28.20174961508148,0 153.57006053857236,-28.2017495496129,0 153.57006054230519,-28.201749546049054,0 153.57006039334203,-28.201749442783118,0 153.57006027050863,-28.201749360026444,0 153.5700599646889,-28.201749376183702,0 153.57005992374442,-28.20174943330808,0 153.57005970276876,-28.201749592464747,0 153.57005958545687,-28.201749569522473,0 153.5700597433633,-28.201749686084305,0 153.57005979352314,-28.201749811281612,0 153.57005982443565,-28.20174975049058,0 153.5700598309292,-28.201749705411324,0 153.57005962850104,-28.201749699277393,0 153.57005961045903,-28.201749812566653,0 153.570059623835,-28.201749896694032,0 153.57005963538342,-28.20175005244106,0 153.57005956667606,-28.201750265363867,0 153.5700596511313,-28.20175050169156,0 153.57005956967012,-28.20175059236409,0 153.57005969631408,-28.201750391023786,0 153.5700597960506,-28.201750432881873,0 153.57005975841122,-28.20175072227321,0 153.57005985900318,-28.201751027050783,0 153.57005978800169,-28.201751110509942,0 153.57005989971432,-28.201751397057055,0 153.57005993222106,-28.201751563701237,0 153.57006001294346,-28.20175167227867,0 153.57005989042116,-28.201751703171066,0 153.57005985915873,-28.20175182833411,0 153.5700596497315,-28.20175208575362,0 153.57005948622583,-28.20175220563942,0 153.57005940340372,-28.201752130627266,0 153.57005956644278,-28.20175208359475,0 153.5700596048209,-28.201751948511188,0 153.5700596938644,-28.201751753373358,0 153.5700595537667,-28.20175157550648,0 153.57005943956548,-28.20175150984943,0 153.57005927644866,-28.201751254400317,0 153.57005923845938,-28.201751275235125,0 153.57005931439906,-28.201751169107833,0 153.57005927901497,-28.20175094273493,0 153.57005927434892,-28.20175077614215,0 153.57005942031807,-28.201750634958927,0 153.57005925078545,-28.201750622862402,0 153.57005926836086,-28.201750708960184,0 153.57005945177494,-28.201750836436297,0 153.5700595290756,-28.201750585733272,0 153.5700597385028,-28.201750393576738,0 153.5700599478523,-28.20175006769022,0 153.57006006395878,-28.201749766647836,0 153.57006008876652,-28.20174959287596,0 153.5700601107358,-28.201749562034962,0 153.57006016101232,-28.20174970688484,0 153.5700600724743,-28.20174989525479,0 153.5700602722584,-28.201749891519597,0 153.57006062007244,-28.201750080540634,0 153.57006058449392,-28.201750069026662,0 153.57006069437907,-28.201750165062098,0 153.57006085594054,-28.201750249515023,0 153.57006111716075,-28.201750214647564,0 153.57006131223991,-28.201750193076,0 153.5700616364516,-28.20175009479603,0 153.57006125788058,-28.201750184183513,0 153.57006120103273,-28.201750072881786,0 153.57006132328289,-28.201750242370192,0 153.5700613537676,-28.201750092037475,0 153.57006137993633,-28.201749872723727,0 153.5700613241772,-28.201749702087355,0 153.5700610814267,-28.201749743637027,0 153.57006061330668,-28.20174985584685,0 153.5700600931993,-28.20174990325631,0 153.5700594874701,-28.201749906528885,0 153.57005957612478,-28.201749806107177,0 153.5700597713595,-28.2017496488695,0 153.57006016054572,-28.201749494150512,0 153.5700601876865,-28.201749458717632,0 153.57006021774353,-28.20174943966475,0 153.57006034248224,-28.201749522541363,0 153.57006037425015,-28.201749677757235,0 153.57006049883327,-28.20174979164618,0 153.57006066774375,-28.2017499472904,0 153.57006074683306,-28.201750009829084,0 153.5700609178044,-28.201749874317176,0 153.5700608178735,-28.20174993476553,0 153.57006078629996,-28.20174987332341,0 153.57006083642094,-28.20174990964725,0 153.57006104207647,-28.201749875585083,0 153.5700611985831,-28.201749872535252,0 153.5700612548088,-28.201749880879454,0 153.570061237039,-28.20174976776154,0 153.57006125278684,-28.20174970061384,0 153.5700611622269,-28.201749566712518,0 153.5700610427375,-28.20174955655212,0 153.57006072221975,-28.201749572041155,0 153.57006062858795,-28.201749438516778,0 153.5700606581784,-28.201749539418238,0 153.57006087759873,-28.201749603858783,0 153.57006132378834,-28.201749485891977,0 153.57006165484356,-28.20174916694468,0 153.57006183782994,-28.201748981264757,0 153.57006190327107,-28.20174886083067,0 153.5700620348533,-28.201748867118802,0 153.57006263039492,-28.201749141175316,0 153.57006276710976,-28.20174941672248,0 153.57006298921306,-28.20174960411579,0 153.5700632872172,-28.201749661497175,0 153.57006333360536,-28.201749441395272,0 153.57006328780045,-28.20174927877756,0 153.57006336607319,-28.20174914691517,0 153.5700633126082,-28.20174911878133,0 153.57006319238002,-28.20174926895984,0 153.57006322445903,-28.201749484761137,0 153.57006331777973,-28.201749606428866,0 153.57006339613025,-28.201749681321083,0 153.57006351600847,-28.201749674724535,0 153.57006364043608,-28.20174957791808,0 153.57006367756992,-28.20174946354939,0 153.5700636495737,-28.20174944321146,0 153.57006353603356,-28.2017495682717,0 153.57006359809182,-28.201749690556248,0 153.57006376354167,-28.20174977447802,0 153.57006383399877,-28.201749771788,0 153.57006398094,-28.20174988905232,0 153.57006421836346,-28.20174998489928,0 153.5700642222518,-28.20174990085757,0 153.57006425331983,-28.201749853276766,0 153.57006413904088,-28.201749967851065,0 153.5700637023777,-28.201750000405447,0 153.57006374192235,-28.20175003453615,0 153.57006383127694,-28.20175009887389,0 153.57006377497342,-28.20175008571507,0 153.5700639861893,-28.201750018653037,0 153.57006394687795,-28.201750015671742,0 153.57006382886615,-28.2017499854647,0 153.57006332275682,-28.201750071134132,0 153.5700630140208,-28.201749990073715,0 153.57006311671248,-28.20175016333157,0 153.57006318355343,-28.201750308575527,0 153.5700633276562,-28.201750466378616,0 153.5700632486835,-28.201750441979968,0 153.57006332621748,-28.201750187815897,0 153.57006358296607,-28.20175015132072,0 153.57006369732284,-28.201750008938124,0 153.5700638175899,-28.20175008677737,0 153.57006378539424,-28.201750440386515,0 153.57006403409392,-28.20175101029384,0 153.5700641949944,-28.2017512683473,0 153.57006436553797,-28.20175128592667,0 153.57006470044269,-28.201751271431405,0 153.57006502099932,-28.201750953015257,0 153.5700650562279,-28.201750718298154,0 153.57006489291663,-28.201750476230604,0 153.57006471619056,-28.20175055734242,0 153.5700643778641,-28.201750869984444,0 153.57006446717978,-28.20175099274874,0 153.5700650592997,-28.20175123940817,0 153.57006577810245,-28.201751110612747,0 153.57006609146563,-28.20175082603603,0 153.57006637586048,-28.201750203150723,0 153.570066214299,-28.20174987428291,0 153.57006559426065,-28.201749699517272,0 153.57006514748775,-28.201749735070084,0 153.57006454852436,-28.201749947084796,0 153.57006448110013,-28.201750171847117,0 153.57006480671163,-28.201750479417505,0 153.57006508053016,-28.201750568633656,0 153.57006546967753,-28.201750498196247,0 153.57006557831838,-28.20175031433251,0 153.5700650307591,-28.20175011309502,0 153.57006445162634,-28.20175018856979,0 153.5700640386822,-28.20175056253399,0 153.57006373169594,-28.201751253200946,0 153.5700637451497,-28.201751692890735,0 153.5700642389329,-28.2017520964623,0 153.5700645194394,-28.201752045745994,0 153.57006518959875,-28.20175159735219,0 153.57006549499076,-28.20175120255318,0 153.57006533144622,-28.201750318033437,0 153.57006468605573,-28.201749667322698,0 153.57006427128408,-28.201749343457976,0 153.57006387369896,-28.201749477376435,0 153.57006380868552,-28.201749711973605,0 153.57006411648834,-28.201750147311387,0 153.57006446585774,-28.201750274564766,0 153.57006491212516,-28.201750206406164,0 153.5700650749698,-28.20174987603057,0 153.57006501403916,-28.201749361739836,0 153.5700646082107,-28.201749103086687,0 153.57006388446973,-28.20174898517128,0 153.5700634368025,-28.201749132985316,0 153.57006328297888,-28.201749579511528,0 153.57006326093185,-28.201750088662095,0 153.57006362278292,-28.201750386072096,0 153.57006451115717,-28.201750549563638,0 153.5700651044436,-28.20175034543052,0 153.57006551206067,-28.201749715537456,0 153.57006517490072,-28.20174911650252,0 153.57006465467666,-28.201749000026357,0 153.5700637558427,-28.20174913735446,0 153.57006322791966,-28.201749530097405,0 153.5700630357179,-28.201750180345524,0 153.57006331128616,-28.201750636038362,0 153.57006411104462,-28.20175080299095,0 153.5700648276699,-28.20175053731291,0 153.57006518038332,-28.201750226521348,0 153.57006460653872,-28.201751175772916,0 153.57006508620717,-28.2017522401642,0 153.57006569240295,-28.201753218474842,0 153.5700657423684,-28.201753743577058,0 153.57006568415963,-28.20175454050838,0 153.57006574866756,-28.20175490037139,0 153.57006610888547,-28.201755225486885,0 153.5700666019688,-28.2017550514066,0 153.57006736089946,-28.201754655099805,0 153.57006766201425,-28.201754313107436,0 153.57006780720573,-28.201753775754497,0 153.5700677186677,-28.201753523029673,0 153.570066777645,-28.201753408660984,0 153.57005403656862,-28.201750054856937,0 153.57003762375,-28.20174420601637,0 153.5700169890248,-28.201735027838954,0 153.56997782205102,-28.20171566318917,0 153.56993118957604,-28.201688094217797,0 153.56990572705948,-28.20167185991191,0 153.56987932309247,-28.201657445687367,0 153.56987198085238,-28.201653262980177,0 153.56987080897758,-28.20164904238139,0 153.56987059052935,-28.201647050318662,0 153.56986981573417,-28.201644550921564,0 153.5698693253727,-28.20164357533521,0 153.5698682182003,-28.201642818462915,0 153.56986757133222,-28.2016426196156,0 153.56986691540428,-28.201642906633893,0 153.56986663765855,-28.20164328414481,0 153.56986655522525,-28.201643561319692,0</coordinates>
        </LineString>
      </Placemark>
      <Placemark>
        <name>Drone Start</name>
        <styleUrl>#drone</styleUrl>
        <description>2026-09-26T16:58:05.489+10:00</description>
        <Point>
          <altitudeMode>clampToGround</altitudeMode>
          <coordinates>153.56947964817002,-28.201591664748424,0</coordinates>
        </Point>
      </Placemark>
      <Placemark>
        <name>Drone End</name>
        <styleUrl>#drone</styleUrl>
        <description>2026-09-26T17:08:29.393+10:00</description>
        <Point>
          <altitudeMode>clampToGround</altitudeMode>
          <coordinates>153.56986655522525,-28.201643561319692,0</coordinates>
        </Point>
      </Placemark>
    </Folder>
    <Folder>
      <name>Drone timestamped GPS samples (expand/toggle)</name>
      <visibility>0</visibility>
      <Placemark>
        <name>16:58:05.489</name>
        <styleUrl>#drone</styleUrl>
        <description>2026-09-26T16:58:05.489+10:00; heading 223.2 deg; state OFF</description>
        <TimeStamp>
          <when>2026-09-26T16:58:05.489+10:00</when>
        </TimeStamp>
        <Point>
          <altitudeMode>clampToGround</altitudeMode>
          <coordinates>153.56947964817002,-28.201591664748424,0</coordinates>
        </Point>
      </Placemark>
      <Placemark>
        <name>16:58:06.337</name>
        <styleUrl>#drone</styleUrl>
        <description>2026-09-26T16:58:06.337+10:00; heading 223.2 deg; state OFF</description>
        <TimeStamp>
          <when>2026-09-26T16:58:06.337+10:00</when>
        </TimeStamp>
        <Point>
          <altitudeMode>clampToGround</altitudeMode>
          <coordinates>153.56947990929729,-28.20159032874221,0</coordinates>
        </Point>
      </Placemark>
      <Placemark>
        <name>16:58:07.392</name>
        <styleUrl>#drone</styleUrl>
        <description>2026-09-26T16:58:07.392+10:00; heading 223.2 deg; state OFF</description>
        <TimeStamp>
          <when>2026-09-26T16:58:07.392+10:00</when>
        </TimeStamp>
        <Point>
          <altitudeMode>clampToGround</altitudeMode>
          <coordinates>153.56948009769332,-28.201587943126963,0</coordinates>
        </Point>
      </Placemark>
      <Placemark>
        <name>16:58:08.468</name>
        <styleUrl>#drone</styleUrl>
        <description>2026-09-26T16:58:08.468+10:00; heading 223.2 deg; state OFF</description>
        <TimeStamp>
          <when>2026-09-26T16:58:08.468+10:00</when>
        </TimeStamp>
        <Point>
          <altitudeMode>clampToGround</altitudeMode>
          <coordinates>153.56948040181373,-28.201585838616683,0</coordinates>
        </Point>
      </Placemark>
      <Placemark>
        <name>16:58:09.526</name>
        <styleUrl>#drone</styleUrl>
        <description>2026-09-26T16:58:09.526+10:00; heading 223.2 deg; state OFF</description>
        <TimeStamp>
          <when>2026-09-26T16:58:09.526+10:00</when>
        </TimeStamp>
        <Point>
          <altitudeMode>clampToGround</altitudeMode>
          <coordinates>153.56948060514839,-28.201584937102265,0</coordinates>
        </Point>
      </Placemark>
      <Placemark>
        <name>16:58:10.051</name>
        <styleUrl>#drone</styleUrl>
        <description>2026-09-26T16:58:10.051+10:00; heading 223.2 deg; state OFF</description>
        <TimeStamp>
          <when>2026-09-26T16:58:10.051+10:00</when>
        </TimeStamp>
        <Point>
          <altitudeMode>clampToGround</altitudeMode>
          <coordinates>153.56948069353516,-28.201584702633596,0</coordinates>
        </Point>
      </Placemark>
      <Placemark>
        <name>16:58:11.091</name>
        <styleUrl>#drone</styleUrl>
        <description>2026-09-26T16:58:11.091+10:00; heading 223.2 deg; state OFF</description>
        <TimeStamp>
          <when>2026-09-26T16:58:11.091+10:00</when>
        </TimeStamp>
        <Point>
          <altitudeMode>clampToGround</altitudeMode>
          <coordinates>153.56948077852564,-28.201584559763756,0</coordinates>
        </Point>
      </Placemark>
      <Placemark>
        <name>16:58:12.133</name>
        <styleUrl>#drone</styleUrl>
        <description>2026-09-26T16:58:12.133+10:00; heading 223.2 deg; state OFF</description>
        <TimeStamp>
          <when>2026-09-26T16:58:12.133+10:00</when>
        </TimeStamp>
        <Point>
          <altitudeMode>clampToGround</altitudeMode>
          <coordinates>153.56948093548124,-28.20158445133731,0</coordinates>
        </Point>
      </Placemark>
      <Placemark>
        <name>16:58:13.168</name>
        <styleUrl>#drone</styleUrl>
        <description>2026-09-26T16:58:13.168+10:00; heading 223.2 deg; state OFF</description>
        <TimeStamp>
          <when>2026-09-26T16:58:13.168+10:00</when>
        </TimeStamp>
        <Point>
          <altitudeMode>clampToGround</altitudeMode>
          <coordinates>153.56948101895708,-28.20158416551303,0</coordinates>
        </Point>
      </Placemark>
      <Placemark>
        <name>16:58:14.208</name>
        <styleUrl>#drone</styleUrl>
        <description>2026-09-26T16:58:14.208+10:00; heading 223.2 deg; state OFF</description>
        <TimeStamp>
          <when>2026-09-26T16:58:14.208+10:00</when>
        </TimeStamp>
        <Point>
          <altitudeMode>clampToGround</altitudeMode>
          <coordinates>153.56948107415542,-28.201583812066662,0</coordinates>
        </Point>
      </Placemark>
      <Placemark>
        <name>16:58:15.130</name>
        <styleUrl>#drone</styleUrl>
        <description>2026-09-26T16:58:15.130+10:00; heading 223.2 deg; state OFF</description>
        <TimeStamp>
          <when>2026-09-26T16:58:15.130+10:00</when>
        </TimeStamp>
        <Point>
          <altitudeMode>clampToGround</altitudeMode>
          <coordinates>153.5694812665194,-28.20158347248374,0</coordinates>
        </Point>
      </Placemark>
      <Placemark>
        <name>16:58:16.258</name>
        <styleUrl>#drone</styleUrl>
        <description>2026-09-26T16:58:16.258+10:00; heading 223.2 deg; state OFF</description>
        <TimeStamp>
          <when>2026-09-26T16:58:16.258+10:00</when>
        </TimeStamp>
        <Point>
          <altitudeMode>clampToGround</altitudeMode>
          <coordinates>153.5694815178936,-28.20158315216038,0</coordinates>
        </Point>
      </Placemark>
      <Placemark>
        <name>16:58:17.296</name>
        <styleUrl>#drone</styleUrl>
        <description>2026-09-26T16:58:17.296+10:00; heading 223.2 deg; state OFF</description>
        <TimeStamp>
          <when>2026-09-26T16:58:17.296+10:00</when>
        </TimeStamp>
        <Point>
          <altitudeMode>clampToGround</altitudeMode>
          <coordinates>153.56948163696435,-28.201582925727507,0</coordinates>
        </Point>
      </Placemark>
      <Placemark>
        <name>16:58:18.330</name>
        <styleUrl>#drone</styleUrl>
        <description>2026-09-26T16:58:18.330+10:00; heading 223.2 deg; state OFF</description>
        <TimeStamp>
          <when>2026-09-26T16:58:18.330+10:00</when>
        </TimeStamp>
        <Point>
          <altitudeMode>clampToGround</altitudeMode>
          <coordinates>153.56948175227498,-28.201582697903575,0</coordinates>
        </Point>
      </Placemark>
      <Placemark>
        <name>16:58:19.367</name>
        <styleUrl>#drone</styleUrl>
        <description>2026-09-26T16:58:19.367+10:00; heading 223.2 deg; state OFF</description>
        <TimeStamp>
          <when>2026-09-26T16:58:19.367+10:00</when>
        </TimeStamp>
        <Point>
          <altitudeMode>clampToGround</altitudeMode>
          <coordinates>153.56948183635842,-28.201582467505276,0</coordinates>
        </Point>
      </Placemark>
      <Placemark>
        <name>16:58:20.406</name>
        <styleUrl>#drone</styleUrl>
        <description>2026-09-26T16:58:20.406+10:00; heading 223.2 deg; state OFF</description>
        <TimeStamp>
          <when>2026-09-26T16:58:20.406+10:00</when>
        </TimeStamp>
        <Point>
          <altitudeMode>clampToGround</altitudeMode>
          <coordinates>153.56948198793407,-28.2015822143853,0</coordinates>
        </Point>
      </Placemark>
      <Placemark>
        <name>16:58:21.447</name>
        <styleUrl>#drone</styleUrl>
        <description>2026-09-26T16:58:21.447+10:00; heading 223.2 deg; state OFF</description>
        <TimeStamp>
          <when>2026-09-26T16:58:21.447+10:00</when>
        </TimeStamp>
        <Point>
          <altitudeMode>clampToGround</altitudeMode>
          <coordinates>153.56948228594123,-28.201581930324746,0</coordinates>
        </Point>
      </Placemark>
      <Placemark>
        <name>16:58:22.484</name>
        <styleUrl>#drone</styleUrl>
        <description>2026-09-26T16:58:22.484+10:00; heading 223.2 deg; state OFF</description>
        <TimeStamp>
          <when>2026-09-26T16:58:22.484+10:00</when>
        </TimeStamp>
        <Point>
          <altitudeMode>clampToGround</altitudeMode>
          <coordinates>153.56948252411865,-28.201581728763845,0</coordinates>
        </Point>
      </Placemark>
      <Placemark>
        <name>16:58:23.001</name>
        <styleUrl>#drone</styleUrl>
        <description>2026-09-26T16:58:23.001+10:00; heading 223.2 deg; state OFF</description>
        <TimeStamp>
          <when>2026-09-26T16:58:23.001+10:00</when>
        </TimeStamp>
        <Point>
          <altitudeMode>clampToGround</altitudeMode>
          <coordinates>153.56948259627512,-28.201581634264038,0</coordinates>
        </Point>
      </Placemark>
      <Placemark>
        <name>16:58:24.025</name>
        <styleUrl>#drone</styleUrl>
        <description>2026-09-26T16:58:24.025+10:00; heading 223.5 deg; state OFF</description>
        <TimeStamp>
          <when>2026-09-26T16:58:24.025+10:00</when>
        </TimeStamp>
        <Point>
          <altitudeMode>clampToGround</altitudeMode>
          <coordinates>153.56948273260903,-28.20158139918926,0</coordinates>
        </Point>
      </Placemark>
      <Placemark>
        <name>16:58:25.071</name>
        <styleUrl>#drone</styleUrl>
        <description>2026-09-26T16:58:25.071+10:00; heading 223.4 deg; state OFF</description>
        <TimeStamp>
          <when>2026-09-26T16:58:25.071+10:00</when>
        </TimeStamp>
        <Point>
          <altitudeMode>clampToGround</altitudeMode>
          <coordinates>153.56948297058898,-28.20158121143399,0</coordinates>
        </Point>
      </Placemark>
      <Placemark>
        <name>16:58:26.013</name>
        <styleUrl>#drone</styleUrl>
        <description>2026-09-26T16:58:26.013+10:00; heading 221.5 deg; state OFF</description>
        <TimeStamp>
          <when>2026-09-26T16:58:26.013+10:00</when>
        </TimeStamp>
        <Point>
          <altitudeMode>clampToGround</altitudeMode>
          <coordinates>153.56948307342586,-28.201582190591683,0</coordinates>
        </Point>
      </Placemark>
      <Placemark>
        <name>16:58:27.148</name>
        <styleUrl>#drone</styleUrl>
        <description>2026-09-26T16:58:27.148+10:00; heading 221.7 deg; state OFF</description>
        <TimeStamp>
          <when>2026-09-26T16:58:27.148+10:00</when>
        </TimeStamp>
        <Point>
          <altitudeMode>clampToGround</altitudeMode>
          <coordinates>153.5694830400169,-28.201582439321104,0</coordinates>
        </Point>
      </Placemark>
      <Placemark>
        <name>16:58:28.193</name>
        <styleUrl>#drone</styleUrl>
        <description>2026-09-26T16:58:28.193+10:00; heading 222.3 deg; state OFF</description>
        <TimeStamp>
          <when>2026-09-26T16:58:28.193+10:00</when>
        </TimeStamp>
        <Point>
          <altitudeMode>clampToGround</altitudeMode>
          <coordinates>153.56948321166507,-28.201582488947263,0</coordinates>
        </Point>
      </Placemark>
      <Placemark>
        <name>16:58:29.227</name>
        <styleUrl>#drone</styleUrl>
        <description>2026-09-26T16:58:29.227+10:00; heading 222.5 deg; state OFF</description>
        <TimeStamp>
          <when>2026-09-26T16:58:29.227+10:00</when>
        </TimeStamp>
        <Point>
          <altitudeMode>clampToGround</altitudeMode>
          <coordinates>153.56948315172897,-28.20158263439468,0</coordinates>
        </Point>
      </Placemark>
      <Placemark>
        <name>16:58:30.250</name>
        <styleUrl>#drone</styleUrl>
        <description>2026-09-26T16:58:30.250+10:00; heading 222.5 deg; state OFF</description>
        <TimeStamp>
          <when>2026-09-26T16:58:30.250+10:00</when>
        </TimeStamp>
        <Point>
          <altitudeMode>clampToGround</altitudeMode>
          <coordinates>153.56948277244834,-28.20158271896112,0</coordinates>
        </Point>
      </Placemark>
      <Placemark>
        <name>16:58:31.279</name>
        <styleUrl>#drone</styleUrl>
        <description>2026-09-26T16:58:31.279+10:00; heading 222.5 deg; state OFF</description>
        <TimeStamp>
          <when>2026-09-26T16:58:31.279+10:00</when>
        </TimeStamp>
        <Point>
          <altitudeMode>clampToGround</altitudeMode>
          <coordinates>153.5694827740541,-28.201582094905355,0</coordinates>
        </Point>
      </Placemark>
      <Placemark>
        <name>16:58:32.318</name>
        <styleUrl>#drone</styleUrl>
        <description>2026-09-26T16:58:32.318+10:00; heading 222.5 deg; state OFF</description>
        <TimeStamp>
          <when>2026-09-26T16:58:32.318+10:00</when>
        </TimeStamp>
        <Point>
          <altitudeMode>clampToGround</altitudeMode>
          <coordinates>153.569482253121,-28.201582437568092,0</coordinates>
        </Point>
      </Placemark>
      <Placemark>
        <name>16:58:33.351</name>
        <styleUrl>#drone</styleUrl>
        <description>2026-09-26T16:58:33.351+10:00; heading 222.6 deg; state OFF</description>
        <TimeStamp>
          <when>2026-09-26T16:58:33.351+10:00</when>
        </TimeStamp>
        <Point>
          <altitudeMode>clampToGround</altitudeMode>
          <coordinates>153.56948254741118,-28.201582791206153,0</coordinates>
        </Point>
      </Placemark>
      <Placemark>
        <name>16:58:34.385</name>
        <styleUrl>#drone</styleUrl>
        <description>2026-09-26T16:58:34.385+10:00; heading 222.8 deg; state OFF</description>
        <TimeStamp>
          <when>2026-09-26T16:58:34.385+10:00</when>
        </TimeStamp>
        <Point>
          <altitudeMode>clampToGround</altitudeMode>
          <coordinates>153.5694826535908,-28.201582986862288,0</coordinates>
        </Point>
      </Placemark>
      <Placemark>
        <name>16:58:35.417</name>
        <styleUrl>#drone</styleUrl>
        <description>2026-09-26T16:58:35.417+10:00; heading 222.7 deg; state OFF</description>
        <TimeStamp>
          <when>2026-09-26T16:58:35.417+10:00</when>
        </TimeStamp>
        <Point>
          <altitudeMode>clampToGround</altitudeMode>
          <coordinates>153.56948256223797,-28.201583236171036,0</coordinates>
        </Point>
      </Placemark>
      <Placemark>
        <name>16:58:36.458</name>
        <styleUrl>#drone</styleUrl>
        <description>2026-09-26T16:58:36.458+10:00; heading 222.9 deg; state OFF</description>
        <TimeStamp>
          <when>2026-09-26T16:58:36.458+10:00</when>
        </TimeStamp>
        <Point>
          <altitudeMode>clampToGround</altitudeMode>
          <coordinates>153.5694824497282,-28.20158366470453,0</coordinates>
        </Point>
      </Placemark>
      <Placemark>
        <name>16:58:37.541</name>
        <styleUrl>#drone</styleUrl>
        <description>2026-09-26T16:58:37.541+10:00; heading 222.9 deg; state OFF</description>
        <TimeStamp>
          <when>2026-09-26T16:58:37.541+10:00</when>
        </TimeStamp>
        <Point>
          <altitudeMode>clampToGround</altitudeMode>
          <coordinates>153.56948196109403,-28.201584078723474,0</coordinates>
        </Point>
      </Placemark>
      <Placemark>
        <name>16:58:38.058</name>
        <styleUrl>#drone</styleUrl>
        <description>2026-09-26T16:58:38.058+10:00; heading 222.9 deg; state OFF</description>
        <TimeStamp>
          <when>2026-09-26T16:58:38.058+10:00</when>
        </TimeStamp>
        <Point>
          <altitudeMode>clampToGround</altitudeMode>
          <coordinates>153.56948229506187,-28.20158400730194,0</coordinates>
        </Point>
      </Placemark>
      <Placemark>
        <name>16:58:39.085</name>
        <styleUrl>#drone</styleUrl>
        <description>2026-09-26T16:58:39.085+10:00; heading 222.8 deg; state OFF</description>
        <TimeStamp>
          <when>2026-09-26T16:58:39.085+10:00</when>
        </TimeStamp>
        <Point>
          <altitudeMode>clampToGround</altitudeMode>
          <coordinates>153.56948225685082,-28.201583729335685,0</coordinates>
        </Point>
      </Placemark>
      <Placemark>
        <name>16:58:40.115</name>
        <styleUrl>#drone</styleUrl>
        <description>2026-09-26T16:58:40.115+10:00; heading 222.9 deg; state OFF</description>
        <TimeStamp>
          <when>2026-09-26T16:58:40.115+10:00</when>
        </TimeStamp>
        <Point>
          <altitudeMode>clampToGround</altitudeMode>
          <coordinates>153.569482863707,-28.20158363770688,0</coordinates>
        </Point>
      </Placemark>
      <Placemark>
        <name>16:58:41.147</name>
        <styleUrl>#drone</styleUrl>
        <description>2026-09-26T16:58:41.147+10:00; heading 228.4 deg; state OFF</description>
        <TimeStamp>
          <when>2026-09-26T16:58:41.147+10:00</when>
        </TimeStamp>
        <Point>
          <altitudeMode>clampToGround</altitudeMode>
          <coordinates>153.56949703422944,-28.2015976381395,0</coordinates>
        </Point>
      </Placemark>
      <Placemark>
        <name>16:58:42.186</name>
        <styleUrl>#drone</styleUrl>
        <description>2026-09-26T16:58:42.186+10:00; heading 231.8 deg; state OFF</description>
        <TimeStamp>
          <when>2026-09-26T16:58:42.186+10:00</when>
        </TimeStamp>
        <Point>
          <altitudeMode>clampToGround</altitudeMode>
          <coordinates>153.5695339209457,-28.20163869350977,0</coordinates>
        </Point>
      </Placemark>
      <Placemark>
        <name>16:58:43.219</name>
        <styleUrl>#drone</styleUrl>
        <description>2026-09-26T16:58:43.219+10:00; heading 231.7 deg; state OFF</description>
        <TimeStamp>
          <when>2026-09-26T16:58:43.219+10:00</when>
        </TimeStamp>
        <Point>
          <altitudeMode>clampToGround</altitudeMode>
          <coordinates>153.56954558601976,-28.20165486086928,0</coordinates>
        </Point>
      </Placemark>
      <Placemark>
        <name>16:58:44.252</name>
        <styleUrl>#drone</styleUrl>
        <description>2026-09-26T16:58:44.252+10:00; heading 230.8 deg; state OFF</description>
        <TimeStamp>
          <when>2026-09-26T16:58:44.252+10:00</when>
        </TimeStamp>
        <Point>
          <altitudeMode>clampToGround</altitudeMode>
          <coordinates>153.5695452662408,-28.201656628024043,0</coordinates>
        </Point>
      </Placemark>
      <Placemark>
        <name>16:58:45.290</name>
        <styleUrl>#drone</styleUrl>
        <description>2026-09-26T16:58:45.290+10:00; heading 164.5 deg; state OFF</description>
        <TimeStamp>
          <when>2026-09-26T16:58:45.290+10:00</when>
        </TimeStamp>
        <Point>
          <altitudeMode>clampToGround</altitudeMode>
          <coordinates>153.56954444600524,-28.201656892117203,0</coordinates>
        </Point>
      </Placemark>
      <Placemark>
        <name>16:58:46.324</name>
        <styleUrl>#drone</styleUrl>
        <description>2026-09-26T16:58:46.324+10:00; heading 118.3 deg; state OFF</description>
        <TimeStamp>
          <when>2026-09-26T16:58:46.324+10:00</when>
        </TimeStamp>
        <Point>
          <altitudeMode>clampToGround</altitudeMode>
          <coordinates>153.56954430497433,-28.201656867924154,0</coordinates>
        </Point>
      </Placemark>
      <Placemark>
        <name>16:58:47.353</name>
        <styleUrl>#drone</styleUrl>
        <description>2026-09-26T16:58:47.353+10:00; heading 118.2 deg; state OFF</description>
        <TimeStamp>
          <when>2026-09-26T16:58:47.353+10:00</when>
        </TimeStamp>
        <Point>
          <altitudeMode>clampToGround</altitudeMode>
          <coordinates>153.5695446770372,-28.201657809499743,0</coordinates>
        </Point>
      </Placemark>
      <Placemark>
        <name>16:58:48.382</name>
        <styleUrl>#drone</styleUrl>
        <description>2026-09-26T16:58:48.382+10:00; heading 118.4 deg; state OFF</description>
        <TimeStamp>
          <when>2026-09-26T16:58:48.382+10:00</when>
        </TimeStamp>
        <Point>
          <altitudeMode>clampToGround</altitudeMode>
          <coordinates>153.5695560692794,-28.201663393399027,0</coordinates>
        </Point>
      </Placemark>
      <Placemark>
        <name>16:58:49.437</name>
        <styleUrl>#drone</styleUrl>
        <description>2026-09-26T16:58:49.437+10:00; heading 120.0 deg; state OFF</description>
        <TimeStamp>
          <when>2026-09-26T16:58:49.437+10:00</when>
        </TimeStamp>
        <Point>
          <altitudeMode>clampToGround</altitudeMode>
          <coordinates>153.569605428532,-28.20168612579984,0</coordinates>
        </Point>
      </Placemark>
      <Placemark>
        <name>16:58:50.477</name>
        <styleUrl>#drone</styleUrl>
        <description>2026-09-26T16:58:50.477+10:00; heading 118.5 deg; state OFF</description>
        <TimeStamp>
          <when>2026-09-26T16:58:50.477+10:00</when>
        </TimeStamp>
        <Point>
          <altitudeMode>clampToGround</altitudeMode>
          <coordinates>153.56968900233045,-28.201724755508685,0</coordinates>
        </Point>
      </Placemark>
      <Placemark>
        <name>16:58:51.510</name>
        <styleUrl>#drone</styleUrl>
        <description>2026-09-26T16:58:51.510+10:00; heading 118.9 deg; state OFF</description>
        <TimeStamp>
          <when>2026-09-26T16:58:51.510+10:00</when>
        </TimeStamp>
        <Point>
          <altitudeMode>clampToGround</altitudeMode>
          <coordinates>153.5697632687199,-28.201762902358922,0</coordinates>
        </Point>
      </Placemark>
      <Placemark>
        <name>16:58:52.040</name>
        <styleUrl>#drone</styleUrl>
        <description>2026-09-26T16:58:52.040+10:00; heading 118.0 deg; state OFF</description>
        <TimeStamp>
          <when>2026-09-26T16:58:52.040+10:00</when>
        </TimeStamp>
        <Point>
          <altitudeMode>clampToGround</altitudeMode>
          <coordinates>153.56979337448612,-28.20177748372452,0</coordinates>
        </Point>
      </Placemark>
      <Placemark>
        <name>16:58:53.076</name>
        <styleUrl>#drone</styleUrl>
        <description>2026-09-26T16:58:53.076+10:00; heading 118.1 deg; state OFF</description>
        <TimeStamp>
          <when>2026-09-26T16:58:53.076+10:00</when>
        </TimeStamp>
        <Point>
          <altitudeMode>clampToGround</altitudeMode>
          <coordinates>153.56982778890838,-28.20179619166671,0</coordinates>
        </Point>
      </Placemark>
      <Placemark>
        <name>16:58:54.113</name>
        <styleUrl>#drone</styleUrl>
        <description>2026-09-26T16:58:54.113+10:00; heading 118.2 deg; state OFF</description>
        <TimeStamp>
          <when>2026-09-26T16:58:54.113+10:00</when>
        </TimeStamp>
        <Point>
          <altitudeMode>clampToGround</altitudeMode>
          <coordinates>153.56982692363098,-28.201796041008446,0</coordinates>
        </Point>
      </Placemark>
      <Placemark>
        <name>16:58:55.133</name>
        <styleUrl>#drone</styleUrl>
        <description>2026-09-26T16:58:55.133+10:00; heading 118.2 deg; state OFF</description>
        <TimeStamp>
          <when>2026-09-26T16:58:55.133+10:00</when>
        </TimeStamp>
        <Point>
          <altitudeMode>clampToGround</altitudeMode>
          <coordinates>153.56982878677894,-28.201796956180715,0</coordinates>
        </Point>
      </Placemark>
      <Placemark>
        <name>16:58:56.149</name>
        <styleUrl>#drone</styleUrl>
        <description>2026-09-26T16:58:56.149+10:00; heading 119.2 deg; state OFF</description>
        <TimeStamp>
          <when>2026-09-26T16:58:56.149+10:00</when>
        </TimeStamp>
        <Point>
          <altitudeMode>clampToGround</altitudeMode>
          <coordinates>153.56986424495443,-28.20181462618634,0</coordinates>
        </Point>
      </Placemark>
      <Placemark>
        <name>16:58:57.160</name>
        <styleUrl>#drone</styleUrl>
        <description>2026-09-26T16:58:57.160+10:00; heading 115.2 deg; state OFF</description>
        <TimeStamp>
          <when>2026-09-26T16:58:57.160+10:00</when>
        </TimeStamp>
        <Point>
          <altitudeMode>clampToGround</altitudeMode>
          <coordinates>153.5699156627987,-28.201836794111262,0</coordinates>
        </Point>
      </Placemark>
      <Placemark>
        <name>16:58:58.176</name>
        <styleUrl>#drone</styleUrl>
        <description>2026-09-26T16:58:58.176+10:00; heading 115.9 deg; state OFF</description>
        <TimeStamp>
          <when>2026-09-26T16:58:58.176+10:00</when>
        </TimeStamp>
        <Point>
          <altitudeMode>clampToGround</altitudeMode>
          <coordinates>153.56994783114703,-28.201822018875735,0</coordinates>
        </Point>
      </Placemark>
      <Placemark>
        <name>16:58:59.193</name>
        <styleUrl>#drone</styleUrl>
        <description>2026-09-26T16:58:59.193+10:00; heading 118.2 deg; state OFF</description>
        <TimeStamp>
          <when>2026-09-26T16:58:59.193+10:00</when>
        </TimeStamp>
        <Point>
          <altitudeMode>clampToGround</altitudeMode>
          <coordinates>153.56997136258596,-28.20178389895997,0</coordinates>
        </Point>
      </Placemark>
      <Placemark>
        <name>16:59:00.208</name>
        <styleUrl>#drone</styleUrl>
        <description>2026-09-26T16:59:00.208+10:00; heading 118.3 deg; state OFF</description>
        <TimeStamp>
          <when>2026-09-26T16:59:00.208+10:00</when>
        </TimeStamp>
        <Point>
          <altitudeMode>clampToGround</altitudeMode>
          <coordinates>153.56997301797867,-28.20177841981727,0</coordinates>
        </Point>
      </Placemark>
      <Placemark>
        <name>16:59:01.221</name>
        <styleUrl>#drone</styleUrl>
        <description>2026-09-26T16:59:01.221+10:00; heading 118.2 deg; state OFF</description>
        <TimeStamp>
          <when>2026-09-26T16:59:01.221+10:00</when>
        </TimeStamp>
        <Point>
          <altitudeMode>clampToGround</altitudeMode>
          <coordinates>153.56997115673605,-28.20177921494953,0</coordinates>
        </Point>
      </Placemark>
      <Placemark>
        <name>16:59:02.235</name>
        <styleUrl>#drone</styleUrl>
        <description>2026-09-26T16:59:02.235+10:00; heading 118.6 deg; state OFF</description>
        <TimeStamp>
          <when>2026-09-26T16:59:02.235+10:00</when>
        </TimeStamp>
        <Point>
          <altitudeMode>clampToGround</altitudeMode>
          <coordinates>153.5699682650772,-28.20178013207506,0</coordinates>
        </Point>
      </Placemark>
      <Placemark>
        <name>16:59:03.254</name>
        <styleUrl>#drone</styleUrl>
        <description>2026-09-26T16:59:03.254+10:00; heading 119.0 deg; state OFF</description>
        <TimeStamp>
          <when>2026-09-26T16:59:03.254+10:00</when>
        </TimeStamp>
        <Point>
          <altitudeMode>clampToGround</altitudeMode>
          <coordinates>153.56998491734117,-28.201790223454356,0</coordinates>
        </Point>
      </Placemark>
      <Placemark>
        <name>16:59:04.269</name>
        <styleUrl>#drone</styleUrl>
        <description>2026-09-26T16:59:04.269+10:00; heading 119.6 deg; state OFF</description>
        <TimeStamp>
          <when>2026-09-26T16:59:04.269+10:00</when>
        </TimeStamp>
        <Point>
          <altitudeMode>clampToGround</altitudeMode>
          <coordinates>153.57004232781367,-28.20181894378862,0</coordinates>
        </Point>
      </Placemark>
      <Placemark>
        <name>16:59:05.281</name>
        <styleUrl>#drone</styleUrl>
        <description>2026-09-26T16:59:05.281+10:00; heading 118.3 deg; state OFF</description>
        <TimeStamp>
          <when>2026-09-26T16:59:05.281+10:00</when>
        </TimeStamp>
        <Point>
          <altitudeMode>clampToGround</altitudeMode>
          <coordinates>153.5701231397371,-28.201857106504832,0</coordinates>
        </Point>
      </Placemark>
      <Placemark>
        <name>16:59:06.294</name>
        <styleUrl>#drone</styleUrl>
        <description>2026-09-26T16:59:06.294+10:00; heading 114.8 deg; state OFF</description>
        <TimeStamp>
          <when>2026-09-26T16:59:06.294+10:00</when>
        </TimeStamp>
        <Point>
          <altitudeMode>clampToGround</altitudeMode>
          <coordinates>153.57018399008868,-28.201886105367556,0</coordinates>
        </Point>
      </Placemark>
      <Placemark>
        <name>16:59:07.311</name>
        <styleUrl>#drone</styleUrl>
        <description>2026-09-26T16:59:07.311+10:00; heading 115.6 deg; state OFF</description>
        <TimeStamp>
          <when>2026-09-26T16:59:07.311+10:00</when>
        </TimeStamp>
        <Point>
          <altitudeMode>clampToGround</altitudeMode>
          <coordinates>153.5702154209701,-28.2018784889096,0</coordinates>
        </Point>
      </Placemark>
      <Placemark>
        <name>16:59:08.325</name>
        <styleUrl>#drone</styleUrl>
        <description>2026-09-26T16:59:08.325+10:00; heading 117.8 deg; state OFF</description>
        <TimeStamp>
          <when>2026-09-26T16:59:08.325+10:00</when>
        </TimeStamp>
        <Point>
          <altitudeMode>clampToGround</altitudeMode>
          <coordinates>153.57024026675344,-28.201840571516374,0</coordinates>
        </Point>
      </Placemark>
      <Placemark>
        <name>16:59:09.339</name>
        <styleUrl>#drone</styleUrl>
        <description>2026-09-26T16:59:09.339+10:00; heading 103.3 deg; state OFF</description>
        <TimeStamp>
          <when>2026-09-26T16:59:09.339+10:00</when>
        </TimeStamp>
        <Point>
          <altitudeMode>clampToGround</altitudeMode>
          <coordinates>153.57026137457578,-28.201803282491294,0</coordinates>
        </Point>
      </Placemark>
      <Placemark>
        <name>16:59:10.355</name>
        <styleUrl>#drone</styleUrl>
        <description>2026-09-26T16:59:10.355+10:00; heading 70.0 deg; state OFF</description>
        <TimeStamp>
          <when>2026-09-26T16:59:10.355+10:00</when>
        </TimeStamp>
        <Point>
          <altitudeMode>clampToGround</altitudeMode>
          <coordinates>153.57025938287853,-28.201801772858836,0</coordinates>
        </Point>
      </Placemark>
      <Placemark>
        <name>16:59:11.370</name>
        <styleUrl>#drone</styleUrl>
        <description>2026-09-26T16:59:11.370+10:00; heading 80.9 deg; state OFF</description>
        <TimeStamp>
          <when>2026-09-26T16:59:11.370+10:00</when>
        </TimeStamp>
        <Point>
          <altitudeMode>clampToGround</altitudeMode>
          <coordinates>153.57025641419128,-28.201803361547046,0</coordinates>
        </Point>
      </Placemark>
      <Placemark>
        <name>16:59:12.384</name>
        <styleUrl>#drone</styleUrl>
        <description>2026-09-26T16:59:12.384+10:00; heading 85.4 deg; state OFF</description>
        <TimeStamp>
          <when>2026-09-26T16:59:12.384+10:00</when>
        </TimeStamp>
        <Point>
          <altitudeMode>clampToGround</altitudeMode>
          <coordinates>153.57025323141073,-28.20180424843127,0</coordinates>
        </Point>
      </Placemark>
      <Placemark>
        <name>16:59:13.401</name>
        <styleUrl>#drone</styleUrl>
        <description>2026-09-26T16:59:13.401+10:00; heading 100.5 deg; state OFF</description>
        <TimeStamp>
          <when>2026-09-26T16:59:13.401+10:00</when>
        </TimeStamp>
        <Point>
          <altitudeMode>clampToGround</altitudeMode>
          <coordinates>153.57025134259956,-28.201804114135868,0</coordinates>
        </Point>
      </Placemark>
      <Placemark>
        <name>16:59:14.419</name>
        <styleUrl>#drone</styleUrl>
        <description>2026-09-26T16:59:14.419+10:00; heading 133.6 deg; state OFF</description>
        <TimeStamp>
          <when>2026-09-26T16:59:14.419+10:00</when>
        </TimeStamp>
        <Point>
          <altitudeMode>clampToGround</altitudeMode>
          <coordinates>153.570251107898,-28.20180439470326,0</coordinates>
        </Point>
      </Placemark>
      <Placemark>
        <name>16:59:15.433</name>
        <styleUrl>#drone</styleUrl>
        <description>2026-09-26T16:59:15.433+10:00; heading 103.0 deg; state OFF</description>
        <TimeStamp>
          <when>2026-09-26T16:59:15.433+10:00</when>
        </TimeStamp>
        <Point>
          <altitudeMode>clampToGround</altitudeMode>
          <coordinates>153.5702507286271,-28.20180418159198,0</coordinates>
        </Point>
      </Placemark>
      <Placemark>
        <name>16:59:16.447</name>
        <styleUrl>#drone</styleUrl>
        <description>2026-09-26T16:59:16.447+10:00; heading 109.5 deg; state OFF</description>
        <TimeStamp>
          <when>2026-09-26T16:59:16.447+10:00</when>
        </TimeStamp>
        <Point>
          <altitudeMode>clampToGround</altitudeMode>
          <coordinates>153.5702500730491,-28.201803802676082,0</coordinates>
        </Point>
      </Placemark>
      <Placemark>
        <name>16:59:17.466</name>
        <styleUrl>#drone</styleUrl>
        <description>2026-09-26T16:59:17.466+10:00; heading 113.4 deg; state OFF</description>
        <TimeStamp>
          <when>2026-09-26T16:59:17.466+10:00</when>
        </TimeStamp>
        <Point>
          <altitudeMode>clampToGround</altitudeMode>
          <coordinates>153.57025001277947,-28.201804570668273,0</coordinates>
        </Point>
      </Placemark>
      <Placemark>
        <name>16:59:18.479</name>
        <styleUrl>#drone</styleUrl>
        <description>2026-09-26T16:59:18.479+10:00; heading 114.1 deg; state OFF</description>
        <TimeStamp>
          <when>2026-09-26T16:59:18.479+10:00</when>
        </TimeStamp>
        <Point>
          <altitudeMode>clampToGround</altitudeMode>
          <coordinates>153.57027499333347,-28.20181533093735,0</coordinates>
        </Point>
      </Placemark>
      <Placemark>
        <name>16:59:19.497</name>
        <styleUrl>#drone</styleUrl>
        <description>2026-09-26T16:59:19.497+10:00; heading 114.1 deg; state OFF</description>
        <TimeStamp>
          <when>2026-09-26T16:59:19.497+10:00</when>
        </TimeStamp>
        <Point>
          <altitudeMode>clampToGround</altitudeMode>
          <coordinates>153.5703333652037,-28.201838414394356,0</coordinates>
        </Point>
      </Placemark>
      <Placemark>
        <name>16:59:20.004</name>
        <styleUrl>#drone</styleUrl>
        <description>2026-09-26T16:59:20.004+10:00; heading 114.9 deg; state OFF</description>
        <TimeStamp>
          <when>2026-09-26T16:59:20.004+10:00</when>
        </TimeStamp>
        <Point>
          <altitudeMode>clampToGround</altitudeMode>
          <coordinates>153.5703639204258,-28.201850245976814,0</coordinates>
        </Point>
      </Placemark>
      <Placemark>
        <name>16:59:21.018</name>
        <styleUrl>#drone</styleUrl>
        <description>2026-09-26T16:59:21.018+10:00; heading 110.2 deg; state OFF</description>
        <TimeStamp>
          <when>2026-09-26T16:59:21.018+10:00</when>
        </TimeStamp>
        <Point>
          <altitudeMode>clampToGround</altitudeMode>
          <coordinates>153.57045119317522,-28.201884199805253,0</coordinates>
        </Point>
      </Placemark>
      <Placemark>
        <name>16:59:22.033</name>
        <styleUrl>#drone</styleUrl>
        <description>2026-09-26T16:59:22.033+10:00; heading 111.9 deg; state OFF</description>
        <TimeStamp>
          <when>2026-09-26T16:59:22.033+10:00</when>
        </TimeStamp>
        <Point>
          <altitudeMode>clampToGround</altitudeMode>
          <coordinates>153.5704674033712,-28.20189071239544,0</coordinates>
        </Point>
      </Placemark>
      <Placemark>
        <name>16:59:23.045</name>
        <styleUrl>#drone</styleUrl>
        <description>2026-09-26T16:59:23.045+10:00; heading 112.4 deg; state OFF</description>
        <TimeStamp>
          <when>2026-09-26T16:59:23.045+10:00</when>
        </TimeStamp>
        <Point>
          <altitudeMode>clampToGround</altitudeMode>
          <coordinates>153.57046869811828,-28.20189256210127,0</coordinates>
        </Point>
      </Placemark>
      <Placemark>
        <name>16:59:24.058</name>
        <styleUrl>#drone</styleUrl>
        <description>2026-09-26T16:59:24.058+10:00; heading 112.5 deg; state OFF</description>
        <TimeStamp>
          <when>2026-09-26T16:59:24.058+10:00</when>
        </TimeStamp>
        <Point>
          <altitudeMode>clampToGround</altitudeMode>
          <coordinates>153.5704687892615,-28.20189260229737,0</coordinates>
        </Point>
      </Placemark>
      <Placemark>
        <name>16:59:25.076</name>
        <styleUrl>#drone</styleUrl>
        <description>2026-09-26T16:59:25.076+10:00; heading 112.5 deg; state OFF</description>
        <TimeStamp>
          <when>2026-09-26T16:59:25.076+10:00</when>
        </TimeStamp>
        <Point>
          <altitudeMode>clampToGround</altitudeMode>
          <coordinates>153.5704694713581,-28.201892598664987,0</coordinates>
        </Point>
      </Placemark>
      <Placemark>
        <name>16:59:26.090</name>
        <styleUrl>#drone</styleUrl>
        <description>2026-09-26T16:59:26.090+10:00; heading 112.4 deg; state OFF</description>
        <TimeStamp>
          <when>2026-09-26T16:59:26.090+10:00</when>
        </TimeStamp>
        <Point>
          <altitudeMode>clampToGround</altitudeMode>
          <coordinates>153.57047012157014,-28.201892687521323,0</coordinates>
        </Point>
      </Placemark>
      <Placemark>
        <name>16:59:27.109</name>
        <styleUrl>#drone</styleUrl>
        <description>2026-09-26T16:59:27.109+10:00; heading 112.4 deg; state OFF</description>
        <TimeStamp>
          <when>2026-09-26T16:59:27.109+10:00</when>
        </TimeStamp>
        <Point>
          <altitudeMode>clampToGround</altitudeMode>
          <coordinates>153.5704707500074,-28.20189267014756,0</coordinates>
        </Point>
      </Placemark>
      <Placemark>
        <name>16:59:28.025</name>
        <styleUrl>#drone</styleUrl>
        <description>2026-09-26T16:59:28.025+10:00; heading 112.4 deg; state OFF</description>
        <TimeStamp>
          <when>2026-09-26T16:59:28.025+10:00</when>
        </TimeStamp>
        <Point>
          <altitudeMode>clampToGround</altitudeMode>
          <coordinates>153.57047101985975,-28.20189276650854,0</coordinates>
        </Point>
      </Placemark>
      <Placemark>
        <name>16:59:29.140</name>
        <styleUrl>#drone</styleUrl>
        <description>2026-09-26T16:59:29.140+10:00; heading 110.6 deg; state OFF</description>
        <TimeStamp>
          <when>2026-09-26T16:59:29.140+10:00</when>
        </TimeStamp>
        <Point>
          <altitudeMode>clampToGround</altitudeMode>
          <coordinates>153.57046498169882,-28.201890445826436,0</coordinates>
        </Point>
      </Placemark>
      <Placemark>
        <name>16:59:30.156</name>
        <styleUrl>#drone</styleUrl>
        <description>2026-09-26T16:59:30.156+10:00; heading 111.8 deg; state OFF</description>
        <TimeStamp>
          <when>2026-09-26T16:59:30.156+10:00</when>
        </TimeStamp>
        <Point>
          <altitudeMode>clampToGround</altitudeMode>
          <coordinates>153.57042212501858,-28.201874456003978,0</coordinates>
        </Point>
      </Placemark>
      <Placemark>
        <name>16:59:31.171</name>
        <styleUrl>#drone</styleUrl>
        <description>2026-09-26T16:59:31.171+10:00; heading 111.0 deg; state OFF</description>
        <TimeStamp>
          <when>2026-09-26T16:59:31.171+10:00</when>
        </TimeStamp>
        <Point>
          <altitudeMode>clampToGround</altitudeMode>
          <coordinates>153.57035243980107,-28.20185159300869,0</coordinates>
        </Point>
      </Placemark>
      <Placemark>
        <name>16:59:32.186</name>
        <styleUrl>#drone</styleUrl>
        <description>2026-09-26T16:59:32.186+10:00; heading 112.7 deg; state OFF</description>
        <TimeStamp>
          <when>2026-09-26T16:59:32.186+10:00</when>
        </TimeStamp>
        <Point>
          <altitudeMode>clampToGround</altitudeMode>
          <coordinates>153.57028602772965,-28.20182618352381,0</coordinates>
        </Point>
      </Placemark>
      <Placemark>
        <name>16:59:33.202</name>
        <styleUrl>#drone</styleUrl>
        <description>2026-09-26T16:59:33.202+10:00; heading 113.0 deg; state OFF</description>
        <TimeStamp>
          <when>2026-09-26T16:59:33.202+10:00</when>
        </TimeStamp>
        <Point>
          <altitudeMode>clampToGround</altitudeMode>
          <coordinates>153.5702627316922,-28.201818269398856,0</coordinates>
        </Point>
      </Placemark>
      <Placemark>
        <name>16:59:34.220</name>
        <styleUrl>#drone</styleUrl>
        <description>2026-09-26T16:59:34.220+10:00; heading 111.3 deg; state OFF</description>
        <TimeStamp>
          <when>2026-09-26T16:59:34.220+10:00</when>
        </TimeStamp>
        <Point>
          <altitudeMode>clampToGround</altitudeMode>
          <coordinates>153.57025515031782,-28.201815557447325,0</coordinates>
        </Point>
      </Placemark>
      <Placemark>
        <name>16:59:35.232</name>
        <styleUrl>#drone</styleUrl>
        <description>2026-09-26T16:59:35.232+10:00; heading 110.9 deg; state OFF</description>
        <TimeStamp>
          <when>2026-09-26T16:59:35.232+10:00</when>
        </TimeStamp>
        <Point>
          <altitudeMode>clampToGround</altitudeMode>
          <coordinates>153.57021177290807,-28.20179821851979,0</coordinates>
        </Point>
      </Placemark>
      <Placemark>
        <name>16:59:36.251</name>
        <styleUrl>#drone</styleUrl>
        <description>2026-09-26T16:59:36.251+10:00; heading 113.3 deg; state OFF</description>
        <TimeStamp>
          <when>2026-09-26T16:59:36.251+10:00</when>
        </TimeStamp>
        <Point>
          <altitudeMode>clampToGround</altitudeMode>
          <coordinates>153.57014117338088,-28.20177039000431,0</coordinates>
        </Point>
      </Placemark>
      <Placemark>
        <name>16:59:37.264</name>
        <styleUrl>#drone</styleUrl>
        <description>2026-09-26T16:59:37.264+10:00; heading 112.4 deg; state OFF</description>
        <TimeStamp>
          <when>2026-09-26T16:59:37.264+10:00</when>
        </TimeStamp>
        <Point>
          <altitudeMode>clampToGround</altitudeMode>
          <coordinates>153.5701284219614,-28.201765796837734,0</coordinates>
        </Point>
      </Placemark>
      <Placemark>
        <name>16:59:38.276</name>
        <styleUrl>#drone</styleUrl>
        <description>2026-09-26T16:59:38.276+10:00; heading 112.3 deg; state OFF</description>
        <TimeStamp>
          <when>2026-09-26T16:59:38.276+10:00</when>
        </TimeStamp>
        <Point>
          <altitudeMode>clampToGround</altitudeMode>
          <coordinates>153.5701290196806,-28.201765243875823,0</coordinates>
        </Point>
      </Placemark>
      <Placemark>
        <name>16:59:39.288</name>
        <styleUrl>#drone</styleUrl>
        <description>2026-09-26T16:59:39.288+10:00; heading 112.4 deg; state OFF</description>
        <TimeStamp>
          <when>2026-09-26T16:59:39.288+10:00</when>
        </TimeStamp>
        <Point>
          <altitudeMode>clampToGround</altitudeMode>
          <coordinates>153.5701172582772,-28.201760360683956,0</coordinates>
        </Point>
      </Placemark>
      <Placemark>
        <name>16:59:40.304</name>
        <styleUrl>#drone</styleUrl>
        <description>2026-09-26T16:59:40.304+10:00; heading 113.7 deg; state OFF</description>
        <TimeStamp>
          <when>2026-09-26T16:59:40.304+10:00</when>
        </TimeStamp>
        <Point>
          <altitudeMode>clampToGround</altitudeMode>
          <coordinates>153.57007328353714,-28.201745152595056,0</coordinates>
        </Point>
      </Placemark>
      <Placemark>
        <name>16:59:41.320</name>
        <styleUrl>#drone</styleUrl>
        <description>2026-09-26T16:59:41.320+10:00; heading 112.4 deg; state OFF</description>
        <TimeStamp>
          <when>2026-09-26T16:59:41.320+10:00</when>
        </TimeStamp>
        <Point>
          <altitudeMode>clampToGround</altitudeMode>
          <coordinates>153.5700608351378,-28.201741264813446,0</coordinates>
        </Point>
      </Placemark>
      <Placemark>
        <name>16:59:42.336</name>
        <styleUrl>#drone</styleUrl>
        <description>2026-09-26T16:59:42.336+10:00; heading 112.4 deg; state OFF</description>
        <TimeStamp>
          <when>2026-09-26T16:59:42.336+10:00</when>
        </TimeStamp>
        <Point>
          <altitudeMode>clampToGround</altitudeMode>
          <coordinates>153.57006114951193,-28.201740941839688,0</coordinates>
        </Point>
      </Placemark>
      <Placemark>
        <name>16:59:43.352</name>
        <styleUrl>#drone</styleUrl>
        <description>2026-09-26T16:59:43.352+10:00; heading 112.3 deg; state OFF</description>
        <TimeStamp>
          <when>2026-09-26T16:59:43.352+10:00</when>
        </TimeStamp>
        <Point>
          <altitudeMode>clampToGround</altitudeMode>
          <coordinates>153.57006171670744,-28.201741320395772,0</coordinates>
        </Point>
      </Placemark>
      <Placemark>
        <name>16:59:44.372</name>
        <styleUrl>#drone</styleUrl>
        <description>2026-09-26T16:59:44.372+10:00; heading 112.3 deg; state OFF</description>
        <TimeStamp>
          <when>2026-09-26T16:59:44.372+10:00</when>
        </TimeStamp>
        <Point>
          <altitudeMode>clampToGround</altitudeMode>
          <coordinates>153.5700618549776,-28.201741556243718,0</coordinates>
        </Point>
      </Placemark>
      <Placemark>
        <name>16:59:45.417</name>
        <styleUrl>#drone</styleUrl>
        <description>2026-09-26T16:59:45.417+10:00; heading 112.3 deg; state OFF</description>
        <TimeStamp>
          <when>2026-09-26T16:59:45.417+10:00</when>
        </TimeStamp>
        <Point>
          <altitudeMode>clampToGround</altitudeMode>
          <coordinates>153.57006178903097,-28.201741363710237,0</coordinates>
        </Point>
      </Placemark>
      <Placemark>
        <name>16:59:46.433</name>
        <styleUrl>#drone</styleUrl>
        <description>2026-09-26T16:59:46.433+10:00; heading 112.4 deg; state OFF</description>
        <TimeStamp>
          <when>2026-09-26T16:59:46.433+10:00</when>
        </TimeStamp>
        <Point>
          <altitudeMode>clampToGround</altitudeMode>
          <coordinates>153.57006117844136,-28.201741489918444,0</coordinates>
        </Point>
      </Placemark>
      <Placemark>
        <name>16:59:47.448</name>
        <styleUrl>#drone</styleUrl>
        <description>2026-09-26T16:59:47.448+10:00; heading 112.4 deg; state OFF</description>
        <TimeStamp>
          <when>2026-09-26T16:59:47.448+10:00</when>
        </TimeStamp>
        <Point>
          <altitudeMode>clampToGround</altitudeMode>
          <coordinates>153.57006085664045,-28.201741514437035,0</coordinates>
        </Point>
      </Placemark>
      <Placemark>
        <name>16:59:48.480</name>
        <styleUrl>#drone</styleUrl>
        <description>2026-09-26T16:59:48.480+10:00; heading 112.3 deg; state OFF</description>
        <TimeStamp>
          <when>2026-09-26T16:59:48.480+10:00</when>
        </TimeStamp>
        <Point>
          <altitudeMode>clampToGround</altitudeMode>
          <coordinates>153.57006094766703,-28.20174131037245,0</coordinates>
        </Point>
      </Placemark>
      <Placemark>
        <name>16:59:49.012</name>
        <styleUrl>#drone</styleUrl>
        <description>2026-09-26T16:59:49.012+10:00; heading 112.4 deg; state OFF</description>
        <TimeStamp>
          <when>2026-09-26T16:59:49.012+10:00</when>
        </TimeStamp>
        <Point>
          <altitudeMode>clampToGround</altitudeMode>
          <coordinates>153.57006104355406,-28.20174121817501,0</coordinates>
        </Point>
      </Placemark>
      <Placemark>
        <name>16:59:50.029</name>
        <styleUrl>#drone</styleUrl>
        <description>2026-09-26T16:59:50.029+10:00; heading 112.5 deg; state OFF</description>
        <TimeStamp>
          <when>2026-09-26T16:59:50.029+10:00</when>
        </TimeStamp>
        <Point>
          <altitudeMode>clampToGround</altitudeMode>
          <coordinates>153.57006113298638,-28.2017414514186,0</coordinates>
        </Point>
      </Placemark>
      <Placemark>
        <name>16:59:51.046</name>
        <styleUrl>#drone</styleUrl>
        <description>2026-09-26T16:59:51.046+10:00; heading 112.4 deg; state OFF</description>
        <TimeStamp>
          <when>2026-09-26T16:59:51.046+10:00</when>
        </TimeStamp>
        <Point>
          <altitudeMode>clampToGround</altitudeMode>
          <coordinates>153.57006143686198,-28.20174128866382,0</coordinates>
        </Point>
      </Placemark>
      <Placemark>
        <name>16:59:52.065</name>
        <styleUrl>#drone</styleUrl>
        <description>2026-09-26T16:59:52.065+10:00; heading 112.4 deg; state OFF</description>
        <TimeStamp>
          <when>2026-09-26T16:59:52.065+10:00</when>
        </TimeStamp>
        <Point>
          <altitudeMode>clampToGround</altitudeMode>
          <coordinates>153.57006150766904,-28.20174121723264,0</coordinates>
        </Point>
      </Placemark>
      <Placemark>
        <name>16:59:53.081</name>
        <styleUrl>#drone</styleUrl>
        <description>2026-09-26T16:59:53.081+10:00; heading 112.2 deg; state OFF</description>
        <TimeStamp>
          <when>2026-09-26T16:59:53.081+10:00</when>
        </TimeStamp>
        <Point>
          <altitudeMode>clampToGround</altitudeMode>
          <coordinates>153.57006133502574,-28.201741398115082,0</coordinates>
        </Point>
      </Placemark>
      <Placemark>
        <name>16:59:54.096</name>
        <styleUrl>#drone</styleUrl>
        <description>2026-09-26T16:59:54.096+10:00; heading 112.4 deg; state OFF</description>
        <TimeStamp>
          <when>2026-09-26T16:59:54.096+10:00</when>
        </TimeStamp>
        <Point>
          <altitudeMode>clampToGround</altitudeMode>
          <coordinates>153.57006151377377,-28.201740954364556,0</coordinates>
        </Point>
      </Placemark>
      <Placemark>
        <name>16:59:55.113</name>
        <styleUrl>#drone</styleUrl>
        <description>2026-09-26T16:59:55.113+10:00; heading 112.4 deg; state OFF</description>
        <TimeStamp>
          <when>2026-09-26T16:59:55.113+10:00</when>
        </TimeStamp>
        <Point>
          <altitudeMode>clampToGround</altitudeMode>
          <coordinates>153.57006205013457,-28.201740965998468,0</coordinates>
        </Point>
      </Placemark>
      <Placemark>
        <name>16:59:56.138</name>
        <styleUrl>#drone</styleUrl>
        <description>2026-09-26T16:59:56.138+10:00; heading 112.3 deg; state OFF</description>
        <TimeStamp>
          <when>2026-09-26T16:59:56.138+10:00</when>
        </TimeStamp>
        <Point>
          <altitudeMode>clampToGround</altitudeMode>
          <coordinates>153.57006234055638,-28.20174052423548,0</coordinates>
        </Point>
      </Placemark>
      <Placemark>
        <name>16:59:57.154</name>
        <styleUrl>#drone</styleUrl>
        <description>2026-09-26T16:59:57.154+10:00; heading 112.3 deg; state OFF</description>
        <TimeStamp>
          <when>2026-09-26T16:59:57.154+10:00</when>
        </TimeStamp>
        <Point>
          <altitudeMode>clampToGround</altitudeMode>
          <coordinates>153.57006267997156,-28.201740269505986,0</coordinates>
        </Point>
      </Placemark>
      <Placemark>
        <name>16:59:58.168</name>
        <styleUrl>#drone</styleUrl>
        <description>2026-09-26T16:59:58.168+10:00; heading 112.2 deg; state OFF</description>
        <TimeStamp>
          <when>2026-09-26T16:59:58.168+10:00</when>
        </TimeStamp>
        <Point>
          <altitudeMode>clampToGround</altitudeMode>
          <coordinates>153.57006294912404,-28.201740277164834,0</coordinates>
        </Point>
      </Placemark>
      <Placemark>
        <name>16:59:59.183</name>
        <styleUrl>#drone</styleUrl>
        <description>2026-09-26T16:59:59.183+10:00; heading 112.2 deg; state OFF</description>
        <TimeStamp>
          <when>2026-09-26T16:59:59.183+10:00</when>
        </TimeStamp>
        <Point>
          <altitudeMode>clampToGround</altitudeMode>
          <coordinates>153.5700632883448,-28.201740713890462,0</coordinates>
        </Point>
      </Placemark>
      <Placemark>
        <name>17:00:00.198</name>
        <styleUrl>#drone</styleUrl>
        <description>2026-09-26T17:00:00.198+10:00; heading 112.5 deg; state OFF</description>
        <TimeStamp>
          <when>2026-09-26T17:00:00.198+10:00</when>
        </TimeStamp>
        <Point>
          <altitudeMode>clampToGround</altitudeMode>
          <coordinates>153.57006372213058,-28.20174124438985,0</coordinates>
        </Point>
      </Placemark>
      <Placemark>
        <name>17:00:01.215</name>
        <styleUrl>#drone</styleUrl>
        <description>2026-09-26T17:00:01.215+10:00; heading 112.3 deg; state OFF</description>
        <TimeStamp>
          <when>2026-09-26T17:00:01.215+10:00</when>
        </TimeStamp>
        <Point>
          <altitudeMode>clampToGround</altitudeMode>
          <coordinates>153.5700637253968,-28.201741323873954,0</coordinates>
        </Point>
      </Placemark>
      <Placemark>
        <name>17:00:02.237</name>
        <styleUrl>#drone</styleUrl>
        <description>2026-09-26T17:00:02.237+10:00; heading 112.4 deg; state OFF</description>
        <TimeStamp>
          <when>2026-09-26T17:00:02.237+10:00</when>
        </TimeStamp>
        <Point>
          <altitudeMode>clampToGround</altitudeMode>
          <coordinates>153.57006342494302,-28.201741491426226,0</coordinates>
        </Point>
      </Placemark>
      <Placemark>
        <name>17:00:03.284</name>
        <styleUrl>#drone</styleUrl>
        <description>2026-09-26T17:00:03.284+10:00; heading 112.2 deg; state AIMING</description>
        <TimeStamp>
          <when>2026-09-26T17:00:03.284+10:00</when>
        </TimeStamp>
        <Point>
          <altitudeMode>clampToGround</altitudeMode>
          <coordinates>153.57006407519393,-28.201741884203432,0</coordinates>
        </Point>
      </Placemark>
      <Placemark>
        <name>17:00:04.313</name>
        <styleUrl>#drone</styleUrl>
        <description>2026-09-26T17:00:04.313+10:00; heading 113.3 deg; state AIMING</description>
        <TimeStamp>
          <when>2026-09-26T17:00:04.313+10:00</when>
        </TimeStamp>
        <Point>
          <altitudeMode>clampToGround</altitudeMode>
          <coordinates>153.57006411368872,-28.201742100758626,0</coordinates>
        </Point>
      </Placemark>
      <Placemark>
        <name>17:00:05.345</name>
        <styleUrl>#drone</styleUrl>
        <description>2026-09-26T17:00:05.345+10:00; heading 118.3 deg; state AIMING</description>
        <TimeStamp>
          <when>2026-09-26T17:00:05.345+10:00</when>
        </TimeStamp>
        <Point>
          <altitudeMode>clampToGround</altitudeMode>
          <coordinates>153.5700647308108,-28.20174200904093,0</coordinates>
        </Point>
      </Placemark>
      <Placemark>
        <name>17:00:06.370</name>
        <styleUrl>#drone</styleUrl>
        <description>2026-09-26T17:00:06.370+10:00; heading 126.1 deg; state AIMING</description>
        <TimeStamp>
          <when>2026-09-26T17:00:06.370+10:00</when>
        </TimeStamp>
        <Point>
          <altitudeMode>clampToGround</altitudeMode>
          <coordinates>153.57006512722938,-28.20174176236437,0</coordinates>
        </Point>
      </Placemark>
      <Placemark>
        <name>17:00:07.394</name>
        <styleUrl>#drone</styleUrl>
        <description>2026-09-26T17:00:07.394+10:00; heading 134.6 deg; state AIMING</description>
        <TimeStamp>
          <when>2026-09-26T17:00:07.394+10:00</when>
        </TimeStamp>
        <Point>
          <altitudeMode>clampToGround</altitudeMode>
          <coordinates>153.57006497982155,-28.20174211595638,0</coordinates>
        </Point>
      </Placemark>
      <Placemark>
        <name>17:00:08.423</name>
        <styleUrl>#drone</styleUrl>
        <description>2026-09-26T17:00:08.423+10:00; heading 143.8 deg; state AIMING</description>
        <TimeStamp>
          <when>2026-09-26T17:00:08.423+10:00</when>
        </TimeStamp>
        <Point>
          <altitudeMode>clampToGround</altitudeMode>
          <coordinates>153.5700647269613,-28.20174239780881,0</coordinates>
        </Point>
      </Placemark>
      <Placemark>
        <name>17:00:09.447</name>
        <styleUrl>#drone</styleUrl>
        <description>2026-09-26T17:00:09.447+10:00; heading 151.5 deg; state AIMING</description>
        <TimeStamp>
          <when>2026-09-26T17:00:09.447+10:00</when>
        </TimeStamp>
        <Point>
          <altitudeMode>clampToGround</altitudeMode>
          <coordinates>153.57006475538526,-28.20174291542352,0</coordinates>
        </Point>
      </Placemark>
      <Placemark>
        <name>17:00:10.472</name>
        <styleUrl>#drone</styleUrl>
        <description>2026-09-26T17:00:10.472+10:00; heading 159.6 deg; state AIMING</description>
        <TimeStamp>
          <when>2026-09-26T17:00:10.472+10:00</when>
        </TimeStamp>
        <Point>
          <altitudeMode>clampToGround</altitudeMode>
          <coordinates>153.57006485049462,-28.20174323250322,0</coordinates>
        </Point>
      </Placemark>
      <Placemark>
        <name>17:00:11.497</name>
        <styleUrl>#drone</styleUrl>
        <description>2026-09-26T17:00:11.497+10:00; heading 167.6 deg; state AIMING</description>
        <TimeStamp>
          <when>2026-09-26T17:00:11.497+10:00</when>
        </TimeStamp>
        <Point>
          <altitudeMode>clampToGround</altitudeMode>
          <coordinates>153.57006490858674,-28.201743685677375,0</coordinates>
        </Point>
      </Placemark>
      <Placemark>
        <name>17:00:12.014</name>
        <styleUrl>#drone</styleUrl>
        <description>2026-09-26T17:00:12.014+10:00; heading 170.8 deg; state AIMING</description>
        <TimeStamp>
          <when>2026-09-26T17:00:12.014+10:00</when>
        </TimeStamp>
        <Point>
          <altitudeMode>clampToGround</altitudeMode>
          <coordinates>153.5700649366607,-28.201743776675446,0</coordinates>
        </Point>
      </Placemark>
      <Placemark>
        <name>17:00:13.043</name>
        <styleUrl>#drone</styleUrl>
        <description>2026-09-26T17:00:13.043+10:00; heading 178.9 deg; state AIMING</description>
        <TimeStamp>
          <when>2026-09-26T17:00:13.043+10:00</when>
        </TimeStamp>
        <Point>
          <altitudeMode>clampToGround</altitudeMode>
          <coordinates>153.5700650795192,-28.20174395673546,0</coordinates>
        </Point>
      </Placemark>
      <Placemark>
        <name>17:00:14.068</name>
        <styleUrl>#drone</styleUrl>
        <description>2026-09-26T17:00:14.068+10:00; heading 188.7 deg; state AIMING</description>
        <TimeStamp>
          <when>2026-09-26T17:00:14.068+10:00</when>
        </TimeStamp>
        <Point>
          <altitudeMode>clampToGround</altitudeMode>
          <coordinates>153.57006508360197,-28.20174396764974,0</coordinates>
        </Point>
      </Placemark>
      <Placemark>
        <name>17:00:15.092</name>
        <styleUrl>#drone</styleUrl>
        <description>2026-09-26T17:00:15.092+10:00; heading 196.6 deg; state AIMING</description>
        <TimeStamp>
          <when>2026-09-26T17:00:15.092+10:00</when>
        </TimeStamp>
        <Point>
          <altitudeMode>clampToGround</altitudeMode>
          <coordinates>153.5700651467101,-28.20174411423014,0</coordinates>
        </Point>
      </Placemark>
      <Placemark>
        <name>17:00:16.118</name>
        <styleUrl>#drone</styleUrl>
        <description>2026-09-26T17:00:16.118+10:00; heading 204.6 deg; state AIMING</description>
        <TimeStamp>
          <when>2026-09-26T17:00:16.118+10:00</when>
        </TimeStamp>
        <Point>
          <altitudeMode>clampToGround</altitudeMode>
          <coordinates>153.5700648820681,-28.20174453203996,0</coordinates>
        </Point>
      </Placemark>
      <Placemark>
        <name>17:00:17.138</name>
        <styleUrl>#drone</styleUrl>
        <description>2026-09-26T17:00:17.138+10:00; heading 212.7 deg; state AIMING</description>
        <TimeStamp>
          <when>2026-09-26T17:00:17.138+10:00</when>
        </TimeStamp>
        <Point>
          <altitudeMode>clampToGround</altitudeMode>
          <coordinates>153.5700650236045,-28.201744576913608,0</coordinates>
        </Point>
      </Placemark>
      <Placemark>
        <name>17:00:18.158</name>
        <styleUrl>#drone</styleUrl>
        <description>2026-09-26T17:00:18.158+10:00; heading 220.5 deg; state AIMING</description>
        <TimeStamp>
          <when>2026-09-26T17:00:18.158+10:00</when>
        </TimeStamp>
        <Point>
          <altitudeMode>clampToGround</altitudeMode>
          <coordinates>153.57006485201106,-28.20174432201278,0</coordinates>
        </Point>
      </Placemark>
      <Placemark>
        <name>17:00:19.184</name>
        <styleUrl>#drone</styleUrl>
        <description>2026-09-26T17:00:19.184+10:00; heading 228.5 deg; state AIMING</description>
        <TimeStamp>
          <when>2026-09-26T17:00:19.184+10:00</when>
        </TimeStamp>
        <Point>
          <altitudeMode>clampToGround</altitudeMode>
          <coordinates>153.5700643215606,-28.201744132546267,0</coordinates>
        </Point>
      </Placemark>
      <Placemark>
        <name>17:00:20.215</name>
        <styleUrl>#drone</styleUrl>
        <description>2026-09-26T17:00:20.215+10:00; heading 236.7 deg; state AIMING</description>
        <TimeStamp>
          <when>2026-09-26T17:00:20.215+10:00</when>
        </TimeStamp>
        <Point>
          <altitudeMode>clampToGround</altitudeMode>
          <coordinates>153.57006402577284,-28.201744148772054,0</coordinates>
        </Point>
      </Placemark>
      <Placemark>
        <name>17:00:21.243</name>
        <styleUrl>#drone</styleUrl>
        <description>2026-09-26T17:00:21.243+10:00; heading 244.7 deg; state AIMING</description>
        <TimeStamp>
          <when>2026-09-26T17:00:21.243+10:00</when>
        </TimeStamp>
        <Point>
          <altitudeMode>clampToGround</altitudeMode>
          <coordinates>153.57006382711637,-28.20174441326786,0</coordinates>
        </Point>
      </Placemark>
      <Placemark>
        <name>17:00:22.270</name>
        <styleUrl>#drone</styleUrl>
        <description>2026-09-26T17:00:22.270+10:00; heading 254.2 deg; state AIMING</description>
        <TimeStamp>
          <when>2026-09-26T17:00:22.270+10:00</when>
        </TimeStamp>
        <Point>
          <altitudeMode>clampToGround</altitudeMode>
          <coordinates>153.5700637655636,-28.201744422057544,0</coordinates>
        </Point>
      </Placemark>
      <Placemark>
        <name>17:00:23.297</name>
        <styleUrl>#drone</styleUrl>
        <description>2026-09-26T17:00:23.297+10:00; heading 262.1 deg; state AIMING</description>
        <TimeStamp>
          <when>2026-09-26T17:00:23.297+10:00</when>
        </TimeStamp>
        <Point>
          <altitudeMode>clampToGround</altitudeMode>
          <coordinates>153.57006395539346,-28.201744545627133,0</coordinates>
        </Point>
      </Placemark>
      <Placemark>
        <name>17:00:24.323</name>
        <styleUrl>#drone</styleUrl>
        <description>2026-09-26T17:00:24.323+10:00; heading 270.2 deg; state AIMING</description>
        <TimeStamp>
          <when>2026-09-26T17:00:24.323+10:00</when>
        </TimeStamp>
        <Point>
          <altitudeMode>clampToGround</altitudeMode>
          <coordinates>153.5700641463121,-28.201744458981068,0</coordinates>
        </Point>
      </Placemark>
      <Placemark>
        <name>17:00:25.345</name>
        <styleUrl>#drone</styleUrl>
        <description>2026-09-26T17:00:25.345+10:00; heading 278.1 deg; state AIMING</description>
        <TimeStamp>
          <when>2026-09-26T17:00:25.345+10:00</when>
        </TimeStamp>
        <Point>
          <altitudeMode>clampToGround</altitudeMode>
          <coordinates>153.57006397732383,-28.201744677472387,0</coordinates>
        </Point>
      </Placemark>
      <Placemark>
        <name>17:00:26.371</name>
        <styleUrl>#drone</styleUrl>
        <description>2026-09-26T17:00:26.371+10:00; heading 284.7 deg; state AIMING</description>
        <TimeStamp>
          <when>2026-09-26T17:00:26.371+10:00</when>
        </TimeStamp>
        <Point>
          <altitudeMode>clampToGround</altitudeMode>
          <coordinates>153.57006381202953,-28.20174479192675,0</coordinates>
        </Point>
      </Placemark>
      <Placemark>
        <name>17:00:27.396</name>
        <styleUrl>#drone</styleUrl>
        <description>2026-09-26T17:00:27.396+10:00; heading 287.8 deg; state AIMING</description>
        <TimeStamp>
          <when>2026-09-26T17:00:27.396+10:00</when>
        </TimeStamp>
        <Point>
          <altitudeMode>clampToGround</altitudeMode>
          <coordinates>153.5700632946051,-28.20174443633007,0</coordinates>
        </Point>
      </Placemark>
      <Placemark>
        <name>17:00:28.422</name>
        <styleUrl>#drone</styleUrl>
        <description>2026-09-26T17:00:28.422+10:00; heading 288.9 deg; state AIMING</description>
        <TimeStamp>
          <when>2026-09-26T17:00:28.422+10:00</when>
        </TimeStamp>
        <Point>
          <altitudeMode>clampToGround</altitudeMode>
          <coordinates>153.57006299193492,-28.20174449866315,0</coordinates>
        </Point>
      </Placemark>
      <Placemark>
        <name>17:00:29.447</name>
        <styleUrl>#drone</styleUrl>
        <description>2026-09-26T17:00:29.447+10:00; heading 289.7 deg; state AIMING</description>
        <TimeStamp>
          <when>2026-09-26T17:00:29.447+10:00</when>
        </TimeStamp>
        <Point>
          <altitudeMode>clampToGround</altitudeMode>
          <coordinates>153.57006245794602,-28.20174416121126,0</coordinates>
        </Point>
      </Placemark>
      <Placemark>
        <name>17:00:30.476</name>
        <styleUrl>#drone</styleUrl>
        <description>2026-09-26T17:00:30.476+10:00; heading 290.4 deg; state AIMING</description>
        <TimeStamp>
          <when>2026-09-26T17:00:30.476+10:00</when>
        </TimeStamp>
        <Point>
          <altitudeMode>clampToGround</altitudeMode>
          <coordinates>153.57006212926274,-28.201744180898093,0</coordinates>
        </Point>
      </Placemark>
      <Placemark>
        <name>17:00:31.503</name>
        <styleUrl>#drone</styleUrl>
        <description>2026-09-26T17:00:31.503+10:00; heading 290.9 deg; state AIMING</description>
        <TimeStamp>
          <when>2026-09-26T17:00:31.503+10:00</when>
        </TimeStamp>
        <Point>
          <altitudeMode>clampToGround</altitudeMode>
          <coordinates>153.57006211647,-28.201743909822877,0</coordinates>
        </Point>
      </Placemark>
      <Placemark>
        <name>17:00:32.015</name>
        <styleUrl>#drone</styleUrl>
        <description>2026-09-26T17:00:32.015+10:00; heading 291.0 deg; state AIMING</description>
        <TimeStamp>
          <when>2026-09-26T17:00:32.015+10:00</when>
        </TimeStamp>
        <Point>
          <altitudeMode>clampToGround</altitudeMode>
          <coordinates>153.5700620880461,-28.20174400006706,0</coordinates>
        </Point>
      </Placemark>
      <Placemark>
        <name>17:00:33.042</name>
        <styleUrl>#drone</styleUrl>
        <description>2026-09-26T17:00:33.042+10:00; heading 291.4 deg; state AIMING</description>
        <TimeStamp>
          <when>2026-09-26T17:00:33.042+10:00</when>
        </TimeStamp>
        <Point>
          <altitudeMode>clampToGround</altitudeMode>
          <coordinates>153.57006232756922,-28.20174416955546,0</coordinates>
        </Point>
      </Placemark>
      <Placemark>
        <name>17:00:34.068</name>
        <styleUrl>#drone</styleUrl>
        <description>2026-09-26T17:00:34.068+10:00; heading 291.8 deg; state AIMING</description>
        <TimeStamp>
          <when>2026-09-26T17:00:34.068+10:00</when>
        </TimeStamp>
        <Point>
          <altitudeMode>clampToGround</altitudeMode>
          <coordinates>153.57006236831927,-28.20174427672792,0</coordinates>
        </Point>
      </Placemark>
      <Placemark>
        <name>17:00:35.097</name>
        <styleUrl>#drone</styleUrl>
        <description>2026-09-26T17:00:35.097+10:00; heading 292.2 deg; state AIMING</description>
        <TimeStamp>
          <when>2026-09-26T17:00:35.097+10:00</when>
        </TimeStamp>
        <Point>
          <altitudeMode>clampToGround</altitudeMode>
          <coordinates>153.57006261449155,-28.20174438342063,0</coordinates>
        </Point>
      </Placemark>
      <Placemark>
        <name>17:00:36.119</name>
        <styleUrl>#drone</styleUrl>
        <description>2026-09-26T17:00:36.119+10:00; heading 292.8 deg; state AIMING</description>
        <TimeStamp>
          <when>2026-09-26T17:00:36.119+10:00</when>
        </TimeStamp>
        <Point>
          <altitudeMode>clampToGround</altitudeMode>
          <coordinates>153.57006267270032,-28.20174425294608,0</coordinates>
        </Point>
      </Placemark>
      <Placemark>
        <name>17:00:37.134</name>
        <styleUrl>#drone</styleUrl>
        <description>2026-09-26T17:00:37.134+10:00; heading 293.1 deg; state AIMING</description>
        <TimeStamp>
          <when>2026-09-26T17:00:37.134+10:00</when>
        </TimeStamp>
        <Point>
          <altitudeMode>clampToGround</altitudeMode>
          <coordinates>153.57006293368724,-28.201744135853108,0</coordinates>
        </Point>
      </Placemark>
      <Placemark>
        <name>17:00:38.152</name>
        <styleUrl>#drone</styleUrl>
        <description>2026-09-26T17:00:38.152+10:00; heading 294.1 deg; state AIMING</description>
        <TimeStamp>
          <when>2026-09-26T17:00:38.152+10:00</when>
        </TimeStamp>
        <Point>
          <altitudeMode>clampToGround</altitudeMode>
          <coordinates>153.57006266570127,-28.201744154477645,0</coordinates>
        </Point>
      </Placemark>
      <Placemark>
        <name>17:00:39.176</name>
        <styleUrl>#drone</styleUrl>
        <description>2026-09-26T17:00:39.176+10:00; heading 294.7 deg; state AIMING</description>
        <TimeStamp>
          <when>2026-09-26T17:00:39.176+10:00</when>
        </TimeStamp>
        <Point>
          <altitudeMode>clampToGround</altitudeMode>
          <coordinates>153.5700625527832,-28.201744122317336,0</coordinates>
        </Point>
      </Placemark>
      <Placemark>
        <name>17:00:40.200</name>
        <styleUrl>#drone</styleUrl>
        <description>2026-09-26T17:00:40.200+10:00; heading 295.2 deg; state AIMING</description>
        <TimeStamp>
          <when>2026-09-26T17:00:40.200+10:00</when>
        </TimeStamp>
        <Point>
          <altitudeMode>clampToGround</altitudeMode>
          <coordinates>153.570062917395,-28.201743987490786,0</coordinates>
        </Point>
      </Placemark>
      <Placemark>
        <name>17:00:41.220</name>
        <styleUrl>#drone</styleUrl>
        <description>2026-09-26T17:00:41.220+10:00; heading 296.2 deg; state AIMING</description>
        <TimeStamp>
          <when>2026-09-26T17:00:41.220+10:00</when>
        </TimeStamp>
        <Point>
          <altitudeMode>clampToGround</altitudeMode>
          <coordinates>153.57006282158576,-28.20174390838363,0</coordinates>
        </Point>
      </Placemark>
      <Placemark>
        <name>17:00:42.250</name>
        <styleUrl>#drone</styleUrl>
        <description>2026-09-26T17:00:42.250+10:00; heading 296.7 deg; state AIMING</description>
        <TimeStamp>
          <when>2026-09-26T17:00:42.250+10:00</when>
        </TimeStamp>
        <Point>
          <altitudeMode>clampToGround</altitudeMode>
          <coordinates>153.57006325649914,-28.20174433753608,0</coordinates>
        </Point>
      </Placemark>
      <Placemark>
        <name>17:00:43.275</name>
        <styleUrl>#drone</styleUrl>
        <description>2026-09-26T17:00:43.275+10:00; heading 297.0 deg; state AIMING</description>
        <TimeStamp>
          <when>2026-09-26T17:00:43.275+10:00</when>
        </TimeStamp>
        <Point>
          <altitudeMode>clampToGround</altitudeMode>
          <coordinates>153.57006308214494,-28.201744387001614,0</coordinates>
        </Point>
      </Placemark>
      <Placemark>
        <name>17:00:44.298</name>
        <styleUrl>#drone</styleUrl>
        <description>2026-09-26T17:00:44.298+10:00; heading 296.8 deg; state AIMING</description>
        <TimeStamp>
          <when>2026-09-26T17:00:44.298+10:00</when>
        </TimeStamp>
        <Point>
          <altitudeMode>clampToGround</altitudeMode>
          <coordinates>153.5700631465751,-28.20174470305328,0</coordinates>
        </Point>
      </Placemark>
      <Placemark>
        <name>17:00:45.318</name>
        <styleUrl>#drone</styleUrl>
        <description>2026-09-26T17:00:45.318+10:00; heading 296.7 deg; state AIMING</description>
        <TimeStamp>
          <when>2026-09-26T17:00:45.318+10:00</when>
        </TimeStamp>
        <Point>
          <altitudeMode>clampToGround</altitudeMode>
          <coordinates>153.5700631914857,-28.20174452881879,0</coordinates>
        </Point>
      </Placemark>
      <Placemark>
        <name>17:00:46.342</name>
        <styleUrl>#drone</styleUrl>
        <description>2026-09-26T17:00:46.342+10:00; heading 296.8 deg; state AIMING</description>
        <TimeStamp>
          <when>2026-09-26T17:00:46.342+10:00</when>
        </TimeStamp>
        <Point>
          <altitudeMode>clampToGround</altitudeMode>
          <coordinates>153.57006278052464,-28.201744039115187,0</coordinates>
        </Point>
      </Placemark>
      <Placemark>
        <name>17:00:47.375</name>
        <styleUrl>#drone</styleUrl>
        <description>2026-09-26T17:00:47.375+10:00; heading 296.3 deg; state AIMING</description>
        <TimeStamp>
          <when>2026-09-26T17:00:47.375+10:00</when>
        </TimeStamp>
        <Point>
          <altitudeMode>clampToGround</altitudeMode>
          <coordinates>153.57006249822948,-28.20174336751824,0</coordinates>
        </Point>
      </Placemark>
      <Placemark>
        <name>17:00:48.400</name>
        <styleUrl>#drone</styleUrl>
        <description>2026-09-26T17:00:48.400+10:00; heading 295.4 deg; state AIMING</description>
        <TimeStamp>
          <when>2026-09-26T17:00:48.400+10:00</when>
        </TimeStamp>
        <Point>
          <altitudeMode>clampToGround</altitudeMode>
          <coordinates>153.57006223541504,-28.201743114639218,0</coordinates>
        </Point>
      </Placemark>
      <Placemark>
        <name>17:00:49.426</name>
        <styleUrl>#drone</styleUrl>
        <description>2026-09-26T17:00:49.426+10:00; heading 293.6 deg; state AIMING</description>
        <TimeStamp>
          <when>2026-09-26T17:00:49.426+10:00</when>
        </TimeStamp>
        <Point>
          <altitudeMode>clampToGround</altitudeMode>
          <coordinates>153.57006234553347,-28.201743490179734,0</coordinates>
        </Point>
      </Placemark>
      <Placemark>
        <name>17:00:50.451</name>
        <styleUrl>#drone</styleUrl>
        <description>2026-09-26T17:00:50.451+10:00; heading 289.5 deg; state AIMING</description>
        <TimeStamp>
          <when>2026-09-26T17:00:50.451+10:00</when>
        </TimeStamp>
        <Point>
          <altitudeMode>clampToGround</altitudeMode>
          <coordinates>153.57006215850322,-28.201743620311603,0</coordinates>
        </Point>
      </Placemark>
      <Placemark>
        <name>17:00:51.477</name>
        <styleUrl>#drone</styleUrl>
        <description>2026-09-26T17:00:51.477+10:00; heading 286.4 deg; state AIMING</description>
        <TimeStamp>
          <when>2026-09-26T17:00:51.477+10:00</when>
        </TimeStamp>
        <Point>
          <altitudeMode>clampToGround</altitudeMode>
          <coordinates>153.5700618617045,-28.201743320571392,0</coordinates>
        </Point>
      </Placemark>
      <Placemark>
        <name>17:00:52.497</name>
        <styleUrl>#drone</styleUrl>
        <description>2026-09-26T17:00:52.497+10:00; heading 283.2 deg; state AIMING</description>
        <TimeStamp>
          <when>2026-09-26T17:00:52.497+10:00</when>
        </TimeStamp>
        <Point>
          <altitudeMode>clampToGround</altitudeMode>
          <coordinates>153.57006169458265,-28.20174326795323,0</coordinates>
        </Point>
      </Placemark>
      <Placemark>
        <name>17:00:53.008</name>
        <styleUrl>#drone</styleUrl>
        <description>2026-09-26T17:00:53.008+10:00; heading 281.8 deg; state AIMING</description>
        <TimeStamp>
          <when>2026-09-26T17:00:53.008+10:00</when>
        </TimeStamp>
        <Point>
          <altitudeMode>clampToGround</altitudeMode>
          <coordinates>153.57006171351895,-28.201743228271148,0</coordinates>
        </Point>
      </Placemark>
      <Placemark>
        <name>17:00:54.027</name>
        <styleUrl>#drone</styleUrl>
        <description>2026-09-26T17:00:54.027+10:00; heading 277.9 deg; state AIMING</description>
        <TimeStamp>
          <when>2026-09-26T17:00:54.027+10:00</when>
        </TimeStamp>
        <Point>
          <altitudeMode>clampToGround</altitudeMode>
          <coordinates>153.57006176690618,-28.2017429705775,0</coordinates>
        </Point>
      </Placemark>
      <Placemark>
        <name>17:00:55.054</name>
        <styleUrl>#drone</styleUrl>
        <description>2026-09-26T17:00:55.054+10:00; heading 272.2 deg; state AIMING</description>
        <TimeStamp>
          <when>2026-09-26T17:00:55.054+10:00</when>
        </TimeStamp>
        <Point>
          <altitudeMode>clampToGround</altitudeMode>
          <coordinates>153.57006202540455,-28.2017425377584,0</coordinates>
        </Point>
      </Placemark>
      <Placemark>
        <name>17:00:56.079</name>
        <styleUrl>#drone</styleUrl>
        <description>2026-09-26T17:00:56.079+10:00; heading 264.9 deg; state AIMING</description>
        <TimeStamp>
          <when>2026-09-26T17:00:56.079+10:00</when>
        </TimeStamp>
        <Point>
          <altitudeMode>clampToGround</altitudeMode>
          <coordinates>153.5700621758842,-28.20174217487982,0</coordinates>
        </Point>
      </Placemark>
      <Placemark>
        <name>17:00:57.107</name>
        <styleUrl>#drone</styleUrl>
        <description>2026-09-26T17:00:57.107+10:00; heading 256.9 deg; state AIMING</description>
        <TimeStamp>
          <when>2026-09-26T17:00:57.107+10:00</when>
        </TimeStamp>
        <Point>
          <altitudeMode>clampToGround</altitudeMode>
          <coordinates>153.5700624658783,-28.20174179754024,0</coordinates>
        </Point>
      </Placemark>
      <Placemark>
        <name>17:00:58.130</name>
        <styleUrl>#drone</styleUrl>
        <description>2026-09-26T17:00:58.130+10:00; heading 248.8 deg; state AIMING</description>
        <TimeStamp>
          <when>2026-09-26T17:00:58.130+10:00</when>
        </TimeStamp>
        <Point>
          <altitudeMode>clampToGround</altitudeMode>
          <coordinates>153.5700627098342,-28.201741506778188,0</coordinates>
        </Point>
      </Placemark>
      <Placemark>
        <name>17:00:59.155</name>
        <styleUrl>#drone</styleUrl>
        <description>2026-09-26T17:00:59.155+10:00; heading 240.8 deg; state AIMING</description>
        <TimeStamp>
          <when>2026-09-26T17:00:59.155+10:00</when>
        </TimeStamp>
        <Point>
          <altitudeMode>clampToGround</altitudeMode>
          <coordinates>153.57006232255324,-28.201741303741635,0</coordinates>
        </Point>
      </Placemark>
      <Placemark>
        <name>17:01:00.178</name>
        <styleUrl>#drone</styleUrl>
        <description>2026-09-26T17:01:00.178+10:00; heading 232.8 deg; state AIMING</description>
        <TimeStamp>
          <when>2026-09-26T17:01:00.178+10:00</when>
        </TimeStamp>
        <Point>
          <altitudeMode>clampToGround</altitudeMode>
          <coordinates>153.57006175652427,-28.201741337992274,0</coordinates>
        </Point>
      </Placemark>
      <Placemark>
        <name>17:01:01.202</name>
        <styleUrl>#drone</styleUrl>
        <description>2026-09-26T17:01:01.202+10:00; heading 224.7 deg; state AIMING</description>
        <TimeStamp>
          <when>2026-09-26T17:01:01.202+10:00</when>
        </TimeStamp>
        <Point>
          <altitudeMode>clampToGround</altitudeMode>
          <coordinates>153.5700610204183,-28.201741435775364,0</coordinates>
        </Point>
      </Placemark>
      <Placemark>
        <name>17:01:02.225</name>
        <styleUrl>#drone</styleUrl>
        <description>2026-09-26T17:01:02.225+10:00; heading 216.7 deg; state AIMING</description>
        <TimeStamp>
          <when>2026-09-26T17:01:02.225+10:00</when>
        </TimeStamp>
        <Point>
          <altitudeMode>clampToGround</altitudeMode>
          <coordinates>153.57006051699193,-28.201741420097854,0</coordinates>
        </Point>
      </Placemark>
      <Placemark>
        <name>17:01:03.253</name>
        <styleUrl>#drone</styleUrl>
        <description>2026-09-26T17:01:03.253+10:00; heading 208.8 deg; state AIMING</description>
        <TimeStamp>
          <when>2026-09-26T17:01:03.253+10:00</when>
        </TimeStamp>
        <Point>
          <altitudeMode>clampToGround</altitudeMode>
          <coordinates>153.57006044482392,-28.20174139696711,0</coordinates>
        </Point>
      </Placemark>
      <Placemark>
        <name>17:01:04.277</name>
        <styleUrl>#drone</styleUrl>
        <description>2026-09-26T17:01:04.277+10:00; heading 199.0 deg; state AIMING</description>
        <TimeStamp>
          <when>2026-09-26T17:01:04.277+10:00</when>
        </TimeStamp>
        <Point>
          <altitudeMode>clampToGround</altitudeMode>
          <coordinates>153.5700605619414,-28.20174098940336,0</coordinates>
        </Point>
      </Placemark>
      <Placemark>
        <name>17:01:05.307</name>
        <styleUrl>#drone</styleUrl>
        <description>2026-09-26T17:01:05.307+10:00; heading 191.1 deg; state AIMING</description>
        <TimeStamp>
          <when>2026-09-26T17:01:05.307+10:00</when>
        </TimeStamp>
        <Point>
          <altitudeMode>clampToGround</altitudeMode>
          <coordinates>153.57006016116787,-28.201740677532356,0</coordinates>
        </Point>
      </Placemark>
      <Placemark>
        <name>17:01:06.330</name>
        <styleUrl>#drone</styleUrl>
        <description>2026-09-26T17:01:06.330+10:00; heading 183.0 deg; state AIMING</description>
        <TimeStamp>
          <when>2026-09-26T17:01:06.330+10:00</when>
        </TimeStamp>
        <Point>
          <altitudeMode>clampToGround</altitudeMode>
          <coordinates>153.57006023508563,-28.201740325173983,0</coordinates>
        </Point>
      </Placemark>
      <Placemark>
        <name>17:01:07.350</name>
        <styleUrl>#drone</styleUrl>
        <description>2026-09-26T17:01:07.350+10:00; heading 175.9 deg; state AIMING</description>
        <TimeStamp>
          <when>2026-09-26T17:01:07.350+10:00</when>
        </TimeStamp>
        <Point>
          <altitudeMode>clampToGround</altitudeMode>
          <coordinates>153.5700601366323,-28.201740070084686,0</coordinates>
        </Point>
      </Placemark>
      <Placemark>
        <name>17:01:08.375</name>
        <styleUrl>#drone</styleUrl>
        <description>2026-09-26T17:01:08.375+10:00; heading 170.5 deg; state AIMING</description>
        <TimeStamp>
          <when>2026-09-26T17:01:08.375+10:00</when>
        </TimeStamp>
        <Point>
          <altitudeMode>clampToGround</altitudeMode>
          <coordinates>153.57006025569393,-28.201739802813194,0</coordinates>
        </Point>
      </Placemark>
      <Placemark>
        <name>17:01:09.402</name>
        <styleUrl>#drone</styleUrl>
        <description>2026-09-26T17:01:09.402+10:00; heading 166.0 deg; state AIMING</description>
        <TimeStamp>
          <when>2026-09-26T17:01:09.402+10:00</when>
        </TimeStamp>
        <Point>
          <altitudeMode>clampToGround</altitudeMode>
          <coordinates>153.5700606302211,-28.20173980271039,0</coordinates>
        </Point>
      </Placemark>
      <Placemark>
        <name>17:01:10.422</name>
        <styleUrl>#drone</styleUrl>
        <description>2026-09-26T17:01:10.422+10:00; heading 163.7 deg; state AIMING</description>
        <TimeStamp>
          <when>2026-09-26T17:01:10.422+10:00</when>
        </TimeStamp>
        <Point>
          <altitudeMode>clampToGround</altitudeMode>
          <coordinates>153.57006046232155,-28.2017401623678,0</coordinates>
        </Point>
      </Placemark>
      <Placemark>
        <name>17:01:11.446</name>
        <styleUrl>#drone</styleUrl>
        <description>2026-09-26T17:01:11.446+10:00; heading 162.3 deg; state AIMING</description>
        <TimeStamp>
          <when>2026-09-26T17:01:11.446+10:00</when>
        </TimeStamp>
        <Point>
          <altitudeMode>clampToGround</altitudeMode>
          <coordinates>153.57006076821907,-28.201739969114694,0</coordinates>
        </Point>
      </Placemark>
      <Placemark>
        <name>17:01:12.471</name>
        <styleUrl>#drone</styleUrl>
        <description>2026-09-26T17:01:12.471+10:00; heading 159.4 deg; state AIMING</description>
        <TimeStamp>
          <when>2026-09-26T17:01:12.471+10:00</when>
        </TimeStamp>
        <Point>
          <altitudeMode>clampToGround</altitudeMode>
          <coordinates>153.57006185245018,-28.201739865146273,0</coordinates>
        </Point>
      </Placemark>
      <Placemark>
        <name>17:01:13.493</name>
        <styleUrl>#drone</styleUrl>
        <description>2026-09-26T17:01:13.493+10:00; heading 157.9 deg; state AIMING</description>
        <TimeStamp>
          <when>2026-09-26T17:01:13.493+10:00</when>
        </TimeStamp>
        <Point>
          <altitudeMode>clampToGround</altitudeMode>
          <coordinates>153.57006223840907,-28.201739849177486,0</coordinates>
        </Point>
      </Placemark>
      <Placemark>
        <name>17:01:14.005</name>
        <styleUrl>#drone</styleUrl>
        <description>2026-09-26T17:01:14.005+10:00; heading 157.6 deg; state AIMING</description>
        <TimeStamp>
          <when>2026-09-26T17:01:14.005+10:00</when>
        </TimeStamp>
        <Point>
          <altitudeMode>clampToGround</altitudeMode>
          <coordinates>153.5700624597347,-28.201739847241363,0</coordinates>
        </Point>
      </Placemark>
      <Placemark>
        <name>17:01:15.032</name>
        <styleUrl>#drone</styleUrl>
        <description>2026-09-26T17:01:15.032+10:00; heading 154.8 deg; state AIMING</description>
        <TimeStamp>
          <when>2026-09-26T17:01:15.032+10:00</when>
        </TimeStamp>
        <Point>
          <altitudeMode>clampToGround</altitudeMode>
          <coordinates>153.57006281637533,-28.20174018498453,0</coordinates>
        </Point>
      </Placemark>
      <Placemark>
        <name>17:01:16.054</name>
        <styleUrl>#drone</styleUrl>
        <description>2026-09-26T17:01:16.054+10:00; heading 153.1 deg; state AIMING</description>
        <TimeStamp>
          <when>2026-09-26T17:01:16.054+10:00</when>
        </TimeStamp>
        <Point>
          <altitudeMode>clampToGround</altitudeMode>
          <coordinates>153.57006264505407,-28.20174043991962,0</coordinates>
        </Point>
      </Placemark>
      <Placemark>
        <name>17:01:17.079</name>
        <styleUrl>#drone</styleUrl>
        <description>2026-09-26T17:01:17.079+10:00; heading 151.2 deg; state AIMING</description>
        <TimeStamp>
          <when>2026-09-26T17:01:17.079+10:00</when>
        </TimeStamp>
        <Point>
          <altitudeMode>clampToGround</altitudeMode>
          <coordinates>153.5700626618129,-28.20174054678367,0</coordinates>
        </Point>
      </Placemark>
      <Placemark>
        <name>17:01:18.103</name>
        <styleUrl>#drone</styleUrl>
        <description>2026-09-26T17:01:18.103+10:00; heading 150.4 deg; state AIMING</description>
        <TimeStamp>
          <when>2026-09-26T17:01:18.103+10:00</when>
        </TimeStamp>
        <Point>
          <altitudeMode>clampToGround</altitudeMode>
          <coordinates>153.57006312837757,-28.20174068022238,0</coordinates>
        </Point>
      </Placemark>
      <Placemark>
        <name>17:01:19.125</name>
        <styleUrl>#drone</styleUrl>
        <description>2026-09-26T17:01:19.125+10:00; heading 149.8 deg; state AIMING</description>
        <TimeStamp>
          <when>2026-09-26T17:01:19.125+10:00</when>
        </TimeStamp>
        <Point>
          <altitudeMode>clampToGround</altitudeMode>
          <coordinates>153.57006343143658,-28.201740909696518,0</coordinates>
        </Point>
      </Placemark>
      <Placemark>
        <name>17:01:20.152</name>
        <styleUrl>#drone</styleUrl>
        <description>2026-09-26T17:01:20.152+10:00; heading 149.3 deg; state AIMING</description>
        <TimeStamp>
          <when>2026-09-26T17:01:20.152+10:00</when>
        </TimeStamp>
        <Point>
          <altitudeMode>clampToGround</altitudeMode>
          <coordinates>153.57006377586774,-28.20174091526503,0</coordinates>
        </Point>
      </Placemark>
      <Placemark>
        <name>17:01:21.166</name>
        <styleUrl>#drone</styleUrl>
        <description>2026-09-26T17:01:21.166+10:00; heading 148.2 deg; state AIMING</description>
        <TimeStamp>
          <when>2026-09-26T17:01:21.166+10:00</when>
        </TimeStamp>
        <Point>
          <altitudeMode>clampToGround</altitudeMode>
          <coordinates>153.5700638429809,-28.201741124915266,0</coordinates>
        </Point>
      </Placemark>
      <Placemark>
        <name>17:01:22.191</name>
        <styleUrl>#drone</styleUrl>
        <description>2026-09-26T17:01:22.191+10:00; heading 146.9 deg; state AIMING</description>
        <TimeStamp>
          <when>2026-09-26T17:01:22.191+10:00</when>
        </TimeStamp>
        <Point>
          <altitudeMode>clampToGround</altitudeMode>
          <coordinates>153.57006378201135,-28.201741351613713,0</coordinates>
        </Point>
      </Placemark>
      <Placemark>
        <name>17:01:23.216</name>
        <styleUrl>#drone</styleUrl>
        <description>2026-09-26T17:01:23.216+10:00; heading 145.8 deg; state AIMING</description>
        <TimeStamp>
          <when>2026-09-26T17:01:23.216+10:00</when>
        </TimeStamp>
        <Point>
          <altitudeMode>clampToGround</altitudeMode>
          <coordinates>153.57006360303,-28.201741034499747,0</coordinates>
        </Point>
      </Placemark>
      <Placemark>
        <name>17:01:24.242</name>
        <styleUrl>#drone</styleUrl>
        <description>2026-09-26T17:01:24.242+10:00; heading 144.8 deg; state AIMING</description>
        <TimeStamp>
          <when>2026-09-26T17:01:24.242+10:00</when>
        </TimeStamp>
        <Point>
          <altitudeMode>clampToGround</altitudeMode>
          <coordinates>153.57006348144094,-28.201741318562444,0</coordinates>
        </Point>
      </Placemark>
      <Placemark>
        <name>17:01:25.269</name>
        <styleUrl>#drone</styleUrl>
        <description>2026-09-26T17:01:25.269+10:00; heading 143.9 deg; state AIMING</description>
        <TimeStamp>
          <when>2026-09-26T17:01:25.269+10:00</when>
        </TimeStamp>
        <Point>
          <altitudeMode>clampToGround</altitudeMode>
          <coordinates>153.57006397203565,-28.20174130183977,0</coordinates>
        </Point>
      </Placemark>
      <Placemark>
        <name>17:01:26.294</name>
        <styleUrl>#drone</styleUrl>
        <description>2026-09-26T17:01:26.294+10:00; heading 143.5 deg; state AIMING</description>
        <TimeStamp>
          <when>2026-09-26T17:01:26.294+10:00</when>
        </TimeStamp>
        <Point>
          <altitudeMode>clampToGround</altitudeMode>
          <coordinates>153.57006386774978,-28.20174121228095,0</coordinates>
        </Point>
      </Placemark>
      <Placemark>
        <name>17:01:27.320</name>
        <styleUrl>#drone</styleUrl>
        <description>2026-09-26T17:01:27.320+10:00; heading 143.3 deg; state AIMING</description>
        <TimeStamp>
          <when>2026-09-26T17:01:27.320+10:00</when>
        </TimeStamp>
        <Point>
          <altitudeMode>clampToGround</altitudeMode>
          <coordinates>153.57006386545564,-28.2017412262108,0</coordinates>
        </Point>
      </Placemark>
      <Placemark>
        <name>17:01:28.343</name>
        <styleUrl>#drone</styleUrl>
        <description>2026-09-26T17:01:28.343+10:00; heading 143.3 deg; state AIMING</description>
        <TimeStamp>
          <when>2026-09-26T17:01:28.343+10:00</when>
        </TimeStamp>
        <Point>
          <altitudeMode>clampToGround</altitudeMode>
          <coordinates>153.57006390126745,-28.201741259005058,0</coordinates>
        </Point>
      </Placemark>
      <Placemark>
        <name>17:01:29.365</name>
        <styleUrl>#drone</styleUrl>
        <description>2026-09-26T17:01:29.365+10:00; heading 142.1 deg; state AIMING</description>
        <TimeStamp>
          <when>2026-09-26T17:01:29.365+10:00</when>
        </TimeStamp>
        <Point>
          <altitudeMode>clampToGround</altitudeMode>
          <coordinates>153.57006370105566,-28.201741405191374,0</coordinates>
        </Point>
      </Placemark>
      <Placemark>
        <name>17:01:30.390</name>
        <styleUrl>#drone</styleUrl>
        <description>2026-09-26T17:01:30.390+10:00; heading 141.5 deg; state AIMING</description>
        <TimeStamp>
          <when>2026-09-26T17:01:30.390+10:00</when>
        </TimeStamp>
        <Point>
          <altitudeMode>clampToGround</altitudeMode>
          <coordinates>153.57006348144094,-28.201742186719336,0</coordinates>
        </Point>
      </Placemark>
      <Placemark>
        <name>17:01:31.420</name>
        <styleUrl>#drone</styleUrl>
        <description>2026-09-26T17:01:31.420+10:00; heading 140.2 deg; state AIMING</description>
        <TimeStamp>
          <when>2026-09-26T17:01:31.420+10:00</when>
        </TimeStamp>
        <Point>
          <altitudeMode>clampToGround</altitudeMode>
          <coordinates>153.57006363308707,-28.201742751572162,0</coordinates>
        </Point>
      </Placemark>
      <Placemark>
        <name>17:01:32.449</name>
        <styleUrl>#drone</styleUrl>
        <description>2026-09-26T17:01:32.449+10:00; heading 139.3 deg; state AIMING</description>
        <TimeStamp>
          <when>2026-09-26T17:01:32.449+10:00</when>
        </TimeStamp>
        <Point>
          <altitudeMode>clampToGround</altitudeMode>
          <coordinates>153.5700640116581,-28.201743208618584,0</coordinates>
        </Point>
      </Placemark>
      <Placemark>
        <name>17:01:33.473</name>
        <styleUrl>#drone</styleUrl>
        <description>2026-09-26T17:01:33.473+10:00; heading 138.7 deg; state AIMING</description>
        <TimeStamp>
          <when>2026-09-26T17:01:33.473+10:00</when>
        </TimeStamp>
        <Point>
          <altitudeMode>clampToGround</altitudeMode>
          <coordinates>153.5700640721999,-28.201743205328874,0</coordinates>
        </Point>
      </Placemark>
      <Placemark>
        <name>17:01:34.497</name>
        <styleUrl>#drone</styleUrl>
        <description>2026-09-26T17:01:34.497+10:00; heading 138.3 deg; state AIMING</description>
        <TimeStamp>
          <when>2026-09-26T17:01:34.497+10:00</when>
        </TimeStamp>
        <Point>
          <altitudeMode>clampToGround</altitudeMode>
          <coordinates>153.570064116605,-28.20174370730034,0</coordinates>
        </Point>
      </Placemark>
      <Placemark>
        <name>17:01:35.008</name>
        <styleUrl>#drone</styleUrl>
        <description>2026-09-26T17:01:35.008+10:00; heading 138.4 deg; state AIMING</description>
        <TimeStamp>
          <when>2026-09-26T17:01:35.008+10:00</when>
        </TimeStamp>
        <Point>
          <altitudeMode>clampToGround</altitudeMode>
          <coordinates>153.570064017024,-28.20174376959915,0</coordinates>
        </Point>
      </Placemark>
      <Placemark>
        <name>17:01:36.035</name>
        <styleUrl>#drone</styleUrl>
        <description>2026-09-26T17:01:36.035+10:00; heading 138.3 deg; state AIMING</description>
        <TimeStamp>
          <when>2026-09-26T17:01:36.035+10:00</when>
        </TimeStamp>
        <Point>
          <altitudeMode>clampToGround</altitudeMode>
          <coordinates>153.5700644774062,-28.201744106108677,0</coordinates>
        </Point>
      </Placemark>
      <Placemark>
        <name>17:01:37.060</name>
        <styleUrl>#drone</styleUrl>
        <description>2026-09-26T17:01:37.060+10:00; heading 138.3 deg; state AIMING</description>
        <TimeStamp>
          <when>2026-09-26T17:01:37.060+10:00</when>
        </TimeStamp>
        <Point>
          <altitudeMode>clampToGround</altitudeMode>
          <coordinates>153.57006477424383,-28.201744173324915,0</coordinates>
        </Point>
      </Placemark>
      <Placemark>
        <name>17:01:38.081</name>
        <styleUrl>#drone</styleUrl>
        <description>2026-09-26T17:01:38.081+10:00; heading 138.4 deg; state AIMING</description>
        <TimeStamp>
          <when>2026-09-26T17:01:38.081+10:00</when>
        </TimeStamp>
        <Point>
          <altitudeMode>clampToGround</altitudeMode>
          <coordinates>153.57006492954503,-28.201744062383,0</coordinates>
        </Point>
      </Placemark>
      <Placemark>
        <name>17:01:39.103</name>
        <styleUrl>#drone</styleUrl>
        <description>2026-09-26T17:01:39.103+10:00; heading 138.3 deg; state AIMING</description>
        <TimeStamp>
          <when>2026-09-26T17:01:39.103+10:00</when>
        </TimeStamp>
        <Point>
          <altitudeMode>clampToGround</altitudeMode>
          <coordinates>153.57006482871978,-28.201744565262565,0</coordinates>
        </Point>
      </Placemark>
      <Placemark>
        <name>17:01:40.126</name>
        <styleUrl>#drone</styleUrl>
        <description>2026-09-26T17:01:40.126+10:00; heading 138.4 deg; state AIMING</description>
        <TimeStamp>
          <when>2026-09-26T17:01:40.126+10:00</when>
        </TimeStamp>
        <Point>
          <altitudeMode>clampToGround</altitudeMode>
          <coordinates>153.57006453958113,-28.201744642587794,0</coordinates>
        </Point>
      </Placemark>
      <Placemark>
        <name>17:01:41.148</name>
        <styleUrl>#drone</styleUrl>
        <description>2026-09-26T17:01:41.148+10:00; heading 138.5 deg; state AIMING</description>
        <TimeStamp>
          <when>2026-09-26T17:01:41.148+10:00</when>
        </TimeStamp>
        <Point>
          <altitudeMode>clampToGround</altitudeMode>
          <coordinates>153.5700640261228,-28.20174450284382,0</coordinates>
        </Point>
      </Placemark>
      <Placemark>
        <name>17:01:42.175</name>
        <styleUrl>#drone</styleUrl>
        <description>2026-09-26T17:01:42.175+10:00; heading 138.4 deg; state AIMING</description>
        <TimeStamp>
          <when>2026-09-26T17:01:42.175+10:00</when>
        </TimeStamp>
        <Point>
          <altitudeMode>clampToGround</altitudeMode>
          <coordinates>153.5700632073891,-28.20174487341551,0</coordinates>
        </Point>
      </Placemark>
      <Placemark>
        <name>17:01:43.198</name>
        <styleUrl>#drone</styleUrl>
        <description>2026-09-26T17:01:43.198+10:00; heading 138.4 deg; state AIMING</description>
        <TimeStamp>
          <when>2026-09-26T17:01:43.198+10:00</when>
        </TimeStamp>
        <Point>
          <altitudeMode>clampToGround</altitudeMode>
          <coordinates>153.57006302199198,-28.20174497688705,0</coordinates>
        </Point>
      </Placemark>
      <Placemark>
        <name>17:01:44.225</name>
        <styleUrl>#drone</styleUrl>
        <description>2026-09-26T17:01:44.225+10:00; heading 138.5 deg; state AIMING</description>
        <TimeStamp>
          <when>2026-09-26T17:01:44.225+10:00</when>
        </TimeStamp>
        <Point>
          <altitudeMode>clampToGround</altitudeMode>
          <coordinates>153.57006272752625,-28.201745059969262,0</coordinates>
        </Point>
      </Placemark>
      <Placemark>
        <name>17:01:45.246</name>
        <styleUrl>#drone</styleUrl>
        <description>2026-09-26T17:01:45.246+10:00; heading 138.5 deg; state AIMING</description>
        <TimeStamp>
          <when>2026-09-26T17:01:45.246+10:00</when>
        </TimeStamp>
        <Point>
          <altitudeMode>clampToGround</altitudeMode>
          <coordinates>153.57006268490977,-28.201745363513197,0</coordinates>
        </Point>
      </Placemark>
      <Placemark>
        <name>17:01:46.272</name>
        <styleUrl>#drone</styleUrl>
        <description>2026-09-26T17:01:46.272+10:00; heading 138.2 deg; state AIMING</description>
        <TimeStamp>
          <when>2026-09-26T17:01:46.272+10:00</when>
        </TimeStamp>
        <Point>
          <altitudeMode>clampToGround</altitudeMode>
          <coordinates>153.57006336976715,-28.20174608599778,0</coordinates>
        </Point>
      </Placemark>
      <Placemark>
        <name>17:01:47.295</name>
        <styleUrl>#drone</styleUrl>
        <description>2026-09-26T17:01:47.295+10:00; heading 138.3 deg; state AIMING</description>
        <TimeStamp>
          <when>2026-09-26T17:01:47.295+10:00</when>
        </TimeStamp>
        <Point>
          <altitudeMode>clampToGround</altitudeMode>
          <coordinates>153.5700637227916,-28.201746505041235,0</coordinates>
        </Point>
      </Placemark>
      <Placemark>
        <name>17:01:48.323</name>
        <styleUrl>#drone</styleUrl>
        <description>2026-09-26T17:01:48.323+10:00; heading 138.0 deg; state AIMING</description>
        <TimeStamp>
          <when>2026-09-26T17:01:48.323+10:00</when>
        </TimeStamp>
        <Point>
          <altitudeMode>clampToGround</altitudeMode>
          <coordinates>153.57006392308116,-28.201746593469228,0</coordinates>
        </Point>
      </Placemark>
      <Placemark>
        <name>17:01:49.355</name>
        <styleUrl>#drone</styleUrl>
        <description>2026-09-26T17:01:49.355+10:00; heading 137.3 deg; state AIMING</description>
        <TimeStamp>
          <when>2026-09-26T17:01:49.355+10:00</when>
        </TimeStamp>
        <Point>
          <altitudeMode>clampToGround</altitudeMode>
          <coordinates>153.57006397887918,-28.201746755093176,0</coordinates>
        </Point>
      </Placemark>
      <Placemark>
        <name>17:01:50.377</name>
        <styleUrl>#drone</styleUrl>
        <description>2026-09-26T17:01:50.377+10:00; heading 136.8 deg; state AIMING</description>
        <TimeStamp>
          <when>2026-09-26T17:01:50.377+10:00</when>
        </TimeStamp>
        <Point>
          <altitudeMode>clampToGround</altitudeMode>
          <coordinates>153.57006479648524,-28.201746644802345,0</coordinates>
        </Point>
      </Placemark>
      <Placemark>
        <name>17:01:51.396</name>
        <styleUrl>#drone</styleUrl>
        <description>2026-09-26T17:01:51.396+10:00; heading 136.5 deg; state AIMING</description>
        <TimeStamp>
          <when>2026-09-26T17:01:51.396+10:00</when>
        </TimeStamp>
        <Point>
          <altitudeMode>clampToGround</altitudeMode>
          <coordinates>153.5700645388423,-28.2017464688716,0</coordinates>
        </Point>
      </Placemark>
      <Placemark>
        <name>17:01:52.417</name>
        <styleUrl>#drone</styleUrl>
        <description>2026-09-26T17:01:52.417+10:00; heading 136.0 deg; state AIMING</description>
        <TimeStamp>
          <when>2026-09-26T17:01:52.417+10:00</when>
        </TimeStamp>
        <Point>
          <altitudeMode>clampToGround</altitudeMode>
          <coordinates>153.57006462026465,-28.20174630137073,0</coordinates>
        </Point>
      </Placemark>
      <Placemark>
        <name>17:01:53.437</name>
        <styleUrl>#drone</styleUrl>
        <description>2026-09-26T17:01:53.437+10:00; heading 136.1 deg; state AIMING</description>
        <TimeStamp>
          <when>2026-09-26T17:01:53.437+10:00</when>
        </TimeStamp>
        <Point>
          <altitudeMode>clampToGround</altitudeMode>
          <coordinates>153.5700647483862,-28.201745798576834,0</coordinates>
        </Point>
      </Placemark>
      <Placemark>
        <name>17:01:54.458</name>
        <styleUrl>#drone</styleUrl>
        <description>2026-09-26T17:01:54.458+10:00; heading 136.1 deg; state AIMING</description>
        <TimeStamp>
          <when>2026-09-26T17:01:54.458+10:00</when>
        </TimeStamp>
        <Point>
          <altitudeMode>clampToGround</altitudeMode>
          <coordinates>153.57006489439422,-28.201745360137817,0</coordinates>
        </Point>
      </Placemark>
      <Placemark>
        <name>17:01:55.482</name>
        <styleUrl>#drone</styleUrl>
        <description>2026-09-26T17:01:55.482+10:00; heading 136.1 deg; state AIMING</description>
        <TimeStamp>
          <when>2026-09-26T17:01:55.482+10:00</when>
        </TimeStamp>
        <Point>
          <altitudeMode>clampToGround</altitudeMode>
          <coordinates>153.57006508488513,-28.20174500944143,0</coordinates>
        </Point>
      </Placemark>
      <Placemark>
        <name>17:01:56.503</name>
        <styleUrl>#drone</styleUrl>
        <description>2026-09-26T17:01:56.503+10:00; heading 136.0 deg; state AIMING</description>
        <TimeStamp>
          <when>2026-09-26T17:01:56.503+10:00</when>
        </TimeStamp>
        <Point>
          <altitudeMode>clampToGround</altitudeMode>
          <coordinates>153.57006543199927,-28.201744592316974,0</coordinates>
        </Point>
      </Placemark>
      <Placemark>
        <name>17:01:57.013</name>
        <styleUrl>#drone</styleUrl>
        <description>2026-09-26T17:01:57.013+10:00; heading 136.1 deg; state AIMING</description>
        <TimeStamp>
          <when>2026-09-26T17:01:57.013+10:00</when>
        </TimeStamp>
        <Point>
          <altitudeMode>clampToGround</altitudeMode>
          <coordinates>153.5700655882726,-28.201744429116705,0</coordinates>
        </Point>
      </Placemark>
      <Placemark>
        <name>17:01:58.032</name>
        <styleUrl>#drone</styleUrl>
        <description>2026-09-26T17:01:58.032+10:00; heading 136.0 deg; state AIMING</description>
        <TimeStamp>
          <when>2026-09-26T17:01:58.032+10:00</when>
        </TimeStamp>
        <Point>
          <altitudeMode>clampToGround</altitudeMode>
          <coordinates>153.57006614909116,-28.201743999655847,0</coordinates>
        </Point>
      </Placemark>
      <Placemark>
        <name>17:01:59.055</name>
        <styleUrl>#drone</styleUrl>
        <description>2026-09-26T17:01:59.055+10:00; heading 136.1 deg; state AIMING</description>
        <TimeStamp>
          <when>2026-09-26T17:01:59.055+10:00</when>
        </TimeStamp>
        <Point>
          <altitudeMode>clampToGround</altitudeMode>
          <coordinates>153.57006608994917,-28.201743818996146,0</coordinates>
        </Point>
      </Placemark>
      <Placemark>
        <name>17:02:00.077</name>
        <styleUrl>#drone</styleUrl>
        <description>2026-09-26T17:02:00.077+10:00; heading 136.1 deg; state AIMING</description>
        <TimeStamp>
          <when>2026-09-26T17:02:00.077+10:00</when>
        </TimeStamp>
        <Point>
          <altitudeMode>clampToGround</altitudeMode>
          <coordinates>153.57006615597356,-28.201743723200586,0</coordinates>
        </Point>
      </Placemark>
      <Placemark>
        <name>17:02:01.099</name>
        <styleUrl>#drone</styleUrl>
        <description>2026-09-26T17:02:01.099+10:00; heading 136.1 deg; state AIMING</description>
        <TimeStamp>
          <when>2026-09-26T17:02:01.099+10:00</when>
        </TimeStamp>
        <Point>
          <altitudeMode>clampToGround</altitudeMode>
          <coordinates>153.57006626142595,-28.20174371826603,0</coordinates>
        </Point>
      </Placemark>
      <Placemark>
        <name>17:02:02.120</name>
        <styleUrl>#drone</styleUrl>
        <description>2026-09-26T17:02:02.120+10:00; heading 136.1 deg; state AIMING</description>
        <TimeStamp>
          <when>2026-09-26T17:02:02.120+10:00</when>
        </TimeStamp>
        <Point>
          <altitudeMode>clampToGround</altitudeMode>
          <coordinates>153.57006627173013,-28.201743847866744,0</coordinates>
        </Point>
      </Placemark>
      <Placemark>
        <name>17:02:03.144</name>
        <styleUrl>#drone</styleUrl>
        <description>2026-09-26T17:02:03.144+10:00; heading 136.1 deg; state AIMING</description>
        <TimeStamp>
          <when>2026-09-26T17:02:03.144+10:00</when>
        </TimeStamp>
        <Point>
          <altitudeMode>clampToGround</altitudeMode>
          <coordinates>153.57006644001845,-28.201743825712633,0</coordinates>
        </Point>
      </Placemark>
      <Placemark>
        <name>17:02:04.165</name>
        <styleUrl>#drone</styleUrl>
        <description>2026-09-26T17:02:04.165+10:00; heading 136.2 deg; state AIMING</description>
        <TimeStamp>
          <when>2026-09-26T17:02:04.165+10:00</when>
        </TimeStamp>
        <Point>
          <altitudeMode>clampToGround</altitudeMode>
          <coordinates>153.57006666356043,-28.20174356022306,0</coordinates>
        </Point>
      </Placemark>
      <Placemark>
        <name>17:02:05.188</name>
        <styleUrl>#drone</styleUrl>
        <description>2026-09-26T17:02:05.188+10:00; heading 136.1 deg; state AIMING</description>
        <TimeStamp>
          <when>2026-09-26T17:02:05.188+10:00</when>
        </TimeStamp>
        <Point>
          <altitudeMode>clampToGround</altitudeMode>
          <coordinates>153.5700669695746,-28.201743490179734,0</coordinates>
        </Point>
      </Placemark>
      <Placemark>
        <name>17:02:06.211</name>
        <styleUrl>#drone</styleUrl>
        <description>2026-09-26T17:02:06.211+10:00; heading 136.1 deg; state AIMING</description>
        <TimeStamp>
          <when>2026-09-26T17:02:06.211+10:00</when>
        </TimeStamp>
        <Point>
          <altitudeMode>clampToGround</altitudeMode>
          <coordinates>153.57006710496742,-28.20174359010456,0</coordinates>
        </Point>
      </Placemark>
      <Placemark>
        <name>17:02:07.233</name>
        <styleUrl>#drone</styleUrl>
        <description>2026-09-26T17:02:07.233+10:00; heading 136.1 deg; state AIMING</description>
        <TimeStamp>
          <when>2026-09-26T17:02:07.233+10:00</when>
        </TimeStamp>
        <Point>
          <altitudeMode>clampToGround</altitudeMode>
          <coordinates>153.5700671284531,-28.201743825781165,0</coordinates>
        </Point>
      </Placemark>
      <Placemark>
        <name>17:02:08.254</name>
        <styleUrl>#drone</styleUrl>
        <description>2026-09-26T17:02:08.254+10:00; heading 136.3 deg; state AIMING</description>
        <TimeStamp>
          <when>2026-09-26T17:02:08.254+10:00</when>
        </TimeStamp>
        <Point>
          <altitudeMode>clampToGround</altitudeMode>
          <coordinates>153.57006689507358,-28.20174386429814,0</coordinates>
        </Point>
      </Placemark>
      <Placemark>
        <name>17:02:09.273</name>
        <styleUrl>#drone</styleUrl>
        <description>2026-09-26T17:02:09.273+10:00; heading 136.1 deg; state AIMING</description>
        <TimeStamp>
          <when>2026-09-26T17:02:09.273+10:00</when>
        </TimeStamp>
        <Point>
          <altitudeMode>clampToGround</altitudeMode>
          <coordinates>153.57006697062448,-28.201744204491455,0</coordinates>
        </Point>
      </Placemark>
      <Placemark>
        <name>17:02:10.295</name>
        <styleUrl>#drone</styleUrl>
        <description>2026-09-26T17:02:10.295+10:00; heading 136.2 deg; state AIMING</description>
        <TimeStamp>
          <when>2026-09-26T17:02:10.295+10:00</when>
        </TimeStamp>
        <Point>
          <altitudeMode>clampToGround</altitudeMode>
          <coordinates>153.57006745978052,-28.201744112311147,0</coordinates>
        </Point>
      </Placemark>
      <Placemark>
        <name>17:02:11.323</name>
        <styleUrl>#drone</styleUrl>
        <description>2026-09-26T17:02:11.323+10:00; heading 136.3 deg; state AIMING</description>
        <TimeStamp>
          <when>2026-09-26T17:02:11.323+10:00</when>
        </TimeStamp>
        <Point>
          <altitudeMode>clampToGround</altitudeMode>
          <coordinates>153.5700672244179,-28.201743822080246,0</coordinates>
        </Point>
      </Placemark>
      <Placemark>
        <name>17:02:12.345</name>
        <styleUrl>#drone</styleUrl>
        <description>2026-09-26T17:02:12.345+10:00; heading 136.2 deg; state PAUSED</description>
        <TimeStamp>
          <when>2026-09-26T17:02:12.345+10:00</when>
        </TimeStamp>
        <Point>
          <altitudeMode>clampToGround</altitudeMode>
          <coordinates>153.57006734830114,-28.201743488363544,0</coordinates>
        </Point>
      </Placemark>
      <Placemark>
        <name>17:02:13.360</name>
        <styleUrl>#drone</styleUrl>
        <description>2026-09-26T17:02:13.360+10:00; heading 136.3 deg; state PAUSED</description>
        <TimeStamp>
          <when>2026-09-26T17:02:13.360+10:00</when>
        </TimeStamp>
        <Point>
          <altitudeMode>clampToGround</altitudeMode>
          <coordinates>153.57006720890334,-28.201743155606334,0</coordinates>
        </Point>
      </Placemark>
      <Placemark>
        <name>17:02:14.381</name>
        <styleUrl>#drone</styleUrl>
        <description>2026-09-26T17:02:14.381+10:00; heading 136.3 deg; state PAUSED</description>
        <TimeStamp>
          <when>2026-09-26T17:02:14.381+10:00</when>
        </TimeStamp>
        <Point>
          <altitudeMode>clampToGround</altitudeMode>
          <coordinates>153.5700672463483,-28.201743065704836,0</coordinates>
        </Point>
      </Placemark>
      <Placemark>
        <name>17:02:15.398</name>
        <styleUrl>#drone</styleUrl>
        <description>2026-09-26T17:02:15.398+10:00; heading 136.2 deg; state AIMING</description>
        <TimeStamp>
          <when>2026-09-26T17:02:15.398+10:00</when>
        </TimeStamp>
        <Point>
          <altitudeMode>clampToGround</altitudeMode>
          <coordinates>153.57006724914788,-28.201743076996063,0</coordinates>
        </Point>
      </Placemark>
      <Placemark>
        <name>17:02:16.421</name>
        <styleUrl>#drone</styleUrl>
        <description>2026-09-26T17:02:16.421+10:00; heading 136.3 deg; state AIMING</description>
        <TimeStamp>
          <when>2026-09-26T17:02:16.421+10:00</when>
        </TimeStamp>
        <Point>
          <altitudeMode>clampToGround</altitudeMode>
          <coordinates>153.57006724794252,-28.201743029638003,0</coordinates>
        </Point>
      </Placemark>
      <Placemark>
        <name>17:02:17.439</name>
        <styleUrl>#drone</styleUrl>
        <description>2026-09-26T17:02:17.439+10:00; heading 136.3 deg; state AIMING</description>
        <TimeStamp>
          <when>2026-09-26T17:02:17.439+10:00</when>
        </TimeStamp>
        <Point>
          <altitudeMode>clampToGround</altitudeMode>
          <coordinates>153.5700677814648,-28.20174306885747,0</coordinates>
        </Point>
      </Placemark>
      <Placemark>
        <name>17:02:18.462</name>
        <styleUrl>#drone</styleUrl>
        <description>2026-09-26T17:02:18.462+10:00; heading 136.4 deg; state AIMING</description>
        <TimeStamp>
          <when>2026-09-26T17:02:18.462+10:00</when>
        </TimeStamp>
        <Point>
          <altitudeMode>clampToGround</altitudeMode>
          <coordinates>153.57006751196232,-28.20174288036759,0</coordinates>
        </Point>
      </Placemark>
      <Placemark>
        <name>17:02:19.385</name>
        <styleUrl>#drone</styleUrl>
        <description>2026-09-26T17:02:19.385+10:00; heading 136.7 deg; state AIMING</description>
        <TimeStamp>
          <when>2026-09-26T17:02:19.385+10:00</when>
        </TimeStamp>
        <Point>
          <altitudeMode>clampToGround</altitudeMode>
          <coordinates>153.57006725124762,-28.201742737865057,0</coordinates>
        </Point>
      </Placemark>
      <Placemark>
        <name>17:02:20.509</name>
        <styleUrl>#drone</styleUrl>
        <description>2026-09-26T17:02:20.509+10:00; heading 136.9 deg; state AIMING</description>
        <TimeStamp>
          <when>2026-09-26T17:02:20.509+10:00</when>
        </TimeStamp>
        <Point>
          <altitudeMode>clampToGround</altitudeMode>
          <coordinates>153.57006689367375,-28.201742947275413,0</coordinates>
        </Point>
      </Placemark>
      <Placemark>
        <name>17:02:21.019</name>
        <styleUrl>#drone</styleUrl>
        <description>2026-09-26T17:02:21.019+10:00; heading 136.7 deg; state AIMING</description>
        <TimeStamp>
          <when>2026-09-26T17:02:21.019+10:00</when>
        </TimeStamp>
        <Point>
          <altitudeMode>clampToGround</altitudeMode>
          <coordinates>153.57006689725108,-28.20174292248268,0</coordinates>
        </Point>
      </Placemark>
      <Placemark>
        <name>17:02:22.044</name>
        <styleUrl>#drone</styleUrl>
        <description>2026-09-26T17:02:22.044+10:00; heading 137.2 deg; state AIMING</description>
        <TimeStamp>
          <when>2026-09-26T17:02:22.044+10:00</when>
        </TimeStamp>
        <Point>
          <altitudeMode>clampToGround</altitudeMode>
          <coordinates>153.57006664396312,-28.20174308693372,0</coordinates>
        </Point>
      </Placemark>
      <Placemark>
        <name>17:02:23.065</name>
        <styleUrl>#drone</styleUrl>
        <description>2026-09-26T17:02:23.065+10:00; heading 138.0 deg; state AIMING</description>
        <TimeStamp>
          <when>2026-09-26T17:02:23.065+10:00</when>
        </TimeStamp>
        <Point>
          <altitudeMode>clampToGround</altitudeMode>
          <coordinates>153.57006638406494,-28.201743423665988,0</coordinates>
        </Point>
      </Placemark>
      <Placemark>
        <name>17:02:24.086</name>
        <styleUrl>#drone</styleUrl>
        <description>2026-09-26T17:02:24.086+10:00; heading 138.3 deg; state AIMING</description>
        <TimeStamp>
          <when>2026-09-26T17:02:24.086+10:00</when>
        </TimeStamp>
        <Point>
          <altitudeMode>clampToGround</altitudeMode>
          <coordinates>153.57006632538952,-28.201743549480113,0</coordinates>
        </Point>
      </Placemark>
      <Placemark>
        <name>17:02:25.111</name>
        <styleUrl>#drone</styleUrl>
        <description>2026-09-26T17:02:25.111+10:00; heading 138.9 deg; state AIMING</description>
        <TimeStamp>
          <when>2026-09-26T17:02:25.111+10:00</when>
        </TimeStamp>
        <Point>
          <altitudeMode>clampToGround</altitudeMode>
          <coordinates>153.5700662772127,-28.201743453290476,0</coordinates>
        </Point>
      </Placemark>
      <Placemark>
        <name>17:02:26.133</name>
        <styleUrl>#drone</styleUrl>
        <description>2026-09-26T17:02:26.133+10:00; heading 139.3 deg; state AIMING</description>
        <TimeStamp>
          <when>2026-09-26T17:02:26.133+10:00</when>
        </TimeStamp>
        <Point>
          <altitudeMode>clampToGround</altitudeMode>
          <coordinates>153.57006627697942,-28.201743403859215,0</coordinates>
        </Point>
      </Placemark>
      <Placemark>
        <name>17:02:27.155</name>
        <styleUrl>#drone</styleUrl>
        <description>2026-09-26T17:02:27.155+10:00; heading 139.3 deg; state AIMING</description>
        <TimeStamp>
          <when>2026-09-26T17:02:27.155+10:00</when>
        </TimeStamp>
        <Point>
          <altitudeMode>clampToGround</altitudeMode>
          <coordinates>153.57006626407005,-28.201743805134836,0</coordinates>
        </Point>
      </Placemark>
      <Placemark>
        <name>17:02:28.175</name>
        <styleUrl>#drone</styleUrl>
        <description>2026-09-26T17:02:28.175+10:00; heading 139.4 deg; state PAUSED</description>
        <TimeStamp>
          <when>2026-09-26T17:02:28.175+10:00</when>
        </TimeStamp>
        <Point>
          <altitudeMode>clampToGround</altitudeMode>
          <coordinates>153.5700661667443,-28.201744107633598,0</coordinates>
        </Point>
      </Placemark>
      <Placemark>
        <name>17:02:29.194</name>
        <styleUrl>#drone</styleUrl>
        <description>2026-09-26T17:02:29.194+10:00; heading 138.6 deg; state PAUSED</description>
        <TimeStamp>
          <when>2026-09-26T17:02:29.194+10:00</when>
        </TimeStamp>
        <Point>
          <altitudeMode>clampToGround</altitudeMode>
          <coordinates>153.57006610865216,-28.201744384414393,0</coordinates>
        </Point>
      </Placemark>
      <Placemark>
        <name>17:02:30.211</name>
        <styleUrl>#drone</styleUrl>
        <description>2026-09-26T17:02:30.211+10:00; heading 138.6 deg; state PAUSED</description>
        <TimeStamp>
          <when>2026-09-26T17:02:30.211+10:00</when>
        </TimeStamp>
        <Point>
          <altitudeMode>clampToGround</altitudeMode>
          <coordinates>153.5700662544658,-28.20174442238309,0</coordinates>
        </Point>
      </Placemark>
      <Placemark>
        <name>17:02:31.225</name>
        <styleUrl>#drone</styleUrl>
        <description>2026-09-26T17:02:31.225+10:00; heading 138.6 deg; state PAUSED</description>
        <TimeStamp>
          <when>2026-09-26T17:02:31.225+10:00</when>
        </TimeStamp>
        <Point>
          <altitudeMode>clampToGround</altitudeMode>
          <coordinates>153.57006605930886,-28.20174414217551,0</coordinates>
        </Point>
      </Placemark>
      <Placemark>
        <name>17:02:32.245</name>
        <styleUrl>#drone</styleUrl>
        <description>2026-09-26T17:02:32.245+10:00; heading 138.6 deg; state AIMING</description>
        <TimeStamp>
          <when>2026-09-26T17:02:32.245+10:00</when>
        </TimeStamp>
        <Point>
          <altitudeMode>clampToGround</altitudeMode>
          <coordinates>153.57006625757649,-28.20174400630379,0</coordinates>
        </Point>
      </Placemark>
      <Placemark>
        <name>17:02:33.261</name>
        <styleUrl>#drone</styleUrl>
        <description>2026-09-26T17:02:33.261+10:00; heading 138.8 deg; state PAUSED</description>
        <TimeStamp>
          <when>2026-09-26T17:02:33.261+10:00</when>
        </TimeStamp>
        <Point>
          <altitudeMode>clampToGround</altitudeMode>
          <coordinates>153.57006584047178,-28.201744410269427,0</coordinates>
        </Point>
      </Placemark>
      <Placemark>
        <name>17:02:34.274</name>
        <styleUrl>#drone</styleUrl>
        <description>2026-09-26T17:02:34.274+10:00; heading 138.6 deg; state PAUSED</description>
        <TimeStamp>
          <when>2026-09-26T17:02:34.274+10:00</when>
        </TimeStamp>
        <Point>
          <altitudeMode>clampToGround</altitudeMode>
          <coordinates>153.57006556758648,-28.201744983072384,0</coordinates>
        </Point>
      </Placemark>
      <Placemark>
        <name>17:02:35.291</name>
        <styleUrl>#drone</styleUrl>
        <description>2026-09-26T17:02:35.291+10:00; heading 138.6 deg; state PAUSED</description>
        <TimeStamp>
          <when>2026-09-26T17:02:35.291+10:00</when>
        </TimeStamp>
        <Point>
          <altitudeMode>clampToGround</altitudeMode>
          <coordinates>153.5700655426232,-28.201745112159085,0</coordinates>
        </Point>
      </Placemark>
      <Placemark>
        <name>17:02:36.309</name>
        <styleUrl>#drone</styleUrl>
        <description>2026-09-26T17:02:36.309+10:00; heading 138.7 deg; state PAUSED</description>
        <TimeStamp>
          <when>2026-09-26T17:02:36.309+10:00</when>
        </TimeStamp>
        <Point>
          <altitudeMode>clampToGround</altitudeMode>
          <coordinates>153.5700657618102,-28.201745494330417,0</coordinates>
        </Point>
      </Placemark>
      <Placemark>
        <name>17:02:37.328</name>
        <styleUrl>#drone</styleUrl>
        <description>2026-09-26T17:02:37.328+10:00; heading 138.5 deg; state AIMING</description>
        <TimeStamp>
          <when>2026-09-26T17:02:37.328+10:00</when>
        </TimeStamp>
        <Point>
          <altitudeMode>clampToGround</altitudeMode>
          <coordinates>153.57006592807662,-28.201746015577505,0</coordinates>
        </Point>
      </Placemark>
      <Placemark>
        <name>17:02:38.349</name>
        <styleUrl>#drone</styleUrl>
        <description>2026-09-26T17:02:38.349+10:00; heading 138.5 deg; state AIMING</description>
        <TimeStamp>
          <when>2026-09-26T17:02:38.349+10:00</when>
        </TimeStamp>
        <Point>
          <altitudeMode>clampToGround</altitudeMode>
          <coordinates>153.57006592726003,-28.201746791605487,0</coordinates>
        </Point>
      </Placemark>
      <Placemark>
        <name>17:02:39.370</name>
        <styleUrl>#drone</styleUrl>
        <description>2026-09-26T17:02:39.370+10:00; heading 138.6 deg; state AIMING</description>
        <TimeStamp>
          <when>2026-09-26T17:02:39.370+10:00</when>
        </TimeStamp>
        <Point>
          <altitudeMode>clampToGround</altitudeMode>
          <coordinates>153.57006656331845,-28.20174695963751,0</coordinates>
        </Point>
      </Placemark>
      <Placemark>
        <name>17:02:40.390</name>
        <styleUrl>#drone</styleUrl>
        <description>2026-09-26T17:02:40.390+10:00; heading 138.5 deg; state AIMING</description>
        <TimeStamp>
          <when>2026-09-26T17:02:40.390+10:00</when>
        </TimeStamp>
        <Point>
          <altitudeMode>clampToGround</altitudeMode>
          <coordinates>153.5700667235579,-28.201747032456524,0</coordinates>
        </Point>
      </Placemark>
      <Placemark>
        <name>17:02:41.413</name>
        <styleUrl>#drone</styleUrl>
        <description>2026-09-26T17:02:41.413+10:00; heading 138.3 deg; state AIMING</description>
        <TimeStamp>
          <when>2026-09-26T17:02:41.413+10:00</when>
        </TimeStamp>
        <Point>
          <altitudeMode>clampToGround</altitudeMode>
          <coordinates>153.57006666216066,-28.201747436867645,0</coordinates>
        </Point>
      </Placemark>
      <Placemark>
        <name>17:02:42.429</name>
        <styleUrl>#drone</styleUrl>
        <description>2026-09-26T17:02:42.429+10:00; heading 138.6 deg; state PAUSED</description>
        <TimeStamp>
          <when>2026-09-26T17:02:42.429+10:00</when>
        </TimeStamp>
        <Point>
          <altitudeMode>clampToGround</altitudeMode>
          <coordinates>153.57006623689037,-28.201747719953715,0</coordinates>
        </Point>
      </Placemark>
      <Placemark>
        <name>17:02:43.446</name>
        <styleUrl>#drone</styleUrl>
        <description>2026-09-26T17:02:43.446+10:00; heading 138.5 deg; state PAUSED</description>
        <TimeStamp>
          <when>2026-09-26T17:02:43.446+10:00</when>
        </TimeStamp>
        <Point>
          <altitudeMode>clampToGround</altitudeMode>
          <coordinates>153.57006639747976,-28.201748369430806,0</coordinates>
        </Point>
      </Placemark>
      <Placemark>
        <name>17:02:44.461</name>
        <styleUrl>#drone</styleUrl>
        <description>2026-09-26T17:02:44.461+10:00; heading 138.4 deg; state PAUSED</description>
        <TimeStamp>
          <when>2026-09-26T17:02:44.461+10:00</when>
        </TimeStamp>
        <Point>
          <altitudeMode>clampToGround</altitudeMode>
          <coordinates>153.57006590560187,-28.20174882238223,0</coordinates>
        </Point>
      </Placemark>
      <Placemark>
        <name>17:02:45.478</name>
        <styleUrl>#drone</styleUrl>
        <description>2026-09-26T17:02:45.478+10:00; heading 138.6 deg; state PAUSED</description>
        <TimeStamp>
          <when>2026-09-26T17:02:45.478+10:00</when>
        </TimeStamp>
        <Point>
          <altitudeMode>clampToGround</altitudeMode>
          <coordinates>153.57006601019884,-28.20174871627207,0</coordinates>
        </Point>
      </Placemark>
      <Placemark>
        <name>17:02:46.495</name>
        <styleUrl>#drone</styleUrl>
        <description>2026-09-26T17:02:46.495+10:00; heading 138.6 deg; state PAUSED</description>
        <TimeStamp>
          <when>2026-09-26T17:02:46.495+10:00</when>
        </TimeStamp>
        <Point>
          <altitudeMode>clampToGround</altitudeMode>
          <coordinates>153.5700660592311,-28.20174885754096,0</coordinates>
        </Point>
      </Placemark>
      <Placemark>
        <name>17:02:47.003</name>
        <styleUrl>#drone</styleUrl>
        <description>2026-09-26T17:02:47.003+10:00; heading 138.5 deg; state AIMING</description>
        <TimeStamp>
          <when>2026-09-26T17:02:47.003+10:00</when>
        </TimeStamp>
        <Point>
          <altitudeMode>clampToGround</altitudeMode>
          <coordinates>153.5700661989011,-28.201748864720063,0</coordinates>
        </Point>
      </Placemark>
      <Placemark>
        <name>17:02:48.024</name>
        <styleUrl>#drone</styleUrl>
        <description>2026-09-26T17:02:48.024+10:00; heading 138.5 deg; state AIMING</description>
        <TimeStamp>
          <when>2026-09-26T17:02:48.024+10:00</when>
        </TimeStamp>
        <Point>
          <altitudeMode>clampToGround</altitudeMode>
          <coordinates>153.57006604562181,-28.201749250335308,0</coordinates>
        </Point>
      </Placemark>
      <Placemark>
        <name>17:02:49.040</name>
        <styleUrl>#drone</styleUrl>
        <description>2026-09-26T17:02:49.040+10:00; heading 138.4 deg; state AIMING</description>
        <TimeStamp>
          <when>2026-09-26T17:02:49.040+10:00</when>
        </TimeStamp>
        <Point>
          <altitudeMode>clampToGround</altitudeMode>
          <coordinates>153.57006564912544,-28.20174970107645,0</coordinates>
        </Point>
      </Placemark>
      <Placemark>
        <name>17:02:50.059</name>
        <styleUrl>#drone</styleUrl>
        <description>2026-09-26T17:02:50.059+10:00; heading 138.5 deg; state AIMING</description>
        <TimeStamp>
          <when>2026-09-26T17:02:50.059+10:00</when>
        </TimeStamp>
        <Point>
          <altitudeMode>clampToGround</altitudeMode>
          <coordinates>153.57006542674998,-28.201749717867663,0</coordinates>
        </Point>
      </Placemark>
      <Placemark>
        <name>17:02:51.085</name>
        <styleUrl>#drone</styleUrl>
        <description>2026-09-26T17:02:51.085+10:00; heading 138.5 deg; state PAUSED</description>
        <TimeStamp>
          <when>2026-09-26T17:02:51.085+10:00</when>
        </TimeStamp>
        <Point>
          <altitudeMode>clampToGround</altitudeMode>
          <coordinates>153.57006539614855,-28.20174964547699,0</coordinates>
        </Point>
      </Placemark>
      <Placemark>
        <name>17:02:52.100</name>
        <styleUrl>#drone</styleUrl>
        <description>2026-09-26T17:02:52.100+10:00; heading 138.5 deg; state PAUSED</description>
        <TimeStamp>
          <when>2026-09-26T17:02:52.100+10:00</when>
        </TimeStamp>
        <Point>
          <altitudeMode>clampToGround</altitudeMode>
          <coordinates>153.57006533109626,-28.201749608639137,0</coordinates>
        </Point>
      </Placemark>
      <Placemark>
        <name>17:02:53.112</name>
        <styleUrl>#drone</styleUrl>
        <description>2026-09-26T17:02:53.112+10:00; heading 138.3 deg; state PAUSED</description>
        <TimeStamp>
          <when>2026-09-26T17:02:53.112+10:00</when>
        </TimeStamp>
        <Point>
          <altitudeMode>clampToGround</altitudeMode>
          <coordinates>153.5700650057569,-28.20174948717702,0</coordinates>
        </Point>
      </Placemark>
      <Placemark>
        <name>17:02:54.130</name>
        <styleUrl>#drone</styleUrl>
        <description>2026-09-26T17:02:54.130+10:00; heading 138.3 deg; state AIMING</description>
        <TimeStamp>
          <when>2026-09-26T17:02:54.130+10:00</when>
        </TimeStamp>
        <Point>
          <altitudeMode>clampToGround</altitudeMode>
          <coordinates>153.5700649410157,-28.201749238324453,0</coordinates>
        </Point>
      </Placemark>
      <Placemark>
        <name>17:02:55.154</name>
        <styleUrl>#drone</styleUrl>
        <description>2026-09-26T17:02:55.154+10:00; heading 134.9 deg; state AIMING</description>
        <TimeStamp>
          <when>2026-09-26T17:02:55.154+10:00</when>
        </TimeStamp>
        <Point>
          <altitudeMode>clampToGround</altitudeMode>
          <coordinates>153.5700646508272,-28.20174945945439,0</coordinates>
        </Point>
      </Placemark>
      <Placemark>
        <name>17:02:56.174</name>
        <styleUrl>#drone</styleUrl>
        <description>2026-09-26T17:02:56.174+10:00; heading 135.2 deg; state AIMING</description>
        <TimeStamp>
          <when>2026-09-26T17:02:56.174+10:00</when>
        </TimeStamp>
        <Point>
          <altitudeMode>clampToGround</altitudeMode>
          <coordinates>153.5700641208433,-28.2017491593201,0</coordinates>
        </Point>
      </Placemark>
      <Placemark>
        <name>17:02:57.097</name>
        <styleUrl>#drone</styleUrl>
        <description>2026-09-26T17:02:57.097+10:00; heading 135.7 deg; state AIMING</description>
        <TimeStamp>
          <when>2026-09-26T17:02:57.097+10:00</when>
        </TimeStamp>
        <Point>
          <altitudeMode>clampToGround</altitudeMode>
          <coordinates>153.57006423030072,-28.2017484662544,0</coordinates>
        </Point>
      </Placemark>
      <Placemark>
        <name>17:02:58.216</name>
        <styleUrl>#drone</styleUrl>
        <description>2026-09-26T17:02:58.216+10:00; heading 135.9 deg; state AIMING</description>
        <TimeStamp>
          <when>2026-09-26T17:02:58.216+10:00</when>
        </TimeStamp>
        <Point>
          <altitudeMode>clampToGround</altitudeMode>
          <coordinates>153.57006460832736,-28.201748203471986,0</coordinates>
        </Point>
      </Placemark>
      <Placemark>
        <name>17:02:59.239</name>
        <styleUrl>#drone</styleUrl>
        <description>2026-09-26T17:02:59.239+10:00; heading 136.0 deg; state AIMING</description>
        <TimeStamp>
          <when>2026-09-26T17:02:59.239+10:00</when>
        </TimeStamp>
        <Point>
          <altitudeMode>clampToGround</altitudeMode>
          <coordinates>153.57006491500255,-28.201748212381606,0</coordinates>
        </Point>
      </Placemark>
      <Placemark>
        <name>17:03:00.262</name>
        <styleUrl>#drone</styleUrl>
        <description>2026-09-26T17:03:00.262+10:00; heading 136.1 deg; state AIMING</description>
        <TimeStamp>
          <when>2026-09-26T17:03:00.262+10:00</when>
        </TimeStamp>
        <Point>
          <altitudeMode>clampToGround</altitudeMode>
          <coordinates>153.5700651768449,-28.20174803067674,0</coordinates>
        </Point>
      </Placemark>
      <Placemark>
        <name>17:03:01.285</name>
        <styleUrl>#drone</styleUrl>
        <description>2026-09-26T17:03:01.285+10:00; heading 136.1 deg; state AIMING</description>
        <TimeStamp>
          <when>2026-09-26T17:03:01.285+10:00</when>
        </TimeStamp>
        <Point>
          <altitudeMode>clampToGround</altitudeMode>
          <coordinates>153.57006545606825,-28.20174797900094,0</coordinates>
        </Point>
      </Placemark>
      <Placemark>
        <name>17:03:02.308</name>
        <styleUrl>#drone</styleUrl>
        <description>2026-09-26T17:03:02.308+10:00; heading 136.1 deg; state AIMING</description>
        <TimeStamp>
          <when>2026-09-26T17:03:02.308+10:00</when>
        </TimeStamp>
        <Point>
          <altitudeMode>clampToGround</altitudeMode>
          <coordinates>153.5700657762749,-28.201747840130793,0</coordinates>
        </Point>
      </Placemark>
      <Placemark>
        <name>17:03:03.335</name>
        <styleUrl>#drone</styleUrl>
        <description>2026-09-26T17:03:03.335+10:00; heading 136.1 deg; state AIMING</description>
        <TimeStamp>
          <when>2026-09-26T17:03:03.335+10:00</when>
        </TimeStamp>
        <Point>
          <altitudeMode>clampToGround</altitudeMode>
          <coordinates>153.57006557571316,-28.201747791590492,0</coordinates>
        </Point>
      </Placemark>
      <Placemark>
        <name>17:03:04.354</name>
        <styleUrl>#drone</styleUrl>
        <description>2026-09-26T17:03:04.354+10:00; heading 136.3 deg; state AIMING</description>
        <TimeStamp>
          <when>2026-09-26T17:03:04.354+10:00</when>
        </TimeStamp>
        <Point>
          <altitudeMode>clampToGround</altitudeMode>
          <coordinates>153.57006501613887,-28.20174770996466,0</coordinates>
        </Point>
      </Placemark>
      <Placemark>
        <name>17:03:05.375</name>
        <styleUrl>#drone</styleUrl>
        <description>2026-09-26T17:03:05.375+10:00; heading 136.2 deg; state AIMING</description>
        <TimeStamp>
          <when>2026-09-26T17:03:05.375+10:00</when>
        </TimeStamp>
        <Point>
          <altitudeMode>clampToGround</altitudeMode>
          <coordinates>153.57006506921502,-28.201747635792067,0</coordinates>
        </Point>
      </Placemark>
      <Placemark>
        <name>17:03:06.390</name>
        <styleUrl>#drone</styleUrl>
        <description>2026-09-26T17:03:06.390+10:00; heading 136.2 deg; state AIMING</description>
        <TimeStamp>
          <when>2026-09-26T17:03:06.390+10:00</when>
        </TimeStamp>
        <Point>
          <altitudeMode>clampToGround</altitudeMode>
          <coordinates>153.57006499385855,-28.20174772195838,0</coordinates>
        </Point>
      </Placemark>
      <Placemark>
        <name>17:03:07.410</name>
        <styleUrl>#drone</styleUrl>
        <description>2026-09-26T17:03:07.410+10:00; heading 136.2 deg; state AIMING</description>
        <TimeStamp>
          <when>2026-09-26T17:03:07.410+10:00</when>
        </TimeStamp>
        <Point>
          <altitudeMode>clampToGround</altitudeMode>
          <coordinates>153.57006481950435,-28.201747994215832,0</coordinates>
        </Point>
      </Placemark>
      <Placemark>
        <name>17:03:08.431</name>
        <styleUrl>#drone</styleUrl>
        <description>2026-09-26T17:03:08.431+10:00; heading 136.1 deg; state AIMING</description>
        <TimeStamp>
          <when>2026-09-26T17:03:08.431+10:00</when>
        </TimeStamp>
        <Point>
          <altitudeMode>clampToGround</altitudeMode>
          <coordinates>153.5700651017606,-28.201748369516476,0</coordinates>
        </Point>
      </Placemark>
      <Placemark>
        <name>17:03:09.449</name>
        <styleUrl>#drone</styleUrl>
        <description>2026-09-26T17:03:09.449+10:00; heading 136.2 deg; state PAUSED</description>
        <TimeStamp>
          <when>2026-09-26T17:03:09.449+10:00</when>
        </TimeStamp>
        <Point>
          <altitudeMode>clampToGround</altitudeMode>
          <coordinates>153.57006540174783,-28.201748598647942,0</coordinates>
        </Point>
      </Placemark>
      <Placemark>
        <name>17:03:10.469</name>
        <styleUrl>#drone</styleUrl>
        <description>2026-09-26T17:03:10.469+10:00; heading 136.0 deg; state PAUSED</description>
        <TimeStamp>
          <when>2026-09-26T17:03:10.469+10:00</when>
        </TimeStamp>
        <Point>
          <altitudeMode>clampToGround</altitudeMode>
          <coordinates>153.57006585606413,-28.201748832439822,0</coordinates>
        </Point>
      </Placemark>
      <Placemark>
        <name>17:03:11.483</name>
        <styleUrl>#drone</styleUrl>
        <description>2026-09-26T17:03:11.483+10:00; heading 136.1 deg; state PAUSED</description>
        <TimeStamp>
          <when>2026-09-26T17:03:11.483+10:00</when>
        </TimeStamp>
        <Point>
          <altitudeMode>clampToGround</altitudeMode>
          <coordinates>153.57006609846468,-28.201748843953787,0</coordinates>
        </Point>
      </Placemark>
      <Placemark>
        <name>17:03:12.505</name>
        <styleUrl>#drone</styleUrl>
        <description>2026-09-26T17:03:12.505+10:00; heading 135.9 deg; state AIMING</description>
        <TimeStamp>
          <when>2026-09-26T17:03:12.505+10:00</when>
        </TimeStamp>
        <Point>
          <altitudeMode>clampToGround</altitudeMode>
          <coordinates>153.57006623700704,-28.201749078893638,0</coordinates>
        </Point>
      </Placemark>
      <Placemark>
        <name>17:03:13.018</name>
        <styleUrl>#drone</styleUrl>
        <description>2026-09-26T17:03:13.018+10:00; heading 135.6 deg; state AIMING</description>
        <TimeStamp>
          <when>2026-09-26T17:03:13.018+10:00</when>
        </TimeStamp>
        <Point>
          <altitudeMode>clampToGround</altitudeMode>
          <coordinates>153.5700663636121,-28.201749232875873,0</coordinates>
        </Point>
      </Placemark>
      <Placemark>
        <name>17:03:14.043</name>
        <styleUrl>#drone</styleUrl>
        <description>2026-09-26T17:03:14.043+10:00; heading 134.2 deg; state AIMING</description>
        <TimeStamp>
          <when>2026-09-26T17:03:14.043+10:00</when>
        </TimeStamp>
        <Point>
          <altitudeMode>clampToGround</altitudeMode>
          <coordinates>153.570066332583,-28.20174903401999,0</coordinates>
        </Point>
      </Placemark>
      <Placemark>
        <name>17:03:15.061</name>
        <styleUrl>#drone</styleUrl>
        <description>2026-09-26T17:03:15.061+10:00; heading 133.7 deg; state AIMING</description>
        <TimeStamp>
          <when>2026-09-26T17:03:15.061+10:00</when>
        </TimeStamp>
        <Point>
          <altitudeMode>clampToGround</altitudeMode>
          <coordinates>153.57006589712523,-28.201748623440672,0</coordinates>
        </Point>
      </Placemark>
      <Placemark>
        <name>17:03:16.082</name>
        <styleUrl>#drone</styleUrl>
        <description>2026-09-26T17:03:16.082+10:00; heading 132.9 deg; state AIMING</description>
        <TimeStamp>
          <when>2026-09-26T17:03:16.082+10:00</when>
        </TimeStamp>
        <Point>
          <altitudeMode>clampToGround</altitudeMode>
          <coordinates>153.57006560324277,-28.201748260253684,0</coordinates>
        </Point>
      </Placemark>
      <Placemark>
        <name>17:03:17.107</name>
        <styleUrl>#drone</styleUrl>
        <description>2026-09-26T17:03:17.107+10:00; heading 132.2 deg; state AIMING</description>
        <TimeStamp>
          <when>2026-09-26T17:03:17.107+10:00</when>
        </TimeStamp>
        <Point>
          <altitudeMode>clampToGround</altitudeMode>
          <coordinates>153.57006588281607,-28.201748090114194,0</coordinates>
        </Point>
      </Placemark>
      <Placemark>
        <name>17:03:18.130</name>
        <styleUrl>#drone</styleUrl>
        <description>2026-09-26T17:03:18.130+10:00; heading 131.8 deg; state AIMING</description>
        <TimeStamp>
          <when>2026-09-26T17:03:18.130+10:00</when>
        </TimeStamp>
        <Point>
          <altitudeMode>clampToGround</altitudeMode>
          <coordinates>153.57006549448525,-28.20174796179852,0</coordinates>
        </Point>
      </Placemark>
      <Placemark>
        <name>17:03:19.157</name>
        <styleUrl>#drone</styleUrl>
        <description>2026-09-26T17:03:19.157+10:00; heading 131.1 deg; state AIMING</description>
        <TimeStamp>
          <when>2026-09-26T17:03:19.157+10:00</when>
        </TimeStamp>
        <Point>
          <altitudeMode>clampToGround</altitudeMode>
          <coordinates>153.570065832384,-28.201748325670863,0</coordinates>
        </Point>
      </Placemark>
      <Placemark>
        <name>17:03:20.180</name>
        <styleUrl>#drone</styleUrl>
        <description>2026-09-26T17:03:20.180+10:00; heading 131.0 deg; state AIMING</description>
        <TimeStamp>
          <when>2026-09-26T17:03:20.180+10:00</when>
        </TimeStamp>
        <Point>
          <altitudeMode>clampToGround</altitudeMode>
          <coordinates>153.57006617195472,-28.20174855284906,0</coordinates>
        </Point>
      </Placemark>
      <Placemark>
        <name>17:03:21.203</name>
        <styleUrl>#drone</styleUrl>
        <description>2026-09-26T17:03:21.203+10:00; heading 131.0 deg; state AIMING</description>
        <TimeStamp>
          <when>2026-09-26T17:03:21.203+10:00</when>
        </TimeStamp>
        <Point>
          <altitudeMode>clampToGround</altitudeMode>
          <coordinates>153.57006608882153,-28.201748538011117,0</coordinates>
        </Point>
      </Placemark>
      <Placemark>
        <name>17:03:22.224</name>
        <styleUrl>#drone</styleUrl>
        <description>2026-09-26T17:03:22.224+10:00; heading 130.4 deg; state AIMING</description>
        <TimeStamp>
          <when>2026-09-26T17:03:22.224+10:00</when>
        </TimeStamp>
        <Point>
          <altitudeMode>clampToGround</altitudeMode>
          <coordinates>153.57006660780132,-28.20174856179295,0</coordinates>
        </Point>
      </Placemark>
      <Placemark>
        <name>17:03:23.246</name>
        <styleUrl>#drone</styleUrl>
        <description>2026-09-26T17:03:23.246+10:00; heading 130.3 deg; state AIMING</description>
        <TimeStamp>
          <when>2026-09-26T17:03:23.246+10:00</when>
        </TimeStamp>
        <Point>
          <altitudeMode>clampToGround</altitudeMode>
          <coordinates>153.57006657681106,-28.201748323906074,0</coordinates>
        </Point>
      </Placemark>
      <Placemark>
        <name>17:03:24.272</name>
        <styleUrl>#drone</styleUrl>
        <description>2026-09-26T17:03:24.272+10:00; heading 130.0 deg; state AIMING</description>
        <TimeStamp>
          <when>2026-09-26T17:03:24.272+10:00</when>
        </TimeStamp>
        <Point>
          <altitudeMode>clampToGround</altitudeMode>
          <coordinates>153.57006695876495,-28.201748655378243,0</coordinates>
        </Point>
      </Placemark>
      <Placemark>
        <name>17:03:25.293</name>
        <styleUrl>#drone</styleUrl>
        <description>2026-09-26T17:03:25.293+10:00; heading 129.5 deg; state AIMING</description>
        <TimeStamp>
          <when>2026-09-26T17:03:25.293+10:00</when>
        </TimeStamp>
        <Point>
          <altitudeMode>clampToGround</altitudeMode>
          <coordinates>153.5700665541808,-28.201748631339395,0</coordinates>
        </Point>
      </Placemark>
      <Placemark>
        <name>17:03:26.315</name>
        <styleUrl>#drone</styleUrl>
        <description>2026-09-26T17:03:26.315+10:00; heading 129.1 deg; state AIMING</description>
        <TimeStamp>
          <when>2026-09-26T17:03:26.315+10:00</when>
        </TimeStamp>
        <Point>
          <altitudeMode>clampToGround</altitudeMode>
          <coordinates>153.57006657179508,-28.201748591331775,0</coordinates>
        </Point>
      </Placemark>
      <Placemark>
        <name>17:03:27.338</name>
        <styleUrl>#drone</styleUrl>
        <description>2026-09-26T17:03:27.338+10:00; heading 129.1 deg; state AIMING</description>
        <TimeStamp>
          <when>2026-09-26T17:03:27.338+10:00</when>
        </TimeStamp>
        <Point>
          <altitudeMode>clampToGround</altitudeMode>
          <coordinates>153.57006629342717,-28.201748299370347,0</coordinates>
        </Point>
      </Placemark>
      <Placemark>
        <name>17:03:28.360</name>
        <styleUrl>#drone</styleUrl>
        <description>2026-09-26T17:03:28.360+10:00; heading 129.3 deg; state AIMING</description>
        <TimeStamp>
          <when>2026-09-26T17:03:28.360+10:00</when>
        </TimeStamp>
        <Point>
          <altitudeMode>clampToGround</altitudeMode>
          <coordinates>153.57006627219673,-28.201748489590756,0</coordinates>
        </Point>
      </Placemark>
      <Placemark>
        <name>17:03:29.378</name>
        <styleUrl>#drone</styleUrl>
        <description>2026-09-26T17:03:29.378+10:00; heading 129.2 deg; state AIMING</description>
        <TimeStamp>
          <when>2026-09-26T17:03:29.378+10:00</when>
        </TimeStamp>
        <Point>
          <altitudeMode>clampToGround</altitudeMode>
          <coordinates>153.57006654508203,-28.201748529255703,0</coordinates>
        </Point>
      </Placemark>
      <Placemark>
        <name>17:03:30.401</name>
        <styleUrl>#drone</styleUrl>
        <description>2026-09-26T17:03:30.401+10:00; heading 129.3 deg; state AIMING</description>
        <TimeStamp>
          <when>2026-09-26T17:03:30.401+10:00</when>
        </TimeStamp>
        <Point>
          <altitudeMode>clampToGround</altitudeMode>
          <coordinates>153.5700660137761,-28.20174848940228,0</coordinates>
        </Point>
      </Placemark>
      <Placemark>
        <name>17:03:31.425</name>
        <styleUrl>#drone</styleUrl>
        <description>2026-09-26T17:03:31.425+10:00; heading 129.2 deg; state AIMING</description>
        <TimeStamp>
          <when>2026-09-26T17:03:31.425+10:00</when>
        </TimeStamp>
        <Point>
          <altitudeMode>clampToGround</altitudeMode>
          <coordinates>153.57006594919042,-28.20174865674895,0</coordinates>
        </Point>
      </Placemark>
      <Placemark>
        <name>17:03:32.438</name>
        <styleUrl>#drone</styleUrl>
        <description>2026-09-26T17:03:32.438+10:00; heading 129.2 deg; state AIMING</description>
        <TimeStamp>
          <when>2026-09-26T17:03:32.438+10:00</when>
        </TimeStamp>
        <Point>
          <altitudeMode>clampToGround</altitudeMode>
          <coordinates>153.57006619186313,-28.201748878632777,0</coordinates>
        </Point>
      </Placemark>
      <Placemark>
        <name>17:03:33.458</name>
        <styleUrl>#drone</styleUrl>
        <description>2026-09-26T17:03:33.458+10:00; heading 129.1 deg; state AIMING</description>
        <TimeStamp>
          <when>2026-09-26T17:03:33.458+10:00</when>
        </TimeStamp>
        <Point>
          <altitudeMode>clampToGround</altitudeMode>
          <coordinates>153.57006602847414,-28.20174920905977,0</coordinates>
        </Point>
      </Placemark>
      <Placemark>
        <name>17:03:34.475</name>
        <styleUrl>#drone</styleUrl>
        <description>2026-09-26T17:03:34.475+10:00; heading 129.2 deg; state PAUSED</description>
        <TimeStamp>
          <when>2026-09-26T17:03:34.475+10:00</when>
        </TimeStamp>
        <Point>
          <altitudeMode>clampToGround</altitudeMode>
          <coordinates>153.5700657385189,-28.20174934544551,0</coordinates>
        </Point>
      </Placemark>
      <Placemark>
        <name>17:03:35.494</name>
        <styleUrl>#drone</styleUrl>
        <description>2026-09-26T17:03:35.494+10:00; heading 129.5 deg; state PAUSED</description>
        <TimeStamp>
          <when>2026-09-26T17:03:35.494+10:00</when>
        </TimeStamp>
        <Point>
          <altitudeMode>clampToGround</altitudeMode>
          <coordinates>153.57006606284727,-28.201749623785492,0</coordinates>
        </Point>
      </Placemark>
      <Placemark>
        <name>17:03:36.508</name>
        <styleUrl>#drone</styleUrl>
        <description>2026-09-26T17:03:36.508+10:00; heading 129.6 deg; state PAUSED</description>
        <TimeStamp>
          <when>2026-09-26T17:03:36.508+10:00</when>
        </TimeStamp>
        <Point>
          <altitudeMode>clampToGround</altitudeMode>
          <coordinates>153.5700659328593,-28.201750080335025,0</coordinates>
        </Point>
      </Placemark>
      <Placemark>
        <name>17:03:37.016</name>
        <styleUrl>#drone</styleUrl>
        <description>2026-09-26T17:03:37.016+10:00; heading 129.5 deg; state AIMING</description>
        <TimeStamp>
          <when>2026-09-26T17:03:37.016+10:00</when>
        </TimeStamp>
        <Point>
          <altitudeMode>clampToGround</altitudeMode>
          <coordinates>153.5700659444466,-28.20175003143492,0</coordinates>
        </Point>
      </Placemark>
      <Placemark>
        <name>17:03:38.037</name>
        <styleUrl>#drone</styleUrl>
        <description>2026-09-26T17:03:38.037+10:00; heading 129.3 deg; state AIMING</description>
        <TimeStamp>
          <when>2026-09-26T17:03:38.037+10:00</when>
        </TimeStamp>
        <Point>
          <altitudeMode>clampToGround</altitudeMode>
          <coordinates>153.57006603593982,-28.20175013783635,0</coordinates>
        </Point>
      </Placemark>
      <Placemark>
        <name>17:03:39.061</name>
        <styleUrl>#drone</styleUrl>
        <description>2026-09-26T17:03:39.061+10:00; heading 129.2 deg; state AIMING</description>
        <TimeStamp>
          <when>2026-09-26T17:03:39.061+10:00</when>
        </TimeStamp>
        <Point>
          <altitudeMode>clampToGround</altitudeMode>
          <coordinates>153.57006626235918,-28.20175030710201,0</coordinates>
        </Point>
      </Placemark>
      <Placemark>
        <name>17:03:40.082</name>
        <styleUrl>#drone</styleUrl>
        <description>2026-09-26T17:03:40.082+10:00; heading 129.2 deg; state AIMING</description>
        <TimeStamp>
          <when>2026-09-26T17:03:40.082+10:00</when>
        </TimeStamp>
        <Point>
          <altitudeMode>clampToGround</altitudeMode>
          <coordinates>153.57006593705873,-28.201750388059626,0</coordinates>
        </Point>
      </Placemark>
      <Placemark>
        <name>17:03:41.103</name>
        <styleUrl>#drone</styleUrl>
        <description>2026-09-26T17:03:41.103+10:00; heading 129.2 deg; state AIMING</description>
        <TimeStamp>
          <when>2026-09-26T17:03:41.103+10:00</when>
        </TimeStamp>
        <Point>
          <altitudeMode>clampToGround</altitudeMode>
          <coordinates>153.5700658979418,-28.201750391229396,0</coordinates>
        </Point>
      </Placemark>
      <Placemark>
        <name>17:03:42.126</name>
        <styleUrl>#drone</styleUrl>
        <description>2026-09-26T17:03:42.126+10:00; heading 129.1 deg; state AIMING</description>
        <TimeStamp>
          <when>2026-09-26T17:03:42.126+10:00</when>
        </TimeStamp>
        <Point>
          <altitudeMode>clampToGround</altitudeMode>
          <coordinates>153.5700662945548,-28.20175040836328,0</coordinates>
        </Point>
      </Placemark>
      <Placemark>
        <name>17:03:43.149</name>
        <styleUrl>#drone</styleUrl>
        <description>2026-09-26T17:03:43.149+10:00; heading 129.2 deg; state AIMING</description>
        <TimeStamp>
          <when>2026-09-26T17:03:43.149+10:00</when>
        </TimeStamp>
        <Point>
          <altitudeMode>clampToGround</altitudeMode>
          <coordinates>153.57006597695334,-28.20175041143025,0</coordinates>
        </Point>
      </Placemark>
      <Placemark>
        <name>17:03:44.166</name>
        <styleUrl>#drone</styleUrl>
        <description>2026-09-26T17:03:44.166+10:00; heading 129.1 deg; state AIMING</description>
        <TimeStamp>
          <when>2026-09-26T17:03:44.166+10:00</when>
        </TimeStamp>
        <Point>
          <altitudeMode>clampToGround</altitudeMode>
          <coordinates>153.57006588934854,-28.20175069724061,0</coordinates>
        </Point>
      </Placemark>
      <Placemark>
        <name>17:03:45.189</name>
        <styleUrl>#drone</styleUrl>
        <description>2026-09-26T17:03:45.189+10:00; heading 129.2 deg; state AIMING</description>
        <TimeStamp>
          <when>2026-09-26T17:03:45.189+10:00</when>
        </TimeStamp>
        <Point>
          <altitudeMode>clampToGround</altitudeMode>
          <coordinates>153.5700657184161,-28.201750301602036,0</coordinates>
        </Point>
      </Placemark>
      <Placemark>
        <name>17:03:46.213</name>
        <styleUrl>#drone</styleUrl>
        <description>2026-09-26T17:03:46.213+10:00; heading 129.2 deg; state AIMING</description>
        <TimeStamp>
          <when>2026-09-26T17:03:46.213+10:00</when>
        </TimeStamp>
        <Point>
          <altitudeMode>clampToGround</altitudeMode>
          <coordinates>153.5700660109376,-28.20175006959208,0</coordinates>
        </Point>
      </Placemark>
      <Placemark>
        <name>17:03:47.236</name>
        <styleUrl>#drone</styleUrl>
        <description>2026-09-26T17:03:47.236+10:00; heading 129.2 deg; state AIMING</description>
        <TimeStamp>
          <when>2026-09-26T17:03:47.236+10:00</when>
        </TimeStamp>
        <Point>
          <altitudeMode>clampToGround</altitudeMode>
          <coordinates>153.57006648232385,-28.201750033559517,0</coordinates>
        </Point>
      </Placemark>
      <Placemark>
        <name>17:03:48.256</name>
        <styleUrl>#drone</styleUrl>
        <description>2026-09-26T17:03:48.256+10:00; heading 129.0 deg; state AIMING</description>
        <TimeStamp>
          <when>2026-09-26T17:03:48.256+10:00</when>
        </TimeStamp>
        <Point>
          <altitudeMode>clampToGround</altitudeMode>
          <coordinates>153.57006722437902,-28.201750136465638,0</coordinates>
        </Point>
      </Placemark>
      <Placemark>
        <name>17:03:49.279</name>
        <styleUrl>#drone</styleUrl>
        <description>2026-09-26T17:03:49.279+10:00; heading 129.1 deg; state AIMING</description>
        <TimeStamp>
          <when>2026-09-26T17:03:49.279+10:00</when>
        </TimeStamp>
        <Point>
          <altitudeMode>clampToGround</altitudeMode>
          <coordinates>153.57006696397536,-28.201750072967457,0</coordinates>
        </Point>
      </Placemark>
      <Placemark>
        <name>17:03:50.295</name>
        <styleUrl>#drone</styleUrl>
        <description>2026-09-26T17:03:50.295+10:00; heading 129.2 deg; state PAUSED</description>
        <TimeStamp>
          <when>2026-09-26T17:03:50.295+10:00</when>
        </TimeStamp>
        <Point>
          <altitudeMode>clampToGround</altitudeMode>
          <coordinates>153.57006715765473,-28.20174985934216,0</coordinates>
        </Point>
      </Placemark>
      <Placemark>
        <name>17:03:51.311</name>
        <styleUrl>#drone</styleUrl>
        <description>2026-09-26T17:03:51.311+10:00; heading 129.3 deg; state PAUSED</description>
        <TimeStamp>
          <when>2026-09-26T17:03:51.311+10:00</when>
        </TimeStamp>
        <Point>
          <altitudeMode>clampToGround</altitudeMode>
          <coordinates>153.57006745414242,-28.201749940556784,0</coordinates>
        </Point>
      </Placemark>
      <Placemark>
        <name>17:03:52.327</name>
        <styleUrl>#drone</styleUrl>
        <description>2026-09-26T17:03:52.327+10:00; heading 129.5 deg; state PAUSED</description>
        <TimeStamp>
          <when>2026-09-26T17:03:52.327+10:00</when>
        </TimeStamp>
        <Point>
          <altitudeMode>clampToGround</altitudeMode>
          <coordinates>153.57006734872886,-28.201749978165665,0</coordinates>
        </Point>
      </Placemark>
      <Placemark>
        <name>17:03:53.348</name>
        <styleUrl>#drone</styleUrl>
        <description>2026-09-26T17:03:53.348+10:00; heading 125.6 deg; state AIMING</description>
        <TimeStamp>
          <when>2026-09-26T17:03:53.348+10:00</when>
        </TimeStamp>
        <Point>
          <altitudeMode>clampToGround</altitudeMode>
          <coordinates>153.5700674498263,-28.201749980324536,0</coordinates>
        </Point>
      </Placemark>
      <Placemark>
        <name>17:03:54.367</name>
        <styleUrl>#drone</styleUrl>
        <description>2026-09-26T17:03:54.367+10:00; heading 125.7 deg; state AIMING</description>
        <TimeStamp>
          <when>2026-09-26T17:03:54.367+10:00</when>
        </TimeStamp>
        <Point>
          <altitudeMode>clampToGround</altitudeMode>
          <coordinates>153.57006726851193,-28.20175021817714,0</coordinates>
        </Point>
      </Placemark>
      <Placemark>
        <name>17:03:55.389</name>
        <styleUrl>#drone</styleUrl>
        <description>2026-09-26T17:03:55.389+10:00; heading 125.6 deg; state AIMING</description>
        <TimeStamp>
          <when>2026-09-26T17:03:55.389+10:00</when>
        </TimeStamp>
        <Point>
          <altitudeMode>clampToGround</altitudeMode>
          <coordinates>153.5700675068297,-28.201749987452228,0</coordinates>
        </Point>
      </Placemark>
      <Placemark>
        <name>17:03:56.411</name>
        <styleUrl>#drone</styleUrl>
        <description>2026-09-26T17:03:56.411+10:00; heading 125.7 deg; state AIMING</description>
        <TimeStamp>
          <when>2026-09-26T17:03:56.411+10:00</when>
        </TimeStamp>
        <Point>
          <altitudeMode>clampToGround</altitudeMode>
          <coordinates>153.5700676745737,-28.20174971260756,0</coordinates>
        </Point>
      </Placemark>
      <Placemark>
        <name>17:03:57.430</name>
        <styleUrl>#drone</styleUrl>
        <description>2026-09-26T17:03:57.430+10:00; heading 125.7 deg; state PAUSED</description>
        <TimeStamp>
          <when>2026-09-26T17:03:57.430+10:00</when>
        </TimeStamp>
        <Point>
          <altitudeMode>clampToGround</altitudeMode>
          <coordinates>153.57006767204626,-28.20174969425717,0</coordinates>
        </Point>
      </Placemark>
      <Placemark>
        <name>17:03:58.446</name>
        <styleUrl>#drone</styleUrl>
        <description>2026-09-26T17:03:58.446+10:00; heading 126.2 deg; state PAUSED</description>
        <TimeStamp>
          <when>2026-09-26T17:03:58.446+10:00</when>
        </TimeStamp>
        <Point>
          <altitudeMode>clampToGround</altitudeMode>
          <coordinates>153.57006778441993,-28.20174982575974,0</coordinates>
        </Point>
      </Placemark>
      <Placemark>
        <name>17:03:59.459</name>
        <styleUrl>#drone</styleUrl>
        <description>2026-09-26T17:03:59.459+10:00; heading 126.2 deg; state PAUSED</description>
        <TimeStamp>
          <when>2026-09-26T17:03:59.459+10:00</when>
        </TimeStamp>
        <Point>
          <altitudeMode>clampToGround</altitudeMode>
          <coordinates>153.5700676864332,-28.201749686906727,0</coordinates>
        </Point>
      </Placemark>
      <Placemark>
        <name>17:04:00.481</name>
        <styleUrl>#drone</styleUrl>
        <description>2026-09-26T17:04:00.481+10:00; heading 126.3 deg; state AIMING</description>
        <TimeStamp>
          <when>2026-09-26T17:04:00.481+10:00</when>
        </TimeStamp>
        <Point>
          <altitudeMode>clampToGround</altitudeMode>
          <coordinates>153.57006751126244,-28.201749942321573,0</coordinates>
        </Point>
      </Placemark>
      <Placemark>
        <name>17:04:01.502</name>
        <styleUrl>#drone</styleUrl>
        <description>2026-09-26T17:04:01.502+10:00; heading 126.2 deg; state AIMING</description>
        <TimeStamp>
          <when>2026-09-26T17:04:01.502+10:00</when>
        </TimeStamp>
        <Point>
          <altitudeMode>clampToGround</altitudeMode>
          <coordinates>153.57006743613925,-28.201750804515868,0</coordinates>
        </Point>
      </Placemark>
      <Placemark>
        <name>17:04:02.013</name>
        <styleUrl>#drone</styleUrl>
        <description>2026-09-26T17:04:02.013+10:00; heading 126.2 deg; state AIMING</description>
        <TimeStamp>
          <when>2026-09-26T17:04:02.013+10:00</when>
        </TimeStamp>
        <Point>
          <altitudeMode>clampToGround</altitudeMode>
          <coordinates>153.5700673885068,-28.201750884513977,0</coordinates>
        </Point>
      </Placemark>
      <Placemark>
        <name>17:04:03.038</name>
        <styleUrl>#drone</styleUrl>
        <description>2026-09-26T17:04:03.038+10:00; heading 126.1 deg; state AIMING</description>
        <TimeStamp>
          <when>2026-09-26T17:04:03.038+10:00</when>
        </TimeStamp>
        <Point>
          <altitudeMode>clampToGround</altitudeMode>
          <coordinates>153.57006707533807,-28.201750624370185,0</coordinates>
        </Point>
      </Placemark>
      <Placemark>
        <name>17:04:04.059</name>
        <styleUrl>#drone</styleUrl>
        <description>2026-09-26T17:04:04.059+10:00; heading 126.3 deg; state AIMING</description>
        <TimeStamp>
          <when>2026-09-26T17:04:04.059+10:00</when>
        </TimeStamp>
        <Point>
          <altitudeMode>clampToGround</altitudeMode>
          <coordinates>153.57006689375154,-28.201750417598447,0</coordinates>
        </Point>
      </Placemark>
      <Placemark>
        <name>17:04:05.079</name>
        <styleUrl>#drone</styleUrl>
        <description>2026-09-26T17:04:05.079+10:00; heading 126.3 deg; state AIMING</description>
        <TimeStamp>
          <when>2026-09-26T17:04:05.079+10:00</when>
        </TimeStamp>
        <Point>
          <altitudeMode>clampToGround</altitudeMode>
          <coordinates>153.57006684176412,-28.201750395632804,0</coordinates>
        </Point>
      </Placemark>
      <Placemark>
        <name>17:04:06.101</name>
        <styleUrl>#drone</styleUrl>
        <description>2026-09-26T17:04:06.101+10:00; heading 126.3 deg; state AIMING</description>
        <TimeStamp>
          <when>2026-09-26T17:04:06.101+10:00</when>
        </TimeStamp>
        <Point>
          <altitudeMode>clampToGround</altitudeMode>
          <coordinates>153.57006687119903,-28.20175007332727,0</coordinates>
        </Point>
      </Placemark>
      <Placemark>
        <name>17:04:07.120</name>
        <styleUrl>#drone</styleUrl>
        <description>2026-09-26T17:04:07.120+10:00; heading 126.2 deg; state AIMING</description>
        <TimeStamp>
          <when>2026-09-26T17:04:07.120+10:00</when>
        </TimeStamp>
        <Point>
          <altitudeMode>clampToGround</altitudeMode>
          <coordinates>153.5700665359444,-28.201749916123863,0</coordinates>
        </Point>
      </Placemark>
      <Placemark>
        <name>17:04:08.145</name>
        <styleUrl>#drone</styleUrl>
        <description>2026-09-26T17:04:08.145+10:00; heading 126.1 deg; state AIMING</description>
        <TimeStamp>
          <when>2026-09-26T17:04:08.145+10:00</when>
        </TimeStamp>
        <Point>
          <altitudeMode>clampToGround</altitudeMode>
          <coordinates>153.5700662297358,-28.201750226658415,0</coordinates>
        </Point>
      </Placemark>
      <Placemark>
        <name>17:04:09.167</name>
        <styleUrl>#drone</styleUrl>
        <description>2026-09-26T17:04:09.167+10:00; heading 125.9 deg; state AIMING</description>
        <TimeStamp>
          <when>2026-09-26T17:04:09.167+10:00</when>
        </TimeStamp>
        <Point>
          <altitudeMode>clampToGround</altitudeMode>
          <coordinates>153.57006630746417,-28.20175062471286,0</coordinates>
        </Point>
      </Placemark>
      <Placemark>
        <name>17:04:10.188</name>
        <styleUrl>#drone</styleUrl>
        <description>2026-09-26T17:04:10.188+10:00; heading 125.5 deg; state AIMING</description>
        <TimeStamp>
          <when>2026-09-26T17:04:10.188+10:00</when>
        </TimeStamp>
        <Point>
          <altitudeMode>clampToGround</altitudeMode>
          <coordinates>153.57006593981947,-28.201750686172115,0</coordinates>
        </Point>
      </Placemark>
      <Placemark>
        <name>17:04:11.212</name>
        <styleUrl>#drone</styleUrl>
        <description>2026-09-26T17:04:11.212+10:00; heading 125.0 deg; state AIMING</description>
        <TimeStamp>
          <when>2026-09-26T17:04:11.212+10:00</when>
        </TimeStamp>
        <Point>
          <altitudeMode>clampToGround</altitudeMode>
          <coordinates>153.5700653647306,-28.201750953786284,0</coordinates>
        </Point>
      </Placemark>
      <Placemark>
        <name>17:04:12.238</name>
        <styleUrl>#drone</styleUrl>
        <description>2026-09-26T17:04:12.238+10:00; heading 124.5 deg; state AIMING</description>
        <TimeStamp>
          <when>2026-09-26T17:04:12.238+10:00</when>
        </TimeStamp>
        <Point>
          <altitudeMode>clampToGround</altitudeMode>
          <coordinates>153.57006489416094,-28.201751219447193,0</coordinates>
        </Point>
      </Placemark>
      <Placemark>
        <name>17:04:13.262</name>
        <styleUrl>#drone</styleUrl>
        <description>2026-09-26T17:04:13.262+10:00; heading 124.3 deg; state AIMING</description>
        <TimeStamp>
          <when>2026-09-26T17:04:13.262+10:00</when>
        </TimeStamp>
        <Point>
          <altitudeMode>clampToGround</altitudeMode>
          <coordinates>153.5700647493583,-28.201751123000548,0</coordinates>
        </Point>
      </Placemark>
      <Placemark>
        <name>17:04:14.283</name>
        <styleUrl>#drone</styleUrl>
        <description>2026-09-26T17:04:14.283+10:00; heading 124.1 deg; state AIMING</description>
        <TimeStamp>
          <when>2026-09-26T17:04:14.283+10:00</when>
        </TimeStamp>
        <Point>
          <altitudeMode>clampToGround</altitudeMode>
          <coordinates>153.5700646251251,-28.201751466055217,0</coordinates>
        </Point>
      </Placemark>
      <Placemark>
        <name>17:04:15.301</name>
        <styleUrl>#drone</styleUrl>
        <description>2026-09-26T17:04:15.301+10:00; heading 123.9 deg; state PAUSED</description>
        <TimeStamp>
          <when>2026-09-26T17:04:15.301+10:00</when>
        </TimeStamp>
        <Point>
          <altitudeMode>clampToGround</altitudeMode>
          <coordinates>153.57006474904722,-28.201751736907692,0</coordinates>
        </Point>
      </Placemark>
      <Placemark>
        <name>17:04:16.316</name>
        <styleUrl>#drone</styleUrl>
        <description>2026-09-26T17:04:16.316+10:00; heading 124.9 deg; state PAUSED</description>
        <TimeStamp>
          <when>2026-09-26T17:04:16.316+10:00</when>
        </TimeStamp>
        <Point>
          <altitudeMode>clampToGround</altitudeMode>
          <coordinates>153.57006402134013,-28.201751957729222,0</coordinates>
        </Point>
      </Placemark>
      <Placemark>
        <name>17:04:17.332</name>
        <styleUrl>#drone</styleUrl>
        <description>2026-09-26T17:04:17.332+10:00; heading 124.7 deg; state PAUSED</description>
        <TimeStamp>
          <when>2026-09-26T17:04:17.332+10:00</when>
        </TimeStamp>
        <Point>
          <altitudeMode>clampToGround</altitudeMode>
          <coordinates>153.5700639315967,-28.201752171594386,0</coordinates>
        </Point>
      </Placemark>
      <Placemark>
        <name>17:04:18.349</name>
        <styleUrl>#drone</styleUrl>
        <description>2026-09-26T17:04:18.349+10:00; heading 124.9 deg; state PAUSED</description>
        <TimeStamp>
          <when>2026-09-26T17:04:18.349+10:00</when>
        </TimeStamp>
        <Point>
          <altitudeMode>clampToGround</altitudeMode>
          <coordinates>153.57006375615376,-28.201751792712763,0</coordinates>
        </Point>
      </Placemark>
      <Placemark>
        <name>17:04:19.370</name>
        <styleUrl>#drone</styleUrl>
        <description>2026-09-26T17:04:19.370+10:00; heading 124.6 deg; state AIMING</description>
        <TimeStamp>
          <when>2026-09-26T17:04:19.370+10:00</when>
        </TimeStamp>
        <Point>
          <altitudeMode>clampToGround</altitudeMode>
          <coordinates>153.5700637534708,-28.20175180372985,0</coordinates>
        </Point>
      </Placemark>
      <Placemark>
        <name>17:04:20.391</name>
        <styleUrl>#drone</styleUrl>
        <description>2026-09-26T17:04:20.391+10:00; heading 123.4 deg; state AIMING</description>
        <TimeStamp>
          <when>2026-09-26T17:04:20.391+10:00</when>
        </TimeStamp>
        <Point>
          <altitudeMode>clampToGround</altitudeMode>
          <coordinates>153.5700636215775,-28.201751776212827,0</coordinates>
        </Point>
      </Placemark>
      <Placemark>
        <name>17:04:21.413</name>
        <styleUrl>#drone</styleUrl>
        <description>2026-09-26T17:04:21.413+10:00; heading 122.7 deg; state AIMING</description>
        <TimeStamp>
          <when>2026-09-26T17:04:21.413+10:00</when>
        </TimeStamp>
        <Point>
          <altitudeMode>clampToGround</altitudeMode>
          <coordinates>153.57006325428276,-28.20175153289451,0</coordinates>
        </Point>
      </Placemark>
      <Placemark>
        <name>17:04:22.437</name>
        <styleUrl>#drone</styleUrl>
        <description>2026-09-26T17:04:22.437+10:00; heading 122.0 deg; state AIMING</description>
        <TimeStamp>
          <when>2026-09-26T17:04:22.437+10:00</when>
        </TimeStamp>
        <Point>
          <altitudeMode>clampToGround</altitudeMode>
          <coordinates>153.5700632558381,-28.201751525509803,0</coordinates>
        </Point>
      </Placemark>
      <Placemark>
        <name>17:04:23.457</name>
        <styleUrl>#drone</styleUrl>
        <description>2026-09-26T17:04:23.457+10:00; heading 121.6 deg; state AIMING</description>
        <TimeStamp>
          <when>2026-09-26T17:04:23.457+10:00</when>
        </TimeStamp>
        <Point>
          <altitudeMode>clampToGround</altitudeMode>
          <coordinates>153.57006298726887,-28.201751361178697,0</coordinates>
        </Point>
      </Placemark>
      <Placemark>
        <name>17:04:24.482</name>
        <styleUrl>#drone</styleUrl>
        <description>2026-09-26T17:04:24.482+10:00; heading 121.0 deg; state AIMING</description>
        <TimeStamp>
          <when>2026-09-26T17:04:24.482+10:00</when>
        </TimeStamp>
        <Point>
          <altitudeMode>clampToGround</altitudeMode>
          <coordinates>153.57006337548304,-28.201751645018657,0</coordinates>
        </Point>
      </Placemark>
      <Placemark>
        <name>17:04:25.502</name>
        <styleUrl>#drone</styleUrl>
        <description>2026-09-26T17:04:25.502+10:00; heading 120.7 deg; state AIMING</description>
        <TimeStamp>
          <when>2026-09-26T17:04:25.502+10:00</when>
        </TimeStamp>
        <Point>
          <altitudeMode>clampToGround</altitudeMode>
          <coordinates>153.5700637323181,-28.201751736993362,0</coordinates>
        </Point>
      </Placemark>
      <Placemark>
        <name>17:04:26.013</name>
        <styleUrl>#drone</styleUrl>
        <description>2026-09-26T17:04:26.013+10:00; heading 120.6 deg; state AIMING</description>
        <TimeStamp>
          <when>2026-09-26T17:04:26.013+10:00</when>
        </TimeStamp>
        <Point>
          <altitudeMode>clampToGround</altitudeMode>
          <coordinates>153.57006356496296,-28.201751827614487,0</coordinates>
        </Point>
      </Placemark>
      <Placemark>
        <name>17:04:27.033</name>
        <styleUrl>#drone</styleUrl>
        <description>2026-09-26T17:04:27.033+10:00; heading 120.4 deg; state AIMING</description>
        <TimeStamp>
          <when>2026-09-26T17:04:27.033+10:00</when>
        </TimeStamp>
        <Point>
          <altitudeMode>clampToGround</altitudeMode>
          <coordinates>153.57006345741084,-28.201752103384386,0</coordinates>
        </Point>
      </Placemark>
      <Placemark>
        <name>17:04:28.052</name>
        <styleUrl>#drone</styleUrl>
        <description>2026-09-26T17:04:28.052+10:00; heading 119.2 deg; state AIMING</description>
        <TimeStamp>
          <when>2026-09-26T17:04:28.052+10:00</when>
        </TimeStamp>
        <Point>
          <altitudeMode>clampToGround</altitudeMode>
          <coordinates>153.57006275007873,-28.2017522257546,0</coordinates>
        </Point>
      </Placemark>
      <Placemark>
        <name>17:04:29.073</name>
        <styleUrl>#drone</styleUrl>
        <description>2026-09-26T17:04:29.073+10:00; heading 118.9 deg; state AIMING</description>
        <TimeStamp>
          <when>2026-09-26T17:04:29.073+10:00</when>
        </TimeStamp>
        <Point>
          <altitudeMode>clampToGround</altitudeMode>
          <coordinates>153.57006236439204,-28.20175249640147,0</coordinates>
        </Point>
      </Placemark>
      <Placemark>
        <name>17:04:30.086</name>
        <styleUrl>#drone</styleUrl>
        <description>2026-09-26T17:04:30.086+10:00; heading 118.3 deg; state AIMING</description>
        <TimeStamp>
          <when>2026-09-26T17:04:30.086+10:00</when>
        </TimeStamp>
        <Point>
          <altitudeMode>clampToGround</altitudeMode>
          <coordinates>153.57006269241433,-28.201752870537014,0</coordinates>
        </Point>
      </Placemark>
      <Placemark>
        <name>17:04:31.110</name>
        <styleUrl>#drone</styleUrl>
        <description>2026-09-26T17:04:31.110+10:00; heading 117.7 deg; state AIMING</description>
        <TimeStamp>
          <when>2026-09-26T17:04:31.110+10:00</when>
        </TimeStamp>
        <Point>
          <altitudeMode>clampToGround</altitudeMode>
          <coordinates>153.5700631480527,-28.20175320589857,0</coordinates>
        </Point>
      </Placemark>
      <Placemark>
        <name>17:04:32.133</name>
        <styleUrl>#drone</styleUrl>
        <description>2026-09-26T17:04:32.133+10:00; heading 117.5 deg; state AIMING</description>
        <TimeStamp>
          <when>2026-09-26T17:04:32.133+10:00</when>
        </TimeStamp>
        <Point>
          <altitudeMode>clampToGround</altitudeMode>
          <coordinates>153.57006278068016,-28.201753335979035,0</coordinates>
        </Point>
      </Placemark>
      <Placemark>
        <name>17:04:33.153</name>
        <styleUrl>#drone</styleUrl>
        <description>2026-09-26T17:04:33.153+10:00; heading 117.0 deg; state AIMING</description>
        <TimeStamp>
          <when>2026-09-26T17:04:33.153+10:00</when>
        </TimeStamp>
        <Point>
          <altitudeMode>clampToGround</altitudeMode>
          <coordinates>153.57006283231763,-28.201753305549254,0</coordinates>
        </Point>
      </Placemark>
      <Placemark>
        <name>17:04:34.174</name>
        <styleUrl>#drone</styleUrl>
        <description>2026-09-26T17:04:34.174+10:00; heading 116.8 deg; state AIMING</description>
        <TimeStamp>
          <when>2026-09-26T17:04:34.174+10:00</when>
        </TimeStamp>
        <Point>
          <altitudeMode>clampToGround</altitudeMode>
          <coordinates>153.57006275338384,-28.20175336831068,0</coordinates>
        </Point>
      </Placemark>
      <Placemark>
        <name>17:04:35.193</name>
        <styleUrl>#drone</styleUrl>
        <description>2026-09-26T17:04:35.193+10:00; heading 116.7 deg; state PAUSED</description>
        <TimeStamp>
          <when>2026-09-26T17:04:35.193+10:00</when>
        </TimeStamp>
        <Point>
          <altitudeMode>clampToGround</altitudeMode>
          <coordinates>153.57006268382105,-28.201753610806573,0</coordinates>
        </Point>
      </Placemark>
      <Placemark>
        <name>17:04:36.208</name>
        <styleUrl>#drone</styleUrl>
        <description>2026-09-26T17:04:36.208+10:00; heading 117.3 deg; state PAUSED</description>
        <TimeStamp>
          <when>2026-09-26T17:04:36.208+10:00</when>
        </TimeStamp>
        <Point>
          <altitudeMode>clampToGround</altitudeMode>
          <coordinates>153.57006248458134,-28.201753771299686,0</coordinates>
        </Point>
      </Placemark>
      <Placemark>
        <name>17:04:37.223</name>
        <styleUrl>#drone</styleUrl>
        <description>2026-09-26T17:04:37.223+10:00; heading 117.5 deg; state PAUSED</description>
        <TimeStamp>
          <when>2026-09-26T17:04:37.223+10:00</when>
        </TimeStamp>
        <Point>
          <altitudeMode>clampToGround</altitudeMode>
          <coordinates>153.570062854248,-28.201753785760683,0</coordinates>
        </Point>
      </Placemark>
      <Placemark>
        <name>17:04:38.245</name>
        <styleUrl>#drone</styleUrl>
        <description>2026-09-26T17:04:38.245+10:00; heading 115.7 deg; state AIMING</description>
        <TimeStamp>
          <when>2026-09-26T17:04:38.245+10:00</when>
        </TimeStamp>
        <Point>
          <altitudeMode>clampToGround</altitudeMode>
          <coordinates>153.57006232158116,-28.201753804350954,0</coordinates>
        </Point>
      </Placemark>
      <Placemark>
        <name>17:04:39.263</name>
        <styleUrl>#drone</styleUrl>
        <description>2026-09-26T17:04:39.263+10:00; heading 115.1 deg; state AIMING</description>
        <TimeStamp>
          <when>2026-09-26T17:04:39.263+10:00</when>
        </TimeStamp>
        <Point>
          <altitudeMode>clampToGround</altitudeMode>
          <coordinates>153.57006245841265,-28.20175399196701,0</coordinates>
        </Point>
      </Placemark>
      <Placemark>
        <name>17:04:40.286</name>
        <styleUrl>#drone</styleUrl>
        <description>2026-09-26T17:04:40.286+10:00; heading 115.1 deg; state AIMING</description>
        <TimeStamp>
          <when>2026-09-26T17:04:40.286+10:00</when>
        </TimeStamp>
        <Point>
          <altitudeMode>clampToGround</altitudeMode>
          <coordinates>153.57006303214058,-28.201754009837646,0</coordinates>
        </Point>
      </Placemark>
      <Placemark>
        <name>17:04:41.307</name>
        <styleUrl>#drone</styleUrl>
        <description>2026-09-26T17:04:41.307+10:00; heading 115.0 deg; state AIMING</description>
        <TimeStamp>
          <when>2026-09-26T17:04:41.307+10:00</when>
        </TimeStamp>
        <Point>
          <altitudeMode>clampToGround</altitudeMode>
          <coordinates>153.57006289398706,-28.201753282247168,0</coordinates>
        </Point>
      </Placemark>
      <Placemark>
        <name>17:04:42.331</name>
        <styleUrl>#drone</styleUrl>
        <description>2026-09-26T17:04:42.331+10:00; heading 115.1 deg; state AIMING</description>
        <TimeStamp>
          <when>2026-09-26T17:04:42.331+10:00</when>
        </TimeStamp>
        <Point>
          <altitudeMode>clampToGround</altitudeMode>
          <coordinates>153.57006241276326,-28.20175281247027,0</coordinates>
        </Point>
      </Placemark>
      <Placemark>
        <name>17:04:43.252</name>
        <styleUrl>#drone</styleUrl>
        <description>2026-09-26T17:04:43.252+10:00; heading 115.2 deg; state AIMING</description>
        <TimeStamp>
          <when>2026-09-26T17:04:43.252+10:00</when>
        </TimeStamp>
        <Point>
          <altitudeMode>clampToGround</altitudeMode>
          <coordinates>153.57006224673015,-28.201752855339258,0</coordinates>
        </Point>
      </Placemark>
      <Placemark>
        <name>17:04:44.372</name>
        <styleUrl>#drone</styleUrl>
        <description>2026-09-26T17:04:44.372+10:00; heading 115.1 deg; state AIMING</description>
        <TimeStamp>
          <when>2026-09-26T17:04:44.372+10:00</when>
        </TimeStamp>
        <Point>
          <altitudeMode>clampToGround</altitudeMode>
          <coordinates>153.57006212541324,-28.20175287168498,0</coordinates>
        </Point>
      </Placemark>
      <Placemark>
        <name>17:04:45.397</name>
        <styleUrl>#drone</styleUrl>
        <description>2026-09-26T17:04:45.397+10:00; heading 115.2 deg; state AIMING</description>
        <TimeStamp>
          <when>2026-09-26T17:04:45.397+10:00</when>
        </TimeStamp>
        <Point>
          <altitudeMode>clampToGround</altitudeMode>
          <coordinates>153.5700621298849,-28.201752845778547,0</coordinates>
        </Point>
      </Placemark>
      <Placemark>
        <name>17:04:46.419</name>
        <styleUrl>#drone</styleUrl>
        <description>2026-09-26T17:04:46.419+10:00; heading 114.9 deg; state AIMING</description>
        <TimeStamp>
          <when>2026-09-26T17:04:46.419+10:00</when>
        </TimeStamp>
        <Point>
          <altitudeMode>clampToGround</altitudeMode>
          <coordinates>153.57006242003453,-28.201753315829585,0</coordinates>
        </Point>
      </Placemark>
      <Placemark>
        <name>17:04:47.441</name>
        <styleUrl>#drone</styleUrl>
        <description>2026-09-26T17:04:47.441+10:00; heading 115.3 deg; state AIMING</description>
        <TimeStamp>
          <when>2026-09-26T17:04:47.441+10:00</when>
        </TimeStamp>
        <Point>
          <altitudeMode>clampToGround</altitudeMode>
          <coordinates>153.5700629729986,-28.201753539957952,0</coordinates>
        </Point>
      </Placemark>
      <Placemark>
        <name>17:04:48.466</name>
        <styleUrl>#drone</styleUrl>
        <description>2026-09-26T17:04:48.466+10:00; heading 115.5 deg; state AIMING</description>
        <TimeStamp>
          <when>2026-09-26T17:04:48.466+10:00</when>
        </TimeStamp>
        <Point>
          <altitudeMode>clampToGround</altitudeMode>
          <coordinates>153.5700630471108,-28.201753602976385,0</coordinates>
        </Point>
      </Placemark>
      <Placemark>
        <name>17:04:49.488</name>
        <styleUrl>#drone</styleUrl>
        <description>2026-09-26T17:04:49.488+10:00; heading 116.7 deg; state AIMING</description>
        <TimeStamp>
          <when>2026-09-26T17:04:49.488+10:00</when>
        </TimeStamp>
        <Point>
          <altitudeMode>clampToGround</altitudeMode>
          <coordinates>153.5700628810388,-28.20175373919078,0</coordinates>
        </Point>
      </Placemark>
      <Placemark>
        <name>17:04:50.510</name>
        <styleUrl>#drone</styleUrl>
        <description>2026-09-26T17:04:50.510+10:00; heading 117.7 deg; state AIMING</description>
        <TimeStamp>
          <when>2026-09-26T17:04:50.510+10:00</when>
        </TimeStamp>
        <Point>
          <altitudeMode>clampToGround</altitudeMode>
          <coordinates>153.57006362546588,-28.201753671648998,0</coordinates>
        </Point>
      </Placemark>
      <Placemark>
        <name>17:04:51.020</name>
        <styleUrl>#drone</styleUrl>
        <description>2026-09-26T17:04:51.020+10:00; heading 118.5 deg; state AIMING</description>
        <TimeStamp>
          <when>2026-09-26T17:04:51.020+10:00</when>
        </TimeStamp>
        <Point>
          <altitudeMode>clampToGround</altitudeMode>
          <coordinates>153.57006367772547,-28.20175360863057,0</coordinates>
        </Point>
      </Placemark>
      <Placemark>
        <name>17:04:52.043</name>
        <styleUrl>#drone</styleUrl>
        <description>2026-09-26T17:04:52.043+10:00; heading 119.7 deg; state AIMING</description>
        <TimeStamp>
          <when>2026-09-26T17:04:52.043+10:00</when>
        </TimeStamp>
        <Point>
          <altitudeMode>clampToGround</altitudeMode>
          <coordinates>153.57006353198963,-28.201753817732516,0</coordinates>
        </Point>
      </Placemark>
      <Placemark>
        <name>17:04:53.071</name>
        <styleUrl>#drone</styleUrl>
        <description>2026-09-26T17:04:53.071+10:00; heading 120.2 deg; state PAUSED</description>
        <TimeStamp>
          <when>2026-09-26T17:04:53.071+10:00</when>
        </TimeStamp>
        <Point>
          <altitudeMode>clampToGround</altitudeMode>
          <coordinates>153.57006392451987,-28.20175445555857,0</coordinates>
        </Point>
      </Placemark>
      <Placemark>
        <name>17:04:54.087</name>
        <styleUrl>#drone</styleUrl>
        <description>2026-09-26T17:04:54.087+10:00; heading 119.3 deg; state PAUSED</description>
        <TimeStamp>
          <when>2026-09-26T17:04:54.087+10:00</when>
        </TimeStamp>
        <Point>
          <altitudeMode>clampToGround</altitudeMode>
          <coordinates>153.57006416470404,-28.20175492783701,0</coordinates>
        </Point>
      </Placemark>
      <Placemark>
        <name>17:04:55.107</name>
        <styleUrl>#drone</styleUrl>
        <description>2026-09-26T17:04:55.107+10:00; heading 119.0 deg; state PAUSED</description>
        <TimeStamp>
          <when>2026-09-26T17:04:55.107+10:00</when>
        </TimeStamp>
        <Point>
          <altitudeMode>clampToGround</altitudeMode>
          <coordinates>153.57006430717365,-28.201755695555057,0</coordinates>
        </Point>
      </Placemark>
      <Placemark>
        <name>17:04:56.124</name>
        <styleUrl>#drone</styleUrl>
        <description>2026-09-26T17:04:56.124+10:00; heading 119.0 deg; state PAUSED</description>
        <TimeStamp>
          <when>2026-09-26T17:04:56.124+10:00</when>
        </TimeStamp>
        <Point>
          <altitudeMode>clampToGround</altitudeMode>
          <coordinates>153.57006441072076,-28.201756227870636,0</coordinates>
        </Point>
      </Placemark>
      <Placemark>
        <name>17:04:57.139</name>
        <styleUrl>#drone</styleUrl>
        <description>2026-09-26T17:04:57.139+10:00; heading 118.8 deg; state PAUSED</description>
        <TimeStamp>
          <when>2026-09-26T17:04:57.139+10:00</when>
        </TimeStamp>
        <Point>
          <altitudeMode>clampToGround</altitudeMode>
          <coordinates>153.57006462885792,-28.201756707019765,0</coordinates>
        </Point>
      </Placemark>
      <Placemark>
        <name>17:04:58.155</name>
        <styleUrl>#drone</styleUrl>
        <description>2026-09-26T17:04:58.155+10:00; heading 119.1 deg; state PAUSED</description>
        <TimeStamp>
          <when>2026-09-26T17:04:58.155+10:00</when>
        </TimeStamp>
        <Point>
          <altitudeMode>clampToGround</altitudeMode>
          <coordinates>153.57006445263733,-28.201757121591278,0</coordinates>
        </Point>
      </Placemark>
      <Placemark>
        <name>17:04:59.169</name>
        <styleUrl>#drone</styleUrl>
        <description>2026-09-26T17:04:59.169+10:00; heading 119.1 deg; state PAUSED</description>
        <TimeStamp>
          <when>2026-09-26T17:04:59.169+10:00</when>
        </TimeStamp>
        <Point>
          <altitudeMode>clampToGround</altitudeMode>
          <coordinates>153.57006457998122,-28.201757165008548,0</coordinates>
        </Point>
      </Placemark>
      <Placemark>
        <name>17:05:00.185</name>
        <styleUrl>#drone</styleUrl>
        <description>2026-09-26T17:05:00.185+10:00; heading 119.2 deg; state AIMING</description>
        <TimeStamp>
          <when>2026-09-26T17:05:00.185+10:00</when>
        </TimeStamp>
        <Point>
          <altitudeMode>clampToGround</altitudeMode>
          <coordinates>153.57006449054884,-28.201756644892292,0</coordinates>
        </Point>
      </Placemark>
      <Placemark>
        <name>17:05:01.208</name>
        <styleUrl>#drone</styleUrl>
        <description>2026-09-26T17:05:01.208+10:00; heading 117.1 deg; state AIMING</description>
        <TimeStamp>
          <when>2026-09-26T17:05:01.208+10:00</when>
        </TimeStamp>
        <Point>
          <altitudeMode>clampToGround</altitudeMode>
          <coordinates>153.57006438657402,-28.201756919548494,0</coordinates>
        </Point>
      </Placemark>
      <Placemark>
        <name>17:05:02.229</name>
        <styleUrl>#drone</styleUrl>
        <description>2026-09-26T17:05:02.229+10:00; heading 117.0 deg; state AIMING</description>
        <TimeStamp>
          <when>2026-09-26T17:05:02.229+10:00</when>
        </TimeStamp>
        <Point>
          <altitudeMode>clampToGround</altitudeMode>
          <coordinates>153.57006524555229,-28.201757253385136,0</coordinates>
        </Point>
      </Placemark>
      <Placemark>
        <name>17:05:03.251</name>
        <styleUrl>#drone</styleUrl>
        <description>2026-09-26T17:05:03.251+10:00; heading 117.4 deg; state AIMING</description>
        <TimeStamp>
          <when>2026-09-26T17:05:03.251+10:00</when>
        </TimeStamp>
        <Point>
          <altitudeMode>clampToGround</altitudeMode>
          <coordinates>153.57006537172967,-28.201756609836362,0</coordinates>
        </Point>
      </Placemark>
      <Placemark>
        <name>17:05:04.275</name>
        <styleUrl>#drone</styleUrl>
        <description>2026-09-26T17:05:04.275+10:00; heading 118.3 deg; state AIMING</description>
        <TimeStamp>
          <when>2026-09-26T17:05:04.275+10:00</when>
        </TimeStamp>
        <Point>
          <altitudeMode>clampToGround</altitudeMode>
          <coordinates>153.5700653075328,-28.201756834084666,0</coordinates>
        </Point>
      </Placemark>
      <Placemark>
        <name>17:05:05.298</name>
        <styleUrl>#drone</styleUrl>
        <description>2026-09-26T17:05:05.298+10:00; heading 119.1 deg; state AIMING</description>
        <TimeStamp>
          <when>2026-09-26T17:05:05.298+10:00</when>
        </TimeStamp>
        <Point>
          <altitudeMode>clampToGround</altitudeMode>
          <coordinates>153.57006541640695,-28.20175685209238,0</coordinates>
        </Point>
      </Placemark>
      <Placemark>
        <name>17:05:06.318</name>
        <styleUrl>#drone</styleUrl>
        <description>2026-09-26T17:05:06.318+10:00; heading 120.3 deg; state AIMING</description>
        <TimeStamp>
          <when>2026-09-26T17:05:06.318+10:00</when>
        </TimeStamp>
        <Point>
          <altitudeMode>clampToGround</altitudeMode>
          <coordinates>153.57006532957982,-28.201757051119603,0</coordinates>
        </Point>
      </Placemark>
      <Placemark>
        <name>17:05:07.341</name>
        <styleUrl>#drone</styleUrl>
        <description>2026-09-26T17:05:07.341+10:00; heading 121.7 deg; state AIMING</description>
        <TimeStamp>
          <when>2026-09-26T17:05:07.341+10:00</when>
        </TimeStamp>
        <Point>
          <altitudeMode>clampToGround</altitudeMode>
          <coordinates>153.5700651960534,-28.201756979739837,0</coordinates>
        </Point>
      </Placemark>
      <Placemark>
        <name>17:05:08.365</name>
        <styleUrl>#drone</styleUrl>
        <description>2026-09-26T17:05:08.365+10:00; heading 123.3 deg; state AIMING</description>
        <TimeStamp>
          <when>2026-09-26T17:05:08.365+10:00</when>
        </TimeStamp>
        <Point>
          <altitudeMode>clampToGround</altitudeMode>
          <coordinates>153.57006493296677,-28.20175695881936,0</coordinates>
        </Point>
      </Placemark>
      <Placemark>
        <name>17:05:09.391</name>
        <styleUrl>#drone</styleUrl>
        <description>2026-09-26T17:05:09.391+10:00; heading 125.2 deg; state AIMING</description>
        <TimeStamp>
          <when>2026-09-26T17:05:09.391+10:00</when>
        </TimeStamp>
        <Point>
          <altitudeMode>clampToGround</altitudeMode>
          <coordinates>153.57006485325533,-28.20175673045892,0</coordinates>
        </Point>
      </Placemark>
      <Placemark>
        <name>17:05:10.412</name>
        <styleUrl>#drone</styleUrl>
        <description>2026-09-26T17:05:10.412+10:00; heading 128.2 deg; state AIMING</description>
        <TimeStamp>
          <when>2026-09-26T17:05:10.412+10:00</when>
        </TimeStamp>
        <Point>
          <altitudeMode>clampToGround</altitudeMode>
          <coordinates>153.57006428637092,-28.201755974940205,0</coordinates>
        </Point>
      </Placemark>
      <Placemark>
        <name>17:05:11.432</name>
        <styleUrl>#drone</styleUrl>
        <description>2026-09-26T17:05:11.432+10:00; heading 130.0 deg; state AIMING</description>
        <TimeStamp>
          <when>2026-09-26T17:05:11.432+10:00</when>
        </TimeStamp>
        <Point>
          <altitudeMode>clampToGround</altitudeMode>
          <coordinates>153.57006473306603,-28.20175637244637,0</coordinates>
        </Point>
      </Placemark>
      <Placemark>
        <name>17:05:12.453</name>
        <styleUrl>#drone</styleUrl>
        <description>2026-09-26T17:05:12.453+10:00; heading 134.1 deg; state AIMING</description>
        <TimeStamp>
          <when>2026-09-26T17:05:12.453+10:00</when>
        </TimeStamp>
        <Point>
          <altitudeMode>clampToGround</altitudeMode>
          <coordinates>153.5700643763865,-28.201756745708085,0</coordinates>
        </Point>
      </Placemark>
      <Placemark>
        <name>17:05:13.474</name>
        <styleUrl>#drone</styleUrl>
        <description>2026-09-26T17:05:13.474+10:00; heading 138.4 deg; state AIMING</description>
        <TimeStamp>
          <when>2026-09-26T17:05:13.474+10:00</when>
        </TimeStamp>
        <Point>
          <altitudeMode>clampToGround</altitudeMode>
          <coordinates>153.57006424219912,-28.201756960121532,0</coordinates>
        </Point>
      </Placemark>
      <Placemark>
        <name>17:05:14.492</name>
        <styleUrl>#drone</styleUrl>
        <description>2026-09-26T17:05:14.492+10:00; heading 143.1 deg; state AIMING</description>
        <TimeStamp>
          <when>2026-09-26T17:05:14.492+10:00</when>
        </TimeStamp>
        <Point>
          <altitudeMode>clampToGround</altitudeMode>
          <coordinates>153.57006404816983,-28.201756977889374,0</coordinates>
        </Point>
      </Placemark>
      <Placemark>
        <name>17:05:15.006</name>
        <styleUrl>#drone</styleUrl>
        <description>2026-09-26T17:05:15.006+10:00; heading 145.0 deg; state AIMING</description>
        <TimeStamp>
          <when>2026-09-26T17:05:15.006+10:00</when>
        </TimeStamp>
        <Point>
          <altitudeMode>clampToGround</altitudeMode>
          <coordinates>153.57006417749676,-28.201757039348625,0</coordinates>
        </Point>
      </Placemark>
      <Placemark>
        <name>17:05:16.032</name>
        <styleUrl>#drone</styleUrl>
        <description>2026-09-26T17:05:16.032+10:00; heading 149.6 deg; state AIMING</description>
        <TimeStamp>
          <when>2026-09-26T17:05:16.032+10:00</when>
        </TimeStamp>
        <Point>
          <altitudeMode>clampToGround</altitudeMode>
          <coordinates>153.5700646780846,-28.20175711722214,0</coordinates>
        </Point>
      </Placemark>
      <Placemark>
        <name>17:05:17.052</name>
        <styleUrl>#drone</styleUrl>
        <description>2026-09-26T17:05:17.052+10:00; heading 152.4 deg; state AIMING</description>
        <TimeStamp>
          <when>2026-09-26T17:05:17.052+10:00</when>
        </TimeStamp>
        <Point>
          <altitudeMode>clampToGround</altitudeMode>
          <coordinates>153.57006511999703,-28.201756847329158,0</coordinates>
        </Point>
      </Placemark>
      <Placemark>
        <name>17:05:18.071</name>
        <styleUrl>#drone</styleUrl>
        <description>2026-09-26T17:05:18.071+10:00; heading 153.8 deg; state AIMING</description>
        <TimeStamp>
          <when>2026-09-26T17:05:18.071+10:00</when>
        </TimeStamp>
        <Point>
          <altitudeMode>clampToGround</altitudeMode>
          <coordinates>153.5700655295583,-28.201756466991153,0</coordinates>
        </Point>
      </Placemark>
      <Placemark>
        <name>17:05:19.091</name>
        <styleUrl>#drone</styleUrl>
        <description>2026-09-26T17:05:19.091+10:00; heading 155.3 deg; state AIMING</description>
        <TimeStamp>
          <when>2026-09-26T17:05:19.091+10:00</when>
        </TimeStamp>
        <Point>
          <altitudeMode>clampToGround</altitudeMode>
          <coordinates>153.5700656995964,-28.201755876763038,0</coordinates>
        </Point>
      </Placemark>
      <Placemark>
        <name>17:05:20.113</name>
        <styleUrl>#drone</styleUrl>
        <description>2026-09-26T17:05:20.113+10:00; heading 156.3 deg; state AIMING</description>
        <TimeStamp>
          <when>2026-09-26T17:05:20.113+10:00</when>
        </TimeStamp>
        <Point>
          <altitudeMode>clampToGround</altitudeMode>
          <coordinates>153.57006584960945,-28.201755525158557,0</coordinates>
        </Point>
      </Placemark>
      <Placemark>
        <name>17:05:21.135</name>
        <styleUrl>#drone</styleUrl>
        <description>2026-09-26T17:05:21.135+10:00; heading 157.9 deg; state AIMING</description>
        <TimeStamp>
          <when>2026-09-26T17:05:21.135+10:00</when>
        </TimeStamp>
        <Point>
          <altitudeMode>clampToGround</altitudeMode>
          <coordinates>153.57006574893973,-28.20175515175977,0</coordinates>
        </Point>
      </Placemark>
      <Placemark>
        <name>17:05:22.156</name>
        <styleUrl>#drone</styleUrl>
        <description>2026-09-26T17:05:22.156+10:00; heading 160.0 deg; state AIMING</description>
        <TimeStamp>
          <when>2026-09-26T17:05:22.156+10:00</when>
        </TimeStamp>
        <Point>
          <altitudeMode>clampToGround</altitudeMode>
          <coordinates>153.57006547309928,-28.201754970311917,0</coordinates>
        </Point>
      </Placemark>
      <Placemark>
        <name>17:05:23.176</name>
        <styleUrl>#drone</styleUrl>
        <description>2026-09-26T17:05:23.176+10:00; heading 163.1 deg; state AIMING</description>
        <TimeStamp>
          <when>2026-09-26T17:05:23.176+10:00</when>
        </TimeStamp>
        <Point>
          <altitudeMode>clampToGround</altitudeMode>
          <coordinates>153.5700653787287,-28.20175493237749,0</coordinates>
        </Point>
      </Placemark>
      <Placemark>
        <name>17:05:24.201</name>
        <styleUrl>#drone</styleUrl>
        <description>2026-09-26T17:05:24.201+10:00; heading 166.0 deg; state AIMING</description>
        <TimeStamp>
          <when>2026-09-26T17:05:24.201+10:00</when>
        </TimeStamp>
        <Point>
          <altitudeMode>clampToGround</altitudeMode>
          <coordinates>153.57006504304633,-28.20175495370918,0</coordinates>
        </Point>
      </Placemark>
      <Placemark>
        <name>17:05:25.224</name>
        <styleUrl>#drone</styleUrl>
        <description>2026-09-26T17:05:25.224+10:00; heading 169.2 deg; state AIMING</description>
        <TimeStamp>
          <when>2026-09-26T17:05:25.224+10:00</when>
        </TimeStamp>
        <Point>
          <altitudeMode>clampToGround</altitudeMode>
          <coordinates>153.57006491500255,-28.20175470883168,0</coordinates>
        </Point>
      </Placemark>
      <Placemark>
        <name>17:05:26.237</name>
        <styleUrl>#drone</styleUrl>
        <description>2026-09-26T17:05:26.237+10:00; heading 172.5 deg; state AIMING</description>
        <TimeStamp>
          <when>2026-09-26T17:05:26.237+10:00</when>
        </TimeStamp>
        <Point>
          <altitudeMode>clampToGround</altitudeMode>
          <coordinates>153.57006468939974,-28.201755019486168,0</coordinates>
        </Point>
      </Placemark>
      <Placemark>
        <name>17:05:27.259</name>
        <styleUrl>#drone</styleUrl>
        <description>2026-09-26T17:05:27.259+10:00; heading 175.5 deg; state AIMING</description>
        <TimeStamp>
          <when>2026-09-26T17:05:27.259+10:00</when>
        </TimeStamp>
        <Point>
          <altitudeMode>clampToGround</altitudeMode>
          <coordinates>153.57006424356004,-28.20175513784706,0</coordinates>
        </Point>
      </Placemark>
      <Placemark>
        <name>17:05:28.280</name>
        <styleUrl>#drone</styleUrl>
        <description>2026-09-26T17:05:28.280+10:00; heading 178.8 deg; state AIMING</description>
        <TimeStamp>
          <when>2026-09-26T17:05:28.280+10:00</when>
        </TimeStamp>
        <Point>
          <altitudeMode>clampToGround</altitudeMode>
          <coordinates>153.57006368678537,-28.201755154038576,0</coordinates>
        </Point>
      </Placemark>
      <Placemark>
        <name>17:05:29.298</name>
        <styleUrl>#drone</styleUrl>
        <description>2026-09-26T17:05:29.298+10:00; heading 181.7 deg; state AIMING</description>
        <TimeStamp>
          <when>2026-09-26T17:05:29.298+10:00</when>
        </TimeStamp>
        <Point>
          <altitudeMode>clampToGround</altitudeMode>
          <coordinates>153.57006332796723,-28.201755226000902,0</coordinates>
        </Point>
      </Placemark>
      <Placemark>
        <name>17:05:30.319</name>
        <styleUrl>#drone</styleUrl>
        <description>2026-09-26T17:05:30.319+10:00; heading 184.4 deg; state AIMING</description>
        <TimeStamp>
          <when>2026-09-26T17:05:30.319+10:00</when>
        </TimeStamp>
        <Point>
          <altitudeMode>clampToGround</altitudeMode>
          <coordinates>153.570063103842,-28.20175528720314,0</coordinates>
        </Point>
      </Placemark>
      <Placemark>
        <name>17:05:31.346</name>
        <styleUrl>#drone</styleUrl>
        <description>2026-09-26T17:05:31.346+10:00; heading 186.6 deg; state AIMING</description>
        <TimeStamp>
          <when>2026-09-26T17:05:31.346+10:00</when>
        </TimeStamp>
        <Point>
          <altitudeMode>clampToGround</altitudeMode>
          <coordinates>153.57006304477775,-28.201755238063157,0</coordinates>
        </Point>
      </Placemark>
      <Placemark>
        <name>17:05:32.368</name>
        <styleUrl>#drone</styleUrl>
        <description>2026-09-26T17:05:32.368+10:00; heading 188.6 deg; state AIMING</description>
        <TimeStamp>
          <when>2026-09-26T17:05:32.368+10:00</when>
        </TimeStamp>
        <Point>
          <altitudeMode>clampToGround</altitudeMode>
          <coordinates>153.57006323083593,-28.201754859198665,0</coordinates>
        </Point>
      </Placemark>
      <Placemark>
        <name>17:05:33.388</name>
        <styleUrl>#drone</styleUrl>
        <description>2026-09-26T17:05:33.388+10:00; heading 190.5 deg; state AIMING</description>
        <TimeStamp>
          <when>2026-09-26T17:05:33.388+10:00</when>
        </TimeStamp>
        <Point>
          <altitudeMode>clampToGround</altitudeMode>
          <coordinates>153.57006318137596,-28.20175460849564,0</coordinates>
        </Point>
      </Placemark>
      <Placemark>
        <name>17:05:34.411</name>
        <styleUrl>#drone</styleUrl>
        <description>2026-09-26T17:05:34.411+10:00; heading 192.5 deg; state AIMING</description>
        <TimeStamp>
          <when>2026-09-26T17:05:34.411+10:00</when>
        </TimeStamp>
        <Point>
          <altitudeMode>clampToGround</altitudeMode>
          <coordinates>153.57006302914655,-28.201754478603647,0</coordinates>
        </Point>
      </Placemark>
      <Placemark>
        <name>17:05:35.434</name>
        <styleUrl>#drone</styleUrl>
        <description>2026-09-26T17:05:35.434+10:00; heading 194.7 deg; state AIMING</description>
        <TimeStamp>
          <when>2026-09-26T17:05:35.434+10:00</when>
        </TimeStamp>
        <Point>
          <altitudeMode>clampToGround</altitudeMode>
          <coordinates>153.57006268895367,-28.20175466807016,0</coordinates>
        </Point>
      </Placemark>
      <Placemark>
        <name>17:05:36.455</name>
        <styleUrl>#drone</styleUrl>
        <description>2026-09-26T17:05:36.455+10:00; heading 196.8 deg; state AIMING</description>
        <TimeStamp>
          <when>2026-09-26T17:05:36.455+10:00</when>
        </TimeStamp>
        <Point>
          <altitudeMode>clampToGround</altitudeMode>
          <coordinates>153.57006256503155,-28.2017548510258,0</coordinates>
        </Point>
      </Placemark>
      <Placemark>
        <name>17:05:37.473</name>
        <styleUrl>#drone</styleUrl>
        <description>2026-09-26T17:05:37.473+10:00; heading 199.5 deg; state AIMING</description>
        <TimeStamp>
          <when>2026-09-26T17:05:37.473+10:00</when>
        </TimeStamp>
        <Point>
          <altitudeMode>clampToGround</altitudeMode>
          <coordinates>153.57006251374406,-28.201755336668672,0</coordinates>
        </Point>
      </Placemark>
      <Placemark>
        <name>17:05:38.491</name>
        <styleUrl>#drone</styleUrl>
        <description>2026-09-26T17:05:38.491+10:00; heading 201.4 deg; state AIMING</description>
        <TimeStamp>
          <when>2026-09-26T17:05:38.491+10:00</when>
        </TimeStamp>
        <Point>
          <altitudeMode>clampToGround</altitudeMode>
          <coordinates>153.57006230338362,-28.20175530738686,0</coordinates>
        </Point>
      </Placemark>
      <Placemark>
        <name>17:05:39.002</name>
        <styleUrl>#drone</styleUrl>
        <description>2026-09-26T17:05:39.002+10:00; heading 202.0 deg; state AIMING</description>
        <TimeStamp>
          <when>2026-09-26T17:05:39.002+10:00</when>
        </TimeStamp>
        <Point>
          <altitudeMode>clampToGround</altitudeMode>
          <coordinates>153.5700623549433,-28.201755174616373,0</coordinates>
        </Point>
      </Placemark>
      <Placemark>
        <name>17:05:40.022</name>
        <styleUrl>#drone</styleUrl>
        <description>2026-09-26T17:05:40.022+10:00; heading 203.8 deg; state AIMING</description>
        <TimeStamp>
          <when>2026-09-26T17:05:40.022+10:00</when>
        </TimeStamp>
        <Point>
          <altitudeMode>clampToGround</altitudeMode>
          <coordinates>153.5700624843869,-28.201754739741205,0</coordinates>
        </Point>
      </Placemark>
      <Placemark>
        <name>17:05:41.047</name>
        <styleUrl>#drone</styleUrl>
        <description>2026-09-26T17:05:41.047+10:00; heading 205.3 deg; state AIMING</description>
        <TimeStamp>
          <when>2026-09-26T17:05:41.047+10:00</when>
        </TimeStamp>
        <Point>
          <altitudeMode>clampToGround</altitudeMode>
          <coordinates>153.570062755678,-28.201754482338835,0</coordinates>
        </Point>
      </Placemark>
      <Placemark>
        <name>17:05:42.071</name>
        <styleUrl>#drone</styleUrl>
        <description>2026-09-26T17:05:42.071+10:00; heading 207.3 deg; state AIMING</description>
        <TimeStamp>
          <when>2026-09-26T17:05:42.071+10:00</when>
        </TimeStamp>
        <Point>
          <altitudeMode>clampToGround</altitudeMode>
          <coordinates>153.57006315719036,-28.20175433586124,0</coordinates>
        </Point>
      </Placemark>
      <Placemark>
        <name>17:05:43.091</name>
        <styleUrl>#drone</styleUrl>
        <description>2026-09-26T17:05:43.091+10:00; heading 209.2 deg; state AIMING</description>
        <TimeStamp>
          <when>2026-09-26T17:05:43.091+10:00</when>
        </TimeStamp>
        <Point>
          <altitudeMode>clampToGround</altitudeMode>
          <coordinates>153.5700631471195,-28.201754074723677,0</coordinates>
        </Point>
      </Placemark>
      <Placemark>
        <name>17:05:44.117</name>
        <styleUrl>#drone</styleUrl>
        <description>2026-09-26T17:05:44.117+10:00; heading 211.7 deg; state AIMING</description>
        <TimeStamp>
          <when>2026-09-26T17:05:44.117+10:00</when>
        </TimeStamp>
        <Point>
          <altitudeMode>clampToGround</altitudeMode>
          <coordinates>153.57006316096206,-28.201753877067166,0</coordinates>
        </Point>
      </Placemark>
      <Placemark>
        <name>17:05:45.138</name>
        <styleUrl>#drone</styleUrl>
        <description>2026-09-26T17:05:45.138+10:00; heading 214.1 deg; state AIMING</description>
        <TimeStamp>
          <when>2026-09-26T17:05:45.138+10:00</when>
        </TimeStamp>
        <Point>
          <altitudeMode>clampToGround</altitudeMode>
          <coordinates>153.57006306876897,-28.201753679427785,0</coordinates>
        </Point>
      </Placemark>
      <Placemark>
        <name>17:05:46.162</name>
        <styleUrl>#drone</styleUrl>
        <description>2026-09-26T17:05:46.162+10:00; heading 216.1 deg; state AIMING</description>
        <TimeStamp>
          <when>2026-09-26T17:05:46.162+10:00</when>
        </TimeStamp>
        <Point>
          <altitudeMode>clampToGround</altitudeMode>
          <coordinates>153.57006291681174,-28.20175392209502,0</coordinates>
        </Point>
      </Placemark>
      <Placemark>
        <name>17:05:47.182</name>
        <styleUrl>#drone</styleUrl>
        <description>2026-09-26T17:05:47.182+10:00; heading 218.3 deg; state AIMING</description>
        <TimeStamp>
          <when>2026-09-26T17:05:47.182+10:00</when>
        </TimeStamp>
        <Point>
          <altitudeMode>clampToGround</altitudeMode>
          <coordinates>153.57006278826248,-28.20175371071426,0</coordinates>
        </Point>
      </Placemark>
      <Placemark>
        <name>17:05:48.197</name>
        <styleUrl>#drone</styleUrl>
        <description>2026-09-26T17:05:48.197+10:00; heading 219.9 deg; state AIMING</description>
        <TimeStamp>
          <when>2026-09-26T17:05:48.197+10:00</when>
        </TimeStamp>
        <Point>
          <altitudeMode>clampToGround</altitudeMode>
          <coordinates>153.57006289025423,-28.201753517306955,0</coordinates>
        </Point>
      </Placemark>
      <Placemark>
        <name>17:05:49.217</name>
        <styleUrl>#drone</styleUrl>
        <description>2026-09-26T17:05:49.217+10:00; heading 222.0 deg; state AIMING</description>
        <TimeStamp>
          <when>2026-09-26T17:05:49.217+10:00</when>
        </TimeStamp>
        <Point>
          <altitudeMode>clampToGround</altitudeMode>
          <coordinates>153.57006297354297,-28.201753086441112,0</coordinates>
        </Point>
      </Placemark>
      <Placemark>
        <name>17:05:50.239</name>
        <styleUrl>#drone</styleUrl>
        <description>2026-09-26T17:05:50.239+10:00; heading 224.3 deg; state AIMING</description>
        <TimeStamp>
          <when>2026-09-26T17:05:50.239+10:00</when>
        </TimeStamp>
        <Point>
          <altitudeMode>clampToGround</altitudeMode>
          <coordinates>153.57006310135344,-28.20175282242506,0</coordinates>
        </Point>
      </Placemark>
      <Placemark>
        <name>17:05:51.262</name>
        <styleUrl>#drone</styleUrl>
        <description>2026-09-26T17:05:51.262+10:00; heading 226.3 deg; state AIMING</description>
        <TimeStamp>
          <when>2026-09-26T17:05:51.262+10:00</when>
        </TimeStamp>
        <Point>
          <altitudeMode>clampToGround</altitudeMode>
          <coordinates>153.57006264159344,-28.201752458895395,0</coordinates>
        </Point>
      </Placemark>
      <Placemark>
        <name>17:05:52.285</name>
        <styleUrl>#drone</styleUrl>
        <description>2026-09-26T17:05:52.285+10:00; heading 228.7 deg; state AIMING</description>
        <TimeStamp>
          <when>2026-09-26T17:05:52.285+10:00</when>
        </TimeStamp>
        <Point>
          <altitudeMode>clampToGround</altitudeMode>
          <coordinates>153.57006207050958,-28.20175225056447,0</coordinates>
        </Point>
      </Placemark>
      <Placemark>
        <name>17:05:53.305</name>
        <styleUrl>#drone</styleUrl>
        <description>2026-09-26T17:05:53.305+10:00; heading 230.7 deg; state AIMING</description>
        <TimeStamp>
          <when>2026-09-26T17:05:53.305+10:00</when>
        </TimeStamp>
        <Point>
          <altitudeMode>clampToGround</altitudeMode>
          <coordinates>153.5700622749597,-28.201751696283246,0</coordinates>
        </Point>
      </Placemark>
      <Placemark>
        <name>17:05:54.328</name>
        <styleUrl>#drone</styleUrl>
        <description>2026-09-26T17:05:54.328+10:00; heading 233.3 deg; state AIMING</description>
        <TimeStamp>
          <when>2026-09-26T17:05:54.328+10:00</when>
        </TimeStamp>
        <Point>
          <altitudeMode>clampToGround</altitudeMode>
          <coordinates>153.57006191124222,-28.20175149221866,0</coordinates>
        </Point>
      </Placemark>
      <Placemark>
        <name>17:05:55.351</name>
        <styleUrl>#drone</styleUrl>
        <description>2026-09-26T17:05:55.351+10:00; heading 235.7 deg; state AIMING</description>
        <TimeStamp>
          <when>2026-09-26T17:05:55.351+10:00</when>
        </TimeStamp>
        <Point>
          <altitudeMode>clampToGround</altitudeMode>
          <coordinates>153.57006186629275,-28.20175131503714,0</coordinates>
        </Point>
      </Placemark>
      <Placemark>
        <name>17:05:56.373</name>
        <styleUrl>#drone</styleUrl>
        <description>2026-09-26T17:05:56.373+10:00; heading 238.1 deg; state AIMING</description>
        <TimeStamp>
          <when>2026-09-26T17:05:56.373+10:00</when>
        </TimeStamp>
        <Point>
          <altitudeMode>clampToGround</altitudeMode>
          <coordinates>153.57006164628916,-28.20175127996408,0</coordinates>
        </Point>
      </Placemark>
      <Placemark>
        <name>17:05:57.394</name>
        <styleUrl>#drone</styleUrl>
        <description>2026-09-26T17:05:57.394+10:00; heading 240.3 deg; state AIMING</description>
        <TimeStamp>
          <when>2026-09-26T17:05:57.394+10:00</when>
        </TimeStamp>
        <Point>
          <altitudeMode>clampToGround</altitudeMode>
          <coordinates>153.5700612184915,-28.201751375930975,0</coordinates>
        </Point>
      </Placemark>
      <Placemark>
        <name>17:05:58.416</name>
        <styleUrl>#drone</styleUrl>
        <description>2026-09-26T17:05:58.416+10:00; heading 242.6 deg; state AIMING</description>
        <TimeStamp>
          <when>2026-09-26T17:05:58.416+10:00</when>
        </TimeStamp>
        <Point>
          <altitudeMode>clampToGround</altitudeMode>
          <coordinates>153.57006104934771,-28.20175229271383,0</coordinates>
        </Point>
      </Placemark>
      <Placemark>
        <name>17:05:59.440</name>
        <styleUrl>#drone</styleUrl>
        <description>2026-09-26T17:05:59.440+10:00; heading 245.9 deg; state AIMING</description>
        <TimeStamp>
          <when>2026-09-26T17:05:59.440+10:00</when>
        </TimeStamp>
        <Point>
          <altitudeMode>clampToGround</altitudeMode>
          <coordinates>153.57006151882865,-28.201752139040003,0</coordinates>
        </Point>
      </Placemark>
      <Placemark>
        <name>17:06:00.460</name>
        <styleUrl>#drone</styleUrl>
        <description>2026-09-26T17:06:00.460+10:00; heading 248.0 deg; state AIMING</description>
        <TimeStamp>
          <when>2026-09-26T17:06:00.460+10:00</when>
        </TimeStamp>
        <Point>
          <altitudeMode>clampToGround</altitudeMode>
          <coordinates>153.57006156583896,-28.20175188974196,0</coordinates>
        </Point>
      </Placemark>
      <Placemark>
        <name>17:06:01.478</name>
        <styleUrl>#drone</styleUrl>
        <description>2026-09-26T17:06:01.478+10:00; heading 251.1 deg; state AIMING</description>
        <TimeStamp>
          <when>2026-09-26T17:06:01.478+10:00</when>
        </TimeStamp>
        <Point>
          <altitudeMode>clampToGround</altitudeMode>
          <coordinates>153.57006162218133,-28.201751630951744,0</coordinates>
        </Point>
      </Placemark>
      <Placemark>
        <name>17:06:02.502</name>
        <styleUrl>#drone</styleUrl>
        <description>2026-09-26T17:06:02.502+10:00; heading 254.1 deg; state AIMING</description>
        <TimeStamp>
          <when>2026-09-26T17:06:02.502+10:00</when>
        </TimeStamp>
        <Point>
          <altitudeMode>clampToGround</altitudeMode>
          <coordinates>153.57006185276123,-28.201751749209826,0</coordinates>
        </Point>
      </Placemark>
      <Placemark>
        <name>17:06:03.011</name>
        <styleUrl>#drone</styleUrl>
        <description>2026-09-26T17:06:03.011+10:00; heading 255.0 deg; state AIMING</description>
        <TimeStamp>
          <when>2026-09-26T17:06:03.011+10:00</when>
        </TimeStamp>
        <Point>
          <altitudeMode>clampToGround</altitudeMode>
          <coordinates>153.5700619986915,-28.201751621922178,0</coordinates>
        </Point>
      </Placemark>
      <Placemark>
        <name>17:06:04.033</name>
        <styleUrl>#drone</styleUrl>
        <description>2026-09-26T17:06:04.033+10:00; heading 257.2 deg; state AIMING</description>
        <TimeStamp>
          <when>2026-09-26T17:06:04.033+10:00</when>
        </TimeStamp>
        <Point>
          <altitudeMode>clampToGround</altitudeMode>
          <coordinates>153.57006217549537,-28.201751602869297,0</coordinates>
        </Point>
      </Placemark>
      <Placemark>
        <name>17:06:05.059</name>
        <styleUrl>#drone</styleUrl>
        <description>2026-09-26T17:06:05.059+10:00; heading 260.1 deg; state AIMING</description>
        <TimeStamp>
          <when>2026-09-26T17:06:05.059+10:00</when>
        </TimeStamp>
        <Point>
          <altitudeMode>clampToGround</altitudeMode>
          <coordinates>153.57006214874343,-28.201751198423914,0</coordinates>
        </Point>
      </Placemark>
      <Placemark>
        <name>17:06:06.071</name>
        <styleUrl>#drone</styleUrl>
        <description>2026-09-26T17:06:06.071+10:00; heading 262.9 deg; state AIMING</description>
        <TimeStamp>
          <when>2026-09-26T17:06:06.071+10:00</when>
        </TimeStamp>
        <Point>
          <altitudeMode>clampToGround</altitudeMode>
          <coordinates>153.57006206203295,-28.201750954591578,0</coordinates>
        </Point>
      </Placemark>
      <Placemark>
        <name>17:06:07.089</name>
        <styleUrl>#drone</styleUrl>
        <description>2026-09-26T17:06:07.089+10:00; heading 265.4 deg; state AIMING</description>
        <TimeStamp>
          <when>2026-09-26T17:06:07.089+10:00</when>
        </TimeStamp>
        <Point>
          <altitudeMode>clampToGround</altitudeMode>
          <coordinates>153.57006071358757,-28.20175081748622,0</coordinates>
        </Point>
      </Placemark>
      <Placemark>
        <name>17:06:08.110</name>
        <styleUrl>#drone</styleUrl>
        <description>2026-09-26T17:06:08.110+10:00; heading 267.1 deg; state AIMING</description>
        <TimeStamp>
          <when>2026-09-26T17:06:08.110+10:00</when>
        </TimeStamp>
        <Point>
          <altitudeMode>clampToGround</altitudeMode>
          <coordinates>153.57006071036022,-28.201751135713888,0</coordinates>
        </Point>
      </Placemark>
      <Placemark>
        <name>17:06:09.133</name>
        <styleUrl>#drone</styleUrl>
        <description>2026-09-26T17:06:09.133+10:00; heading 269.9 deg; state AIMING</description>
        <TimeStamp>
          <when>2026-09-26T17:06:09.133+10:00</when>
        </TimeStamp>
        <Point>
          <altitudeMode>clampToGround</altitudeMode>
          <coordinates>153.57006085247988,-28.20175135715224,0</coordinates>
        </Point>
      </Placemark>
      <Placemark>
        <name>17:06:10.160</name>
        <styleUrl>#drone</styleUrl>
        <description>2026-09-26T17:06:10.160+10:00; heading 272.0 deg; state AIMING</description>
        <TimeStamp>
          <when>2026-09-26T17:06:10.160+10:00</when>
        </TimeStamp>
        <Point>
          <altitudeMode>clampToGround</altitudeMode>
          <coordinates>153.57006182153768,-28.201751569304015,0</coordinates>
        </Point>
      </Placemark>
      <Placemark>
        <name>17:06:11.182</name>
        <styleUrl>#drone</styleUrl>
        <description>2026-09-26T17:06:11.182+10:00; heading 273.9 deg; state AIMING</description>
        <TimeStamp>
          <when>2026-09-26T17:06:11.182+10:00</when>
        </TimeStamp>
        <Point>
          <altitudeMode>clampToGround</altitudeMode>
          <coordinates>153.57006213392876,-28.20175137389204,0</coordinates>
        </Point>
      </Placemark>
      <Placemark>
        <name>17:06:12.201</name>
        <styleUrl>#drone</styleUrl>
        <description>2026-09-26T17:06:12.201+10:00; heading 275.6 deg; state AIMING</description>
        <TimeStamp>
          <when>2026-09-26T17:06:12.201+10:00</when>
        </TimeStamp>
        <Point>
          <altitudeMode>clampToGround</altitudeMode>
          <coordinates>153.57006192224628,-28.201751428172198,0</coordinates>
        </Point>
      </Placemark>
      <Placemark>
        <name>17:06:13.223</name>
        <styleUrl>#drone</styleUrl>
        <description>2026-09-26T17:06:13.223+10:00; heading 277.1 deg; state AIMING</description>
        <TimeStamp>
          <when>2026-09-26T17:06:13.223+10:00</when>
        </TimeStamp>
        <Point>
          <altitudeMode>clampToGround</altitudeMode>
          <coordinates>153.57006150976875,-28.201751335118058,0</coordinates>
        </Point>
      </Placemark>
      <Placemark>
        <name>17:06:14.244</name>
        <styleUrl>#drone</styleUrl>
        <description>2026-09-26T17:06:14.244+10:00; heading 279.0 deg; state AIMING</description>
        <TimeStamp>
          <when>2026-09-26T17:06:14.244+10:00</when>
        </TimeStamp>
        <Point>
          <altitudeMode>clampToGround</altitudeMode>
          <coordinates>153.57006104040445,-28.201750448542242,0</coordinates>
        </Point>
      </Placemark>
      <Placemark>
        <name>17:06:15.265</name>
        <styleUrl>#drone</styleUrl>
        <description>2026-09-26T17:06:15.265+10:00; heading 279.8 deg; state AIMING</description>
        <TimeStamp>
          <when>2026-09-26T17:06:15.265+10:00</when>
        </TimeStamp>
        <Point>
          <altitudeMode>clampToGround</altitudeMode>
          <coordinates>153.5700613208721,-28.20175030211605,0</coordinates>
        </Point>
      </Placemark>
      <Placemark>
        <name>17:06:16.286</name>
        <styleUrl>#drone</styleUrl>
        <description>2026-09-26T17:06:16.286+10:00; heading 282.0 deg; state AIMING</description>
        <TimeStamp>
          <when>2026-09-26T17:06:16.286+10:00</when>
        </TimeStamp>
        <Point>
          <altitudeMode>clampToGround</altitudeMode>
          <coordinates>153.57006046986498,-28.201749966908704,0</coordinates>
        </Point>
      </Placemark>
      <Placemark>
        <name>17:06:17.307</name>
        <styleUrl>#drone</styleUrl>
        <description>2026-09-26T17:06:17.307+10:00; heading 283.4 deg; state AIMING</description>
        <TimeStamp>
          <when>2026-09-26T17:06:17.307+10:00</when>
        </TimeStamp>
        <Point>
          <altitudeMode>clampToGround</altitudeMode>
          <coordinates>153.57006023551335,-28.20175049701401,0</coordinates>
        </Point>
      </Placemark>
      <Placemark>
        <name>17:06:18.326</name>
        <styleUrl>#drone</styleUrl>
        <description>2026-09-26T17:06:18.326+10:00; heading 284.4 deg; state AIMING</description>
        <TimeStamp>
          <when>2026-09-26T17:06:18.326+10:00</when>
        </TimeStamp>
        <Point>
          <altitudeMode>clampToGround</altitudeMode>
          <coordinates>153.57005994866884,-28.201750685315417,0</coordinates>
        </Point>
      </Placemark>
      <Placemark>
        <name>17:06:19.342</name>
        <styleUrl>#drone</styleUrl>
        <description>2026-09-26T17:06:19.342+10:00; heading 285.4 deg; state AIMING</description>
        <TimeStamp>
          <when>2026-09-26T17:06:19.342+10:00</when>
        </TimeStamp>
        <Point>
          <altitudeMode>clampToGround</altitudeMode>
          <coordinates>153.5700598560869,-28.201750911122907,0</coordinates>
        </Point>
      </Placemark>
      <Placemark>
        <name>17:06:20.358</name>
        <styleUrl>#drone</styleUrl>
        <description>2026-09-26T17:06:20.358+10:00; heading 286.5 deg; state AIMING</description>
        <TimeStamp>
          <when>2026-09-26T17:06:20.358+10:00</when>
        </TimeStamp>
        <Point>
          <altitudeMode>clampToGround</altitudeMode>
          <coordinates>153.57005982727415,-28.201750619726905,0</coordinates>
        </Point>
      </Placemark>
      <Placemark>
        <name>17:06:21.376</name>
        <styleUrl>#drone</styleUrl>
        <description>2026-09-26T17:06:21.376+10:00; heading 287.4 deg; state AIMING</description>
        <TimeStamp>
          <when>2026-09-26T17:06:21.376+10:00</when>
        </TimeStamp>
        <Point>
          <altitudeMode>clampToGround</altitudeMode>
          <coordinates>153.57005972602116,-28.201750459970544,0</coordinates>
        </Point>
      </Placemark>
      <Placemark>
        <name>17:06:22.400</name>
        <styleUrl>#drone</styleUrl>
        <description>2026-09-26T17:06:22.400+10:00; heading 288.2 deg; state AIMING</description>
        <TimeStamp>
          <when>2026-09-26T17:06:22.400+10:00</when>
        </TimeStamp>
        <Point>
          <altitudeMode>clampToGround</altitudeMode>
          <coordinates>153.57005979686713,-28.201750755375883,0</coordinates>
        </Point>
      </Placemark>
      <Placemark>
        <name>17:06:23.421</name>
        <styleUrl>#drone</styleUrl>
        <description>2026-09-26T17:06:23.421+10:00; heading 289.1 deg; state AIMING</description>
        <TimeStamp>
          <when>2026-09-26T17:06:23.421+10:00</when>
        </TimeStamp>
        <Point>
          <altitudeMode>clampToGround</altitudeMode>
          <coordinates>153.57006013107193,-28.201750530579293,0</coordinates>
        </Point>
      </Placemark>
      <Placemark>
        <name>17:06:24.441</name>
        <styleUrl>#drone</styleUrl>
        <description>2026-09-26T17:06:24.441+10:00; heading 290.1 deg; state AIMING</description>
        <TimeStamp>
          <when>2026-09-26T17:06:24.441+10:00</when>
        </TimeStamp>
        <Point>
          <altitudeMode>clampToGround</altitudeMode>
          <coordinates>153.57005994201972,-28.20174971120258,0</coordinates>
        </Point>
      </Placemark>
      <Placemark>
        <name>17:06:25.468</name>
        <styleUrl>#drone</styleUrl>
        <description>2026-09-26T17:06:25.468+10:00; heading 290.7 deg; state AIMING</description>
        <TimeStamp>
          <when>2026-09-26T17:06:25.468+10:00</when>
        </TimeStamp>
        <Point>
          <altitudeMode>clampToGround</altitudeMode>
          <coordinates>153.57005983512866,-28.20174941608852,0</coordinates>
        </Point>
      </Placemark>
      <Placemark>
        <name>17:06:26.489</name>
        <styleUrl>#drone</styleUrl>
        <description>2026-09-26T17:06:26.489+10:00; heading 291.0 deg; state AIMING</description>
        <TimeStamp>
          <when>2026-09-26T17:06:26.489+10:00</when>
        </TimeStamp>
        <Point>
          <altitudeMode>clampToGround</altitudeMode>
          <coordinates>153.57006034769262,-28.20174921166413,0</coordinates>
        </Point>
      </Placemark>
      <Placemark>
        <name>17:06:27.000</name>
        <styleUrl>#drone</styleUrl>
        <description>2026-09-26T17:06:27.000+10:00; heading 291.0 deg; state AIMING</description>
        <TimeStamp>
          <when>2026-09-26T17:06:27.000+10:00</when>
        </TimeStamp>
        <Point>
          <altitudeMode>clampToGround</altitudeMode>
          <coordinates>153.57006031631354,-28.20174919644923,0</coordinates>
        </Point>
      </Placemark>
      <Placemark>
        <name>17:06:28.019</name>
        <styleUrl>#drone</styleUrl>
        <description>2026-09-26T17:06:28.019+10:00; heading 291.1 deg; state AIMING</description>
        <TimeStamp>
          <when>2026-09-26T17:06:28.019+10:00</when>
        </TimeStamp>
        <Point>
          <altitudeMode>clampToGround</altitudeMode>
          <coordinates>153.57006056112485,-28.201749112167647,0</coordinates>
        </Point>
      </Placemark>
      <Placemark>
        <name>17:06:29.041</name>
        <styleUrl>#drone</styleUrl>
        <description>2026-09-26T17:06:29.041+10:00; heading 291.1 deg; state AIMING</description>
        <TimeStamp>
          <when>2026-09-26T17:06:29.041+10:00</when>
        </TimeStamp>
        <Point>
          <altitudeMode>clampToGround</altitudeMode>
          <coordinates>153.5700603840877,-28.201749470985494,0</coordinates>
        </Point>
      </Placemark>
      <Placemark>
        <name>17:06:30.063</name>
        <styleUrl>#drone</styleUrl>
        <description>2026-09-26T17:06:30.063+10:00; heading 291.0 deg; state AIMING</description>
        <TimeStamp>
          <when>2026-09-26T17:06:30.063+10:00</when>
        </TimeStamp>
        <Point>
          <altitudeMode>clampToGround</altitudeMode>
          <coordinates>153.57006053857236,-28.2017495496129,0</coordinates>
        </Point>
      </Placemark>
      <Placemark>
        <name>17:06:31.083</name>
        <styleUrl>#drone</styleUrl>
        <description>2026-09-26T17:06:31.083+10:00; heading 291.2 deg; state AIMING</description>
        <TimeStamp>
          <when>2026-09-26T17:06:31.083+10:00</when>
        </TimeStamp>
        <Point>
          <altitudeMode>clampToGround</altitudeMode>
          <coordinates>153.57006039334203,-28.201749442783118,0</coordinates>
        </Point>
      </Placemark>
      <Placemark>
        <name>17:06:32.103</name>
        <styleUrl>#drone</styleUrl>
        <description>2026-09-26T17:06:32.103+10:00; heading 291.1 deg; state AIMING</description>
        <TimeStamp>
          <when>2026-09-26T17:06:32.103+10:00</when>
        </TimeStamp>
        <Point>
          <altitudeMode>clampToGround</altitudeMode>
          <coordinates>153.5700599646889,-28.201749376183702,0</coordinates>
        </Point>
      </Placemark>
      <Placemark>
        <name>17:06:33.127</name>
        <styleUrl>#drone</styleUrl>
        <description>2026-09-26T17:06:33.127+10:00; heading 291.1 deg; state AIMING</description>
        <TimeStamp>
          <when>2026-09-26T17:06:33.127+10:00</when>
        </TimeStamp>
        <Point>
          <altitudeMode>clampToGround</altitudeMode>
          <coordinates>153.57005970276876,-28.201749592464747,0</coordinates>
        </Point>
      </Placemark>
      <Placemark>
        <name>17:06:34.145</name>
        <styleUrl>#drone</styleUrl>
        <description>2026-09-26T17:06:34.145+10:00; heading 291.0 deg; state AIMING</description>
        <TimeStamp>
          <when>2026-09-26T17:06:34.145+10:00</when>
        </TimeStamp>
        <Point>
          <altitudeMode>clampToGround</altitudeMode>
          <coordinates>153.5700597433633,-28.201749686084305,0</coordinates>
        </Point>
      </Placemark>
      <Placemark>
        <name>17:06:35.168</name>
        <styleUrl>#drone</styleUrl>
        <description>2026-09-26T17:06:35.168+10:00; heading 291.1 deg; state AIMING</description>
        <TimeStamp>
          <when>2026-09-26T17:06:35.168+10:00</when>
        </TimeStamp>
        <Point>
          <altitudeMode>clampToGround</altitudeMode>
          <coordinates>153.57005982443565,-28.20174975049058,0</coordinates>
        </Point>
      </Placemark>
      <Placemark>
        <name>17:06:36.191</name>
        <styleUrl>#drone</styleUrl>
        <description>2026-09-26T17:06:36.191+10:00; heading 291.1 deg; state AIMING</description>
        <TimeStamp>
          <when>2026-09-26T17:06:36.191+10:00</when>
        </TimeStamp>
        <Point>
          <altitudeMode>clampToGround</altitudeMode>
          <coordinates>153.57005962850104,-28.201749699277393,0</coordinates>
        </Point>
      </Placemark>
      <Placemark>
        <name>17:06:37.210</name>
        <styleUrl>#drone</styleUrl>
        <description>2026-09-26T17:06:37.210+10:00; heading 291.0 deg; state AIMING</description>
        <TimeStamp>
          <when>2026-09-26T17:06:37.210+10:00</when>
        </TimeStamp>
        <Point>
          <altitudeMode>clampToGround</altitudeMode>
          <coordinates>153.570059623835,-28.201749896694032,0</coordinates>
        </Point>
      </Placemark>
      <Placemark>
        <name>17:06:38.231</name>
        <styleUrl>#drone</styleUrl>
        <description>2026-09-26T17:06:38.231+10:00; heading 291.1 deg; state AIMING</description>
        <TimeStamp>
          <when>2026-09-26T17:06:38.231+10:00</when>
        </TimeStamp>
        <Point>
          <altitudeMode>clampToGround</altitudeMode>
          <coordinates>153.57005956667606,-28.201750265363867,0</coordinates>
        </Point>
      </Placemark>
      <Placemark>
        <name>17:06:39.253</name>
        <styleUrl>#drone</styleUrl>
        <description>2026-09-26T17:06:39.253+10:00; heading 290.9 deg; state AIMING</description>
        <TimeStamp>
          <when>2026-09-26T17:06:39.253+10:00</when>
        </TimeStamp>
        <Point>
          <altitudeMode>clampToGround</altitudeMode>
          <coordinates>153.57005956967012,-28.20175059236409,0</coordinates>
        </Point>
      </Placemark>
      <Placemark>
        <name>17:06:40.274</name>
        <styleUrl>#drone</styleUrl>
        <description>2026-09-26T17:06:40.274+10:00; heading 290.6 deg; state AIMING</description>
        <TimeStamp>
          <when>2026-09-26T17:06:40.274+10:00</when>
        </TimeStamp>
        <Point>
          <altitudeMode>clampToGround</altitudeMode>
          <coordinates>153.5700597960506,-28.201750432881873,0</coordinates>
        </Point>
      </Placemark>
      <Placemark>
        <name>17:06:41.296</name>
        <styleUrl>#drone</styleUrl>
        <description>2026-09-26T17:06:41.296+10:00; heading 289.9 deg; state AIMING</description>
        <TimeStamp>
          <when>2026-09-26T17:06:41.296+10:00</when>
        </TimeStamp>
        <Point>
          <altitudeMode>clampToGround</altitudeMode>
          <coordinates>153.57005985900318,-28.201751027050783,0</coordinates>
        </Point>
      </Placemark>
      <Placemark>
        <name>17:06:42.318</name>
        <styleUrl>#drone</styleUrl>
        <description>2026-09-26T17:06:42.318+10:00; heading 289.4 deg; state AIMING</description>
        <TimeStamp>
          <when>2026-09-26T17:06:42.318+10:00</when>
        </TimeStamp>
        <Point>
          <altitudeMode>clampToGround</altitudeMode>
          <coordinates>153.57005989971432,-28.201751397057055,0</coordinates>
        </Point>
      </Placemark>
      <Placemark>
        <name>17:06:43.336</name>
        <styleUrl>#drone</styleUrl>
        <description>2026-09-26T17:06:43.336+10:00; heading 289.0 deg; state AIMING</description>
        <TimeStamp>
          <when>2026-09-26T17:06:43.336+10:00</when>
        </TimeStamp>
        <Point>
          <altitudeMode>clampToGround</altitudeMode>
          <coordinates>153.57006001294346,-28.20175167227867,0</coordinates>
        </Point>
      </Placemark>
      <Placemark>
        <name>17:06:44.358</name>
        <styleUrl>#drone</styleUrl>
        <description>2026-09-26T17:06:44.358+10:00; heading 289.0 deg; state AIMING</description>
        <TimeStamp>
          <when>2026-09-26T17:06:44.358+10:00</when>
        </TimeStamp>
        <Point>
          <altitudeMode>clampToGround</altitudeMode>
          <coordinates>153.57005985915873,-28.20175182833411,0</coordinates>
        </Point>
      </Placemark>
      <Placemark>
        <name>17:06:45.378</name>
        <styleUrl>#drone</styleUrl>
        <description>2026-09-26T17:06:45.378+10:00; heading 288.9 deg; state AIMING</description>
        <TimeStamp>
          <when>2026-09-26T17:06:45.378+10:00</when>
        </TimeStamp>
        <Point>
          <altitudeMode>clampToGround</altitudeMode>
          <coordinates>153.57005948622583,-28.20175220563942,0</coordinates>
        </Point>
      </Placemark>
      <Placemark>
        <name>17:06:46.399</name>
        <styleUrl>#drone</styleUrl>
        <description>2026-09-26T17:06:46.399+10:00; heading 288.9 deg; state AIMING</description>
        <TimeStamp>
          <when>2026-09-26T17:06:46.399+10:00</when>
        </TimeStamp>
        <Point>
          <altitudeMode>clampToGround</altitudeMode>
          <coordinates>153.57005956644278,-28.20175208359475,0</coordinates>
        </Point>
      </Placemark>
      <Placemark>
        <name>17:06:47.420</name>
        <styleUrl>#drone</styleUrl>
        <description>2026-09-26T17:06:47.420+10:00; heading 288.7 deg; state AIMING</description>
        <TimeStamp>
          <when>2026-09-26T17:06:47.420+10:00</when>
        </TimeStamp>
        <Point>
          <altitudeMode>clampToGround</altitudeMode>
          <coordinates>153.5700596938644,-28.201751753373358,0</coordinates>
        </Point>
      </Placemark>
      <Placemark>
        <name>17:06:48.442</name>
        <styleUrl>#drone</styleUrl>
        <description>2026-09-26T17:06:48.442+10:00; heading 288.7 deg; state AIMING</description>
        <TimeStamp>
          <when>2026-09-26T17:06:48.442+10:00</when>
        </TimeStamp>
        <Point>
          <altitudeMode>clampToGround</altitudeMode>
          <coordinates>153.57005943956548,-28.20175150984943,0</coordinates>
        </Point>
      </Placemark>
      <Placemark>
        <name>17:06:49.365</name>
        <styleUrl>#drone</styleUrl>
        <description>2026-09-26T17:06:49.365+10:00; heading 289.0 deg; state AIMING</description>
        <TimeStamp>
          <when>2026-09-26T17:06:49.365+10:00</when>
        </TimeStamp>
        <Point>
          <altitudeMode>clampToGround</altitudeMode>
          <coordinates>153.57005923845938,-28.201751275235125,0</coordinates>
        </Point>
      </Placemark>
      <Placemark>
        <name>17:06:50.489</name>
        <styleUrl>#drone</styleUrl>
        <description>2026-09-26T17:06:50.489+10:00; heading 288.9 deg; state AIMING</description>
        <TimeStamp>
          <when>2026-09-26T17:06:50.489+10:00</when>
        </TimeStamp>
        <Point>
          <altitudeMode>clampToGround</altitudeMode>
          <coordinates>153.57005927901497,-28.20175094273493,0</coordinates>
        </Point>
      </Placemark>
      <Placemark>
        <name>17:06:51.509</name>
        <styleUrl>#drone</styleUrl>
        <description>2026-09-26T17:06:51.509+10:00; heading 289.0 deg; state AIMING</description>
        <TimeStamp>
          <when>2026-09-26T17:06:51.509+10:00</when>
        </TimeStamp>
        <Point>
          <altitudeMode>clampToGround</altitudeMode>
          <coordinates>153.57005942031807,-28.201750634958927,0</coordinates>
        </Point>
      </Placemark>
      <Placemark>
        <name>17:06:52.019</name>
        <styleUrl>#drone</styleUrl>
        <description>2026-09-26T17:06:52.019+10:00; heading 288.8 deg; state AIMING</description>
        <TimeStamp>
          <when>2026-09-26T17:06:52.019+10:00</when>
        </TimeStamp>
        <Point>
          <altitudeMode>clampToGround</altitudeMode>
          <coordinates>153.57005925078545,-28.201750622862402,0</coordinates>
        </Point>
      </Placemark>
      <Placemark>
        <name>17:06:53.042</name>
        <styleUrl>#drone</styleUrl>
        <description>2026-09-26T17:06:53.042+10:00; heading 288.8 deg; state AIMING</description>
        <TimeStamp>
          <when>2026-09-26T17:06:53.042+10:00</when>
        </TimeStamp>
        <Point>
          <altitudeMode>clampToGround</altitudeMode>
          <coordinates>153.57005945177494,-28.201750836436297,0</coordinates>
        </Point>
      </Placemark>
      <Placemark>
        <name>17:06:54.064</name>
        <styleUrl>#drone</styleUrl>
        <description>2026-09-26T17:06:54.064+10:00; heading 288.9 deg; state AIMING</description>
        <TimeStamp>
          <when>2026-09-26T17:06:54.064+10:00</when>
        </TimeStamp>
        <Point>
          <altitudeMode>clampToGround</altitudeMode>
          <coordinates>153.5700597385028,-28.201750393576738,0</coordinates>
        </Point>
      </Placemark>
      <Placemark>
        <name>17:06:55.084</name>
        <styleUrl>#drone</styleUrl>
        <description>2026-09-26T17:06:55.084+10:00; heading 288.7 deg; state AIMING</description>
        <TimeStamp>
          <when>2026-09-26T17:06:55.084+10:00</when>
        </TimeStamp>
        <Point>
          <altitudeMode>clampToGround</altitudeMode>
          <coordinates>153.57006006395878,-28.201749766647836,0</coordinates>
        </Point>
      </Placemark>
      <Placemark>
        <name>17:06:56.105</name>
        <styleUrl>#drone</styleUrl>
        <description>2026-09-26T17:06:56.105+10:00; heading 288.8 deg; state AIMING</description>
        <TimeStamp>
          <when>2026-09-26T17:06:56.105+10:00</when>
        </TimeStamp>
        <Point>
          <altitudeMode>clampToGround</altitudeMode>
          <coordinates>153.5700601107358,-28.201749562034962,0</coordinates>
        </Point>
      </Placemark>
      <Placemark>
        <name>17:06:57.126</name>
        <styleUrl>#drone</styleUrl>
        <description>2026-09-26T17:06:57.126+10:00; heading 288.7 deg; state AIMING</description>
        <TimeStamp>
          <when>2026-09-26T17:06:57.126+10:00</when>
        </TimeStamp>
        <Point>
          <altitudeMode>clampToGround</altitudeMode>
          <coordinates>153.5700600724743,-28.20174989525479,0</coordinates>
        </Point>
      </Placemark>
      <Placemark>
        <name>17:06:58.148</name>
        <styleUrl>#drone</styleUrl>
        <description>2026-09-26T17:06:58.148+10:00; heading 288.6 deg; state AIMING</description>
        <TimeStamp>
          <when>2026-09-26T17:06:58.148+10:00</when>
        </TimeStamp>
        <Point>
          <altitudeMode>clampToGround</altitudeMode>
          <coordinates>153.57006062007244,-28.201750080540634,0</coordinates>
        </Point>
      </Placemark>
      <Placemark>
        <name>17:06:59.168</name>
        <styleUrl>#drone</styleUrl>
        <description>2026-09-26T17:06:59.168+10:00; heading 288.7 deg; state AIMING</description>
        <TimeStamp>
          <when>2026-09-26T17:06:59.168+10:00</when>
        </TimeStamp>
        <Point>
          <altitudeMode>clampToGround</altitudeMode>
          <coordinates>153.57006069437907,-28.201750165062098,0</coordinates>
        </Point>
      </Placemark>
      <Placemark>
        <name>17:07:00.191</name>
        <styleUrl>#drone</styleUrl>
        <description>2026-09-26T17:07:00.191+10:00; heading 288.5 deg; state AIMING</description>
        <TimeStamp>
          <when>2026-09-26T17:07:00.191+10:00</when>
        </TimeStamp>
        <Point>
          <altitudeMode>clampToGround</altitudeMode>
          <coordinates>153.57006111716075,-28.201750214647564,0</coordinates>
        </Point>
      </Placemark>
      <Placemark>
        <name>17:07:01.217</name>
        <styleUrl>#drone</styleUrl>
        <description>2026-09-26T17:07:01.217+10:00; heading 288.8 deg; state AIMING</description>
        <TimeStamp>
          <when>2026-09-26T17:07:01.217+10:00</when>
        </TimeStamp>
        <Point>
          <altitudeMode>clampToGround</altitudeMode>
          <coordinates>153.5700616364516,-28.20175009479603,0</coordinates>
        </Point>
      </Placemark>
      <Placemark>
        <name>17:07:02.239</name>
        <styleUrl>#drone</styleUrl>
        <description>2026-09-26T17:07:02.239+10:00; heading 288.8 deg; state AIMING</description>
        <TimeStamp>
          <when>2026-09-26T17:07:02.239+10:00</when>
        </TimeStamp>
        <Point>
          <altitudeMode>clampToGround</altitudeMode>
          <coordinates>153.57006120103273,-28.201750072881786,0</coordinates>
        </Point>
      </Placemark>
      <Placemark>
        <name>17:07:03.255</name>
        <styleUrl>#drone</styleUrl>
        <description>2026-09-26T17:07:03.255+10:00; heading 288.8 deg; state AIMING</description>
        <TimeStamp>
          <when>2026-09-26T17:07:03.255+10:00</when>
        </TimeStamp>
        <Point>
          <altitudeMode>clampToGround</altitudeMode>
          <coordinates>153.5700613537676,-28.201750092037475,0</coordinates>
        </Point>
      </Placemark>
      <Placemark>
        <name>17:07:04.275</name>
        <styleUrl>#drone</styleUrl>
        <description>2026-09-26T17:07:04.275+10:00; heading 288.7 deg; state AIMING</description>
        <TimeStamp>
          <when>2026-09-26T17:07:04.275+10:00</when>
        </TimeStamp>
        <Point>
          <altitudeMode>clampToGround</altitudeMode>
          <coordinates>153.5700613241772,-28.201749702087355,0</coordinates>
        </Point>
      </Placemark>
      <Placemark>
        <name>17:07:05.297</name>
        <styleUrl>#drone</styleUrl>
        <description>2026-09-26T17:07:05.297+10:00; heading 288.5 deg; state AIMING</description>
        <TimeStamp>
          <when>2026-09-26T17:07:05.297+10:00</when>
        </TimeStamp>
        <Point>
          <altitudeMode>clampToGround</altitudeMode>
          <coordinates>153.57006061330668,-28.20174985584685,0</coordinates>
        </Point>
      </Placemark>
      <Placemark>
        <name>17:07:06.317</name>
        <styleUrl>#drone</styleUrl>
        <description>2026-09-26T17:07:06.317+10:00; heading 289.0 deg; state AIMING</description>
        <TimeStamp>
          <when>2026-09-26T17:07:06.317+10:00</when>
        </TimeStamp>
        <Point>
          <altitudeMode>clampToGround</altitudeMode>
          <coordinates>153.5700594874701,-28.201749906528885,0</coordinates>
        </Point>
      </Placemark>
      <Placemark>
        <name>17:07:07.335</name>
        <styleUrl>#drone</styleUrl>
        <description>2026-09-26T17:07:07.335+10:00; heading 288.8 deg; state AIMING</description>
        <TimeStamp>
          <when>2026-09-26T17:07:07.335+10:00</when>
        </TimeStamp>
        <Point>
          <altitudeMode>clampToGround</altitudeMode>
          <coordinates>153.5700597713595,-28.2017496488695,0</coordinates>
        </Point>
      </Placemark>
      <Placemark>
        <name>17:07:08.357</name>
        <styleUrl>#drone</styleUrl>
        <description>2026-09-26T17:07:08.357+10:00; heading 288.8 deg; state AIMING</description>
        <TimeStamp>
          <when>2026-09-26T17:07:08.357+10:00</when>
        </TimeStamp>
        <Point>
          <altitudeMode>clampToGround</altitudeMode>
          <coordinates>153.5700601876865,-28.201749458717632,0</coordinates>
        </Point>
      </Placemark>
      <Placemark>
        <name>17:07:09.375</name>
        <styleUrl>#drone</styleUrl>
        <description>2026-09-26T17:07:09.375+10:00; heading 288.8 deg; state AIMING</description>
        <TimeStamp>
          <when>2026-09-26T17:07:09.375+10:00</when>
        </TimeStamp>
        <Point>
          <altitudeMode>clampToGround</altitudeMode>
          <coordinates>153.57006034248224,-28.201749522541363,0</coordinates>
        </Point>
      </Placemark>
      <Placemark>
        <name>17:07:10.392</name>
        <styleUrl>#drone</styleUrl>
        <description>2026-09-26T17:07:10.392+10:00; heading 288.9 deg; state AIMING</description>
        <TimeStamp>
          <when>2026-09-26T17:07:10.392+10:00</when>
        </TimeStamp>
        <Point>
          <altitudeMode>clampToGround</altitudeMode>
          <coordinates>153.57006049883327,-28.20174979164618,0</coordinates>
        </Point>
      </Placemark>
      <Placemark>
        <name>17:07:11.410</name>
        <styleUrl>#drone</styleUrl>
        <description>2026-09-26T17:07:11.410+10:00; heading 288.8 deg; state AIMING</description>
        <TimeStamp>
          <when>2026-09-26T17:07:11.410+10:00</when>
        </TimeStamp>
        <Point>
          <altitudeMode>clampToGround</altitudeMode>
          <coordinates>153.57006074683306,-28.201750009829084,0</coordinates>
        </Point>
      </Placemark>
      <Placemark>
        <name>17:07:12.435</name>
        <styleUrl>#drone</styleUrl>
        <description>2026-09-26T17:07:12.435+10:00; heading 288.7 deg; state AIMING</description>
        <TimeStamp>
          <when>2026-09-26T17:07:12.435+10:00</when>
        </TimeStamp>
        <Point>
          <altitudeMode>clampToGround</altitudeMode>
          <coordinates>153.5700608178735,-28.20174993476553,0</coordinates>
        </Point>
      </Placemark>
      <Placemark>
        <name>17:07:13.456</name>
        <styleUrl>#drone</styleUrl>
        <description>2026-09-26T17:07:13.456+10:00; heading 288.8 deg; state AIMING</description>
        <TimeStamp>
          <when>2026-09-26T17:07:13.456+10:00</when>
        </TimeStamp>
        <Point>
          <altitudeMode>clampToGround</altitudeMode>
          <coordinates>153.57006083642094,-28.20174990964725,0</coordinates>
        </Point>
      </Placemark>
      <Placemark>
        <name>17:07:14.473</name>
        <styleUrl>#drone</styleUrl>
        <description>2026-09-26T17:07:14.473+10:00; heading 288.7 deg; state AIMING</description>
        <TimeStamp>
          <when>2026-09-26T17:07:14.473+10:00</when>
        </TimeStamp>
        <Point>
          <altitudeMode>clampToGround</altitudeMode>
          <coordinates>153.5700611985831,-28.201749872535252,0</coordinates>
        </Point>
      </Placemark>
      <Placemark>
        <name>17:07:15.493</name>
        <styleUrl>#drone</styleUrl>
        <description>2026-09-26T17:07:15.493+10:00; heading 288.8 deg; state AIMING</description>
        <TimeStamp>
          <when>2026-09-26T17:07:15.493+10:00</when>
        </TimeStamp>
        <Point>
          <altitudeMode>clampToGround</altitudeMode>
          <coordinates>153.570061237039,-28.20174976776154,0</coordinates>
        </Point>
      </Placemark>
      <Placemark>
        <name>17:07:16.002</name>
        <styleUrl>#drone</styleUrl>
        <description>2026-09-26T17:07:16.002+10:00; heading 288.8 deg; state AIMING</description>
        <TimeStamp>
          <when>2026-09-26T17:07:16.002+10:00</when>
        </TimeStamp>
        <Point>
          <altitudeMode>clampToGround</altitudeMode>
          <coordinates>153.57006125278684,-28.20174970061384,0</coordinates>
        </Point>
      </Placemark>
      <Placemark>
        <name>17:07:17.022</name>
        <styleUrl>#drone</styleUrl>
        <description>2026-09-26T17:07:17.022+10:00; heading 288.8 deg; state AIMING</description>
        <TimeStamp>
          <when>2026-09-26T17:07:17.022+10:00</when>
        </TimeStamp>
        <Point>
          <altitudeMode>clampToGround</altitudeMode>
          <coordinates>153.5700610427375,-28.20174955655212,0</coordinates>
        </Point>
      </Placemark>
      <Placemark>
        <name>17:07:18.038</name>
        <styleUrl>#drone</styleUrl>
        <description>2026-09-26T17:07:18.038+10:00; heading 294.6 deg; state PAUSED</description>
        <TimeStamp>
          <when>2026-09-26T17:07:18.038+10:00</when>
        </TimeStamp>
        <Point>
          <altitudeMode>clampToGround</altitudeMode>
          <coordinates>153.57006062858795,-28.201749438516778,0</coordinates>
        </Point>
      </Placemark>
      <Placemark>
        <name>17:07:19.052</name>
        <styleUrl>#drone</styleUrl>
        <description>2026-09-26T17:07:19.052+10:00; heading 339.3 deg; state PAUSED</description>
        <TimeStamp>
          <when>2026-09-26T17:07:19.052+10:00</when>
        </TimeStamp>
        <Point>
          <altitudeMode>clampToGround</altitudeMode>
          <coordinates>153.57006087759873,-28.201749603858783,0</coordinates>
        </Point>
      </Placemark>
      <Placemark>
        <name>17:07:20.066</name>
        <styleUrl>#drone</styleUrl>
        <description>2026-09-26T17:07:20.066+10:00; heading 345.8 deg; state PAUSED</description>
        <TimeStamp>
          <when>2026-09-26T17:07:20.066+10:00</when>
        </TimeStamp>
        <Point>
          <altitudeMode>clampToGround</altitudeMode>
          <coordinates>153.57006165484356,-28.20174916694468,0</coordinates>
        </Point>
      </Placemark>
      <Placemark>
        <name>17:07:21.081</name>
        <styleUrl>#drone</styleUrl>
        <description>2026-09-26T17:07:21.081+10:00; heading 345.8 deg; state AIMING</description>
        <TimeStamp>
          <when>2026-09-26T17:07:21.081+10:00</when>
        </TimeStamp>
        <Point>
          <altitudeMode>clampToGround</altitudeMode>
          <coordinates>153.57006190327107,-28.20174886083067,0</coordinates>
        </Point>
      </Placemark>
      <Placemark>
        <name>17:07:22.101</name>
        <styleUrl>#drone</styleUrl>
        <description>2026-09-26T17:07:22.101+10:00; heading 344.7 deg; state AIMING</description>
        <TimeStamp>
          <when>2026-09-26T17:07:22.101+10:00</when>
        </TimeStamp>
        <Point>
          <altitudeMode>clampToGround</altitudeMode>
          <coordinates>153.57006263039492,-28.201749141175316,0</coordinates>
        </Point>
      </Placemark>
      <Placemark>
        <name>17:07:23.117</name>
        <styleUrl>#drone</styleUrl>
        <description>2026-09-26T17:07:23.117+10:00; heading 339.8 deg; state AIMING</description>
        <TimeStamp>
          <when>2026-09-26T17:07:23.117+10:00</when>
        </TimeStamp>
        <Point>
          <altitudeMode>clampToGround</altitudeMode>
          <coordinates>153.57006298921306,-28.20174960411579,0</coordinates>
        </Point>
      </Placemark>
      <Placemark>
        <name>17:07:24.137</name>
        <styleUrl>#drone</styleUrl>
        <description>2026-09-26T17:07:24.137+10:00; heading 331.9 deg; state AIMING</description>
        <TimeStamp>
          <when>2026-09-26T17:07:24.137+10:00</when>
        </TimeStamp>
        <Point>
          <altitudeMode>clampToGround</altitudeMode>
          <coordinates>153.57006333360536,-28.201749441395272,0</coordinates>
        </Point>
      </Placemark>
      <Placemark>
        <name>17:07:25.158</name>
        <styleUrl>#drone</styleUrl>
        <description>2026-09-26T17:07:25.158+10:00; heading 323.9 deg; state AIMING</description>
        <TimeStamp>
          <when>2026-09-26T17:07:25.158+10:00</when>
        </TimeStamp>
        <Point>
          <altitudeMode>clampToGround</altitudeMode>
          <coordinates>153.57006336607319,-28.20174914691517,0</coordinates>
        </Point>
      </Placemark>
      <Placemark>
        <name>17:07:26.181</name>
        <styleUrl>#drone</styleUrl>
        <description>2026-09-26T17:07:26.181+10:00; heading 315.7 deg; state AIMING</description>
        <TimeStamp>
          <when>2026-09-26T17:07:26.181+10:00</when>
        </TimeStamp>
        <Point>
          <altitudeMode>clampToGround</altitudeMode>
          <coordinates>153.57006319238002,-28.20174926895984,0</coordinates>
        </Point>
      </Placemark>
      <Placemark>
        <name>17:07:27.203</name>
        <styleUrl>#drone</styleUrl>
        <description>2026-09-26T17:07:27.203+10:00; heading 307.7 deg; state AIMING</description>
        <TimeStamp>
          <when>2026-09-26T17:07:27.203+10:00</when>
        </TimeStamp>
        <Point>
          <altitudeMode>clampToGround</altitudeMode>
          <coordinates>153.57006331777973,-28.201749606428866,0</coordinates>
        </Point>
      </Placemark>
      <Placemark>
        <name>17:07:28.227</name>
        <styleUrl>#drone</styleUrl>
        <description>2026-09-26T17:07:28.227+10:00; heading 299.9 deg; state AIMING</description>
        <TimeStamp>
          <when>2026-09-26T17:07:28.227+10:00</when>
        </TimeStamp>
        <Point>
          <altitudeMode>clampToGround</altitudeMode>
          <coordinates>153.57006351600847,-28.201749674724535,0</coordinates>
        </Point>
      </Placemark>
      <Placemark>
        <name>17:07:29.252</name>
        <styleUrl>#drone</styleUrl>
        <description>2026-09-26T17:07:29.252+10:00; heading 294.2 deg; state AIMING</description>
        <TimeStamp>
          <when>2026-09-26T17:07:29.252+10:00</when>
        </TimeStamp>
        <Point>
          <altitudeMode>clampToGround</altitudeMode>
          <coordinates>153.57006367756992,-28.20174946354939,0</coordinates>
        </Point>
      </Placemark>
      <Placemark>
        <name>17:07:30.270</name>
        <styleUrl>#drone</styleUrl>
        <description>2026-09-26T17:07:30.270+10:00; heading 292.8 deg; state AIMING</description>
        <TimeStamp>
          <when>2026-09-26T17:07:30.270+10:00</when>
        </TimeStamp>
        <Point>
          <altitudeMode>clampToGround</altitudeMode>
          <coordinates>153.57006353603356,-28.2017495682717,0</coordinates>
        </Point>
      </Placemark>
      <Placemark>
        <name>17:07:31.289</name>
        <styleUrl>#drone</styleUrl>
        <description>2026-09-26T17:07:31.289+10:00; heading 292.4 deg; state AIMING</description>
        <TimeStamp>
          <when>2026-09-26T17:07:31.289+10:00</when>
        </TimeStamp>
        <Point>
          <altitudeMode>clampToGround</altitudeMode>
          <coordinates>153.57006376354167,-28.20174977447802,0</coordinates>
        </Point>
      </Placemark>
      <Placemark>
        <name>17:07:32.309</name>
        <styleUrl>#drone</styleUrl>
        <description>2026-09-26T17:07:32.309+10:00; heading 292.2 deg; state AIMING</description>
        <TimeStamp>
          <when>2026-09-26T17:07:32.309+10:00</when>
        </TimeStamp>
        <Point>
          <altitudeMode>clampToGround</altitudeMode>
          <coordinates>153.57006398094,-28.20174988905232,0</coordinates>
        </Point>
      </Placemark>
      <Placemark>
        <name>17:07:33.332</name>
        <styleUrl>#drone</styleUrl>
        <description>2026-09-26T17:07:33.332+10:00; heading 292.1 deg; state AIMING</description>
        <TimeStamp>
          <when>2026-09-26T17:07:33.332+10:00</when>
        </TimeStamp>
        <Point>
          <altitudeMode>clampToGround</altitudeMode>
          <coordinates>153.5700642222518,-28.20174990085757,0</coordinates>
        </Point>
      </Placemark>
      <Placemark>
        <name>17:07:34.358</name>
        <styleUrl>#drone</styleUrl>
        <description>2026-09-26T17:07:34.358+10:00; heading 291.8 deg; state AIMING</description>
        <TimeStamp>
          <when>2026-09-26T17:07:34.358+10:00</when>
        </TimeStamp>
        <Point>
          <altitudeMode>clampToGround</altitudeMode>
          <coordinates>153.57006413904088,-28.201749967851065,0</coordinates>
        </Point>
      </Placemark>
      <Placemark>
        <name>17:07:35.377</name>
        <styleUrl>#drone</styleUrl>
        <description>2026-09-26T17:07:35.377+10:00; heading 292.0 deg; state AIMING</description>
        <TimeStamp>
          <when>2026-09-26T17:07:35.377+10:00</when>
        </TimeStamp>
        <Point>
          <altitudeMode>clampToGround</altitudeMode>
          <coordinates>153.57006374192235,-28.20175003453615,0</coordinates>
        </Point>
      </Placemark>
      <Placemark>
        <name>17:07:36.395</name>
        <styleUrl>#drone</styleUrl>
        <description>2026-09-26T17:07:36.395+10:00; heading 292.0 deg; state AIMING</description>
        <TimeStamp>
          <when>2026-09-26T17:07:36.395+10:00</when>
        </TimeStamp>
        <Point>
          <altitudeMode>clampToGround</altitudeMode>
          <coordinates>153.57006377497342,-28.20175008571507,0</coordinates>
        </Point>
      </Placemark>
      <Placemark>
        <name>17:07:37.415</name>
        <styleUrl>#drone</styleUrl>
        <description>2026-09-26T17:07:37.415+10:00; heading 292.0 deg; state PAUSED</description>
        <TimeStamp>
          <when>2026-09-26T17:07:37.415+10:00</when>
        </TimeStamp>
        <Point>
          <altitudeMode>clampToGround</altitudeMode>
          <coordinates>153.57006394687795,-28.201750015671742,0</coordinates>
        </Point>
      </Placemark>
      <Placemark>
        <name>17:07:38.428</name>
        <styleUrl>#drone</styleUrl>
        <description>2026-09-26T17:07:38.428+10:00; heading 267.3 deg; state PAUSED</description>
        <TimeStamp>
          <when>2026-09-26T17:07:38.428+10:00</when>
        </TimeStamp>
        <Point>
          <altitudeMode>clampToGround</altitudeMode>
          <coordinates>153.57006332275682,-28.201750071134132,0</coordinates>
        </Point>
      </Placemark>
      <Placemark>
        <name>17:07:39.442</name>
        <styleUrl>#drone</styleUrl>
        <description>2026-09-26T17:07:39.442+10:00; heading 270.7 deg; state PAUSED</description>
        <TimeStamp>
          <when>2026-09-26T17:07:39.442+10:00</when>
        </TimeStamp>
        <Point>
          <altitudeMode>clampToGround</altitudeMode>
          <coordinates>153.57006311671248,-28.20175016333157,0</coordinates>
        </Point>
      </Placemark>
      <Placemark>
        <name>17:07:40.462</name>
        <styleUrl>#drone</styleUrl>
        <description>2026-09-26T17:07:40.462+10:00; heading 270.7 deg; state AIMING</description>
        <TimeStamp>
          <when>2026-09-26T17:07:40.462+10:00</when>
        </TimeStamp>
        <Point>
          <altitudeMode>clampToGround</altitudeMode>
          <coordinates>153.5700633276562,-28.201750466378616,0</coordinates>
        </Point>
      </Placemark>
      <Placemark>
        <name>17:07:41.482</name>
        <styleUrl>#drone</styleUrl>
        <description>2026-09-26T17:07:41.482+10:00; heading 273.8 deg; state AIMING</description>
        <TimeStamp>
          <when>2026-09-26T17:07:41.482+10:00</when>
        </TimeStamp>
        <Point>
          <altitudeMode>clampToGround</altitudeMode>
          <coordinates>153.57006332621748,-28.201750187815897,0</coordinates>
        </Point>
      </Placemark>
      <Placemark>
        <name>17:07:42.500</name>
        <styleUrl>#drone</styleUrl>
        <description>2026-09-26T17:07:42.500+10:00; heading 279.5 deg; state AIMING</description>
        <TimeStamp>
          <when>2026-09-26T17:07:42.500+10:00</when>
        </TimeStamp>
        <Point>
          <altitudeMode>clampToGround</altitudeMode>
          <coordinates>153.57006369732284,-28.201750008938124,0</coordinates>
        </Point>
      </Placemark>
      <Placemark>
        <name>17:07:43.011</name>
        <styleUrl>#drone</styleUrl>
        <description>2026-09-26T17:07:43.011+10:00; heading 281.4 deg; state AIMING</description>
        <TimeStamp>
          <when>2026-09-26T17:07:43.011+10:00</when>
        </TimeStamp>
        <Point>
          <altitudeMode>clampToGround</altitudeMode>
          <coordinates>153.5700638175899,-28.20175008677737,0</coordinates>
        </Point>
      </Placemark>
      <Placemark>
        <name>17:07:44.031</name>
        <styleUrl>#drone</styleUrl>
        <description>2026-09-26T17:07:44.031+10:00; heading 284.4 deg; state AIMING</description>
        <TimeStamp>
          <when>2026-09-26T17:07:44.031+10:00</when>
        </TimeStamp>
        <Point>
          <altitudeMode>clampToGround</altitudeMode>
          <coordinates>153.57006403409392,-28.20175101029384,0</coordinates>
        </Point>
      </Placemark>
      <Placemark>
        <name>17:07:45.054</name>
        <styleUrl>#drone</styleUrl>
        <description>2026-09-26T17:07:45.054+10:00; heading 285.2 deg; state AIMING</description>
        <TimeStamp>
          <when>2026-09-26T17:07:45.054+10:00</when>
        </TimeStamp>
        <Point>
          <altitudeMode>clampToGround</altitudeMode>
          <coordinates>153.57006436553797,-28.20175128592667,0</coordinates>
        </Point>
      </Placemark>
      <Placemark>
        <name>17:07:46.066</name>
        <styleUrl>#drone</styleUrl>
        <description>2026-09-26T17:07:46.066+10:00; heading 285.7 deg; state AIMING</description>
        <TimeStamp>
          <when>2026-09-26T17:07:46.066+10:00</when>
        </TimeStamp>
        <Point>
          <altitudeMode>clampToGround</altitudeMode>
          <coordinates>153.57006502099932,-28.201750953015257,0</coordinates>
        </Point>
      </Placemark>
      <Placemark>
        <name>17:07:47.088</name>
        <styleUrl>#drone</styleUrl>
        <description>2026-09-26T17:07:47.088+10:00; heading 285.7 deg; state AIMING</description>
        <TimeStamp>
          <when>2026-09-26T17:07:47.088+10:00</when>
        </TimeStamp>
        <Point>
          <altitudeMode>clampToGround</altitudeMode>
          <coordinates>153.57006489291663,-28.201750476230604,0</coordinates>
        </Point>
      </Placemark>
      <Placemark>
        <name>17:07:48.108</name>
        <styleUrl>#drone</styleUrl>
        <description>2026-09-26T17:07:48.108+10:00; heading 285.9 deg; state AIMING</description>
        <TimeStamp>
          <when>2026-09-26T17:07:48.108+10:00</when>
        </TimeStamp>
        <Point>
          <altitudeMode>clampToGround</altitudeMode>
          <coordinates>153.5700643778641,-28.201750869984444,0</coordinates>
        </Point>
      </Placemark>
      <Placemark>
        <name>17:07:49.127</name>
        <styleUrl>#drone</styleUrl>
        <description>2026-09-26T17:07:49.127+10:00; heading 286.0 deg; state AIMING</description>
        <TimeStamp>
          <when>2026-09-26T17:07:49.127+10:00</when>
        </TimeStamp>
        <Point>
          <altitudeMode>clampToGround</altitudeMode>
          <coordinates>153.5700650592997,-28.20175123940817,0</coordinates>
        </Point>
      </Placemark>
      <Placemark>
        <name>17:07:50.147</name>
        <styleUrl>#drone</styleUrl>
        <description>2026-09-26T17:07:50.147+10:00; heading 285.9 deg; state AIMING</description>
        <TimeStamp>
          <when>2026-09-26T17:07:50.147+10:00</when>
        </TimeStamp>
        <Point>
          <altitudeMode>clampToGround</altitudeMode>
          <coordinates>153.57006609146563,-28.20175082603603,0</coordinates>
        </Point>
      </Placemark>
      <Placemark>
        <name>17:07:51.169</name>
        <styleUrl>#drone</styleUrl>
        <description>2026-09-26T17:07:51.169+10:00; heading 285.9 deg; state AIMING</description>
        <TimeStamp>
          <when>2026-09-26T17:07:51.169+10:00</when>
        </TimeStamp>
        <Point>
          <altitudeMode>clampToGround</altitudeMode>
          <coordinates>153.570066214299,-28.20174987428291,0</coordinates>
        </Point>
      </Placemark>
      <Placemark>
        <name>17:07:52.188</name>
        <styleUrl>#drone</styleUrl>
        <description>2026-09-26T17:07:52.188+10:00; heading 285.9 deg; state AIMING</description>
        <TimeStamp>
          <when>2026-09-26T17:07:52.188+10:00</when>
        </TimeStamp>
        <Point>
          <altitudeMode>clampToGround</altitudeMode>
          <coordinates>153.57006514748775,-28.201749735070084,0</coordinates>
        </Point>
      </Placemark>
      <Placemark>
        <name>17:07:53.208</name>
        <styleUrl>#drone</styleUrl>
        <description>2026-09-26T17:07:53.208+10:00; heading 286.0 deg; state AIMING</description>
        <TimeStamp>
          <when>2026-09-26T17:07:53.208+10:00</when>
        </TimeStamp>
        <Point>
          <altitudeMode>clampToGround</altitudeMode>
          <coordinates>153.57006448110013,-28.201750171847117,0</coordinates>
        </Point>
      </Placemark>
      <Placemark>
        <name>17:07:54.233</name>
        <styleUrl>#drone</styleUrl>
        <description>2026-09-26T17:07:54.233+10:00; heading 285.9 deg; state AIMING</description>
        <TimeStamp>
          <when>2026-09-26T17:07:54.233+10:00</when>
        </TimeStamp>
        <Point>
          <altitudeMode>clampToGround</altitudeMode>
          <coordinates>153.57006508053016,-28.201750568633656,0</coordinates>
        </Point>
      </Placemark>
      <Placemark>
        <name>17:07:55.251</name>
        <styleUrl>#drone</styleUrl>
        <description>2026-09-26T17:07:55.251+10:00; heading 285.7 deg; state AIMING</description>
        <TimeStamp>
          <when>2026-09-26T17:07:55.251+10:00</when>
        </TimeStamp>
        <Point>
          <altitudeMode>clampToGround</altitudeMode>
          <coordinates>153.57006557831838,-28.20175031433251,0</coordinates>
        </Point>
      </Placemark>
      <Placemark>
        <name>17:07:56.274</name>
        <styleUrl>#drone</styleUrl>
        <description>2026-09-26T17:07:56.274+10:00; heading 285.9 deg; state AIMING</description>
        <TimeStamp>
          <when>2026-09-26T17:07:56.274+10:00</when>
        </TimeStamp>
        <Point>
          <altitudeMode>clampToGround</altitudeMode>
          <coordinates>153.57006445162634,-28.20175018856979,0</coordinates>
        </Point>
      </Placemark>
      <Placemark>
        <name>17:07:57.294</name>
        <styleUrl>#drone</styleUrl>
        <description>2026-09-26T17:07:57.294+10:00; heading 286.0 deg; state AIMING</description>
        <TimeStamp>
          <when>2026-09-26T17:07:57.294+10:00</when>
        </TimeStamp>
        <Point>
          <altitudeMode>clampToGround</altitudeMode>
          <coordinates>153.57006373169594,-28.201751253200946,0</coordinates>
        </Point>
      </Placemark>
      <Placemark>
        <name>17:07:58.317</name>
        <styleUrl>#drone</styleUrl>
        <description>2026-09-26T17:07:58.317+10:00; heading 286.0 deg; state AIMING</description>
        <TimeStamp>
          <when>2026-09-26T17:07:58.317+10:00</when>
        </TimeStamp>
        <Point>
          <altitudeMode>clampToGround</altitudeMode>
          <coordinates>153.5700642389329,-28.2017520964623,0</coordinates>
        </Point>
      </Placemark>
      <Placemark>
        <name>17:07:59.340</name>
        <styleUrl>#drone</styleUrl>
        <description>2026-09-26T17:07:59.340+10:00; heading 285.9 deg; state AIMING</description>
        <TimeStamp>
          <when>2026-09-26T17:07:59.340+10:00</when>
        </TimeStamp>
        <Point>
          <altitudeMode>clampToGround</altitudeMode>
          <coordinates>153.57006518959875,-28.20175159735219,0</coordinates>
        </Point>
      </Placemark>
      <Placemark>
        <name>17:08:00.363</name>
        <styleUrl>#drone</styleUrl>
        <description>2026-09-26T17:08:00.363+10:00; heading 285.9 deg; state AIMING</description>
        <TimeStamp>
          <when>2026-09-26T17:08:00.363+10:00</when>
        </TimeStamp>
        <Point>
          <altitudeMode>clampToGround</altitudeMode>
          <coordinates>153.57006533144622,-28.201750318033437,0</coordinates>
        </Point>
      </Placemark>
      <Placemark>
        <name>17:08:01.382</name>
        <styleUrl>#drone</styleUrl>
        <description>2026-09-26T17:08:01.382+10:00; heading 286.2 deg; state AIMING</description>
        <TimeStamp>
          <when>2026-09-26T17:08:01.382+10:00</when>
        </TimeStamp>
        <Point>
          <altitudeMode>clampToGround</altitudeMode>
          <coordinates>153.57006427128408,-28.201749343457976,0</coordinates>
        </Point>
      </Placemark>
      <Placemark>
        <name>17:08:02.401</name>
        <styleUrl>#drone</styleUrl>
        <description>2026-09-26T17:08:02.401+10:00; heading 286.2 deg; state AIMING</description>
        <TimeStamp>
          <when>2026-09-26T17:08:02.401+10:00</when>
        </TimeStamp>
        <Point>
          <altitudeMode>clampToGround</altitudeMode>
          <coordinates>153.57006380868552,-28.201749711973605,0</coordinates>
        </Point>
      </Placemark>
      <Placemark>
        <name>17:08:03.426</name>
        <styleUrl>#drone</styleUrl>
        <description>2026-09-26T17:08:03.426+10:00; heading 286.3 deg; state AIMING</description>
        <TimeStamp>
          <when>2026-09-26T17:08:03.426+10:00</when>
        </TimeStamp>
        <Point>
          <altitudeMode>clampToGround</altitudeMode>
          <coordinates>153.57006446585774,-28.201750274564766,0</coordinates>
        </Point>
      </Placemark>
      <Placemark>
        <name>17:08:04.448</name>
        <styleUrl>#drone</styleUrl>
        <description>2026-09-26T17:08:04.448+10:00; heading 286.0 deg; state AIMING</description>
        <TimeStamp>
          <when>2026-09-26T17:08:04.448+10:00</when>
        </TimeStamp>
        <Point>
          <altitudeMode>clampToGround</altitudeMode>
          <coordinates>153.5700650749698,-28.20174987603057,0</coordinates>
        </Point>
      </Placemark>
      <Placemark>
        <name>17:08:05.469</name>
        <styleUrl>#drone</styleUrl>
        <description>2026-09-26T17:08:05.469+10:00; heading 286.1 deg; state AIMING</description>
        <TimeStamp>
          <when>2026-09-26T17:08:05.469+10:00</when>
        </TimeStamp>
        <Point>
          <altitudeMode>clampToGround</altitudeMode>
          <coordinates>153.5700646082107,-28.201749103086687,0</coordinates>
        </Point>
      </Placemark>
      <Placemark>
        <name>17:08:06.488</name>
        <styleUrl>#drone</styleUrl>
        <description>2026-09-26T17:08:06.488+10:00; heading 286.2 deg; state AIMING</description>
        <TimeStamp>
          <when>2026-09-26T17:08:06.488+10:00</when>
        </TimeStamp>
        <Point>
          <altitudeMode>clampToGround</altitudeMode>
          <coordinates>153.5700634368025,-28.201749132985316,0</coordinates>
        </Point>
      </Placemark>
      <Placemark>
        <name>17:08:07.508</name>
        <styleUrl>#drone</styleUrl>
        <description>2026-09-26T17:08:07.508+10:00; heading 286.3 deg; state AIMING</description>
        <TimeStamp>
          <when>2026-09-26T17:08:07.508+10:00</when>
        </TimeStamp>
        <Point>
          <altitudeMode>clampToGround</altitudeMode>
          <coordinates>153.57006326093185,-28.201750088662095,0</coordinates>
        </Point>
      </Placemark>
      <Placemark>
        <name>17:08:08.018</name>
        <styleUrl>#drone</styleUrl>
        <description>2026-09-26T17:08:08.018+10:00; heading 286.3 deg; state AIMING</description>
        <TimeStamp>
          <when>2026-09-26T17:08:08.018+10:00</when>
        </TimeStamp>
        <Point>
          <altitudeMode>clampToGround</altitudeMode>
          <coordinates>153.57006362278292,-28.201750386072096,0</coordinates>
        </Point>
      </Placemark>
      <Placemark>
        <name>17:08:09.038</name>
        <styleUrl>#drone</styleUrl>
        <description>2026-09-26T17:08:09.038+10:00; heading 286.0 deg; state AIMING</description>
        <TimeStamp>
          <when>2026-09-26T17:08:09.038+10:00</when>
        </TimeStamp>
        <Point>
          <altitudeMode>clampToGround</altitudeMode>
          <coordinates>153.5700651044436,-28.20175034543052,0</coordinates>
        </Point>
      </Placemark>
      <Placemark>
        <name>17:08:10.057</name>
        <styleUrl>#drone</styleUrl>
        <description>2026-09-26T17:08:10.057+10:00; heading 286.0 deg; state AIMING</description>
        <TimeStamp>
          <when>2026-09-26T17:08:10.057+10:00</when>
        </TimeStamp>
        <Point>
          <altitudeMode>clampToGround</altitudeMode>
          <coordinates>153.57006517490072,-28.20174911650252,0</coordinates>
        </Point>
      </Placemark>
      <Placemark>
        <name>17:08:11.077</name>
        <styleUrl>#drone</styleUrl>
        <description>2026-09-26T17:08:11.077+10:00; heading 286.1 deg; state AIMING</description>
        <TimeStamp>
          <when>2026-09-26T17:08:11.077+10:00</when>
        </TimeStamp>
        <Point>
          <altitudeMode>clampToGround</altitudeMode>
          <coordinates>153.5700637558427,-28.20174913735446,0</coordinates>
        </Point>
      </Placemark>
      <Placemark>
        <name>17:08:12.098</name>
        <styleUrl>#drone</styleUrl>
        <description>2026-09-26T17:08:12.098+10:00; heading 286.2 deg; state AIMING</description>
        <TimeStamp>
          <when>2026-09-26T17:08:12.098+10:00</when>
        </TimeStamp>
        <Point>
          <altitudeMode>clampToGround</altitudeMode>
          <coordinates>153.5700630357179,-28.201750180345524,0</coordinates>
        </Point>
      </Placemark>
      <Placemark>
        <name>17:08:13.121</name>
        <styleUrl>#drone</styleUrl>
        <description>2026-09-26T17:08:13.121+10:00; heading 286.3 deg; state PAUSED</description>
        <TimeStamp>
          <when>2026-09-26T17:08:13.121+10:00</when>
        </TimeStamp>
        <Point>
          <altitudeMode>clampToGround</altitudeMode>
          <coordinates>153.57006411104462,-28.20175080299095,0</coordinates>
        </Point>
      </Placemark>
      <Placemark>
        <name>17:08:14.134</name>
        <styleUrl>#drone</styleUrl>
        <description>2026-09-26T17:08:14.134+10:00; heading 294.2 deg; state PAUSED</description>
        <TimeStamp>
          <when>2026-09-26T17:08:14.134+10:00</when>
        </TimeStamp>
        <Point>
          <altitudeMode>clampToGround</altitudeMode>
          <coordinates>153.57006518038332,-28.201750226521348,0</coordinates>
        </Point>
      </Placemark>
      <Placemark>
        <name>17:08:15.150</name>
        <styleUrl>#drone</styleUrl>
        <description>2026-09-26T17:08:15.150+10:00; heading 326.4 deg; state PAUSED</description>
        <TimeStamp>
          <when>2026-09-26T17:08:15.150+10:00</when>
        </TimeStamp>
        <Point>
          <altitudeMode>clampToGround</altitudeMode>
          <coordinates>153.57006508620717,-28.2017522401642,0</coordinates>
        </Point>
      </Placemark>
      <Placemark>
        <name>17:08:16.162</name>
        <styleUrl>#drone</styleUrl>
        <description>2026-09-26T17:08:16.162+10:00; heading 268.1 deg; state PAUSED</description>
        <TimeStamp>
          <when>2026-09-26T17:08:16.162+10:00</when>
        </TimeStamp>
        <Point>
          <altitudeMode>clampToGround</altitudeMode>
          <coordinates>153.5700657423684,-28.201753743577058,0</coordinates>
        </Point>
      </Placemark>
      <Placemark>
        <name>17:08:17.176</name>
        <styleUrl>#drone</styleUrl>
        <description>2026-09-26T17:08:17.176+10:00; heading 257.8 deg; state PAUSED</description>
        <TimeStamp>
          <when>2026-09-26T17:08:17.176+10:00</when>
        </TimeStamp>
        <Point>
          <altitudeMode>clampToGround</altitudeMode>
          <coordinates>153.57006574866756,-28.20175490037139,0</coordinates>
        </Point>
      </Placemark>
      <Placemark>
        <name>17:08:18.190</name>
        <styleUrl>#drone</styleUrl>
        <description>2026-09-26T17:08:18.190+10:00; heading 284.0 deg; state PAUSED</description>
        <TimeStamp>
          <when>2026-09-26T17:08:18.190+10:00</when>
        </TimeStamp>
        <Point>
          <altitudeMode>clampToGround</altitudeMode>
          <coordinates>153.5700666019688,-28.2017550514066,0</coordinates>
        </Point>
      </Placemark>
      <Placemark>
        <name>17:08:19.204</name>
        <styleUrl>#drone</styleUrl>
        <description>2026-09-26T17:08:19.204+10:00; heading 287.5 deg; state PAUSED</description>
        <TimeStamp>
          <when>2026-09-26T17:08:19.204+10:00</when>
        </TimeStamp>
        <Point>
          <altitudeMode>clampToGround</altitudeMode>
          <coordinates>153.57006766201425,-28.201754313107436,0</coordinates>
        </Point>
      </Placemark>
      <Placemark>
        <name>17:08:20.217</name>
        <styleUrl>#drone</styleUrl>
        <description>2026-09-26T17:08:20.217+10:00; heading 287.6 deg; state PAUSED</description>
        <TimeStamp>
          <when>2026-09-26T17:08:20.217+10:00</when>
        </TimeStamp>
        <Point>
          <altitudeMode>clampToGround</altitudeMode>
          <coordinates>153.5700677186677,-28.201753523029673,0</coordinates>
        </Point>
      </Placemark>
      <Placemark>
        <name>17:08:21.236</name>
        <styleUrl>#drone</styleUrl>
        <description>2026-09-26T17:08:21.236+10:00; heading 288.0 deg; state PAUSED</description>
        <TimeStamp>
          <when>2026-09-26T17:08:21.236+10:00</when>
        </TimeStamp>
        <Point>
          <altitudeMode>clampToGround</altitudeMode>
          <coordinates>153.57005403656862,-28.201750054856937,0</coordinates>
        </Point>
      </Placemark>
      <Placemark>
        <name>17:08:22.251</name>
        <styleUrl>#drone</styleUrl>
        <description>2026-09-26T17:08:22.251+10:00; heading 290.7 deg; state PAUSED</description>
        <TimeStamp>
          <when>2026-09-26T17:08:22.251+10:00</when>
        </TimeStamp>
        <Point>
          <altitudeMode>clampToGround</altitudeMode>
          <coordinates>153.5700169890248,-28.201735027838954,0</coordinates>
        </Point>
      </Placemark>
      <Placemark>
        <name>17:08:23.266</name>
        <styleUrl>#drone</styleUrl>
        <description>2026-09-26T17:08:23.266+10:00; heading 298.2 deg; state PAUSED</description>
        <TimeStamp>
          <when>2026-09-26T17:08:23.266+10:00</when>
        </TimeStamp>
        <Point>
          <altitudeMode>clampToGround</altitudeMode>
          <coordinates>153.56993118957604,-28.201688094217797,0</coordinates>
        </Point>
      </Placemark>
      <Placemark>
        <name>17:08:24.278</name>
        <styleUrl>#drone</styleUrl>
        <description>2026-09-26T17:08:24.278+10:00; heading 317.7 deg; state PAUSED</description>
        <TimeStamp>
          <when>2026-09-26T17:08:24.278+10:00</when>
        </TimeStamp>
        <Point>
          <altitudeMode>clampToGround</altitudeMode>
          <coordinates>153.56987932309247,-28.201657445687367,0</coordinates>
        </Point>
      </Placemark>
      <Placemark>
        <name>17:08:25.294</name>
        <styleUrl>#drone</styleUrl>
        <description>2026-09-26T17:08:25.294+10:00; heading 311.7 deg; state PAUSED</description>
        <TimeStamp>
          <when>2026-09-26T17:08:25.294+10:00</when>
        </TimeStamp>
        <Point>
          <altitudeMode>clampToGround</altitudeMode>
          <coordinates>153.56987080897758,-28.20164904238139,0</coordinates>
        </Point>
      </Placemark>
      <Placemark>
        <name>17:08:26.309</name>
        <styleUrl>#drone</styleUrl>
        <description>2026-09-26T17:08:26.309+10:00; heading 311.2 deg; state PAUSED</description>
        <TimeStamp>
          <when>2026-09-26T17:08:26.309+10:00</when>
        </TimeStamp>
        <Point>
          <altitudeMode>clampToGround</altitudeMode>
          <coordinates>153.56986981573417,-28.201644550921564,0</coordinates>
        </Point>
      </Placemark>
      <Placemark>
        <name>17:08:27.327</name>
        <styleUrl>#drone</styleUrl>
        <description>2026-09-26T17:08:27.327+10:00; heading 311.1 deg; state AIMING</description>
        <TimeStamp>
          <when>2026-09-26T17:08:27.327+10:00</when>
        </TimeStamp>
        <Point>
          <altitudeMode>clampToGround</altitudeMode>
          <coordinates>153.5698682182003,-28.201642818462915,0</coordinates>
        </Point>
      </Placemark>
      <Placemark>
        <name>17:08:28.356</name>
        <styleUrl>#drone</styleUrl>
        <description>2026-09-26T17:08:28.356+10:00; heading 310.3 deg; state AIMING</description>
        <TimeStamp>
          <when>2026-09-26T17:08:28.356+10:00</when>
        </TimeStamp>
        <Point>
          <altitudeMode>clampToGround</altitudeMode>
          <coordinates>153.56986691540428,-28.201642906633893,0</coordinates>
        </Point>
      </Placemark>
      <Placemark>
        <name>17:08:29.393</name>
        <styleUrl>#drone</styleUrl>
        <description>2026-09-26T17:08:29.393+10:00; heading 305.5 deg; state AIMING</description>
        <TimeStamp>
          <when>2026-09-26T17:08:29.393+10:00</when>
        </TimeStamp>
        <Point>
          <altitudeMode>clampToGround</altitudeMode>
          <coordinates>153.56986655522525,-28.201643561319692,0</coordinates>
        </Point>
      </Placemark>
    </Folder>
    <Folder>
      <name>Tracker GPS path</name>
      <visibility>1</visibility>
      <Placemark>
        <name>Tracker segment 1</name>
        <styleUrl>#tracker</styleUrl>
        <description>2026-09-26T16:57:56.930+10:00 to 2026-09-26T17:02:08.448+10:00</description>
        <LineString>
          <tessellate>1</tessellate>
          <altitudeMode>clampToGround</altitudeMode>
          <coordinates>153.56951,-28.20157,0 153.56952,-28.20157,0 153.56952,-28.20157,0 153.56952,-28.20157,0 153.56952,-28.20157,0 153.56952,-28.20157,0 153.56952,-28.20157,0 153.56952,-28.20157,0 153.56952,-28.20157,0 153.56952,-28.20157,0 153.56952,-28.20157,0 153.56952,-28.20157,0 153.56952,-28.20157,0 153.56952,-28.20157,0 153.56952,-28.20157,0 153.56952,-28.20157,0 153.56952,-28.20157,0 153.56952,-28.20157,0 153.56952,-28.20157,0 153.56952,-28.20157,0 153.56952,-28.20157,0 153.56952,-28.20157,0 153.56952,-28.20157,0 153.56952,-28.20157,0 153.56952,-28.20157,0 153.56952,-28.20157,0 153.56952,-28.20157,0 153.56952,-28.20157,0 153.56952,-28.20157,0 153.56952,-28.20157,0 153.56952,-28.20157,0 153.56952,-28.20157,0 153.56952,-28.20157,0 153.56952,-28.20157,0 153.56952,-28.20157,0 153.56952,-28.20157,0 153.56952,-28.20157,0 153.56952,-28.20157,0 153.56952,-28.20157,0 153.56952,-28.20157,0 153.56952,-28.20158,0 153.56952,-28.20158,0 153.56952,-28.20158,0 153.56952,-28.20158,0 153.56952,-28.20158,0 153.56952,-28.20158,0 153.56952,-28.20158,0 153.56952,-28.20158,0 153.56952,-28.20158,0 153.56952,-28.20158,0 153.56952,-28.20158,0 153.56952,-28.20158,0 153.56952,-28.20158,0 153.56952,-28.20158,0 153.56952,-28.20158,0 153.56952,-28.20158,0 153.56952,-28.20158,0 153.56952,-28.20158,0 153.56952,-28.20158,0 153.56952,-28.20158,0 153.56952,-28.20158,0 153.56952,-28.20158,0 153.56952,-28.20158,0 153.56952,-28.20158,0 153.56952,-28.20158,0 153.56952,-28.20158,0 153.56952,-28.20158,0 153.56952,-28.20158,0 153.56952,-28.20158,0 153.56952,-28.20158,0 153.56951,-28.20158,0 153.56951,-28.20158,0 153.56951,-28.20158,0 153.56951,-28.20158,0 153.56951,-28.20158,0 153.56951,-28.20158,0 153.56951,-28.20158,0 153.56951,-28.20158,0 153.56951,-28.20158,0 153.56951,-28.20158,0 153.56951,-28.20158,0 153.56951,-28.20158,0 153.56951,-28.20158,0 153.56951,-28.20158,0 153.56951,-28.20158,0 153.56951,-28.20158,0 153.56951,-28.20158,0 153.56951,-28.20158,0 153.56951,-28.20158,0 153.56951,-28.20158,0 153.56951,-28.20158,0 153.56951,-28.20158,0 153.56951,-28.20158,0 153.56951,-28.20158,0 153.56951,-28.20158,0 153.56951,-28.20158,0 153.56951,-28.20158,0 153.56951,-28.20158,0 153.56951,-28.20158,0 153.56951,-28.20158,0 153.56951,-28.20158,0 153.56951,-28.20158,0 153.56951,-28.20158,0 153.56951,-28.20158,0 153.56951,-28.20158,0 153.56951,-28.20158,0 153.56951,-28.20158,0 153.56951,-28.20158,0 153.56951,-28.20158,0 153.56951,-28.20158,0 153.56951,-28.20158,0 153.56951,-28.20158,0 153.56951,-28.20158,0 153.56951,-28.20158,0 153.56951,-28.20158,0 153.56951,-28.20158,0 153.56951,-28.20158,0 153.56951,-28.20158,0 153.56951,-28.20158,0 153.56951,-28.20158,0 153.56951,-28.20158,0 153.56951,-28.20158,0 153.56951,-28.20158,0 153.56951,-28.20158,0 153.56951,-28.20158,0 153.56951,-28.20158,0 153.56951,-28.20158,0 153.56951,-28.20158,0 153.56951,-28.20158,0 153.56951,-28.20158,0 153.56951,-28.20158,0 153.56951,-28.20158,0 153.56951,-28.20158,0 153.56951,-28.20158,0 153.56951,-28.20158,0 153.56951,-28.20158,0 153.56951,-28.20158,0 153.56951,-28.20158,0 153.56951,-28.20158,0 153.56951,-28.20158,0 153.56951,-28.20158,0 153.56951,-28.20158,0 153.56951,-28.20158,0 153.56951,-28.20158,0 153.56951,-28.20158,0 153.56951,-28.20158,0 153.56951,-28.20158,0 153.56951,-28.20158,0 153.56951,-28.20158,0 153.56951,-28.20158,0 153.56951,-28.20158,0 153.56951,-28.20158,0 153.56951,-28.20158,0 153.56951,-28.20158,0 153.56951,-28.20158,0 153.56951,-28.20158,0 153.56951,-28.20158,0 153.56951,-28.20158,0 153.56951,-28.20158,0 153.56951,-28.20158,0 153.56951,-28.20158,0 153.56951,-28.20158,0 153.56951,-28.20158,0 153.56951,-28.20158,0 153.56951,-28.20158,0 153.56951,-28.20158,0 153.56951,-28.20158,0 153.56951,-28.20158,0 153.56951,-28.20158,0 153.56951,-28.20158,0 153.56951,-28.20158,0 153.56951,-28.20158,0 153.56951,-28.20158,0 153.56951,-28.20158,0 153.56951,-28.20158,0 153.56951,-28.20158,0 153.56951,-28.20158,0 153.56951,-28.20158,0 153.56951,-28.20158,0 153.56951,-28.20158,0 153.56951,-28.20158,0 153.56951,-28.20158,0 153.56951,-28.20158,0 153.56951,-28.20158,0 153.56951,-28.20158,0 153.56951,-28.20158,0 153.56951,-28.20158,0 153.56951,-28.20158,0 153.56951,-28.20158,0 153.56951,-28.20158,0 153.56951,-28.20158,0 153.56951,-28.20158,0 153.56951,-28.20158,0 153.56951,-28.20158,0 153.56951,-28.20158,0 153.56951,-28.20158,0 153.56951,-28.20158,0 153.56951,-28.20158,0 153.56951,-28.20158,0 153.56951,-28.20158,0 153.56951,-28.20158,0 153.56951,-28.20158,0 153.56951,-28.20158,0 153.56951,-28.20158,0 153.56951,-28.20158,0 153.56951,-28.20158,0 153.56951,-28.20158,0 153.56951,-28.20158,0 153.56951,-28.20158,0 153.56951,-28.20158,0 153.56951,-28.20158,0 153.56951,-28.20158,0 153.56951,-28.20158,0 153.56951,-28.20158,0 153.56951,-28.20158,0 153.56951,-28.20158,0 153.56951,-28.20158,0 153.56951,-28.20158,0 153.56951,-28.20158,0 153.56951,-28.20158,0 153.56951,-28.20158,0 153.56951,-28.20158,0 153.56951,-28.20158,0 153.56951,-28.20158,0 153.56951,-28.20158,0 153.56951,-28.20158,0 153.56951,-28.20158,0 153.56951,-28.20158,0 153.56951,-28.20158,0 153.56951,-28.20158,0 153.56951,-28.20158,0 153.56951,-28.20158,0 153.56951,-28.20158,0 153.56951,-28.20158,0 153.56951,-28.20158,0 153.56951,-28.20158,0 153.56951,-28.20158,0 153.56951,-28.20158,0 153.56951,-28.20158,0 153.56951,-28.20158,0 153.56951,-28.20158,0 153.56951,-28.20158,0 153.56951,-28.20158,0 153.56951,-28.20158,0 153.56951,-28.20158,0 153.56951,-28.20158,0 153.56951,-28.20158,0 153.56951,-28.20158,0 153.56951,-28.20158,0 153.56951,-28.20158,0 153.56951,-28.20158,0 153.56951,-28.20158,0 153.56951,-28.20158,0 153.56951,-28.20158,0 153.56951,-28.20158,0 153.56951,-28.20158,0 153.56951,-28.20158,0 153.56951,-28.20158,0 153.56951,-28.20158,0 153.56951,-28.20158,0 153.56951,-28.20158,0 153.56951,-28.20158,0 153.56951,-28.20158,0 153.56951,-28.20158,0 153.56951,-28.20158,0 153.56951,-28.20158,0 153.56951,-28.20158,0 153.56951,-28.20158,0 153.56951,-28.20158,0 153.56951,-28.20158,0 153.56951,-28.20158,0 153.56951,-28.20158,0 153.56951,-28.20158,0 153.56951,-28.20158,0 153.56951,-28.20157,0 153.56951,-28.20157,0 153.56951,-28.20157,0 153.56951,-28.20157,0 153.56951,-28.20156,0 153.56951,-28.20156,0 153.56953,-28.20156,0 153.56953,-28.20156,0 153.56954,-28.20155,0 153.56954,-28.20155,0 153.56955,-28.20155,0 153.56955,-28.20155,0 153.56955,-28.20155,0 153.56955,-28.20155,0 153.56955,-28.20156,0 153.56955,-28.20156,0 153.56955,-28.20156,0 153.56955,-28.20156,0 153.56954,-28.20156,0 153.56954,-28.20156,0 153.56955,-28.20156,0 153.56955,-28.20156,0 153.56956,-28.20156,0 153.56956,-28.20156,0 153.56958,-28.20156,0 153.56958,-28.20156,0 153.5696,-28.20157,0 153.5696,-28.20157,0 153.56962,-28.20157,0 153.56962,-28.20157,0 153.56963,-28.20157,0 153.56963,-28.20157,0 153.56965,-28.20158,0 153.56965,-28.20158,0 153.56966,-28.20158,0 153.56966,-28.20158,0 153.56968,-28.20158,0 153.56968,-28.20158,0 153.5697,-28.20159,0 153.5697,-28.20159,0 153.56971,-28.20159,0 153.56971,-28.20159,0 153.56973,-28.20159,0 153.56973,-28.20159,0 153.56974,-28.20159,0 153.56974,-28.20159,0 153.56976,-28.2016,0 153.56976,-28.2016,0 153.56977,-28.2016,0 153.56977,-28.2016,0 153.56979,-28.2016,0 153.56979,-28.2016,0 153.5698,-28.20161,0 153.5698,-28.20161,0 153.56981,-28.20162,0 153.56981,-28.20162,0 153.56982,-28.20163,0 153.56982,-28.20163,0 153.56983,-28.20165,0 153.56983,-28.20165,0 153.56984,-28.20166,0 153.56984,-28.20166,0 153.56986,-28.20167,0 153.56986,-28.20167,0 153.56987,-28.20168,0 153.56987,-28.20168,0 153.56988,-28.2017,0 153.56988,-28.2017,0 153.56989,-28.20171,0 153.56989,-28.20171,0 153.56991,-28.20172,0 153.56991,-28.20172,0 153.56992,-28.20173,0 153.56992,-28.20173,0 153.56993,-28.20174,0 153.56993,-28.20174,0 153.56994,-28.20175,0 153.56994,-28.20175,0 153.56996,-28.20177,0 153.56996,-28.20177,0 153.56997,-28.20178,0 153.56997,-28.20178,0 153.56999,-28.20179,0 153.56999,-28.20179,0 153.57,-28.2018,0 153.57,-28.2018,0 153.57001,-28.20181,0 153.57001,-28.20181,0 153.57002,-28.20182,0 153.57002,-28.20182,0 153.57003,-28.20183,0 153.57003,-28.20183,0 153.57004,-28.20184,0 153.57004,-28.20184,0 153.57005,-28.20185,0 153.57005,-28.20185,0 153.57007,-28.20186,0 153.57007,-28.20186,0 153.57008,-28.20187,0 153.57008,-28.20187,0 153.57009,-28.20188,0 153.57009,-28.20188,0 153.5701,-28.20188,0 153.5701,-28.20188,0 153.57012,-28.20189,0 153.57012,-28.20189,0 153.57013,-28.2019,0 153.57013,-28.2019,0 153.57013,-28.2019,0 153.57013,-28.2019,0 153.57015,-28.20191,0 153.57015,-28.20191,0 153.57016,-28.20192,0 153.57016,-28.20192,0 153.57017,-28.20193,0 153.57017,-28.20193,0 153.57019,-28.20193,0 153.57019,-28.20193,0 153.5702,-28.20194,0 153.5702,-28.20194,0 153.57021,-28.20194,0 153.57021,-28.20194,0 153.57022,-28.20195,0 153.57022,-28.20195,0 153.57022,-28.20195,0 153.57022,-28.20195,0 153.57023,-28.20196,0 153.57023,-28.20196,0 153.57024,-28.20196,0 153.57024,-28.20196,0 153.57025,-28.20196,0 153.57025,-28.20196,0 153.57026,-28.20196,0 153.57026,-28.20196,0 153.57027,-28.20197,0 153.57027,-28.20197,0 153.57028,-28.20197,0 153.57028,-28.20197,0 153.57028,-28.20197,0 153.57028,-28.20197,0 153.57028,-28.20197,0 153.57028,-28.20197,0 153.57028,-28.20197,0 153.57029,-28.20198,0 153.57029,-28.20198,0 153.57031,-28.20198,0 153.57031,-28.20198,0 153.57032,-28.20199,0 153.57032,-28.20199,0 153.57033,-28.20199,0 153.57033,-28.20199,0 153.57035,-28.202,0 153.57035,-28.202,0 153.57036,-28.202,0 153.57036,-28.202,0 153.57035,-28.202,0 153.57035,-28.202,0 153.57032,-28.202,0 153.57032,-28.202,0 153.57031,-28.20201,0 153.57031,-28.202,0 153.57031,-28.202,0 153.57031,-28.20201,0 153.57031,-28.20201,0 153.57031,-28.20201,0 153.57031,-28.20201,0 153.57032,-28.20201,0 153.57032,-28.20201,0 153.57032,-28.20201,0 153.57032,-28.20201,0 153.57034,-28.20202,0 153.57034,-28.20202,0 153.57034,-28.20202,0 153.57034,-28.20202,0 153.57035,-28.20202,0 153.57035,-28.20202,0 153.57039,-28.20204,0 153.57041,-28.20205,0 153.57041,-28.20205,0 153.57043,-28.20205,0 153.57043,-28.20205,0 153.57044,-28.20206,0 153.57044,-28.20206,0 153.57045,-28.20206,0 153.57046,-28.20207,0 153.57046,-28.20207,0 153.57047,-28.20208,0 153.57047,-28.20208,0 153.57048,-28.20209,0 153.57049,-28.20211,0 153.57049,-28.20211,0 153.57051,-28.20212,0 153.57053,-28.20214,0 153.57053,-28.20214,0 153.57054,-28.20215,0 153.57054,-28.20215,0 153.57054,-28.20215,0 153.57054,-28.20215,0 153.57054,-28.20215,0 153.57054,-28.20215,0 153.57054,-28.20215,0 153.57053,-28.20217,0 153.57053,-28.20218,0 153.57053,-28.20218,0 153.57053,-28.20219,0 153.57053,-28.20219,0 153.57053,-28.20221,0 153.57054,-28.20222,0</coordinates>
        </LineString>
      </Placemark>
      <Placemark>
        <name>Tracker segment 2</name>
        <styleUrl>#tracker</styleUrl>
        <description>2026-09-26T17:02:12.969+10:00 to 2026-09-26T17:02:24.446+10:00</description>
        <LineString>
          <tessellate>1</tessellate>
          <altitudeMode>clampToGround</altitudeMode>
          <coordinates>153.5706,-28.20227,0 153.5706,-28.20227,0 153.57061,-28.20228,0 153.57061,-28.20229,0 153.57061,-28.2023,0 153.57061,-28.20231,0 153.57061,-28.20231,0 153.5706,-28.20232,0 153.57058,-28.20232,0 153.57058,-28.20232,0 153.57057,-28.20231,0 153.57056,-28.20231,0 153.57056,-28.20231,0</coordinates>
        </LineString>
      </Placemark>
      <Placemark>
        <name>Tracker segment 4</name>
        <styleUrl>#tracker</styleUrl>
        <description>2026-09-26T17:02:34.448+10:00 to 2026-09-26T17:02:38.451+10:00</description>
        <LineString>
          <tessellate>1</tessellate>
          <altitudeMode>clampToGround</altitudeMode>
          <coordinates>153.57065,-28.20239,0 153.57066,-28.20239,0 153.57066,-28.20239,0 153.57067,-28.2024,0 153.57068,-28.2024,0 153.57069,-28.2024,0</coordinates>
        </LineString>
      </Placemark>
      <Placemark>
        <name>Tracker segment 5</name>
        <styleUrl>#tracker</styleUrl>
        <description>2026-09-26T17:02:44.950+10:00 to 2026-09-26T17:02:47.970+10:00</description>
        <LineString>
          <tessellate>1</tessellate>
          <altitudeMode>clampToGround</altitudeMode>
          <coordinates>153.57074,-28.20241,0 153.57076,-28.20241,0 153.57076,-28.20242,0</coordinates>
        </LineString>
      </Placemark>
      <Placemark>
        <name>Tracker segment 6</name>
        <styleUrl>#tracker</styleUrl>
        <description>2026-09-26T17:02:51.950+10:00 to 2026-09-26T17:03:05.449+10:00</description>
        <LineString>
          <tessellate>1</tessellate>
          <altitudeMode>clampToGround</altitudeMode>
          <coordinates>153.57079,-28.20245,0 153.57082,-28.2025,0 153.57082,-28.2025,0 153.57082,-28.20252,0 153.57083,-28.20253,0 153.57083,-28.20253,0 153.57086,-28.20253,0 153.57088,-28.20254,0 153.57088,-28.20254,0 153.5709,-28.20254,0 153.57092,-28.20254,0 153.57093,-28.20253,0</coordinates>
        </LineString>
      </Placemark>
      <Placemark>
        <name>Tracker segment 7</name>
        <styleUrl>#tracker</styleUrl>
        <description>2026-09-26T17:03:09.949+10:00 to 2026-09-26T17:03:30.951+10:00</description>
        <LineString>
          <tessellate>1</tessellate>
          <altitudeMode>clampToGround</altitudeMode>
          <coordinates>153.57103,-28.20252,0 153.57103,-28.20252,0 153.57105,-28.20251,0 153.57107,-28.20249,0 153.57107,-28.20249,0 153.57108,-28.20249,0 153.57109,-28.20248,0 153.5711,-28.20247,0 153.5711,-28.20245,0 153.57109,-28.20245,0 153.57109,-28.20245,0 153.57108,-28.20244,0 153.57108,-28.20242,0 153.57111,-28.20241,0 153.57111,-28.20242,0 153.5711,-28.20243,0 153.57109,-28.20243,0 153.57106,-28.20243,0 153.57106,-28.20243,0</coordinates>
        </LineString>
      </Placemark>
      <Placemark>
        <name>Tracker segment 8</name>
        <styleUrl>#tracker</styleUrl>
        <description>2026-09-26T17:03:34.950+10:00 to 2026-09-26T17:03:46.450+10:00</description>
        <LineString>
          <tessellate>1</tessellate>
          <altitudeMode>clampToGround</altitudeMode>
          <coordinates>153.57108,-28.20243,0 153.57111,-28.20242,0 153.5711,-28.20241,0 153.57109,-28.20241,0 153.57108,-28.20242,0 153.57108,-28.20242,0 153.57108,-28.20241,0 153.57107,-28.20241,0 153.57107,-28.20241,0 153.57107,-28.20241,0 153.57107,-28.20241,0 153.57107,-28.20241,0 153.57107,-28.20242,0</coordinates>
        </LineString>
      </Placemark>
      <Placemark>
        <name>Tracker segment 9</name>
        <styleUrl>#tracker</styleUrl>
        <description>2026-09-26T17:03:50.453+10:00 to 2026-09-26T17:03:53.951+10:00</description>
        <LineString>
          <tessellate>1</tessellate>
          <altitudeMode>clampToGround</altitudeMode>
          <coordinates>153.57109,-28.20242,0 153.5711,-28.20242,0 153.5711,-28.20241,0 153.5711,-28.20241,0</coordinates>
        </LineString>
      </Placemark>
      <Placemark>
        <name>Tracker segment 10</name>
        <styleUrl>#tracker</styleUrl>
        <description>2026-09-26T17:03:57.450+10:00 to 2026-09-26T17:04:00.453+10:00</description>
        <LineString>
          <tessellate>1</tessellate>
          <altitudeMode>clampToGround</altitudeMode>
          <coordinates>153.57111,-28.2024,0 153.57112,-28.2024,0 153.57112,-28.2024,0 153.57112,-28.20239,0 153.57112,-28.20238,0</coordinates>
        </LineString>
      </Placemark>
      <Placemark>
        <name>Tracker segment 11</name>
        <styleUrl>#tracker</styleUrl>
        <description>2026-09-26T17:04:03.455+10:00 to 2026-09-26T17:04:11.953+10:00</description>
        <LineString>
          <tessellate>1</tessellate>
          <altitudeMode>clampToGround</altitudeMode>
          <coordinates>153.57112,-28.20237,0 153.57113,-28.20237,0 153.57119,-28.20238,0 153.57119,-28.20238,0 153.57121,-28.20239,0 153.57124,-28.20239,0 153.57126,-28.20239,0 153.57127,-28.20239,0</coordinates>
        </LineString>
      </Placemark>
      <Placemark>
        <name>Tracker segment 12</name>
        <styleUrl>#tracker</styleUrl>
        <description>2026-09-26T17:04:16.456+10:00 to 2026-09-26T17:04:31.955+10:00</description>
        <LineString>
          <tessellate>1</tessellate>
          <altitudeMode>clampToGround</altitudeMode>
          <coordinates>153.57132,-28.20238,0 153.57132,-28.20238,0 153.57132,-28.20238,0 153.57132,-28.20238,0 153.57131,-28.20235,0 153.57131,-28.20234,0 153.57131,-28.20232,0 153.57134,-28.20229,0 153.57134,-28.20229,0 153.57135,-28.20228,0 153.57135,-28.20227,0 153.57135,-28.20226,0 153.57135,-28.20225,0 153.57135,-28.20225,0</coordinates>
        </LineString>
      </Placemark>
      <Placemark>
        <name>Tracker segment 13</name>
        <styleUrl>#tracker</styleUrl>
        <description>2026-09-26T17:04:35.461+10:00 to 2026-09-26T17:04:49.960+10:00</description>
        <LineString>
          <tessellate>1</tessellate>
          <altitudeMode>clampToGround</altitudeMode>
          <coordinates>153.57134,-28.20222,0 153.57134,-28.20222,0 153.57132,-28.20221,0 153.57131,-28.20221,0 153.57129,-28.20221,0 153.57129,-28.20221,0 153.57128,-28.20221,0 153.57128,-28.20221,0 153.57127,-28.20221,0 153.57127,-28.20221,0 153.57126,-28.20221,0 153.57125,-28.20221,0 153.57122,-28.20221,0 153.57122,-28.20221,0 153.57118,-28.20221,0 153.57118,-28.20221,0 153.57111,-28.2022,0 153.57104,-28.20218,0 153.57096,-28.20218,0 153.5709,-28.20219,0</coordinates>
        </LineString>
      </Placemark>
      <Placemark>
        <name>Tracker segment 14</name>
        <styleUrl>#tracker</styleUrl>
        <description>2026-09-26T17:04:57.977+10:00 to 2026-09-26T17:08:28.968+10:00</description>
        <LineString>
          <tessellate>1</tessellate>
          <altitudeMode>clampToGround</altitudeMode>
          <coordinates>153.57063,-28.20208,0 153.57063,-28.20206,0 153.57063,-28.20203,0 153.57063,-28.20202,0 153.57063,-28.20202,0 153.57062,-28.20201,0 153.57062,-28.20201,0 153.5706,-28.20202,0 153.5706,-28.20202,0 153.57057,-28.20202,0 153.57057,-28.20202,0 153.57054,-28.20202,0 153.57054,-28.20202,0 153.57049,-28.20201,0 153.57049,-28.20201,0 153.57043,-28.20199,0 153.57043,-28.20199,0 153.57038,-28.20198,0 153.57038,-28.20198,0 153.57035,-28.20198,0 153.57031,-28.20198,0 153.57027,-28.20197,0 153.57027,-28.20197,0 153.57024,-28.20197,0 153.57024,-28.20197,0 153.57021,-28.20197,0 153.57021,-28.20197,0 153.57019,-28.20198,0 153.57019,-28.20198,0 153.57019,-28.20198,0 153.57019,-28.20198,0 153.57019,-28.20199,0 153.57019,-28.20199,0 153.57018,-28.20199,0 153.57018,-28.20199,0 153.57018,-28.20199,0 153.57018,-28.20199,0 153.57017,-28.20199,0 153.57017,-28.20199,0 153.57016,-28.202,0 153.57016,-28.202,0 153.57014,-28.20201,0 153.57014,-28.20201,0 153.57013,-28.20202,0 153.57013,-28.20202,0 153.57011,-28.20202,0 153.57011,-28.20202,0 153.5701,-28.20203,0 153.5701,-28.20203,0 153.57008,-28.20203,0 153.57008,-28.20203,0 153.57006,-28.20203,0 153.57006,-28.20203,0 153.57005,-28.20203,0 153.57005,-28.20203,0 153.57003,-28.20204,0 153.57003,-28.20204,0 153.57002,-28.20204,0 153.57002,-28.20204,0 153.57001,-28.20203,0 153.57001,-28.20203,0 153.57,-28.20203,0 153.57,-28.20203,0 153.56999,-28.20203,0 153.56999,-28.20203,0 153.56998,-28.20203,0 153.56998,-28.20203,0 153.56997,-28.20202,0 153.56997,-28.20202,0 153.56995,-28.20202,0 153.56995,-28.20202,0 153.56994,-28.20202,0 153.56994,-28.20202,0 153.56993,-28.20202,0 153.56993,-28.20202,0 153.56993,-28.20201,0 153.56993,-28.20201,0 153.56992,-28.20201,0 153.56992,-28.20201,0 153.56991,-28.202,0 153.56991,-28.202,0 153.5699,-28.202,0 153.5699,-28.202,0 153.56988,-28.202,0 153.56988,-28.202,0 153.56987,-28.20199,0 153.56987,-28.20199,0 153.56986,-28.20199,0 153.56986,-28.20199,0 153.56985,-28.20198,0 153.56985,-28.20198,0 153.56984,-28.20198,0 153.56984,-28.20198,0 153.56983,-28.20197,0 153.56983,-28.20197,0 153.56982,-28.20196,0 153.56982,-28.20196,0 153.56981,-28.20196,0 153.56981,-28.20196,0 153.5698,-28.20195,0 153.5698,-28.20195,0 153.56979,-28.20194,0 153.56979,-28.20194,0 153.56978,-28.20193,0 153.56978,-28.20193,0 153.56977,-28.20192,0 153.56977,-28.20192,0 153.56976,-28.20191,0 153.56976,-28.20191,0 153.56975,-28.2019,0 153.56975,-28.2019,0 153.56975,-28.20189,0 153.56975,-28.20189,0 153.56975,-28.20187,0 153.56975,-28.20187,0 153.56974,-28.20186,0 153.56974,-28.20186,0 153.56973,-28.20185,0 153.56973,-28.20185,0 153.56973,-28.20183,0 153.56973,-28.20183,0 153.56972,-28.20182,0 153.56972,-28.20182,0 153.56972,-28.20181,0 153.56972,-28.20181,0 153.56971,-28.20179,0 153.56971,-28.20179,0 153.56971,-28.20178,0 153.56971,-28.20178,0 153.56971,-28.20177,0 153.56971,-28.20177,0 153.5697,-28.20176,0 153.5697,-28.20176,0 153.56969,-28.20174,0 153.56969,-28.20174,0 153.56968,-28.20173,0 153.56968,-28.20173,0 153.56967,-28.20172,0 153.56967,-28.20172,0 153.56966,-28.20171,0 153.56966,-28.20171,0 153.56965,-28.2017,0 153.56965,-28.2017,0 153.56964,-28.20169,0 153.56964,-28.20169,0 153.56964,-28.20168,0 153.56964,-28.20168,0 153.56964,-28.20167,0 153.56964,-28.20167,0 153.56963,-28.20165,0 153.56963,-28.20165,0 153.56963,-28.20165,0 153.56963,-28.20165,0 153.56962,-28.20164,0 153.56962,-28.20164,0 153.56961,-28.20163,0 153.56961,-28.20163,0 153.5696,-28.20162,0 153.5696,-28.20162,0 153.56959,-28.20161,0 153.56959,-28.20161,0 153.56958,-28.2016,0 153.56958,-28.2016,0 153.56956,-28.20159,0 153.56956,-28.20159,0 153.56955,-28.20158,0 153.56955,-28.20158,0 153.56954,-28.20157,0 153.56954,-28.20157,0 153.56954,-28.20157,0 153.56953,-28.20157,0 153.56953,-28.20157,0 153.56953,-28.20157,0 153.56953,-28.20157,0 153.56953,-28.20157,0 153.56953,-28.20157,0 153.56953,-28.20157,0 153.56953,-28.20157,0 153.56953,-28.20157,0 153.56953,-28.20157,0 153.56953,-28.20157,0 153.56953,-28.20157,0 153.56953,-28.20157,0 153.56953,-28.20157,0 153.56953,-28.20157,0 153.56953,-28.20157,0 153.56953,-28.20157,0 153.56953,-28.20157,0 153.56953,-28.20157,0 153.56953,-28.20157,0 153.56953,-28.20157,0 153.56953,-28.20157,0 153.56953,-28.20157,0 153.56952,-28.20157,0 153.56952,-28.20157,0 153.56951,-28.20158,0 153.56951,-28.20158,0 153.5695,-28.20158,0 153.5695,-28.20158,0 153.56949,-28.20158,0 153.56949,-28.20158,0 153.56949,-28.20158,0 153.56949,-28.20158,0 153.56949,-28.20158,0 153.56949,-28.20158,0 153.56949,-28.20158,0 153.56949,-28.20158,0 153.56949,-28.20158,0 153.56949,-28.20158,0 153.56949,-28.20158,0 153.56949,-28.20158,0 153.56949,-28.20158,0 153.56949,-28.20158,0 153.56949,-28.20158,0 153.56949,-28.20158,0 153.56949,-28.20158,0 153.56949,-28.20158,0 153.56949,-28.20158,0 153.56949,-28.20158,0 153.56949,-28.20158,0 153.56949,-28.20158,0 153.56949,-28.20158,0 153.56949,-28.20158,0 153.56949,-28.20158,0 153.56949,-28.20158,0 153.56949,-28.20158,0 153.56949,-28.20158,0 153.56949,-28.20158,0 153.56949,-28.20158,0 153.56949,-28.20158,0 153.5695,-28.20158,0 153.5695,-28.20158,0 153.5695,-28.20158,0 153.5695,-28.20158,0 153.5695,-28.20158,0 153.5695,-28.20158,0 153.5695,-28.20158,0 153.5695,-28.20158,0 153.5695,-28.20158,0 153.5695,-28.20158,0 153.5695,-28.20158,0 153.5695,-28.20158,0 153.5695,-28.20158,0 153.5695,-28.20158,0 153.5695,-28.20158,0 153.5695,-28.20158,0 153.5695,-28.20158,0 153.5695,-28.20158,0 153.5695,-28.20158,0 153.5695,-28.20158,0 153.5695,-28.20158,0 153.5695,-28.20158,0 153.5695,-28.20158,0 153.5695,-28.20158,0 153.5695,-28.20158,0 153.5695,-28.20158,0 153.5695,-28.20158,0 153.5695,-28.20158,0 153.5695,-28.20158,0 153.5695,-28.20158,0 153.5695,-28.20158,0 153.5695,-28.20158,0 153.5695,-28.20158,0 153.5695,-28.20158,0 153.5695,-28.20158,0 153.5695,-28.20158,0 153.5695,-28.20158,0 153.5695,-28.20158,0 153.5695,-28.20158,0 153.5695,-28.20158,0 153.5695,-28.20158,0 153.5695,-28.20158,0 153.5695,-28.20158,0 153.5695,-28.20158,0 153.5695,-28.20158,0 153.5695,-28.20158,0 153.5695,-28.20158,0 153.5695,-28.20158,0 153.5695,-28.20158,0 153.5695,-28.20158,0 153.5695,-28.20158,0 153.5695,-28.20158,0 153.5695,-28.20158,0 153.5695,-28.20158,0 153.5695,-28.20158,0 153.5695,-28.20158,0 153.5695,-28.20158,0 153.5695,-28.20158,0 153.5695,-28.20158,0 153.5695,-28.20158,0 153.5695,-28.20158,0 153.5695,-28.20158,0 153.5695,-28.20158,0 153.5695,-28.20158,0 153.5695,-28.20158,0 153.5695,-28.20158,0 153.5695,-28.20158,0 153.5695,-28.20158,0 153.5695,-28.20158,0 153.5695,-28.20158,0 153.5695,-28.20158,0 153.5695,-28.20158,0 153.5695,-28.20158,0 153.5695,-28.20158,0 153.5695,-28.20158,0 153.5695,-28.20158,0 153.5695,-28.20158,0 153.5695,-28.20158,0 153.5695,-28.20158,0 153.5695,-28.20158,0 153.5695,-28.20158,0 153.5695,-28.20158,0 153.5695,-28.20158,0 153.5695,-28.20158,0 153.5695,-28.20158,0 153.5695,-28.20158,0 153.5695,-28.20158,0 153.5695,-28.20158,0 153.5695,-28.20158,0 153.5695,-28.20158,0 153.5695,-28.20158,0 153.5695,-28.20158,0 153.5695,-28.20158,0 153.5695,-28.20158,0 153.5695,-28.20158,0 153.5695,-28.20158,0 153.5695,-28.20158,0 153.5695,-28.20158,0 153.5695,-28.20158,0 153.5695,-28.20158,0 153.5695,-28.20158,0 153.5695,-28.20158,0 153.5695,-28.20158,0 153.5695,-28.20158,0 153.5695,-28.20158,0 153.5695,-28.20158,0 153.5695,-28.20158,0 153.5695,-28.20158,0 153.5695,-28.20158,0 153.5695,-28.20158,0 153.5695,-28.20158,0 153.5695,-28.20158,0 153.5695,-28.20158,0 153.5695,-28.20158,0 153.5695,-28.20158,0 153.5695,-28.20158,0 153.5695,-28.20158,0 153.5695,-28.20158,0 153.5695,-28.20158,0 153.5695,-28.20158,0 153.5695,-28.20158,0 153.5695,-28.20158,0 153.5695,-28.20158,0 153.5695,-28.20158,0 153.5695,-28.20158,0 153.5695,-28.20158,0 153.5695,-28.20158,0 153.5695,-28.20158,0 153.5695,-28.20158,0 153.5695,-28.20158,0 153.5695,-28.20158,0 153.5695,-28.20158,0 153.5695,-28.20158,0 153.5695,-28.20158,0 153.5695,-28.20158,0 153.5695,-28.20158,0 153.5695,-28.20158,0 153.5695,-28.20158,0 153.5695,-28.20158,0 153.5695,-28.20158,0 153.5695,-28.20158,0 153.5695,-28.20158,0 153.5695,-28.20158,0 153.5695,-28.20158,0 153.5695,-28.20158,0 153.5695,-28.20158,0 153.5695,-28.20158,0 153.5695,-28.20158,0 153.5695,-28.20158,0 153.5695,-28.20158,0 153.5695,-28.20158,0 153.5695,-28.20158,0 153.5695,-28.20158,0 153.5695,-28.20158,0 153.5695,-28.20158,0 153.5695,-28.20158,0 153.5695,-28.20158,0 153.5695,-28.20158,0 153.56951,-28.20158,0 153.56951,-28.20158,0 153.56951,-28.20158,0 153.56951,-28.20158,0 153.56951,-28.20158,0 153.56951,-28.20158,0 153.56951,-28.20158,0 153.56951,-28.20158,0 153.56951,-28.20158,0 153.56951,-28.20158,0 153.56951,-28.20158,0 153.56951,-28.20158,0 153.56951,-28.20158,0 153.56951,-28.20158,0 153.56951,-28.20158,0 153.56951,-28.20158,0 153.56951,-28.20158,0 153.56951,-28.20158,0 153.56951,-28.20158,0 153.56951,-28.20158,0 153.56951,-28.20158,0 153.56951,-28.20158,0</coordinates>
        </LineString>
      </Placemark>
      <Placemark>
        <name>Tracker Start</name>
        <styleUrl>#tracker</styleUrl>
        <description>2026-09-26T16:57:56.930+10:00</description>
        <Point>
          <altitudeMode>clampToGround</altitudeMode>
          <coordinates>153.56951,-28.20157,0</coordinates>
        </Point>
      </Placemark>
      <Placemark>
        <name>Tracker End</name>
        <styleUrl>#tracker</styleUrl>
        <description>2026-09-26T17:08:28.968+10:00</description>
        <Point>
          <altitudeMode>clampToGround</altitudeMode>
          <coordinates>153.56951,-28.20158,0</coordinates>
        </Point>
      </Placemark>
    </Folder>
    <Folder>
      <name>Tracker timestamped GPS samples (expand/toggle)</name>
      <visibility>0</visibility>
      <Placemark>
        <name>16:57:56.930</name>
        <styleUrl>#tracker</styleUrl>
        <description>2026-09-26T16:57:56.930+10:00; satellites 24; HDOP 0.6; RSSI -56</description>
        <TimeStamp>
          <when>2026-09-26T16:57:56.930+10:00</when>
        </TimeStamp>
        <Point>
          <altitudeMode>clampToGround</altitudeMode>
          <coordinates>153.56951,-28.20157,0</coordinates>
        </Point>
      </Placemark>
      <Placemark>
        <name>16:57:57.432</name>
        <styleUrl>#tracker</styleUrl>
        <description>2026-09-26T16:57:57.432+10:00; satellites 24; HDOP 0.6; RSSI -56</description>
        <TimeStamp>
          <when>2026-09-26T16:57:57.432+10:00</when>
        </TimeStamp>
        <Point>
          <altitudeMode>clampToGround</altitudeMode>
          <coordinates>153.56952,-28.20157,0</coordinates>
        </Point>
      </Placemark>
      <Placemark>
        <name>16:57:58.431</name>
        <styleUrl>#tracker</styleUrl>
        <description>2026-09-26T16:57:58.431+10:00; satellites 24; HDOP 0.6; RSSI -56</description>
        <TimeStamp>
          <when>2026-09-26T16:57:58.431+10:00</when>
        </TimeStamp>
        <Point>
          <altitudeMode>clampToGround</altitudeMode>
          <coordinates>153.56952,-28.20157,0</coordinates>
        </Point>
      </Placemark>
      <Placemark>
        <name>16:57:59.432</name>
        <styleUrl>#tracker</styleUrl>
        <description>2026-09-26T16:57:59.432+10:00; satellites 24; HDOP 0.6; RSSI -56</description>
        <TimeStamp>
          <when>2026-09-26T16:57:59.432+10:00</when>
        </TimeStamp>
        <Point>
          <altitudeMode>clampToGround</altitudeMode>
          <coordinates>153.56952,-28.20157,0</coordinates>
        </Point>
      </Placemark>
      <Placemark>
        <name>16:58:00.431</name>
        <styleUrl>#tracker</styleUrl>
        <description>2026-09-26T16:58:00.431+10:00; satellites 24; HDOP 0.6; RSSI -56</description>
        <TimeStamp>
          <when>2026-09-26T16:58:00.431+10:00</when>
        </TimeStamp>
        <Point>
          <altitudeMode>clampToGround</altitudeMode>
          <coordinates>153.56952,-28.20157,0</coordinates>
        </Point>
      </Placemark>
      <Placemark>
        <name>16:58:01.432</name>
        <styleUrl>#tracker</styleUrl>
        <description>2026-09-26T16:58:01.432+10:00; satellites 24; HDOP 0.6; RSSI -57</description>
        <TimeStamp>
          <when>2026-09-26T16:58:01.432+10:00</when>
        </TimeStamp>
        <Point>
          <altitudeMode>clampToGround</altitudeMode>
          <coordinates>153.56952,-28.20157,0</coordinates>
        </Point>
      </Placemark>
      <Placemark>
        <name>16:58:02.436</name>
        <styleUrl>#tracker</styleUrl>
        <description>2026-09-26T16:58:02.436+10:00; satellites 24; HDOP 0.6; RSSI -57</description>
        <TimeStamp>
          <when>2026-09-26T16:58:02.436+10:00</when>
        </TimeStamp>
        <Point>
          <altitudeMode>clampToGround</altitudeMode>
          <coordinates>153.56952,-28.20157,0</coordinates>
        </Point>
      </Placemark>
      <Placemark>
        <name>16:58:03.433</name>
        <styleUrl>#tracker</styleUrl>
        <description>2026-09-26T16:58:03.433+10:00; satellites 24; HDOP 0.6; RSSI -58</description>
        <TimeStamp>
          <when>2026-09-26T16:58:03.433+10:00</when>
        </TimeStamp>
        <Point>
          <altitudeMode>clampToGround</altitudeMode>
          <coordinates>153.56952,-28.20157,0</coordinates>
        </Point>
      </Placemark>
      <Placemark>
        <name>16:58:04.434</name>
        <styleUrl>#tracker</styleUrl>
        <description>2026-09-26T16:58:04.434+10:00; satellites 24; HDOP 0.6; RSSI -58</description>
        <TimeStamp>
          <when>2026-09-26T16:58:04.434+10:00</when>
        </TimeStamp>
        <Point>
          <altitudeMode>clampToGround</altitudeMode>
          <coordinates>153.56952,-28.20157,0</coordinates>
        </Point>
      </Placemark>
      <Placemark>
        <name>16:58:05.432</name>
        <styleUrl>#tracker</styleUrl>
        <description>2026-09-26T16:58:05.432+10:00; satellites 24; HDOP 0.6; RSSI -58</description>
        <TimeStamp>
          <when>2026-09-26T16:58:05.432+10:00</when>
        </TimeStamp>
        <Point>
          <altitudeMode>clampToGround</altitudeMode>
          <coordinates>153.56952,-28.20157,0</coordinates>
        </Point>
      </Placemark>
      <Placemark>
        <name>16:58:06.432</name>
        <styleUrl>#tracker</styleUrl>
        <description>2026-09-26T16:58:06.432+10:00; satellites 24; HDOP 0.6; RSSI -58</description>
        <TimeStamp>
          <when>2026-09-26T16:58:06.432+10:00</when>
        </TimeStamp>
        <Point>
          <altitudeMode>clampToGround</altitudeMode>
          <coordinates>153.56952,-28.20157,0</coordinates>
        </Point>
      </Placemark>
      <Placemark>
        <name>16:58:07.438</name>
        <styleUrl>#tracker</styleUrl>
        <description>2026-09-26T16:58:07.438+10:00; satellites 24; HDOP 0.6; RSSI -57</description>
        <TimeStamp>
          <when>2026-09-26T16:58:07.438+10:00</when>
        </TimeStamp>
        <Point>
          <altitudeMode>clampToGround</altitudeMode>
          <coordinates>153.56952,-28.20157,0</coordinates>
        </Point>
      </Placemark>
      <Placemark>
        <name>16:58:08.435</name>
        <styleUrl>#tracker</styleUrl>
        <description>2026-09-26T16:58:08.435+10:00; satellites 24; HDOP 0.6; RSSI -58</description>
        <TimeStamp>
          <when>2026-09-26T16:58:08.435+10:00</when>
        </TimeStamp>
        <Point>
          <altitudeMode>clampToGround</altitudeMode>
          <coordinates>153.56952,-28.20157,0</coordinates>
        </Point>
      </Placemark>
      <Placemark>
        <name>16:58:09.438</name>
        <styleUrl>#tracker</styleUrl>
        <description>2026-09-26T16:58:09.438+10:00; satellites 25; HDOP 0.6; RSSI -58</description>
        <TimeStamp>
          <when>2026-09-26T16:58:09.438+10:00</when>
        </TimeStamp>
        <Point>
          <altitudeMode>clampToGround</altitudeMode>
          <coordinates>153.56952,-28.20157,0</coordinates>
        </Point>
      </Placemark>
      <Placemark>
        <name>16:58:10.432</name>
        <styleUrl>#tracker</styleUrl>
        <description>2026-09-26T16:58:10.432+10:00; satellites 25; HDOP 0.6; RSSI -58</description>
        <TimeStamp>
          <when>2026-09-26T16:58:10.432+10:00</when>
        </TimeStamp>
        <Point>
          <altitudeMode>clampToGround</altitudeMode>
          <coordinates>153.56952,-28.20157,0</coordinates>
        </Point>
      </Placemark>
      <Placemark>
        <name>16:58:11.447</name>
        <styleUrl>#tracker</styleUrl>
        <description>2026-09-26T16:58:11.447+10:00; satellites 25; HDOP 0.6; RSSI -58</description>
        <TimeStamp>
          <when>2026-09-26T16:58:11.447+10:00</when>
        </TimeStamp>
        <Point>
          <altitudeMode>clampToGround</altitudeMode>
          <coordinates>153.56952,-28.20157,0</coordinates>
        </Point>
      </Placemark>
      <Placemark>
        <name>16:58:12.432</name>
        <styleUrl>#tracker</styleUrl>
        <description>2026-09-26T16:58:12.432+10:00; satellites 25; HDOP 0.6; RSSI -59</description>
        <TimeStamp>
          <when>2026-09-26T16:58:12.432+10:00</when>
        </TimeStamp>
        <Point>
          <altitudeMode>clampToGround</altitudeMode>
          <coordinates>153.56952,-28.20157,0</coordinates>
        </Point>
      </Placemark>
      <Placemark>
        <name>16:58:13.433</name>
        <styleUrl>#tracker</styleUrl>
        <description>2026-09-26T16:58:13.433+10:00; satellites 25; HDOP 0.6; RSSI -58</description>
        <TimeStamp>
          <when>2026-09-26T16:58:13.433+10:00</when>
        </TimeStamp>
        <Point>
          <altitudeMode>clampToGround</altitudeMode>
          <coordinates>153.56952,-28.20157,0</coordinates>
        </Point>
      </Placemark>
      <Placemark>
        <name>16:58:14.436</name>
        <styleUrl>#tracker</styleUrl>
        <description>2026-09-26T16:58:14.436+10:00; satellites 25; HDOP 0.6; RSSI -58</description>
        <TimeStamp>
          <when>2026-09-26T16:58:14.436+10:00</when>
        </TimeStamp>
        <Point>
          <altitudeMode>clampToGround</altitudeMode>
          <coordinates>153.56952,-28.20157,0</coordinates>
        </Point>
      </Placemark>
      <Placemark>
        <name>16:58:15.432</name>
        <styleUrl>#tracker</styleUrl>
        <description>2026-09-26T16:58:15.432+10:00; satellites 25; HDOP 0.6; RSSI -59</description>
        <TimeStamp>
          <when>2026-09-26T16:58:15.432+10:00</when>
        </TimeStamp>
        <Point>
          <altitudeMode>clampToGround</altitudeMode>
          <coordinates>153.56952,-28.20157,0</coordinates>
        </Point>
      </Placemark>
      <Placemark>
        <name>16:58:16.433</name>
        <styleUrl>#tracker</styleUrl>
        <description>2026-09-26T16:58:16.433+10:00; satellites 25; HDOP 0.6; RSSI -58</description>
        <TimeStamp>
          <when>2026-09-26T16:58:16.433+10:00</when>
        </TimeStamp>
        <Point>
          <altitudeMode>clampToGround</altitudeMode>
          <coordinates>153.56952,-28.20157,0</coordinates>
        </Point>
      </Placemark>
      <Placemark>
        <name>16:58:17.955</name>
        <styleUrl>#tracker</styleUrl>
        <description>2026-09-26T16:58:17.955+10:00; satellites 25; HDOP 0.6; RSSI -59</description>
        <TimeStamp>
          <when>2026-09-26T16:58:17.955+10:00</when>
        </TimeStamp>
        <Point>
          <altitudeMode>clampToGround</altitudeMode>
          <coordinates>153.56952,-28.20158,0</coordinates>
        </Point>
      </Placemark>
      <Placemark>
        <name>16:58:18.433</name>
        <styleUrl>#tracker</styleUrl>
        <description>2026-09-26T16:58:18.433+10:00; satellites 25; HDOP 0.6; RSSI -61</description>
        <TimeStamp>
          <when>2026-09-26T16:58:18.433+10:00</when>
        </TimeStamp>
        <Point>
          <altitudeMode>clampToGround</altitudeMode>
          <coordinates>153.56952,-28.20158,0</coordinates>
        </Point>
      </Placemark>
      <Placemark>
        <name>16:58:19.435</name>
        <styleUrl>#tracker</styleUrl>
        <description>2026-09-26T16:58:19.435+10:00; satellites 25; HDOP 0.6; RSSI -59</description>
        <TimeStamp>
          <when>2026-09-26T16:58:19.435+10:00</when>
        </TimeStamp>
        <Point>
          <altitudeMode>clampToGround</altitudeMode>
          <coordinates>153.56952,-28.20158,0</coordinates>
        </Point>
      </Placemark>
      <Placemark>
        <name>16:58:20.436</name>
        <styleUrl>#tracker</styleUrl>
        <description>2026-09-26T16:58:20.436+10:00; satellites 25; HDOP 0.6; RSSI -59</description>
        <TimeStamp>
          <when>2026-09-26T16:58:20.436+10:00</when>
        </TimeStamp>
        <Point>
          <altitudeMode>clampToGround</altitudeMode>
          <coordinates>153.56952,-28.20158,0</coordinates>
        </Point>
      </Placemark>
      <Placemark>
        <name>16:58:21.437</name>
        <styleUrl>#tracker</styleUrl>
        <description>2026-09-26T16:58:21.437+10:00; satellites 25; HDOP 0.6; RSSI -61</description>
        <TimeStamp>
          <when>2026-09-26T16:58:21.437+10:00</when>
        </TimeStamp>
        <Point>
          <altitudeMode>clampToGround</altitudeMode>
          <coordinates>153.56952,-28.20158,0</coordinates>
        </Point>
      </Placemark>
      <Placemark>
        <name>16:58:22.437</name>
        <styleUrl>#tracker</styleUrl>
        <description>2026-09-26T16:58:22.437+10:00; satellites 25; HDOP 0.6; RSSI -60</description>
        <TimeStamp>
          <when>2026-09-26T16:58:22.437+10:00</when>
        </TimeStamp>
        <Point>
          <altitudeMode>clampToGround</altitudeMode>
          <coordinates>153.56952,-28.20158,0</coordinates>
        </Point>
      </Placemark>
      <Placemark>
        <name>16:58:23.436</name>
        <styleUrl>#tracker</styleUrl>
        <description>2026-09-26T16:58:23.436+10:00; satellites 24; HDOP 0.6; RSSI -59</description>
        <TimeStamp>
          <when>2026-09-26T16:58:23.436+10:00</when>
        </TimeStamp>
        <Point>
          <altitudeMode>clampToGround</altitudeMode>
          <coordinates>153.56952,-28.20158,0</coordinates>
        </Point>
      </Placemark>
      <Placemark>
        <name>16:58:24.435</name>
        <styleUrl>#tracker</styleUrl>
        <description>2026-09-26T16:58:24.435+10:00; satellites 24; HDOP 0.6; RSSI -58</description>
        <TimeStamp>
          <when>2026-09-26T16:58:24.435+10:00</when>
        </TimeStamp>
        <Point>
          <altitudeMode>clampToGround</altitudeMode>
          <coordinates>153.56952,-28.20158,0</coordinates>
        </Point>
      </Placemark>
      <Placemark>
        <name>16:58:25.434</name>
        <styleUrl>#tracker</styleUrl>
        <description>2026-09-26T16:58:25.434+10:00; satellites 24; HDOP 0.6; RSSI -59</description>
        <TimeStamp>
          <when>2026-09-26T16:58:25.434+10:00</when>
        </TimeStamp>
        <Point>
          <altitudeMode>clampToGround</altitudeMode>
          <coordinates>153.56952,-28.20158,0</coordinates>
        </Point>
      </Placemark>
      <Placemark>
        <name>16:58:26.434</name>
        <styleUrl>#tracker</styleUrl>
        <description>2026-09-26T16:58:26.434+10:00; satellites 24; HDOP 0.6; RSSI -59</description>
        <TimeStamp>
          <when>2026-09-26T16:58:26.434+10:00</when>
        </TimeStamp>
        <Point>
          <altitudeMode>clampToGround</altitudeMode>
          <coordinates>153.56952,-28.20158,0</coordinates>
        </Point>
      </Placemark>
      <Placemark>
        <name>16:58:27.434</name>
        <styleUrl>#tracker</styleUrl>
        <description>2026-09-26T16:58:27.434+10:00; satellites 23; HDOP 0.6; RSSI -58</description>
        <TimeStamp>
          <when>2026-09-26T16:58:27.434+10:00</when>
        </TimeStamp>
        <Point>
          <altitudeMode>clampToGround</altitudeMode>
          <coordinates>153.56952,-28.20158,0</coordinates>
        </Point>
      </Placemark>
      <Placemark>
        <name>16:58:28.433</name>
        <styleUrl>#tracker</styleUrl>
        <description>2026-09-26T16:58:28.433+10:00; satellites 23; HDOP 0.6; RSSI -52</description>
        <TimeStamp>
          <when>2026-09-26T16:58:28.433+10:00</when>
        </TimeStamp>
        <Point>
          <altitudeMode>clampToGround</altitudeMode>
          <coordinates>153.56952,-28.20158,0</coordinates>
        </Point>
      </Placemark>
      <Placemark>
        <name>16:58:29.438</name>
        <styleUrl>#tracker</styleUrl>
        <description>2026-09-26T16:58:29.438+10:00; satellites 23; HDOP 0.6; RSSI -51</description>
        <TimeStamp>
          <when>2026-09-26T16:58:29.438+10:00</when>
        </TimeStamp>
        <Point>
          <altitudeMode>clampToGround</altitudeMode>
          <coordinates>153.56952,-28.20158,0</coordinates>
        </Point>
      </Placemark>
      <Placemark>
        <name>16:58:30.433</name>
        <styleUrl>#tracker</styleUrl>
        <description>2026-09-26T16:58:30.433+10:00; satellites 23; HDOP 0.6; RSSI -51</description>
        <TimeStamp>
          <when>2026-09-26T16:58:30.433+10:00</when>
        </TimeStamp>
        <Point>
          <altitudeMode>clampToGround</altitudeMode>
          <coordinates>153.56952,-28.20158,0</coordinates>
        </Point>
      </Placemark>
      <Placemark>
        <name>16:58:31.434</name>
        <styleUrl>#tracker</styleUrl>
        <description>2026-09-26T16:58:31.434+10:00; satellites 23; HDOP 0.6; RSSI -51</description>
        <TimeStamp>
          <when>2026-09-26T16:58:31.434+10:00</when>
        </TimeStamp>
        <Point>
          <altitudeMode>clampToGround</altitudeMode>
          <coordinates>153.56952,-28.20158,0</coordinates>
        </Point>
      </Placemark>
      <Placemark>
        <name>16:58:32.433</name>
        <styleUrl>#tracker</styleUrl>
        <description>2026-09-26T16:58:32.433+10:00; satellites 23; HDOP 0.6; RSSI -50</description>
        <TimeStamp>
          <when>2026-09-26T16:58:32.433+10:00</when>
        </TimeStamp>
        <Point>
          <altitudeMode>clampToGround</altitudeMode>
          <coordinates>153.56952,-28.20158,0</coordinates>
        </Point>
      </Placemark>
      <Placemark>
        <name>16:58:33.433</name>
        <styleUrl>#tracker</styleUrl>
        <description>2026-09-26T16:58:33.433+10:00; satellites 23; HDOP 0.6; RSSI -51</description>
        <TimeStamp>
          <when>2026-09-26T16:58:33.433+10:00</when>
        </TimeStamp>
        <Point>
          <altitudeMode>clampToGround</altitudeMode>
          <coordinates>153.56951,-28.20158,0</coordinates>
        </Point>
      </Placemark>
      <Placemark>
        <name>16:58:34.434</name>
        <styleUrl>#tracker</styleUrl>
        <description>2026-09-26T16:58:34.434+10:00; satellites 23; HDOP 0.6; RSSI -50</description>
        <TimeStamp>
          <when>2026-09-26T16:58:34.434+10:00</when>
        </TimeStamp>
        <Point>
          <altitudeMode>clampToGround</altitudeMode>
          <coordinates>153.56951,-28.20158,0</coordinates>
        </Point>
      </Placemark>
      <Placemark>
        <name>16:58:35.434</name>
        <styleUrl>#tracker</styleUrl>
        <description>2026-09-26T16:58:35.434+10:00; satellites 23; HDOP 0.6; RSSI -51</description>
        <TimeStamp>
          <when>2026-09-26T16:58:35.434+10:00</when>
        </TimeStamp>
        <Point>
          <altitudeMode>clampToGround</altitudeMode>
          <coordinates>153.56951,-28.20158,0</coordinates>
        </Point>
      </Placemark>
      <Placemark>
        <name>16:58:36.433</name>
        <styleUrl>#tracker</styleUrl>
        <description>2026-09-26T16:58:36.433+10:00; satellites 23; HDOP 0.6; RSSI -50</description>
        <TimeStamp>
          <when>2026-09-26T16:58:36.433+10:00</when>
        </TimeStamp>
        <Point>
          <altitudeMode>clampToGround</altitudeMode>
          <coordinates>153.56951,-28.20158,0</coordinates>
        </Point>
      </Placemark>
      <Placemark>
        <name>16:58:37.434</name>
        <styleUrl>#tracker</styleUrl>
        <description>2026-09-26T16:58:37.434+10:00; satellites 23; HDOP 0.6; RSSI -50</description>
        <TimeStamp>
          <when>2026-09-26T16:58:37.434+10:00</when>
        </TimeStamp>
        <Point>
          <altitudeMode>clampToGround</altitudeMode>
          <coordinates>153.56951,-28.20158,0</coordinates>
        </Point>
      </Placemark>
      <Placemark>
        <name>16:58:38.434</name>
        <styleUrl>#tracker</styleUrl>
        <description>2026-09-26T16:58:38.434+10:00; satellites 24; HDOP 0.6; RSSI -51</description>
        <TimeStamp>
          <when>2026-09-26T16:58:38.434+10:00</when>
        </TimeStamp>
        <Point>
          <altitudeMode>clampToGround</altitudeMode>
          <coordinates>153.56951,-28.20158,0</coordinates>
        </Point>
      </Placemark>
      <Placemark>
        <name>16:58:39.433</name>
        <styleUrl>#tracker</styleUrl>
        <description>2026-09-26T16:58:39.433+10:00; satellites 24; HDOP 0.6; RSSI -51</description>
        <TimeStamp>
          <when>2026-09-26T16:58:39.433+10:00</when>
        </TimeStamp>
        <Point>
          <altitudeMode>clampToGround</altitudeMode>
          <coordinates>153.56951,-28.20158,0</coordinates>
        </Point>
      </Placemark>
      <Placemark>
        <name>16:58:40.437</name>
        <styleUrl>#tracker</styleUrl>
        <description>2026-09-26T16:58:40.437+10:00; satellites 23; HDOP 0.6; RSSI -51</description>
        <TimeStamp>
          <when>2026-09-26T16:58:40.437+10:00</when>
        </TimeStamp>
        <Point>
          <altitudeMode>clampToGround</altitudeMode>
          <coordinates>153.56951,-28.20158,0</coordinates>
        </Point>
      </Placemark>
      <Placemark>
        <name>16:58:41.434</name>
        <styleUrl>#tracker</styleUrl>
        <description>2026-09-26T16:58:41.434+10:00; satellites 23; HDOP 0.6; RSSI -51</description>
        <TimeStamp>
          <when>2026-09-26T16:58:41.434+10:00</when>
        </TimeStamp>
        <Point>
          <altitudeMode>clampToGround</altitudeMode>
          <coordinates>153.56951,-28.20158,0</coordinates>
        </Point>
      </Placemark>
      <Placemark>
        <name>16:58:42.434</name>
        <styleUrl>#tracker</styleUrl>
        <description>2026-09-26T16:58:42.434+10:00; satellites 24; HDOP 0.6; RSSI -51</description>
        <TimeStamp>
          <when>2026-09-26T16:58:42.434+10:00</when>
        </TimeStamp>
        <Point>
          <altitudeMode>clampToGround</altitudeMode>
          <coordinates>153.56951,-28.20158,0</coordinates>
        </Point>
      </Placemark>
      <Placemark>
        <name>16:58:43.439</name>
        <styleUrl>#tracker</styleUrl>
        <description>2026-09-26T16:58:43.439+10:00; satellites 24; HDOP 0.6; RSSI -52</description>
        <TimeStamp>
          <when>2026-09-26T16:58:43.439+10:00</when>
        </TimeStamp>
        <Point>
          <altitudeMode>clampToGround</altitudeMode>
          <coordinates>153.56951,-28.20158,0</coordinates>
        </Point>
      </Placemark>
      <Placemark>
        <name>16:58:44.434</name>
        <styleUrl>#tracker</styleUrl>
        <description>2026-09-26T16:58:44.434+10:00; satellites 24; HDOP 0.6; RSSI -52</description>
        <TimeStamp>
          <when>2026-09-26T16:58:44.434+10:00</when>
        </TimeStamp>
        <Point>
          <altitudeMode>clampToGround</altitudeMode>
          <coordinates>153.56951,-28.20158,0</coordinates>
        </Point>
      </Placemark>
      <Placemark>
        <name>16:58:45.434</name>
        <styleUrl>#tracker</styleUrl>
        <description>2026-09-26T16:58:45.434+10:00; satellites 24; HDOP 0.6; RSSI -52</description>
        <TimeStamp>
          <when>2026-09-26T16:58:45.434+10:00</when>
        </TimeStamp>
        <Point>
          <altitudeMode>clampToGround</altitudeMode>
          <coordinates>153.56951,-28.20158,0</coordinates>
        </Point>
      </Placemark>
      <Placemark>
        <name>16:58:46.434</name>
        <styleUrl>#tracker</styleUrl>
        <description>2026-09-26T16:58:46.434+10:00; satellites 24; HDOP 0.6; RSSI -52</description>
        <TimeStamp>
          <when>2026-09-26T16:58:46.434+10:00</when>
        </TimeStamp>
        <Point>
          <altitudeMode>clampToGround</altitudeMode>
          <coordinates>153.56951,-28.20158,0</coordinates>
        </Point>
      </Placemark>
      <Placemark>
        <name>16:58:47.439</name>
        <styleUrl>#tracker</styleUrl>
        <description>2026-09-26T16:58:47.439+10:00; satellites 24; HDOP 0.6; RSSI -52</description>
        <TimeStamp>
          <when>2026-09-26T16:58:47.439+10:00</when>
        </TimeStamp>
        <Point>
          <altitudeMode>clampToGround</altitudeMode>
          <coordinates>153.56951,-28.20158,0</coordinates>
        </Point>
      </Placemark>
      <Placemark>
        <name>16:58:48.434</name>
        <styleUrl>#tracker</styleUrl>
        <description>2026-09-26T16:58:48.434+10:00; satellites 24; HDOP 0.6; RSSI -52</description>
        <TimeStamp>
          <when>2026-09-26T16:58:48.434+10:00</when>
        </TimeStamp>
        <Point>
          <altitudeMode>clampToGround</altitudeMode>
          <coordinates>153.56951,-28.20158,0</coordinates>
        </Point>
      </Placemark>
      <Placemark>
        <name>16:58:49.434</name>
        <styleUrl>#tracker</styleUrl>
        <description>2026-09-26T16:58:49.434+10:00; satellites 24; HDOP 0.6; RSSI -52</description>
        <TimeStamp>
          <when>2026-09-26T16:58:49.434+10:00</when>
        </TimeStamp>
        <Point>
          <altitudeMode>clampToGround</altitudeMode>
          <coordinates>153.56951,-28.20158,0</coordinates>
        </Point>
      </Placemark>
      <Placemark>
        <name>16:58:50.434</name>
        <styleUrl>#tracker</styleUrl>
        <description>2026-09-26T16:58:50.434+10:00; satellites 24; HDOP 0.6; RSSI -52</description>
        <TimeStamp>
          <when>2026-09-26T16:58:50.434+10:00</when>
        </TimeStamp>
        <Point>
          <altitudeMode>clampToGround</altitudeMode>
          <coordinates>153.56951,-28.20158,0</coordinates>
        </Point>
      </Placemark>
      <Placemark>
        <name>16:58:51.436</name>
        <styleUrl>#tracker</styleUrl>
        <description>2026-09-26T16:58:51.436+10:00; satellites 24; HDOP 0.6; RSSI -51</description>
        <TimeStamp>
          <when>2026-09-26T16:58:51.436+10:00</when>
        </TimeStamp>
        <Point>
          <altitudeMode>clampToGround</altitudeMode>
          <coordinates>153.56951,-28.20158,0</coordinates>
        </Point>
      </Placemark>
      <Placemark>
        <name>16:58:52.434</name>
        <styleUrl>#tracker</styleUrl>
        <description>2026-09-26T16:58:52.434+10:00; satellites 24; HDOP 0.6; RSSI -52</description>
        <TimeStamp>
          <when>2026-09-26T16:58:52.434+10:00</when>
        </TimeStamp>
        <Point>
          <altitudeMode>clampToGround</altitudeMode>
          <coordinates>153.56951,-28.20158,0</coordinates>
        </Point>
      </Placemark>
      <Placemark>
        <name>16:58:53.434</name>
        <styleUrl>#tracker</styleUrl>
        <description>2026-09-26T16:58:53.434+10:00; satellites 24; HDOP 0.6; RSSI -51</description>
        <TimeStamp>
          <when>2026-09-26T16:58:53.434+10:00</when>
        </TimeStamp>
        <Point>
          <altitudeMode>clampToGround</altitudeMode>
          <coordinates>153.56951,-28.20158,0</coordinates>
        </Point>
      </Placemark>
      <Placemark>
        <name>16:58:54.435</name>
        <styleUrl>#tracker</styleUrl>
        <description>2026-09-26T16:58:54.435+10:00; satellites 24; HDOP 0.6; RSSI -52</description>
        <TimeStamp>
          <when>2026-09-26T16:58:54.435+10:00</when>
        </TimeStamp>
        <Point>
          <altitudeMode>clampToGround</altitudeMode>
          <coordinates>153.56951,-28.20158,0</coordinates>
        </Point>
      </Placemark>
      <Placemark>
        <name>16:58:55.437</name>
        <styleUrl>#tracker</styleUrl>
        <description>2026-09-26T16:58:55.437+10:00; satellites 24; HDOP 0.6; RSSI -52</description>
        <TimeStamp>
          <when>2026-09-26T16:58:55.437+10:00</when>
        </TimeStamp>
        <Point>
          <altitudeMode>clampToGround</altitudeMode>
          <coordinates>153.56951,-28.20158,0</coordinates>
        </Point>
      </Placemark>
      <Placemark>
        <name>16:58:56.434</name>
        <styleUrl>#tracker</styleUrl>
        <description>2026-09-26T16:58:56.434+10:00; satellites 24; HDOP 0.6; RSSI -51</description>
        <TimeStamp>
          <when>2026-09-26T16:58:56.434+10:00</when>
        </TimeStamp>
        <Point>
          <altitudeMode>clampToGround</altitudeMode>
          <coordinates>153.56951,-28.20158,0</coordinates>
        </Point>
      </Placemark>
      <Placemark>
        <name>16:58:57.958</name>
        <styleUrl>#tracker</styleUrl>
        <description>2026-09-26T16:58:57.958+10:00; satellites 24; HDOP 0.6; RSSI -52</description>
        <TimeStamp>
          <when>2026-09-26T16:58:57.958+10:00</when>
        </TimeStamp>
        <Point>
          <altitudeMode>clampToGround</altitudeMode>
          <coordinates>153.56951,-28.20158,0</coordinates>
        </Point>
      </Placemark>
      <Placemark>
        <name>16:58:58.448</name>
        <styleUrl>#tracker</styleUrl>
        <description>2026-09-26T16:58:58.448+10:00; satellites 24; HDOP 0.6; RSSI -52</description>
        <TimeStamp>
          <when>2026-09-26T16:58:58.448+10:00</when>
        </TimeStamp>
        <Point>
          <altitudeMode>clampToGround</altitudeMode>
          <coordinates>153.56951,-28.20158,0</coordinates>
        </Point>
      </Placemark>
      <Placemark>
        <name>16:58:59.434</name>
        <styleUrl>#tracker</styleUrl>
        <description>2026-09-26T16:58:59.434+10:00; satellites 24; HDOP 0.6; RSSI -52</description>
        <TimeStamp>
          <when>2026-09-26T16:58:59.434+10:00</when>
        </TimeStamp>
        <Point>
          <altitudeMode>clampToGround</altitudeMode>
          <coordinates>153.56951,-28.20158,0</coordinates>
        </Point>
      </Placemark>
      <Placemark>
        <name>16:59:00.436</name>
        <styleUrl>#tracker</styleUrl>
        <description>2026-09-26T16:59:00.436+10:00; satellites 24; HDOP 0.6; RSSI -52</description>
        <TimeStamp>
          <when>2026-09-26T16:59:00.436+10:00</when>
        </TimeStamp>
        <Point>
          <altitudeMode>clampToGround</altitudeMode>
          <coordinates>153.56951,-28.20158,0</coordinates>
        </Point>
      </Placemark>
      <Placemark>
        <name>16:59:01.438</name>
        <styleUrl>#tracker</styleUrl>
        <description>2026-09-26T16:59:01.438+10:00; satellites 24; HDOP 0.6; RSSI -52</description>
        <TimeStamp>
          <when>2026-09-26T16:59:01.438+10:00</when>
        </TimeStamp>
        <Point>
          <altitudeMode>clampToGround</altitudeMode>
          <coordinates>153.56951,-28.20158,0</coordinates>
        </Point>
      </Placemark>
      <Placemark>
        <name>16:59:02.436</name>
        <styleUrl>#tracker</styleUrl>
        <description>2026-09-26T16:59:02.436+10:00; satellites 24; HDOP 0.6; RSSI -52</description>
        <TimeStamp>
          <when>2026-09-26T16:59:02.436+10:00</when>
        </TimeStamp>
        <Point>
          <altitudeMode>clampToGround</altitudeMode>
          <coordinates>153.56951,-28.20158,0</coordinates>
        </Point>
      </Placemark>
      <Placemark>
        <name>16:59:03.434</name>
        <styleUrl>#tracker</styleUrl>
        <description>2026-09-26T16:59:03.434+10:00; satellites 24; HDOP 0.6; RSSI -52</description>
        <TimeStamp>
          <when>2026-09-26T16:59:03.434+10:00</when>
        </TimeStamp>
        <Point>
          <altitudeMode>clampToGround</altitudeMode>
          <coordinates>153.56951,-28.20158,0</coordinates>
        </Point>
      </Placemark>
      <Placemark>
        <name>16:59:04.434</name>
        <styleUrl>#tracker</styleUrl>
        <description>2026-09-26T16:59:04.434+10:00; satellites 24; HDOP 0.6; RSSI -52</description>
        <TimeStamp>
          <when>2026-09-26T16:59:04.434+10:00</when>
        </TimeStamp>
        <Point>
          <altitudeMode>clampToGround</altitudeMode>
          <coordinates>153.56951,-28.20158,0</coordinates>
        </Point>
      </Placemark>
      <Placemark>
        <name>16:59:05.435</name>
        <styleUrl>#tracker</styleUrl>
        <description>2026-09-26T16:59:05.435+10:00; satellites 24; HDOP 0.6; RSSI -53</description>
        <TimeStamp>
          <when>2026-09-26T16:59:05.435+10:00</when>
        </TimeStamp>
        <Point>
          <altitudeMode>clampToGround</altitudeMode>
          <coordinates>153.56951,-28.20158,0</coordinates>
        </Point>
      </Placemark>
      <Placemark>
        <name>16:59:06.435</name>
        <styleUrl>#tracker</styleUrl>
        <description>2026-09-26T16:59:06.435+10:00; satellites 24; HDOP 0.6; RSSI -52</description>
        <TimeStamp>
          <when>2026-09-26T16:59:06.435+10:00</when>
        </TimeStamp>
        <Point>
          <altitudeMode>clampToGround</altitudeMode>
          <coordinates>153.56951,-28.20158,0</coordinates>
        </Point>
      </Placemark>
      <Placemark>
        <name>16:59:07.434</name>
        <styleUrl>#tracker</styleUrl>
        <description>2026-09-26T16:59:07.434+10:00; satellites 24; HDOP 0.6; RSSI -52</description>
        <TimeStamp>
          <when>2026-09-26T16:59:07.434+10:00</when>
        </TimeStamp>
        <Point>
          <altitudeMode>clampToGround</altitudeMode>
          <coordinates>153.56951,-28.20158,0</coordinates>
        </Point>
      </Placemark>
      <Placemark>
        <name>16:59:08.437</name>
        <styleUrl>#tracker</styleUrl>
        <description>2026-09-26T16:59:08.437+10:00; satellites 24; HDOP 0.6; RSSI -52</description>
        <TimeStamp>
          <when>2026-09-26T16:59:08.437+10:00</when>
        </TimeStamp>
        <Point>
          <altitudeMode>clampToGround</altitudeMode>
          <coordinates>153.56951,-28.20158,0</coordinates>
        </Point>
      </Placemark>
      <Placemark>
        <name>16:59:09.434</name>
        <styleUrl>#tracker</styleUrl>
        <description>2026-09-26T16:59:09.434+10:00; satellites 24; HDOP 0.6; RSSI -52</description>
        <TimeStamp>
          <when>2026-09-26T16:59:09.434+10:00</when>
        </TimeStamp>
        <Point>
          <altitudeMode>clampToGround</altitudeMode>
          <coordinates>153.56951,-28.20158,0</coordinates>
        </Point>
      </Placemark>
      <Placemark>
        <name>16:59:10.435</name>
        <styleUrl>#tracker</styleUrl>
        <description>2026-09-26T16:59:10.435+10:00; satellites 24; HDOP 0.6; RSSI -52</description>
        <TimeStamp>
          <when>2026-09-26T16:59:10.435+10:00</when>
        </TimeStamp>
        <Point>
          <altitudeMode>clampToGround</altitudeMode>
          <coordinates>153.56951,-28.20158,0</coordinates>
        </Point>
      </Placemark>
      <Placemark>
        <name>16:59:11.435</name>
        <styleUrl>#tracker</styleUrl>
        <description>2026-09-26T16:59:11.435+10:00; satellites 24; HDOP 0.6; RSSI -52</description>
        <TimeStamp>
          <when>2026-09-26T16:59:11.435+10:00</when>
        </TimeStamp>
        <Point>
          <altitudeMode>clampToGround</altitudeMode>
          <coordinates>153.56951,-28.20158,0</coordinates>
        </Point>
      </Placemark>
      <Placemark>
        <name>16:59:12.437</name>
        <styleUrl>#tracker</styleUrl>
        <description>2026-09-26T16:59:12.437+10:00; satellites 24; HDOP 0.6; RSSI -52</description>
        <TimeStamp>
          <when>2026-09-26T16:59:12.437+10:00</when>
        </TimeStamp>
        <Point>
          <altitudeMode>clampToGround</altitudeMode>
          <coordinates>153.56951,-28.20158,0</coordinates>
        </Point>
      </Placemark>
      <Placemark>
        <name>16:59:13.435</name>
        <styleUrl>#tracker</styleUrl>
        <description>2026-09-26T16:59:13.435+10:00; satellites 24; HDOP 0.6; RSSI -52</description>
        <TimeStamp>
          <when>2026-09-26T16:59:13.435+10:00</when>
        </TimeStamp>
        <Point>
          <altitudeMode>clampToGround</altitudeMode>
          <coordinates>153.56951,-28.20158,0</coordinates>
        </Point>
      </Placemark>
      <Placemark>
        <name>16:59:14.435</name>
        <styleUrl>#tracker</styleUrl>
        <description>2026-09-26T16:59:14.435+10:00; satellites 24; HDOP 0.6; RSSI -53</description>
        <TimeStamp>
          <when>2026-09-26T16:59:14.435+10:00</when>
        </TimeStamp>
        <Point>
          <altitudeMode>clampToGround</altitudeMode>
          <coordinates>153.56951,-28.20158,0</coordinates>
        </Point>
      </Placemark>
      <Placemark>
        <name>16:59:15.444</name>
        <styleUrl>#tracker</styleUrl>
        <description>2026-09-26T16:59:15.444+10:00; satellites 24; HDOP 0.6; RSSI -52</description>
        <TimeStamp>
          <when>2026-09-26T16:59:15.444+10:00</when>
        </TimeStamp>
        <Point>
          <altitudeMode>clampToGround</altitudeMode>
          <coordinates>153.56951,-28.20158,0</coordinates>
        </Point>
      </Placemark>
      <Placemark>
        <name>16:59:16.435</name>
        <styleUrl>#tracker</styleUrl>
        <description>2026-09-26T16:59:16.435+10:00; satellites 24; HDOP 0.6; RSSI -52</description>
        <TimeStamp>
          <when>2026-09-26T16:59:16.435+10:00</when>
        </TimeStamp>
        <Point>
          <altitudeMode>clampToGround</altitudeMode>
          <coordinates>153.56951,-28.20158,0</coordinates>
        </Point>
      </Placemark>
      <Placemark>
        <name>16:59:17.435</name>
        <styleUrl>#tracker</styleUrl>
        <description>2026-09-26T16:59:17.435+10:00; satellites 24; HDOP 0.6; RSSI -52</description>
        <TimeStamp>
          <when>2026-09-26T16:59:17.435+10:00</when>
        </TimeStamp>
        <Point>
          <altitudeMode>clampToGround</altitudeMode>
          <coordinates>153.56951,-28.20158,0</coordinates>
        </Point>
      </Placemark>
      <Placemark>
        <name>16:59:18.437</name>
        <styleUrl>#tracker</styleUrl>
        <description>2026-09-26T16:59:18.437+10:00; satellites 24; HDOP 0.6; RSSI -52</description>
        <TimeStamp>
          <when>2026-09-26T16:59:18.437+10:00</when>
        </TimeStamp>
        <Point>
          <altitudeMode>clampToGround</altitudeMode>
          <coordinates>153.56951,-28.20158,0</coordinates>
        </Point>
      </Placemark>
      <Placemark>
        <name>16:59:19.437</name>
        <styleUrl>#tracker</styleUrl>
        <description>2026-09-26T16:59:19.437+10:00; satellites 24; HDOP 0.6; RSSI -53</description>
        <TimeStamp>
          <when>2026-09-26T16:59:19.437+10:00</when>
        </TimeStamp>
        <Point>
          <altitudeMode>clampToGround</altitudeMode>
          <coordinates>153.56951,-28.20158,0</coordinates>
        </Point>
      </Placemark>
      <Placemark>
        <name>16:59:20.437</name>
        <styleUrl>#tracker</styleUrl>
        <description>2026-09-26T16:59:20.437+10:00; satellites 24; HDOP 0.6; RSSI -53</description>
        <TimeStamp>
          <when>2026-09-26T16:59:20.437+10:00</when>
        </TimeStamp>
        <Point>
          <altitudeMode>clampToGround</altitudeMode>
          <coordinates>153.56951,-28.20158,0</coordinates>
        </Point>
      </Placemark>
      <Placemark>
        <name>16:59:21.437</name>
        <styleUrl>#tracker</styleUrl>
        <description>2026-09-26T16:59:21.437+10:00; satellites 24; HDOP 0.6; RSSI -53</description>
        <TimeStamp>
          <when>2026-09-26T16:59:21.437+10:00</when>
        </TimeStamp>
        <Point>
          <altitudeMode>clampToGround</altitudeMode>
          <coordinates>153.56951,-28.20158,0</coordinates>
        </Point>
      </Placemark>
      <Placemark>
        <name>16:59:22.435</name>
        <styleUrl>#tracker</styleUrl>
        <description>2026-09-26T16:59:22.435+10:00; satellites 24; HDOP 0.6; RSSI -52</description>
        <TimeStamp>
          <when>2026-09-26T16:59:22.435+10:00</when>
        </TimeStamp>
        <Point>
          <altitudeMode>clampToGround</altitudeMode>
          <coordinates>153.56951,-28.20158,0</coordinates>
        </Point>
      </Placemark>
      <Placemark>
        <name>16:59:23.435</name>
        <styleUrl>#tracker</styleUrl>
        <description>2026-09-26T16:59:23.435+10:00; satellites 24; HDOP 0.6; RSSI -53</description>
        <TimeStamp>
          <when>2026-09-26T16:59:23.435+10:00</when>
        </TimeStamp>
        <Point>
          <altitudeMode>clampToGround</altitudeMode>
          <coordinates>153.56951,-28.20158,0</coordinates>
        </Point>
      </Placemark>
      <Placemark>
        <name>16:59:24.437</name>
        <styleUrl>#tracker</styleUrl>
        <description>2026-09-26T16:59:24.437+10:00; satellites 24; HDOP 0.6; RSSI -53</description>
        <TimeStamp>
          <when>2026-09-26T16:59:24.437+10:00</when>
        </TimeStamp>
        <Point>
          <altitudeMode>clampToGround</altitudeMode>
          <coordinates>153.56951,-28.20158,0</coordinates>
        </Point>
      </Placemark>
      <Placemark>
        <name>16:59:25.436</name>
        <styleUrl>#tracker</styleUrl>
        <description>2026-09-26T16:59:25.436+10:00; satellites 24; HDOP 0.6; RSSI -52</description>
        <TimeStamp>
          <when>2026-09-26T16:59:25.436+10:00</when>
        </TimeStamp>
        <Point>
          <altitudeMode>clampToGround</altitudeMode>
          <coordinates>153.56951,-28.20158,0</coordinates>
        </Point>
      </Placemark>
      <Placemark>
        <name>16:59:26.438</name>
        <styleUrl>#tracker</styleUrl>
        <description>2026-09-26T16:59:26.438+10:00; satellites 24; HDOP 0.6; RSSI -53</description>
        <TimeStamp>
          <when>2026-09-26T16:59:26.438+10:00</when>
        </TimeStamp>
        <Point>
          <altitudeMode>clampToGround</altitudeMode>
          <coordinates>153.56951,-28.20158,0</coordinates>
        </Point>
      </Placemark>
      <Placemark>
        <name>16:59:27.438</name>
        <styleUrl>#tracker</styleUrl>
        <description>2026-09-26T16:59:27.438+10:00; satellites 24; HDOP 0.6; RSSI -52</description>
        <TimeStamp>
          <when>2026-09-26T16:59:27.438+10:00</when>
        </TimeStamp>
        <Point>
          <altitudeMode>clampToGround</altitudeMode>
          <coordinates>153.56951,-28.20158,0</coordinates>
        </Point>
      </Placemark>
      <Placemark>
        <name>16:59:28.438</name>
        <styleUrl>#tracker</styleUrl>
        <description>2026-09-26T16:59:28.438+10:00; satellites 24; HDOP 0.6; RSSI -52</description>
        <TimeStamp>
          <when>2026-09-26T16:59:28.438+10:00</when>
        </TimeStamp>
        <Point>
          <altitudeMode>clampToGround</altitudeMode>
          <coordinates>153.56951,-28.20158,0</coordinates>
        </Point>
      </Placemark>
      <Placemark>
        <name>16:59:29.439</name>
        <styleUrl>#tracker</styleUrl>
        <description>2026-09-26T16:59:29.439+10:00; satellites 24; HDOP 0.6; RSSI -53</description>
        <TimeStamp>
          <when>2026-09-26T16:59:29.439+10:00</when>
        </TimeStamp>
        <Point>
          <altitudeMode>clampToGround</altitudeMode>
          <coordinates>153.56951,-28.20158,0</coordinates>
        </Point>
      </Placemark>
      <Placemark>
        <name>16:59:30.438</name>
        <styleUrl>#tracker</styleUrl>
        <description>2026-09-26T16:59:30.438+10:00; satellites 24; HDOP 0.6; RSSI -52</description>
        <TimeStamp>
          <when>2026-09-26T16:59:30.438+10:00</when>
        </TimeStamp>
        <Point>
          <altitudeMode>clampToGround</altitudeMode>
          <coordinates>153.56951,-28.20158,0</coordinates>
        </Point>
      </Placemark>
      <Placemark>
        <name>16:59:31.438</name>
        <styleUrl>#tracker</styleUrl>
        <description>2026-09-26T16:59:31.438+10:00; satellites 24; HDOP 0.6; RSSI -52</description>
        <TimeStamp>
          <when>2026-09-26T16:59:31.438+10:00</when>
        </TimeStamp>
        <Point>
          <altitudeMode>clampToGround</altitudeMode>
          <coordinates>153.56951,-28.20158,0</coordinates>
        </Point>
      </Placemark>
      <Placemark>
        <name>16:59:32.438</name>
        <styleUrl>#tracker</styleUrl>
        <description>2026-09-26T16:59:32.438+10:00; satellites 24; HDOP 0.6; RSSI -53</description>
        <TimeStamp>
          <when>2026-09-26T16:59:32.438+10:00</when>
        </TimeStamp>
        <Point>
          <altitudeMode>clampToGround</altitudeMode>
          <coordinates>153.56951,-28.20158,0</coordinates>
        </Point>
      </Placemark>
      <Placemark>
        <name>16:59:33.439</name>
        <styleUrl>#tracker</styleUrl>
        <description>2026-09-26T16:59:33.439+10:00; satellites 24; HDOP 0.6; RSSI -53</description>
        <TimeStamp>
          <when>2026-09-26T16:59:33.439+10:00</when>
        </TimeStamp>
        <Point>
          <altitudeMode>clampToGround</altitudeMode>
          <coordinates>153.56951,-28.20158,0</coordinates>
        </Point>
      </Placemark>
      <Placemark>
        <name>16:59:34.438</name>
        <styleUrl>#tracker</styleUrl>
        <description>2026-09-26T16:59:34.438+10:00; satellites 24; HDOP 0.6; RSSI -52</description>
        <TimeStamp>
          <when>2026-09-26T16:59:34.438+10:00</when>
        </TimeStamp>
        <Point>
          <altitudeMode>clampToGround</altitudeMode>
          <coordinates>153.56951,-28.20158,0</coordinates>
        </Point>
      </Placemark>
      <Placemark>
        <name>16:59:35.437</name>
        <styleUrl>#tracker</styleUrl>
        <description>2026-09-26T16:59:35.437+10:00; satellites 24; HDOP 0.6; RSSI -53</description>
        <TimeStamp>
          <when>2026-09-26T16:59:35.437+10:00</when>
        </TimeStamp>
        <Point>
          <altitudeMode>clampToGround</altitudeMode>
          <coordinates>153.56951,-28.20158,0</coordinates>
        </Point>
      </Placemark>
      <Placemark>
        <name>16:59:36.437</name>
        <styleUrl>#tracker</styleUrl>
        <description>2026-09-26T16:59:36.437+10:00; satellites 24; HDOP 0.6; RSSI -52</description>
        <TimeStamp>
          <when>2026-09-26T16:59:36.437+10:00</when>
        </TimeStamp>
        <Point>
          <altitudeMode>clampToGround</altitudeMode>
          <coordinates>153.56951,-28.20158,0</coordinates>
        </Point>
      </Placemark>
      <Placemark>
        <name>16:59:37.438</name>
        <styleUrl>#tracker</styleUrl>
        <description>2026-09-26T16:59:37.438+10:00; satellites 24; HDOP 0.6; RSSI -53</description>
        <TimeStamp>
          <when>2026-09-26T16:59:37.438+10:00</when>
        </TimeStamp>
        <Point>
          <altitudeMode>clampToGround</altitudeMode>
          <coordinates>153.56951,-28.20158,0</coordinates>
        </Point>
      </Placemark>
      <Placemark>
        <name>16:59:38.438</name>
        <styleUrl>#tracker</styleUrl>
        <description>2026-09-26T16:59:38.438+10:00; satellites 24; HDOP 0.6; RSSI -53</description>
        <TimeStamp>
          <when>2026-09-26T16:59:38.438+10:00</when>
        </TimeStamp>
        <Point>
          <altitudeMode>clampToGround</altitudeMode>
          <coordinates>153.56951,-28.20158,0</coordinates>
        </Point>
      </Placemark>
      <Placemark>
        <name>16:59:39.438</name>
        <styleUrl>#tracker</styleUrl>
        <description>2026-09-26T16:59:39.438+10:00; satellites 24; HDOP 0.6; RSSI -53</description>
        <TimeStamp>
          <when>2026-09-26T16:59:39.438+10:00</when>
        </TimeStamp>
        <Point>
          <altitudeMode>clampToGround</altitudeMode>
          <coordinates>153.56951,-28.20158,0</coordinates>
        </Point>
      </Placemark>
      <Placemark>
        <name>16:59:40.439</name>
        <styleUrl>#tracker</styleUrl>
        <description>2026-09-26T16:59:40.439+10:00; satellites 24; HDOP 0.6; RSSI -53</description>
        <TimeStamp>
          <when>2026-09-26T16:59:40.439+10:00</when>
        </TimeStamp>
        <Point>
          <altitudeMode>clampToGround</altitudeMode>
          <coordinates>153.56951,-28.20158,0</coordinates>
        </Point>
      </Placemark>
      <Placemark>
        <name>16:59:41.440</name>
        <styleUrl>#tracker</styleUrl>
        <description>2026-09-26T16:59:41.440+10:00; satellites 24; HDOP 0.6; RSSI -53</description>
        <TimeStamp>
          <when>2026-09-26T16:59:41.440+10:00</when>
        </TimeStamp>
        <Point>
          <altitudeMode>clampToGround</altitudeMode>
          <coordinates>153.56951,-28.20158,0</coordinates>
        </Point>
      </Placemark>
      <Placemark>
        <name>16:59:42.441</name>
        <styleUrl>#tracker</styleUrl>
        <description>2026-09-26T16:59:42.441+10:00; satellites 24; HDOP 0.6; RSSI -53</description>
        <TimeStamp>
          <when>2026-09-26T16:59:42.441+10:00</when>
        </TimeStamp>
        <Point>
          <altitudeMode>clampToGround</altitudeMode>
          <coordinates>153.56951,-28.20158,0</coordinates>
        </Point>
      </Placemark>
      <Placemark>
        <name>16:59:43.438</name>
        <styleUrl>#tracker</styleUrl>
        <description>2026-09-26T16:59:43.438+10:00; satellites 24; HDOP 0.6; RSSI -53</description>
        <TimeStamp>
          <when>2026-09-26T16:59:43.438+10:00</when>
        </TimeStamp>
        <Point>
          <altitudeMode>clampToGround</altitudeMode>
          <coordinates>153.56951,-28.20158,0</coordinates>
        </Point>
      </Placemark>
      <Placemark>
        <name>16:59:44.438</name>
        <styleUrl>#tracker</styleUrl>
        <description>2026-09-26T16:59:44.438+10:00; satellites 24; HDOP 0.6; RSSI -53</description>
        <TimeStamp>
          <when>2026-09-26T16:59:44.438+10:00</when>
        </TimeStamp>
        <Point>
          <altitudeMode>clampToGround</altitudeMode>
          <coordinates>153.56951,-28.20158,0</coordinates>
        </Point>
      </Placemark>
      <Placemark>
        <name>16:59:45.437</name>
        <styleUrl>#tracker</styleUrl>
        <description>2026-09-26T16:59:45.437+10:00; satellites 24; HDOP 0.6; RSSI -52</description>
        <TimeStamp>
          <when>2026-09-26T16:59:45.437+10:00</when>
        </TimeStamp>
        <Point>
          <altitudeMode>clampToGround</altitudeMode>
          <coordinates>153.56951,-28.20158,0</coordinates>
        </Point>
      </Placemark>
      <Placemark>
        <name>16:59:46.438</name>
        <styleUrl>#tracker</styleUrl>
        <description>2026-09-26T16:59:46.438+10:00; satellites 24; HDOP 0.6; RSSI -53</description>
        <TimeStamp>
          <when>2026-09-26T16:59:46.438+10:00</when>
        </TimeStamp>
        <Point>
          <altitudeMode>clampToGround</altitudeMode>
          <coordinates>153.56951,-28.20158,0</coordinates>
        </Point>
      </Placemark>
      <Placemark>
        <name>16:59:47.437</name>
        <styleUrl>#tracker</styleUrl>
        <description>2026-09-26T16:59:47.437+10:00; satellites 24; HDOP 0.6; RSSI -53</description>
        <TimeStamp>
          <when>2026-09-26T16:59:47.437+10:00</when>
        </TimeStamp>
        <Point>
          <altitudeMode>clampToGround</altitudeMode>
          <coordinates>153.56951,-28.20158,0</coordinates>
        </Point>
      </Placemark>
      <Placemark>
        <name>16:59:48.437</name>
        <styleUrl>#tracker</styleUrl>
        <description>2026-09-26T16:59:48.437+10:00; satellites 24; HDOP 0.6; RSSI -52</description>
        <TimeStamp>
          <when>2026-09-26T16:59:48.437+10:00</when>
        </TimeStamp>
        <Point>
          <altitudeMode>clampToGround</altitudeMode>
          <coordinates>153.56951,-28.20158,0</coordinates>
        </Point>
      </Placemark>
      <Placemark>
        <name>16:59:49.438</name>
        <styleUrl>#tracker</styleUrl>
        <description>2026-09-26T16:59:49.438+10:00; satellites 24; HDOP 0.6; RSSI -52</description>
        <TimeStamp>
          <when>2026-09-26T16:59:49.438+10:00</when>
        </TimeStamp>
        <Point>
          <altitudeMode>clampToGround</altitudeMode>
          <coordinates>153.56951,-28.20158,0</coordinates>
        </Point>
      </Placemark>
      <Placemark>
        <name>16:59:50.439</name>
        <styleUrl>#tracker</styleUrl>
        <description>2026-09-26T16:59:50.439+10:00; satellites 24; HDOP 0.6; RSSI -52</description>
        <TimeStamp>
          <when>2026-09-26T16:59:50.439+10:00</when>
        </TimeStamp>
        <Point>
          <altitudeMode>clampToGround</altitudeMode>
          <coordinates>153.56951,-28.20158,0</coordinates>
        </Point>
      </Placemark>
      <Placemark>
        <name>16:59:51.439</name>
        <styleUrl>#tracker</styleUrl>
        <description>2026-09-26T16:59:51.439+10:00; satellites 24; HDOP 0.6; RSSI -53</description>
        <TimeStamp>
          <when>2026-09-26T16:59:51.439+10:00</when>
        </TimeStamp>
        <Point>
          <altitudeMode>clampToGround</altitudeMode>
          <coordinates>153.56951,-28.20158,0</coordinates>
        </Point>
      </Placemark>
      <Placemark>
        <name>16:59:52.438</name>
        <styleUrl>#tracker</styleUrl>
        <description>2026-09-26T16:59:52.438+10:00; satellites 24; HDOP 0.6; RSSI -53</description>
        <TimeStamp>
          <when>2026-09-26T16:59:52.438+10:00</when>
        </TimeStamp>
        <Point>
          <altitudeMode>clampToGround</altitudeMode>
          <coordinates>153.56951,-28.20158,0</coordinates>
        </Point>
      </Placemark>
      <Placemark>
        <name>16:59:53.438</name>
        <styleUrl>#tracker</styleUrl>
        <description>2026-09-26T16:59:53.438+10:00; satellites 24; HDOP 0.6; RSSI -52</description>
        <TimeStamp>
          <when>2026-09-26T16:59:53.438+10:00</when>
        </TimeStamp>
        <Point>
          <altitudeMode>clampToGround</altitudeMode>
          <coordinates>153.56951,-28.20158,0</coordinates>
        </Point>
      </Placemark>
      <Placemark>
        <name>16:59:54.440</name>
        <styleUrl>#tracker</styleUrl>
        <description>2026-09-26T16:59:54.440+10:00; satellites 24; HDOP 0.6; RSSI -53</description>
        <TimeStamp>
          <when>2026-09-26T16:59:54.440+10:00</when>
        </TimeStamp>
        <Point>
          <altitudeMode>clampToGround</altitudeMode>
          <coordinates>153.56951,-28.20158,0</coordinates>
        </Point>
      </Placemark>
      <Placemark>
        <name>16:59:55.438</name>
        <styleUrl>#tracker</styleUrl>
        <description>2026-09-26T16:59:55.438+10:00; satellites 24; HDOP 0.6; RSSI -53</description>
        <TimeStamp>
          <when>2026-09-26T16:59:55.438+10:00</when>
        </TimeStamp>
        <Point>
          <altitudeMode>clampToGround</altitudeMode>
          <coordinates>153.56951,-28.20158,0</coordinates>
        </Point>
      </Placemark>
      <Placemark>
        <name>16:59:56.437</name>
        <styleUrl>#tracker</styleUrl>
        <description>2026-09-26T16:59:56.437+10:00; satellites 24; HDOP 0.6; RSSI -53</description>
        <TimeStamp>
          <when>2026-09-26T16:59:56.437+10:00</when>
        </TimeStamp>
        <Point>
          <altitudeMode>clampToGround</altitudeMode>
          <coordinates>153.56951,-28.20158,0</coordinates>
        </Point>
      </Placemark>
      <Placemark>
        <name>16:59:57.438</name>
        <styleUrl>#tracker</styleUrl>
        <description>2026-09-26T16:59:57.438+10:00; satellites 24; HDOP 0.6; RSSI -53</description>
        <TimeStamp>
          <when>2026-09-26T16:59:57.438+10:00</when>
        </TimeStamp>
        <Point>
          <altitudeMode>clampToGround</altitudeMode>
          <coordinates>153.56951,-28.20158,0</coordinates>
        </Point>
      </Placemark>
      <Placemark>
        <name>16:59:58.437</name>
        <styleUrl>#tracker</styleUrl>
        <description>2026-09-26T16:59:58.437+10:00; satellites 24; HDOP 0.6; RSSI -53</description>
        <TimeStamp>
          <when>2026-09-26T16:59:58.437+10:00</when>
        </TimeStamp>
        <Point>
          <altitudeMode>clampToGround</altitudeMode>
          <coordinates>153.56951,-28.20158,0</coordinates>
        </Point>
      </Placemark>
      <Placemark>
        <name>16:59:59.442</name>
        <styleUrl>#tracker</styleUrl>
        <description>2026-09-26T16:59:59.442+10:00; satellites 24; HDOP 0.6; RSSI -53</description>
        <TimeStamp>
          <when>2026-09-26T16:59:59.442+10:00</when>
        </TimeStamp>
        <Point>
          <altitudeMode>clampToGround</altitudeMode>
          <coordinates>153.56951,-28.20158,0</coordinates>
        </Point>
      </Placemark>
      <Placemark>
        <name>17:00:00.443</name>
        <styleUrl>#tracker</styleUrl>
        <description>2026-09-26T17:00:00.443+10:00; satellites 24; HDOP 0.6; RSSI -53</description>
        <TimeStamp>
          <when>2026-09-26T17:00:00.443+10:00</when>
        </TimeStamp>
        <Point>
          <altitudeMode>clampToGround</altitudeMode>
          <coordinates>153.56951,-28.20158,0</coordinates>
        </Point>
      </Placemark>
      <Placemark>
        <name>17:00:01.441</name>
        <styleUrl>#tracker</styleUrl>
        <description>2026-09-26T17:00:01.441+10:00; satellites 23; HDOP 0.6; RSSI -52</description>
        <TimeStamp>
          <when>2026-09-26T17:00:01.441+10:00</when>
        </TimeStamp>
        <Point>
          <altitudeMode>clampToGround</altitudeMode>
          <coordinates>153.56951,-28.20158,0</coordinates>
        </Point>
      </Placemark>
      <Placemark>
        <name>17:00:02.439</name>
        <styleUrl>#tracker</styleUrl>
        <description>2026-09-26T17:00:02.439+10:00; satellites 24; HDOP 0.6; RSSI -52</description>
        <TimeStamp>
          <when>2026-09-26T17:00:02.439+10:00</when>
        </TimeStamp>
        <Point>
          <altitudeMode>clampToGround</altitudeMode>
          <coordinates>153.56951,-28.20158,0</coordinates>
        </Point>
      </Placemark>
      <Placemark>
        <name>17:00:03.438</name>
        <styleUrl>#tracker</styleUrl>
        <description>2026-09-26T17:00:03.438+10:00; satellites 24; HDOP 0.6; RSSI -53</description>
        <TimeStamp>
          <when>2026-09-26T17:00:03.438+10:00</when>
        </TimeStamp>
        <Point>
          <altitudeMode>clampToGround</altitudeMode>
          <coordinates>153.56951,-28.20158,0</coordinates>
        </Point>
      </Placemark>
      <Placemark>
        <name>17:00:04.437</name>
        <styleUrl>#tracker</styleUrl>
        <description>2026-09-26T17:00:04.437+10:00; satellites 24; HDOP 0.6; RSSI -54</description>
        <TimeStamp>
          <when>2026-09-26T17:00:04.437+10:00</when>
        </TimeStamp>
        <Point>
          <altitudeMode>clampToGround</altitudeMode>
          <coordinates>153.56951,-28.20158,0</coordinates>
        </Point>
      </Placemark>
      <Placemark>
        <name>17:00:05.440</name>
        <styleUrl>#tracker</styleUrl>
        <description>2026-09-26T17:00:05.440+10:00; satellites 24; HDOP 0.6; RSSI -52</description>
        <TimeStamp>
          <when>2026-09-26T17:00:05.440+10:00</when>
        </TimeStamp>
        <Point>
          <altitudeMode>clampToGround</altitudeMode>
          <coordinates>153.56951,-28.20158,0</coordinates>
        </Point>
      </Placemark>
      <Placemark>
        <name>17:00:06.440</name>
        <styleUrl>#tracker</styleUrl>
        <description>2026-09-26T17:00:06.440+10:00; satellites 24; HDOP 0.6; RSSI -53</description>
        <TimeStamp>
          <when>2026-09-26T17:00:06.440+10:00</when>
        </TimeStamp>
        <Point>
          <altitudeMode>clampToGround</altitudeMode>
          <coordinates>153.56951,-28.20158,0</coordinates>
        </Point>
      </Placemark>
      <Placemark>
        <name>17:00:07.438</name>
        <styleUrl>#tracker</styleUrl>
        <description>2026-09-26T17:00:07.438+10:00; satellites 24; HDOP 0.6; RSSI -54</description>
        <TimeStamp>
          <when>2026-09-26T17:00:07.438+10:00</when>
        </TimeStamp>
        <Point>
          <altitudeMode>clampToGround</altitudeMode>
          <coordinates>153.56951,-28.20158,0</coordinates>
        </Point>
      </Placemark>
      <Placemark>
        <name>17:00:08.440</name>
        <styleUrl>#tracker</styleUrl>
        <description>2026-09-26T17:00:08.440+10:00; satellites 24; HDOP 0.6; RSSI -57</description>
        <TimeStamp>
          <when>2026-09-26T17:00:08.440+10:00</when>
        </TimeStamp>
        <Point>
          <altitudeMode>clampToGround</altitudeMode>
          <coordinates>153.56951,-28.20158,0</coordinates>
        </Point>
      </Placemark>
      <Placemark>
        <name>17:00:09.440</name>
        <styleUrl>#tracker</styleUrl>
        <description>2026-09-26T17:00:09.440+10:00; satellites 24; HDOP 0.6; RSSI -62</description>
        <TimeStamp>
          <when>2026-09-26T17:00:09.440+10:00</when>
        </TimeStamp>
        <Point>
          <altitudeMode>clampToGround</altitudeMode>
          <coordinates>153.56951,-28.20158,0</coordinates>
        </Point>
      </Placemark>
      <Placemark>
        <name>17:00:10.444</name>
        <styleUrl>#tracker</styleUrl>
        <description>2026-09-26T17:00:10.444+10:00; satellites 24; HDOP 0.6; RSSI -51</description>
        <TimeStamp>
          <when>2026-09-26T17:00:10.444+10:00</when>
        </TimeStamp>
        <Point>
          <altitudeMode>clampToGround</altitudeMode>
          <coordinates>153.56951,-28.20158,0</coordinates>
        </Point>
      </Placemark>
      <Placemark>
        <name>17:00:11.442</name>
        <styleUrl>#tracker</styleUrl>
        <description>2026-09-26T17:00:11.442+10:00; satellites 24; HDOP 0.6; RSSI -49</description>
        <TimeStamp>
          <when>2026-09-26T17:00:11.442+10:00</when>
        </TimeStamp>
        <Point>
          <altitudeMode>clampToGround</altitudeMode>
          <coordinates>153.56951,-28.20158,0</coordinates>
        </Point>
      </Placemark>
      <Placemark>
        <name>17:00:12.438</name>
        <styleUrl>#tracker</styleUrl>
        <description>2026-09-26T17:00:12.438+10:00; satellites 24; HDOP 0.6; RSSI -56</description>
        <TimeStamp>
          <when>2026-09-26T17:00:12.438+10:00</when>
        </TimeStamp>
        <Point>
          <altitudeMode>clampToGround</altitudeMode>
          <coordinates>153.56951,-28.20158,0</coordinates>
        </Point>
      </Placemark>
      <Placemark>
        <name>17:00:13.438</name>
        <styleUrl>#tracker</styleUrl>
        <description>2026-09-26T17:00:13.438+10:00; satellites 24; HDOP 0.6; RSSI -70</description>
        <TimeStamp>
          <when>2026-09-26T17:00:13.438+10:00</when>
        </TimeStamp>
        <Point>
          <altitudeMode>clampToGround</altitudeMode>
          <coordinates>153.56951,-28.20158,0</coordinates>
        </Point>
      </Placemark>
      <Placemark>
        <name>17:00:14.438</name>
        <styleUrl>#tracker</styleUrl>
        <description>2026-09-26T17:00:14.438+10:00; satellites 24; HDOP 0.6; RSSI -63</description>
        <TimeStamp>
          <when>2026-09-26T17:00:14.438+10:00</when>
        </TimeStamp>
        <Point>
          <altitudeMode>clampToGround</altitudeMode>
          <coordinates>153.56951,-28.20158,0</coordinates>
        </Point>
      </Placemark>
      <Placemark>
        <name>17:00:15.439</name>
        <styleUrl>#tracker</styleUrl>
        <description>2026-09-26T17:00:15.439+10:00; satellites 24; HDOP 0.6; RSSI -68</description>
        <TimeStamp>
          <when>2026-09-26T17:00:15.439+10:00</when>
        </TimeStamp>
        <Point>
          <altitudeMode>clampToGround</altitudeMode>
          <coordinates>153.56951,-28.20157,0</coordinates>
        </Point>
      </Placemark>
      <Placemark>
        <name>17:00:16.439</name>
        <styleUrl>#tracker</styleUrl>
        <description>2026-09-26T17:00:16.439+10:00; satellites 24; HDOP 0.6; RSSI -68</description>
        <TimeStamp>
          <when>2026-09-26T17:00:16.439+10:00</when>
        </TimeStamp>
        <Point>
          <altitudeMode>clampToGround</altitudeMode>
          <coordinates>153.56951,-28.20157,0</coordinates>
        </Point>
      </Placemark>
      <Placemark>
        <name>17:00:17.441</name>
        <styleUrl>#tracker</styleUrl>
        <description>2026-09-26T17:00:17.441+10:00; satellites 24; HDOP 0.6; RSSI -80</description>
        <TimeStamp>
          <when>2026-09-26T17:00:17.441+10:00</when>
        </TimeStamp>
        <Point>
          <altitudeMode>clampToGround</altitudeMode>
          <coordinates>153.56951,-28.20156,0</coordinates>
        </Point>
      </Placemark>
      <Placemark>
        <name>17:00:18.438</name>
        <styleUrl>#tracker</styleUrl>
        <description>2026-09-26T17:00:18.438+10:00; satellites 24; HDOP 0.6; RSSI -72</description>
        <TimeStamp>
          <when>2026-09-26T17:00:18.438+10:00</when>
        </TimeStamp>
        <Point>
          <altitudeMode>clampToGround</altitudeMode>
          <coordinates>153.56953,-28.20156,0</coordinates>
        </Point>
      </Placemark>
      <Placemark>
        <name>17:00:19.452</name>
        <styleUrl>#tracker</styleUrl>
        <description>2026-09-26T17:00:19.452+10:00; satellites 24; HDOP 0.6; RSSI -77</description>
        <TimeStamp>
          <when>2026-09-26T17:00:19.452+10:00</when>
        </TimeStamp>
        <Point>
          <altitudeMode>clampToGround</altitudeMode>
          <coordinates>153.56954,-28.20155,0</coordinates>
        </Point>
      </Placemark>
      <Placemark>
        <name>17:00:20.439</name>
        <styleUrl>#tracker</styleUrl>
        <description>2026-09-26T17:00:20.439+10:00; satellites 24; HDOP 0.6; RSSI -76</description>
        <TimeStamp>
          <when>2026-09-26T17:00:20.439+10:00</when>
        </TimeStamp>
        <Point>
          <altitudeMode>clampToGround</altitudeMode>
          <coordinates>153.56955,-28.20155,0</coordinates>
        </Point>
      </Placemark>
      <Placemark>
        <name>17:00:21.438</name>
        <styleUrl>#tracker</styleUrl>
        <description>2026-09-26T17:00:21.438+10:00; satellites 24; HDOP 0.6; RSSI -81</description>
        <TimeStamp>
          <when>2026-09-26T17:00:21.438+10:00</when>
        </TimeStamp>
        <Point>
          <altitudeMode>clampToGround</altitudeMode>
          <coordinates>153.56955,-28.20155,0</coordinates>
        </Point>
      </Placemark>
      <Placemark>
        <name>17:00:22.439</name>
        <styleUrl>#tracker</styleUrl>
        <description>2026-09-26T17:00:22.439+10:00; satellites 23; HDOP 0.6; RSSI -72</description>
        <TimeStamp>
          <when>2026-09-26T17:00:22.439+10:00</when>
        </TimeStamp>
        <Point>
          <altitudeMode>clampToGround</altitudeMode>
          <coordinates>153.56955,-28.20156,0</coordinates>
        </Point>
      </Placemark>
      <Placemark>
        <name>17:00:23.439</name>
        <styleUrl>#tracker</styleUrl>
        <description>2026-09-26T17:00:23.439+10:00; satellites 23; HDOP 0.6; RSSI -95</description>
        <TimeStamp>
          <when>2026-09-26T17:00:23.439+10:00</when>
        </TimeStamp>
        <Point>
          <altitudeMode>clampToGround</altitudeMode>
          <coordinates>153.56955,-28.20156,0</coordinates>
        </Point>
      </Placemark>
      <Placemark>
        <name>17:00:24.439</name>
        <styleUrl>#tracker</styleUrl>
        <description>2026-09-26T17:00:24.439+10:00; satellites 24; HDOP 0.6; RSSI -81</description>
        <TimeStamp>
          <when>2026-09-26T17:00:24.439+10:00</when>
        </TimeStamp>
        <Point>
          <altitudeMode>clampToGround</altitudeMode>
          <coordinates>153.56954,-28.20156,0</coordinates>
        </Point>
      </Placemark>
      <Placemark>
        <name>17:00:25.440</name>
        <styleUrl>#tracker</styleUrl>
        <description>2026-09-26T17:00:25.440+10:00; satellites 24; HDOP 0.6; RSSI -79</description>
        <TimeStamp>
          <when>2026-09-26T17:00:25.440+10:00</when>
        </TimeStamp>
        <Point>
          <altitudeMode>clampToGround</altitudeMode>
          <coordinates>153.56955,-28.20156,0</coordinates>
        </Point>
      </Placemark>
      <Placemark>
        <name>17:00:26.440</name>
        <styleUrl>#tracker</styleUrl>
        <description>2026-09-26T17:00:26.440+10:00; satellites 24; HDOP 0.6; RSSI -78</description>
        <TimeStamp>
          <when>2026-09-26T17:00:26.440+10:00</when>
        </TimeStamp>
        <Point>
          <altitudeMode>clampToGround</altitudeMode>
          <coordinates>153.56956,-28.20156,0</coordinates>
        </Point>
      </Placemark>
      <Placemark>
        <name>17:00:27.439</name>
        <styleUrl>#tracker</styleUrl>
        <description>2026-09-26T17:00:27.439+10:00; satellites 24; HDOP 0.6; RSSI -78</description>
        <TimeStamp>
          <when>2026-09-26T17:00:27.439+10:00</when>
        </TimeStamp>
        <Point>
          <altitudeMode>clampToGround</altitudeMode>
          <coordinates>153.56958,-28.20156,0</coordinates>
        </Point>
      </Placemark>
      <Placemark>
        <name>17:00:28.440</name>
        <styleUrl>#tracker</styleUrl>
        <description>2026-09-26T17:00:28.440+10:00; satellites 24; HDOP 0.6; RSSI -77</description>
        <TimeStamp>
          <when>2026-09-26T17:00:28.440+10:00</when>
        </TimeStamp>
        <Point>
          <altitudeMode>clampToGround</altitudeMode>
          <coordinates>153.5696,-28.20157,0</coordinates>
        </Point>
      </Placemark>
      <Placemark>
        <name>17:00:29.440</name>
        <styleUrl>#tracker</styleUrl>
        <description>2026-09-26T17:00:29.440+10:00; satellites 24; HDOP 0.6; RSSI -81</description>
        <TimeStamp>
          <when>2026-09-26T17:00:29.440+10:00</when>
        </TimeStamp>
        <Point>
          <altitudeMode>clampToGround</altitudeMode>
          <coordinates>153.56962,-28.20157,0</coordinates>
        </Point>
      </Placemark>
      <Placemark>
        <name>17:00:30.439</name>
        <styleUrl>#tracker</styleUrl>
        <description>2026-09-26T17:00:30.439+10:00; satellites 24; HDOP 0.6; RSSI -85</description>
        <TimeStamp>
          <when>2026-09-26T17:00:30.439+10:00</when>
        </TimeStamp>
        <Point>
          <altitudeMode>clampToGround</altitudeMode>
          <coordinates>153.56963,-28.20157,0</coordinates>
        </Point>
      </Placemark>
      <Placemark>
        <name>17:00:31.439</name>
        <styleUrl>#tracker</styleUrl>
        <description>2026-09-26T17:00:31.439+10:00; satellites 24; HDOP 0.6; RSSI -90</description>
        <TimeStamp>
          <when>2026-09-26T17:00:31.439+10:00</when>
        </TimeStamp>
        <Point>
          <altitudeMode>clampToGround</altitudeMode>
          <coordinates>153.56965,-28.20158,0</coordinates>
        </Point>
      </Placemark>
      <Placemark>
        <name>17:00:32.439</name>
        <styleUrl>#tracker</styleUrl>
        <description>2026-09-26T17:00:32.439+10:00; satellites 24; HDOP 0.6; RSSI -90</description>
        <TimeStamp>
          <when>2026-09-26T17:00:32.439+10:00</when>
        </TimeStamp>
        <Point>
          <altitudeMode>clampToGround</altitudeMode>
          <coordinates>153.56966,-28.20158,0</coordinates>
        </Point>
      </Placemark>
      <Placemark>
        <name>17:00:33.439</name>
        <styleUrl>#tracker</styleUrl>
        <description>2026-09-26T17:00:33.439+10:00; satellites 24; HDOP 0.6; RSSI -91</description>
        <TimeStamp>
          <when>2026-09-26T17:00:33.439+10:00</when>
        </TimeStamp>
        <Point>
          <altitudeMode>clampToGround</altitudeMode>
          <coordinates>153.56968,-28.20158,0</coordinates>
        </Point>
      </Placemark>
      <Placemark>
        <name>17:00:34.439</name>
        <styleUrl>#tracker</styleUrl>
        <description>2026-09-26T17:00:34.439+10:00; satellites 24; HDOP 0.6; RSSI -91</description>
        <TimeStamp>
          <when>2026-09-26T17:00:34.439+10:00</when>
        </TimeStamp>
        <Point>
          <altitudeMode>clampToGround</altitudeMode>
          <coordinates>153.5697,-28.20159,0</coordinates>
        </Point>
      </Placemark>
      <Placemark>
        <name>17:00:35.439</name>
        <styleUrl>#tracker</styleUrl>
        <description>2026-09-26T17:00:35.439+10:00; satellites 24; HDOP 0.6; RSSI -92</description>
        <TimeStamp>
          <when>2026-09-26T17:00:35.439+10:00</when>
        </TimeStamp>
        <Point>
          <altitudeMode>clampToGround</altitudeMode>
          <coordinates>153.56971,-28.20159,0</coordinates>
        </Point>
      </Placemark>
      <Placemark>
        <name>17:00:36.439</name>
        <styleUrl>#tracker</styleUrl>
        <description>2026-09-26T17:00:36.439+10:00; satellites 24; HDOP 0.6; RSSI -89</description>
        <TimeStamp>
          <when>2026-09-26T17:00:36.439+10:00</when>
        </TimeStamp>
        <Point>
          <altitudeMode>clampToGround</altitudeMode>
          <coordinates>153.56973,-28.20159,0</coordinates>
        </Point>
      </Placemark>
      <Placemark>
        <name>17:00:37.439</name>
        <styleUrl>#tracker</styleUrl>
        <description>2026-09-26T17:00:37.439+10:00; satellites 24; HDOP 0.6; RSSI -90</description>
        <TimeStamp>
          <when>2026-09-26T17:00:37.439+10:00</when>
        </TimeStamp>
        <Point>
          <altitudeMode>clampToGround</altitudeMode>
          <coordinates>153.56974,-28.20159,0</coordinates>
        </Point>
      </Placemark>
      <Placemark>
        <name>17:00:38.439</name>
        <styleUrl>#tracker</styleUrl>
        <description>2026-09-26T17:00:38.439+10:00; satellites 24; HDOP 0.6; RSSI -91</description>
        <TimeStamp>
          <when>2026-09-26T17:00:38.439+10:00</when>
        </TimeStamp>
        <Point>
          <altitudeMode>clampToGround</altitudeMode>
          <coordinates>153.56976,-28.2016,0</coordinates>
        </Point>
      </Placemark>
      <Placemark>
        <name>17:00:39.439</name>
        <styleUrl>#tracker</styleUrl>
        <description>2026-09-26T17:00:39.439+10:00; satellites 24; HDOP 0.6; RSSI -91</description>
        <TimeStamp>
          <when>2026-09-26T17:00:39.439+10:00</when>
        </TimeStamp>
        <Point>
          <altitudeMode>clampToGround</altitudeMode>
          <coordinates>153.56977,-28.2016,0</coordinates>
        </Point>
      </Placemark>
      <Placemark>
        <name>17:00:40.443</name>
        <styleUrl>#tracker</styleUrl>
        <description>2026-09-26T17:00:40.443+10:00; satellites 24; HDOP 0.6; RSSI -93</description>
        <TimeStamp>
          <when>2026-09-26T17:00:40.443+10:00</when>
        </TimeStamp>
        <Point>
          <altitudeMode>clampToGround</altitudeMode>
          <coordinates>153.56979,-28.2016,0</coordinates>
        </Point>
      </Placemark>
      <Placemark>
        <name>17:00:41.439</name>
        <styleUrl>#tracker</styleUrl>
        <description>2026-09-26T17:00:41.439+10:00; satellites 24; HDOP 0.6; RSSI -93</description>
        <TimeStamp>
          <when>2026-09-26T17:00:41.439+10:00</when>
        </TimeStamp>
        <Point>
          <altitudeMode>clampToGround</altitudeMode>
          <coordinates>153.5698,-28.20161,0</coordinates>
        </Point>
      </Placemark>
      <Placemark>
        <name>17:00:42.440</name>
        <styleUrl>#tracker</styleUrl>
        <description>2026-09-26T17:00:42.440+10:00; satellites 24; HDOP 0.6; RSSI -95</description>
        <TimeStamp>
          <when>2026-09-26T17:00:42.440+10:00</when>
        </TimeStamp>
        <Point>
          <altitudeMode>clampToGround</altitudeMode>
          <coordinates>153.56981,-28.20162,0</coordinates>
        </Point>
      </Placemark>
      <Placemark>
        <name>17:00:43.442</name>
        <styleUrl>#tracker</styleUrl>
        <description>2026-09-26T17:00:43.442+10:00; satellites 24; HDOP 0.6; RSSI -98</description>
        <TimeStamp>
          <when>2026-09-26T17:00:43.442+10:00</when>
        </TimeStamp>
        <Point>
          <altitudeMode>clampToGround</altitudeMode>
          <coordinates>153.56982,-28.20163,0</coordinates>
        </Point>
      </Placemark>
      <Placemark>
        <name>17:00:44.443</name>
        <styleUrl>#tracker</styleUrl>
        <description>2026-09-26T17:00:44.443+10:00; satellites 24; HDOP 0.6; RSSI -99</description>
        <TimeStamp>
          <when>2026-09-26T17:00:44.443+10:00</when>
        </TimeStamp>
        <Point>
          <altitudeMode>clampToGround</altitudeMode>
          <coordinates>153.56983,-28.20165,0</coordinates>
        </Point>
      </Placemark>
      <Placemark>
        <name>17:00:45.443</name>
        <styleUrl>#tracker</styleUrl>
        <description>2026-09-26T17:00:45.443+10:00; satellites 24; HDOP 0.6; RSSI -96</description>
        <TimeStamp>
          <when>2026-09-26T17:00:45.443+10:00</when>
        </TimeStamp>
        <Point>
          <altitudeMode>clampToGround</altitudeMode>
          <coordinates>153.56984,-28.20166,0</coordinates>
        </Point>
      </Placemark>
      <Placemark>
        <name>17:00:46.440</name>
        <styleUrl>#tracker</styleUrl>
        <description>2026-09-26T17:00:46.440+10:00; satellites 24; HDOP 0.6; RSSI -102</description>
        <TimeStamp>
          <when>2026-09-26T17:00:46.440+10:00</when>
        </TimeStamp>
        <Point>
          <altitudeMode>clampToGround</altitudeMode>
          <coordinates>153.56986,-28.20167,0</coordinates>
        </Point>
      </Placemark>
      <Placemark>
        <name>17:00:47.442</name>
        <styleUrl>#tracker</styleUrl>
        <description>2026-09-26T17:00:47.442+10:00; satellites 24; HDOP 0.6; RSSI -100</description>
        <TimeStamp>
          <when>2026-09-26T17:00:47.442+10:00</when>
        </TimeStamp>
        <Point>
          <altitudeMode>clampToGround</altitudeMode>
          <coordinates>153.56987,-28.20168,0</coordinates>
        </Point>
      </Placemark>
      <Placemark>
        <name>17:00:48.442</name>
        <styleUrl>#tracker</styleUrl>
        <description>2026-09-26T17:00:48.442+10:00; satellites 24; HDOP 0.6; RSSI -97</description>
        <TimeStamp>
          <when>2026-09-26T17:00:48.442+10:00</when>
        </TimeStamp>
        <Point>
          <altitudeMode>clampToGround</altitudeMode>
          <coordinates>153.56988,-28.2017,0</coordinates>
        </Point>
      </Placemark>
      <Placemark>
        <name>17:00:49.440</name>
        <styleUrl>#tracker</styleUrl>
        <description>2026-09-26T17:00:49.440+10:00; satellites 24; HDOP 0.6; RSSI -99</description>
        <TimeStamp>
          <when>2026-09-26T17:00:49.440+10:00</when>
        </TimeStamp>
        <Point>
          <altitudeMode>clampToGround</altitudeMode>
          <coordinates>153.56989,-28.20171,0</coordinates>
        </Point>
      </Placemark>
      <Placemark>
        <name>17:00:50.441</name>
        <styleUrl>#tracker</styleUrl>
        <description>2026-09-26T17:00:50.441+10:00; satellites 24; HDOP 0.6; RSSI -100</description>
        <TimeStamp>
          <when>2026-09-26T17:00:50.441+10:00</when>
        </TimeStamp>
        <Point>
          <altitudeMode>clampToGround</altitudeMode>
          <coordinates>153.56991,-28.20172,0</coordinates>
        </Point>
      </Placemark>
      <Placemark>
        <name>17:00:51.442</name>
        <styleUrl>#tracker</styleUrl>
        <description>2026-09-26T17:00:51.442+10:00; satellites 24; HDOP 0.6; RSSI -100</description>
        <TimeStamp>
          <when>2026-09-26T17:00:51.442+10:00</when>
        </TimeStamp>
        <Point>
          <altitudeMode>clampToGround</altitudeMode>
          <coordinates>153.56992,-28.20173,0</coordinates>
        </Point>
      </Placemark>
      <Placemark>
        <name>17:00:52.442</name>
        <styleUrl>#tracker</styleUrl>
        <description>2026-09-26T17:00:52.442+10:00; satellites 24; HDOP 0.6; RSSI -100</description>
        <TimeStamp>
          <when>2026-09-26T17:00:52.442+10:00</when>
        </TimeStamp>
        <Point>
          <altitudeMode>clampToGround</altitudeMode>
          <coordinates>153.56993,-28.20174,0</coordinates>
        </Point>
      </Placemark>
      <Placemark>
        <name>17:00:53.442</name>
        <styleUrl>#tracker</styleUrl>
        <description>2026-09-26T17:00:53.442+10:00; satellites 24; HDOP 0.6; RSSI -100</description>
        <TimeStamp>
          <when>2026-09-26T17:00:53.442+10:00</when>
        </TimeStamp>
        <Point>
          <altitudeMode>clampToGround</altitudeMode>
          <coordinates>153.56994,-28.20175,0</coordinates>
        </Point>
      </Placemark>
      <Placemark>
        <name>17:00:54.442</name>
        <styleUrl>#tracker</styleUrl>
        <description>2026-09-26T17:00:54.442+10:00; satellites 24; HDOP 0.6; RSSI -101</description>
        <TimeStamp>
          <when>2026-09-26T17:00:54.442+10:00</when>
        </TimeStamp>
        <Point>
          <altitudeMode>clampToGround</altitudeMode>
          <coordinates>153.56996,-28.20177,0</coordinates>
        </Point>
      </Placemark>
      <Placemark>
        <name>17:00:55.443</name>
        <styleUrl>#tracker</styleUrl>
        <description>2026-09-26T17:00:55.443+10:00; satellites 24; HDOP 0.6; RSSI -100</description>
        <TimeStamp>
          <when>2026-09-26T17:00:55.443+10:00</when>
        </TimeStamp>
        <Point>
          <altitudeMode>clampToGround</altitudeMode>
          <coordinates>153.56997,-28.20178,0</coordinates>
        </Point>
      </Placemark>
      <Placemark>
        <name>17:00:56.442</name>
        <styleUrl>#tracker</styleUrl>
        <description>2026-09-26T17:00:56.442+10:00; satellites 24; HDOP 0.6; RSSI -101</description>
        <TimeStamp>
          <when>2026-09-26T17:00:56.442+10:00</when>
        </TimeStamp>
        <Point>
          <altitudeMode>clampToGround</altitudeMode>
          <coordinates>153.56999,-28.20179,0</coordinates>
        </Point>
      </Placemark>
      <Placemark>
        <name>17:00:57.440</name>
        <styleUrl>#tracker</styleUrl>
        <description>2026-09-26T17:00:57.440+10:00; satellites 24; HDOP 0.6; RSSI -103</description>
        <TimeStamp>
          <when>2026-09-26T17:00:57.440+10:00</when>
        </TimeStamp>
        <Point>
          <altitudeMode>clampToGround</altitudeMode>
          <coordinates>153.57,-28.2018,0</coordinates>
        </Point>
      </Placemark>
      <Placemark>
        <name>17:00:58.443</name>
        <styleUrl>#tracker</styleUrl>
        <description>2026-09-26T17:00:58.443+10:00; satellites 24; HDOP 0.6; RSSI -103</description>
        <TimeStamp>
          <when>2026-09-26T17:00:58.443+10:00</when>
        </TimeStamp>
        <Point>
          <altitudeMode>clampToGround</altitudeMode>
          <coordinates>153.57001,-28.20181,0</coordinates>
        </Point>
      </Placemark>
      <Placemark>
        <name>17:00:59.443</name>
        <styleUrl>#tracker</styleUrl>
        <description>2026-09-26T17:00:59.443+10:00; satellites 24; HDOP 0.6; RSSI -106</description>
        <TimeStamp>
          <when>2026-09-26T17:00:59.443+10:00</when>
        </TimeStamp>
        <Point>
          <altitudeMode>clampToGround</altitudeMode>
          <coordinates>153.57002,-28.20182,0</coordinates>
        </Point>
      </Placemark>
      <Placemark>
        <name>17:01:00.443</name>
        <styleUrl>#tracker</styleUrl>
        <description>2026-09-26T17:01:00.443+10:00; satellites 24; HDOP 0.6; RSSI -104</description>
        <TimeStamp>
          <when>2026-09-26T17:01:00.443+10:00</when>
        </TimeStamp>
        <Point>
          <altitudeMode>clampToGround</altitudeMode>
          <coordinates>153.57003,-28.20183,0</coordinates>
        </Point>
      </Placemark>
      <Placemark>
        <name>17:01:01.441</name>
        <styleUrl>#tracker</styleUrl>
        <description>2026-09-26T17:01:01.441+10:00; satellites 24; HDOP 0.6; RSSI -110</description>
        <TimeStamp>
          <when>2026-09-26T17:01:01.441+10:00</when>
        </TimeStamp>
        <Point>
          <altitudeMode>clampToGround</altitudeMode>
          <coordinates>153.57004,-28.20184,0</coordinates>
        </Point>
      </Placemark>
      <Placemark>
        <name>17:01:02.441</name>
        <styleUrl>#tracker</styleUrl>
        <description>2026-09-26T17:01:02.441+10:00; satellites 24; HDOP 0.6; RSSI -110</description>
        <TimeStamp>
          <when>2026-09-26T17:01:02.441+10:00</when>
        </TimeStamp>
        <Point>
          <altitudeMode>clampToGround</altitudeMode>
          <coordinates>153.57005,-28.20185,0</coordinates>
        </Point>
      </Placemark>
      <Placemark>
        <name>17:01:03.443</name>
        <styleUrl>#tracker</styleUrl>
        <description>2026-09-26T17:01:03.443+10:00; satellites 24; HDOP 0.6; RSSI -108</description>
        <TimeStamp>
          <when>2026-09-26T17:01:03.443+10:00</when>
        </TimeStamp>
        <Point>
          <altitudeMode>clampToGround</altitudeMode>
          <coordinates>153.57007,-28.20186,0</coordinates>
        </Point>
      </Placemark>
      <Placemark>
        <name>17:01:04.441</name>
        <styleUrl>#tracker</styleUrl>
        <description>2026-09-26T17:01:04.441+10:00; satellites 24; HDOP 0.6; RSSI -103</description>
        <TimeStamp>
          <when>2026-09-26T17:01:04.441+10:00</when>
        </TimeStamp>
        <Point>
          <altitudeMode>clampToGround</altitudeMode>
          <coordinates>153.57008,-28.20187,0</coordinates>
        </Point>
      </Placemark>
      <Placemark>
        <name>17:01:05.442</name>
        <styleUrl>#tracker</styleUrl>
        <description>2026-09-26T17:01:05.442+10:00; satellites 24; HDOP 0.6; RSSI -104</description>
        <TimeStamp>
          <when>2026-09-26T17:01:05.442+10:00</when>
        </TimeStamp>
        <Point>
          <altitudeMode>clampToGround</altitudeMode>
          <coordinates>153.57009,-28.20188,0</coordinates>
        </Point>
      </Placemark>
      <Placemark>
        <name>17:01:06.444</name>
        <styleUrl>#tracker</styleUrl>
        <description>2026-09-26T17:01:06.444+10:00; satellites 24; HDOP 0.6; RSSI -113</description>
        <TimeStamp>
          <when>2026-09-26T17:01:06.444+10:00</when>
        </TimeStamp>
        <Point>
          <altitudeMode>clampToGround</altitudeMode>
          <coordinates>153.5701,-28.20188,0</coordinates>
        </Point>
      </Placemark>
      <Placemark>
        <name>17:01:07.442</name>
        <styleUrl>#tracker</styleUrl>
        <description>2026-09-26T17:01:07.442+10:00; satellites 24; HDOP 0.6; RSSI -110</description>
        <TimeStamp>
          <when>2026-09-26T17:01:07.442+10:00</when>
        </TimeStamp>
        <Point>
          <altitudeMode>clampToGround</altitudeMode>
          <coordinates>153.57012,-28.20189,0</coordinates>
        </Point>
      </Placemark>
      <Placemark>
        <name>17:01:08.443</name>
        <styleUrl>#tracker</styleUrl>
        <description>2026-09-26T17:01:08.443+10:00; satellites 24; HDOP 0.6; RSSI -104</description>
        <TimeStamp>
          <when>2026-09-26T17:01:08.443+10:00</when>
        </TimeStamp>
        <Point>
          <altitudeMode>clampToGround</altitudeMode>
          <coordinates>153.57013,-28.2019,0</coordinates>
        </Point>
      </Placemark>
      <Placemark>
        <name>17:01:09.443</name>
        <styleUrl>#tracker</styleUrl>
        <description>2026-09-26T17:01:09.443+10:00; satellites 24; HDOP 0.6; RSSI -105</description>
        <TimeStamp>
          <when>2026-09-26T17:01:09.443+10:00</when>
        </TimeStamp>
        <Point>
          <altitudeMode>clampToGround</altitudeMode>
          <coordinates>153.57013,-28.2019,0</coordinates>
        </Point>
      </Placemark>
      <Placemark>
        <name>17:01:10.443</name>
        <styleUrl>#tracker</styleUrl>
        <description>2026-09-26T17:01:10.443+10:00; satellites 24; HDOP 0.6; RSSI -110</description>
        <TimeStamp>
          <when>2026-09-26T17:01:10.443+10:00</when>
        </TimeStamp>
        <Point>
          <altitudeMode>clampToGround</altitudeMode>
          <coordinates>153.57015,-28.20191,0</coordinates>
        </Point>
      </Placemark>
      <Placemark>
        <name>17:01:11.441</name>
        <styleUrl>#tracker</styleUrl>
        <description>2026-09-26T17:01:11.441+10:00; satellites 24; HDOP 0.6; RSSI -115</description>
        <TimeStamp>
          <when>2026-09-26T17:01:11.441+10:00</when>
        </TimeStamp>
        <Point>
          <altitudeMode>clampToGround</altitudeMode>
          <coordinates>153.57016,-28.20192,0</coordinates>
        </Point>
      </Placemark>
      <Placemark>
        <name>17:01:12.443</name>
        <styleUrl>#tracker</styleUrl>
        <description>2026-09-26T17:01:12.443+10:00; satellites 24; HDOP 0.6; RSSI -112</description>
        <TimeStamp>
          <when>2026-09-26T17:01:12.443+10:00</when>
        </TimeStamp>
        <Point>
          <altitudeMode>clampToGround</altitudeMode>
          <coordinates>153.57017,-28.20193,0</coordinates>
        </Point>
      </Placemark>
      <Placemark>
        <name>17:01:13.442</name>
        <styleUrl>#tracker</styleUrl>
        <description>2026-09-26T17:01:13.442+10:00; satellites 24; HDOP 0.6; RSSI -115</description>
        <TimeStamp>
          <when>2026-09-26T17:01:13.442+10:00</when>
        </TimeStamp>
        <Point>
          <altitudeMode>clampToGround</altitudeMode>
          <coordinates>153.57019,-28.20193,0</coordinates>
        </Point>
      </Placemark>
      <Placemark>
        <name>17:01:14.443</name>
        <styleUrl>#tracker</styleUrl>
        <description>2026-09-26T17:01:14.443+10:00; satellites 24; HDOP 0.6; RSSI -109</description>
        <TimeStamp>
          <when>2026-09-26T17:01:14.443+10:00</when>
        </TimeStamp>
        <Point>
          <altitudeMode>clampToGround</altitudeMode>
          <coordinates>153.5702,-28.20194,0</coordinates>
        </Point>
      </Placemark>
      <Placemark>
        <name>17:01:15.443</name>
        <styleUrl>#tracker</styleUrl>
        <description>2026-09-26T17:01:15.443+10:00; satellites 24; HDOP 0.6; RSSI -112</description>
        <TimeStamp>
          <when>2026-09-26T17:01:15.443+10:00</when>
        </TimeStamp>
        <Point>
          <altitudeMode>clampToGround</altitudeMode>
          <coordinates>153.57021,-28.20194,0</coordinates>
        </Point>
      </Placemark>
      <Placemark>
        <name>17:01:16.444</name>
        <styleUrl>#tracker</styleUrl>
        <description>2026-09-26T17:01:16.444+10:00; satellites 24; HDOP 0.6; RSSI -111</description>
        <TimeStamp>
          <when>2026-09-26T17:01:16.444+10:00</when>
        </TimeStamp>
        <Point>
          <altitudeMode>clampToGround</altitudeMode>
          <coordinates>153.57022,-28.20195,0</coordinates>
        </Point>
      </Placemark>
      <Placemark>
        <name>17:01:17.443</name>
        <styleUrl>#tracker</styleUrl>
        <description>2026-09-26T17:01:17.443+10:00; satellites 24; HDOP 0.6; RSSI -107</description>
        <TimeStamp>
          <when>2026-09-26T17:01:17.443+10:00</when>
        </TimeStamp>
        <Point>
          <altitudeMode>clampToGround</altitudeMode>
          <coordinates>153.57022,-28.20195,0</coordinates>
        </Point>
      </Placemark>
      <Placemark>
        <name>17:01:18.443</name>
        <styleUrl>#tracker</styleUrl>
        <description>2026-09-26T17:01:18.443+10:00; satellites 24; HDOP 0.6; RSSI -111</description>
        <TimeStamp>
          <when>2026-09-26T17:01:18.443+10:00</when>
        </TimeStamp>
        <Point>
          <altitudeMode>clampToGround</altitudeMode>
          <coordinates>153.57023,-28.20196,0</coordinates>
        </Point>
      </Placemark>
      <Placemark>
        <name>17:01:19.443</name>
        <styleUrl>#tracker</styleUrl>
        <description>2026-09-26T17:01:19.443+10:00; satellites 24; HDOP 0.6; RSSI -113</description>
        <TimeStamp>
          <when>2026-09-26T17:01:19.443+10:00</when>
        </TimeStamp>
        <Point>
          <altitudeMode>clampToGround</altitudeMode>
          <coordinates>153.57024,-28.20196,0</coordinates>
        </Point>
      </Placemark>
      <Placemark>
        <name>17:01:20.443</name>
        <styleUrl>#tracker</styleUrl>
        <description>2026-09-26T17:01:20.443+10:00; satellites 24; HDOP 0.6; RSSI -107</description>
        <TimeStamp>
          <when>2026-09-26T17:01:20.443+10:00</when>
        </TimeStamp>
        <Point>
          <altitudeMode>clampToGround</altitudeMode>
          <coordinates>153.57025,-28.20196,0</coordinates>
        </Point>
      </Placemark>
      <Placemark>
        <name>17:01:21.442</name>
        <styleUrl>#tracker</styleUrl>
        <description>2026-09-26T17:01:21.442+10:00; satellites 24; HDOP 0.6; RSSI -115</description>
        <TimeStamp>
          <when>2026-09-26T17:01:21.442+10:00</when>
        </TimeStamp>
        <Point>
          <altitudeMode>clampToGround</altitudeMode>
          <coordinates>153.57026,-28.20196,0</coordinates>
        </Point>
      </Placemark>
      <Placemark>
        <name>17:01:22.444</name>
        <styleUrl>#tracker</styleUrl>
        <description>2026-09-26T17:01:22.444+10:00; satellites 24; HDOP 0.6; RSSI -113</description>
        <TimeStamp>
          <when>2026-09-26T17:01:22.444+10:00</when>
        </TimeStamp>
        <Point>
          <altitudeMode>clampToGround</altitudeMode>
          <coordinates>153.57027,-28.20197,0</coordinates>
        </Point>
      </Placemark>
      <Placemark>
        <name>17:01:23.451</name>
        <styleUrl>#tracker</styleUrl>
        <description>2026-09-26T17:01:23.451+10:00; satellites 24; HDOP 0.6; RSSI -113</description>
        <TimeStamp>
          <when>2026-09-26T17:01:23.451+10:00</when>
        </TimeStamp>
        <Point>
          <altitudeMode>clampToGround</altitudeMode>
          <coordinates>153.57028,-28.20197,0</coordinates>
        </Point>
      </Placemark>
      <Placemark>
        <name>17:01:24.444</name>
        <styleUrl>#tracker</styleUrl>
        <description>2026-09-26T17:01:24.444+10:00; satellites 24; HDOP 0.6; RSSI -112</description>
        <TimeStamp>
          <when>2026-09-26T17:01:24.444+10:00</when>
        </TimeStamp>
        <Point>
          <altitudeMode>clampToGround</altitudeMode>
          <coordinates>153.57028,-28.20197,0</coordinates>
        </Point>
      </Placemark>
      <Placemark>
        <name>17:01:25.443</name>
        <styleUrl>#tracker</styleUrl>
        <description>2026-09-26T17:01:25.443+10:00; satellites 24; HDOP 0.6; RSSI -108</description>
        <TimeStamp>
          <when>2026-09-26T17:01:25.443+10:00</when>
        </TimeStamp>
        <Point>
          <altitudeMode>clampToGround</altitudeMode>
          <coordinates>153.57028,-28.20197,0</coordinates>
        </Point>
      </Placemark>
      <Placemark>
        <name>17:01:26.444</name>
        <styleUrl>#tracker</styleUrl>
        <description>2026-09-26T17:01:26.444+10:00; satellites 24; HDOP 0.6; RSSI -109</description>
        <TimeStamp>
          <when>2026-09-26T17:01:26.444+10:00</when>
        </TimeStamp>
        <Point>
          <altitudeMode>clampToGround</altitudeMode>
          <coordinates>153.57028,-28.20197,0</coordinates>
        </Point>
      </Placemark>
      <Placemark>
        <name>17:01:27.442</name>
        <styleUrl>#tracker</styleUrl>
        <description>2026-09-26T17:01:27.442+10:00; satellites 24; HDOP 0.6; RSSI -109</description>
        <TimeStamp>
          <when>2026-09-26T17:01:27.442+10:00</when>
        </TimeStamp>
        <Point>
          <altitudeMode>clampToGround</altitudeMode>
          <coordinates>153.57029,-28.20198,0</coordinates>
        </Point>
      </Placemark>
      <Placemark>
        <name>17:01:28.447</name>
        <styleUrl>#tracker</styleUrl>
        <description>2026-09-26T17:01:28.447+10:00; satellites 24; HDOP 0.6; RSSI -107</description>
        <TimeStamp>
          <when>2026-09-26T17:01:28.447+10:00</when>
        </TimeStamp>
        <Point>
          <altitudeMode>clampToGround</altitudeMode>
          <coordinates>153.57031,-28.20198,0</coordinates>
        </Point>
      </Placemark>
      <Placemark>
        <name>17:01:29.445</name>
        <styleUrl>#tracker</styleUrl>
        <description>2026-09-26T17:01:29.445+10:00; satellites 24; HDOP 0.6; RSSI -114</description>
        <TimeStamp>
          <when>2026-09-26T17:01:29.445+10:00</when>
        </TimeStamp>
        <Point>
          <altitudeMode>clampToGround</altitudeMode>
          <coordinates>153.57032,-28.20199,0</coordinates>
        </Point>
      </Placemark>
      <Placemark>
        <name>17:01:30.442</name>
        <styleUrl>#tracker</styleUrl>
        <description>2026-09-26T17:01:30.442+10:00; satellites 24; HDOP 0.6; RSSI -109</description>
        <TimeStamp>
          <when>2026-09-26T17:01:30.442+10:00</when>
        </TimeStamp>
        <Point>
          <altitudeMode>clampToGround</altitudeMode>
          <coordinates>153.57033,-28.20199,0</coordinates>
        </Point>
      </Placemark>
      <Placemark>
        <name>17:01:31.444</name>
        <styleUrl>#tracker</styleUrl>
        <description>2026-09-26T17:01:31.444+10:00; satellites 24; HDOP 0.6; RSSI -113</description>
        <TimeStamp>
          <when>2026-09-26T17:01:31.444+10:00</when>
        </TimeStamp>
        <Point>
          <altitudeMode>clampToGround</altitudeMode>
          <coordinates>153.57035,-28.202,0</coordinates>
        </Point>
      </Placemark>
      <Placemark>
        <name>17:01:32.446</name>
        <styleUrl>#tracker</styleUrl>
        <description>2026-09-26T17:01:32.446+10:00; satellites 24; HDOP 0.6; RSSI -110</description>
        <TimeStamp>
          <when>2026-09-26T17:01:32.446+10:00</when>
        </TimeStamp>
        <Point>
          <altitudeMode>clampToGround</altitudeMode>
          <coordinates>153.57036,-28.202,0</coordinates>
        </Point>
      </Placemark>
      <Placemark>
        <name>17:01:33.444</name>
        <styleUrl>#tracker</styleUrl>
        <description>2026-09-26T17:01:33.444+10:00; satellites 24; HDOP 0.6; RSSI -121</description>
        <TimeStamp>
          <when>2026-09-26T17:01:33.444+10:00</when>
        </TimeStamp>
        <Point>
          <altitudeMode>clampToGround</altitudeMode>
          <coordinates>153.57035,-28.202,0</coordinates>
        </Point>
      </Placemark>
      <Placemark>
        <name>17:01:34.443</name>
        <styleUrl>#tracker</styleUrl>
        <description>2026-09-26T17:01:34.443+10:00; satellites 24; HDOP 0.6; RSSI -115</description>
        <TimeStamp>
          <when>2026-09-26T17:01:34.443+10:00</when>
        </TimeStamp>
        <Point>
          <altitudeMode>clampToGround</altitudeMode>
          <coordinates>153.57032,-28.202,0</coordinates>
        </Point>
      </Placemark>
      <Placemark>
        <name>17:01:35.445</name>
        <styleUrl>#tracker</styleUrl>
        <description>2026-09-26T17:01:35.445+10:00; satellites 24; HDOP 0.6; RSSI -114</description>
        <TimeStamp>
          <when>2026-09-26T17:01:35.445+10:00</when>
        </TimeStamp>
        <Point>
          <altitudeMode>clampToGround</altitudeMode>
          <coordinates>153.57031,-28.20201,0</coordinates>
        </Point>
      </Placemark>
      <Placemark>
        <name>17:01:36.442</name>
        <styleUrl>#tracker</styleUrl>
        <description>2026-09-26T17:01:36.442+10:00; satellites 24; HDOP 0.6; RSSI -116</description>
        <TimeStamp>
          <when>2026-09-26T17:01:36.442+10:00</when>
        </TimeStamp>
        <Point>
          <altitudeMode>clampToGround</altitudeMode>
          <coordinates>153.57031,-28.202,0</coordinates>
        </Point>
      </Placemark>
      <Placemark>
        <name>17:01:37.443</name>
        <styleUrl>#tracker</styleUrl>
        <description>2026-09-26T17:01:37.443+10:00; satellites 24; HDOP 0.6; RSSI -116</description>
        <TimeStamp>
          <when>2026-09-26T17:01:37.443+10:00</when>
        </TimeStamp>
        <Point>
          <altitudeMode>clampToGround</altitudeMode>
          <coordinates>153.57031,-28.20201,0</coordinates>
        </Point>
      </Placemark>
      <Placemark>
        <name>17:01:38.446</name>
        <styleUrl>#tracker</styleUrl>
        <description>2026-09-26T17:01:38.446+10:00; satellites 24; HDOP 0.6; RSSI -110</description>
        <TimeStamp>
          <when>2026-09-26T17:01:38.446+10:00</when>
        </TimeStamp>
        <Point>
          <altitudeMode>clampToGround</altitudeMode>
          <coordinates>153.57031,-28.20201,0</coordinates>
        </Point>
      </Placemark>
      <Placemark>
        <name>17:01:39.444</name>
        <styleUrl>#tracker</styleUrl>
        <description>2026-09-26T17:01:39.444+10:00; satellites 24; HDOP 0.6; RSSI -116</description>
        <TimeStamp>
          <when>2026-09-26T17:01:39.444+10:00</when>
        </TimeStamp>
        <Point>
          <altitudeMode>clampToGround</altitudeMode>
          <coordinates>153.57032,-28.20201,0</coordinates>
        </Point>
      </Placemark>
      <Placemark>
        <name>17:01:40.446</name>
        <styleUrl>#tracker</styleUrl>
        <description>2026-09-26T17:01:40.446+10:00; satellites 24; HDOP 0.6; RSSI -114</description>
        <TimeStamp>
          <when>2026-09-26T17:01:40.446+10:00</when>
        </TimeStamp>
        <Point>
          <altitudeMode>clampToGround</altitudeMode>
          <coordinates>153.57032,-28.20201,0</coordinates>
        </Point>
      </Placemark>
      <Placemark>
        <name>17:01:41.444</name>
        <styleUrl>#tracker</styleUrl>
        <description>2026-09-26T17:01:41.444+10:00; satellites 24; HDOP 0.6; RSSI -115</description>
        <TimeStamp>
          <when>2026-09-26T17:01:41.444+10:00</when>
        </TimeStamp>
        <Point>
          <altitudeMode>clampToGround</altitudeMode>
          <coordinates>153.57034,-28.20202,0</coordinates>
        </Point>
      </Placemark>
      <Placemark>
        <name>17:01:42.444</name>
        <styleUrl>#tracker</styleUrl>
        <description>2026-09-26T17:01:42.444+10:00; satellites 24; HDOP 0.6; RSSI -117</description>
        <TimeStamp>
          <when>2026-09-26T17:01:42.444+10:00</when>
        </TimeStamp>
        <Point>
          <altitudeMode>clampToGround</altitudeMode>
          <coordinates>153.57034,-28.20202,0</coordinates>
        </Point>
      </Placemark>
      <Placemark>
        <name>17:01:43.445</name>
        <styleUrl>#tracker</styleUrl>
        <description>2026-09-26T17:01:43.445+10:00; satellites 24; HDOP 0.6; RSSI -113</description>
        <TimeStamp>
          <when>2026-09-26T17:01:43.445+10:00</when>
        </TimeStamp>
        <Point>
          <altitudeMode>clampToGround</altitudeMode>
          <coordinates>153.57035,-28.20202,0</coordinates>
        </Point>
      </Placemark>
      <Placemark>
        <name>17:01:45.944</name>
        <styleUrl>#tracker</styleUrl>
        <description>2026-09-26T17:01:45.944+10:00; satellites 24; HDOP 0.6; RSSI -118</description>
        <TimeStamp>
          <when>2026-09-26T17:01:45.944+10:00</when>
        </TimeStamp>
        <Point>
          <altitudeMode>clampToGround</altitudeMode>
          <coordinates>153.57039,-28.20204,0</coordinates>
        </Point>
      </Placemark>
      <Placemark>
        <name>17:01:46.944</name>
        <styleUrl>#tracker</styleUrl>
        <description>2026-09-26T17:01:46.944+10:00; satellites 24; HDOP 0.6; RSSI -115</description>
        <TimeStamp>
          <when>2026-09-26T17:01:46.944+10:00</when>
        </TimeStamp>
        <Point>
          <altitudeMode>clampToGround</altitudeMode>
          <coordinates>153.57041,-28.20205,0</coordinates>
        </Point>
      </Placemark>
      <Placemark>
        <name>17:01:47.443</name>
        <styleUrl>#tracker</styleUrl>
        <description>2026-09-26T17:01:47.443+10:00; satellites 24; HDOP 0.6; RSSI -122</description>
        <TimeStamp>
          <when>2026-09-26T17:01:47.443+10:00</when>
        </TimeStamp>
        <Point>
          <altitudeMode>clampToGround</altitudeMode>
          <coordinates>153.57041,-28.20205,0</coordinates>
        </Point>
      </Placemark>
      <Placemark>
        <name>17:01:48.443</name>
        <styleUrl>#tracker</styleUrl>
        <description>2026-09-26T17:01:48.443+10:00; satellites 24; HDOP 0.6; RSSI -118</description>
        <TimeStamp>
          <when>2026-09-26T17:01:48.443+10:00</when>
        </TimeStamp>
        <Point>
          <altitudeMode>clampToGround</altitudeMode>
          <coordinates>153.57043,-28.20205,0</coordinates>
        </Point>
      </Placemark>
      <Placemark>
        <name>17:01:49.443</name>
        <styleUrl>#tracker</styleUrl>
        <description>2026-09-26T17:01:49.443+10:00; satellites 24; HDOP 0.6; RSSI -117</description>
        <TimeStamp>
          <when>2026-09-26T17:01:49.443+10:00</when>
        </TimeStamp>
        <Point>
          <altitudeMode>clampToGround</altitudeMode>
          <coordinates>153.57044,-28.20206,0</coordinates>
        </Point>
      </Placemark>
      <Placemark>
        <name>17:01:50.444</name>
        <styleUrl>#tracker</styleUrl>
        <description>2026-09-26T17:01:50.444+10:00; satellites 24; HDOP 0.6; RSSI -115</description>
        <TimeStamp>
          <when>2026-09-26T17:01:50.444+10:00</when>
        </TimeStamp>
        <Point>
          <altitudeMode>clampToGround</altitudeMode>
          <coordinates>153.57045,-28.20206,0</coordinates>
        </Point>
      </Placemark>
      <Placemark>
        <name>17:01:51.442</name>
        <styleUrl>#tracker</styleUrl>
        <description>2026-09-26T17:01:51.442+10:00; satellites 24; HDOP 0.6; RSSI -114</description>
        <TimeStamp>
          <when>2026-09-26T17:01:51.442+10:00</when>
        </TimeStamp>
        <Point>
          <altitudeMode>clampToGround</altitudeMode>
          <coordinates>153.57046,-28.20207,0</coordinates>
        </Point>
      </Placemark>
      <Placemark>
        <name>17:01:52.445</name>
        <styleUrl>#tracker</styleUrl>
        <description>2026-09-26T17:01:52.445+10:00; satellites 24; HDOP 0.6; RSSI -118</description>
        <TimeStamp>
          <when>2026-09-26T17:01:52.445+10:00</when>
        </TimeStamp>
        <Point>
          <altitudeMode>clampToGround</altitudeMode>
          <coordinates>153.57047,-28.20208,0</coordinates>
        </Point>
      </Placemark>
      <Placemark>
        <name>17:01:54.945</name>
        <styleUrl>#tracker</styleUrl>
        <description>2026-09-26T17:01:54.945+10:00; satellites 24; HDOP 0.6; RSSI -118</description>
        <TimeStamp>
          <when>2026-09-26T17:01:54.945+10:00</when>
        </TimeStamp>
        <Point>
          <altitudeMode>clampToGround</altitudeMode>
          <coordinates>153.57049,-28.20211,0</coordinates>
        </Point>
      </Placemark>
      <Placemark>
        <name>17:01:55.445</name>
        <styleUrl>#tracker</styleUrl>
        <description>2026-09-26T17:01:55.445+10:00; satellites 24; HDOP 0.6; RSSI -120</description>
        <TimeStamp>
          <when>2026-09-26T17:01:55.445+10:00</when>
        </TimeStamp>
        <Point>
          <altitudeMode>clampToGround</altitudeMode>
          <coordinates>153.57049,-28.20211,0</coordinates>
        </Point>
      </Placemark>
      <Placemark>
        <name>17:01:56.445</name>
        <styleUrl>#tracker</styleUrl>
        <description>2026-09-26T17:01:56.445+10:00; satellites 24; HDOP 0.6; RSSI -120</description>
        <TimeStamp>
          <when>2026-09-26T17:01:56.445+10:00</when>
        </TimeStamp>
        <Point>
          <altitudeMode>clampToGround</altitudeMode>
          <coordinates>153.57051,-28.20212,0</coordinates>
        </Point>
      </Placemark>
      <Placemark>
        <name>17:01:57.446</name>
        <styleUrl>#tracker</styleUrl>
        <description>2026-09-26T17:01:57.446+10:00; satellites 24; HDOP 0.6; RSSI -114</description>
        <TimeStamp>
          <when>2026-09-26T17:01:57.446+10:00</when>
        </TimeStamp>
        <Point>
          <altitudeMode>clampToGround</altitudeMode>
          <coordinates>153.57053,-28.20214,0</coordinates>
        </Point>
      </Placemark>
      <Placemark>
        <name>17:01:58.447</name>
        <styleUrl>#tracker</styleUrl>
        <description>2026-09-26T17:01:58.447+10:00; satellites 24; HDOP 0.6; RSSI -117</description>
        <TimeStamp>
          <when>2026-09-26T17:01:58.447+10:00</when>
        </TimeStamp>
        <Point>
          <altitudeMode>clampToGround</altitudeMode>
          <coordinates>153.57054,-28.20215,0</coordinates>
        </Point>
      </Placemark>
      <Placemark>
        <name>17:02:00.447</name>
        <styleUrl>#tracker</styleUrl>
        <description>2026-09-26T17:02:00.447+10:00; satellites 24; HDOP 0.6; RSSI -119</description>
        <TimeStamp>
          <when>2026-09-26T17:02:00.447+10:00</when>
        </TimeStamp>
        <Point>
          <altitudeMode>clampToGround</altitudeMode>
          <coordinates>153.57054,-28.20215,0</coordinates>
        </Point>
      </Placemark>
      <Placemark>
        <name>17:02:01.447</name>
        <styleUrl>#tracker</styleUrl>
        <description>2026-09-26T17:02:01.447+10:00; satellites 24; HDOP 0.6; RSSI -121</description>
        <TimeStamp>
          <when>2026-09-26T17:02:01.447+10:00</when>
        </TimeStamp>
        <Point>
          <altitudeMode>clampToGround</altitudeMode>
          <coordinates>153.57054,-28.20215,0</coordinates>
        </Point>
      </Placemark>
      <Placemark>
        <name>17:02:02.446</name>
        <styleUrl>#tracker</styleUrl>
        <description>2026-09-26T17:02:02.446+10:00; satellites 24; HDOP 0.6; RSSI -118</description>
        <TimeStamp>
          <when>2026-09-26T17:02:02.446+10:00</when>
        </TimeStamp>
        <Point>
          <altitudeMode>clampToGround</altitudeMode>
          <coordinates>153.57054,-28.20215,0</coordinates>
        </Point>
      </Placemark>
      <Placemark>
        <name>17:02:03.946</name>
        <styleUrl>#tracker</styleUrl>
        <description>2026-09-26T17:02:03.946+10:00; satellites 24; HDOP 0.6; RSSI -117</description>
        <TimeStamp>
          <when>2026-09-26T17:02:03.946+10:00</when>
        </TimeStamp>
        <Point>
          <altitudeMode>clampToGround</altitudeMode>
          <coordinates>153.57053,-28.20217,0</coordinates>
        </Point>
      </Placemark>
      <Placemark>
        <name>17:02:04.946</name>
        <styleUrl>#tracker</styleUrl>
        <description>2026-09-26T17:02:04.946+10:00; satellites 24; HDOP 0.6; RSSI -113</description>
        <TimeStamp>
          <when>2026-09-26T17:02:04.946+10:00</when>
        </TimeStamp>
        <Point>
          <altitudeMode>clampToGround</altitudeMode>
          <coordinates>153.57053,-28.20218,0</coordinates>
        </Point>
      </Placemark>
      <Placemark>
        <name>17:02:05.447</name>
        <styleUrl>#tracker</styleUrl>
        <description>2026-09-26T17:02:05.447+10:00; satellites 24; HDOP 0.6; RSSI -113</description>
        <TimeStamp>
          <when>2026-09-26T17:02:05.447+10:00</when>
        </TimeStamp>
        <Point>
          <altitudeMode>clampToGround</altitudeMode>
          <coordinates>153.57053,-28.20218,0</coordinates>
        </Point>
      </Placemark>
      <Placemark>
        <name>17:02:06.447</name>
        <styleUrl>#tracker</styleUrl>
        <description>2026-09-26T17:02:06.447+10:00; satellites 24; HDOP 0.6; RSSI -116</description>
        <TimeStamp>
          <when>2026-09-26T17:02:06.447+10:00</when>
        </TimeStamp>
        <Point>
          <altitudeMode>clampToGround</altitudeMode>
          <coordinates>153.57053,-28.20219,0</coordinates>
        </Point>
      </Placemark>
      <Placemark>
        <name>17:02:08.448</name>
        <styleUrl>#tracker</styleUrl>
        <description>2026-09-26T17:02:08.448+10:00; satellites 24; HDOP 0.6; RSSI -119</description>
        <TimeStamp>
          <when>2026-09-26T17:02:08.448+10:00</when>
        </TimeStamp>
        <Point>
          <altitudeMode>clampToGround</altitudeMode>
          <coordinates>153.57054,-28.20222,0</coordinates>
        </Point>
      </Placemark>
      <Placemark>
        <name>17:02:12.969</name>
        <styleUrl>#tracker</styleUrl>
        <description>2026-09-26T17:02:12.969+10:00; satellites 24; HDOP 0.6; RSSI -121</description>
        <TimeStamp>
          <when>2026-09-26T17:02:12.969+10:00</when>
        </TimeStamp>
        <Point>
          <altitudeMode>clampToGround</altitudeMode>
          <coordinates>153.5706,-28.20227,0</coordinates>
        </Point>
      </Placemark>
      <Placemark>
        <name>17:02:13.448</name>
        <styleUrl>#tracker</styleUrl>
        <description>2026-09-26T17:02:13.448+10:00; satellites 24; HDOP 0.6; RSSI -121</description>
        <TimeStamp>
          <when>2026-09-26T17:02:13.448+10:00</when>
        </TimeStamp>
        <Point>
          <altitudeMode>clampToGround</altitudeMode>
          <coordinates>153.5706,-28.20227,0</coordinates>
        </Point>
      </Placemark>
      <Placemark>
        <name>17:02:14.447</name>
        <styleUrl>#tracker</styleUrl>
        <description>2026-09-26T17:02:14.447+10:00; satellites 24; HDOP 0.6; RSSI -120</description>
        <TimeStamp>
          <when>2026-09-26T17:02:14.447+10:00</when>
        </TimeStamp>
        <Point>
          <altitudeMode>clampToGround</altitudeMode>
          <coordinates>153.57061,-28.20228,0</coordinates>
        </Point>
      </Placemark>
      <Placemark>
        <name>17:02:15.446</name>
        <styleUrl>#tracker</styleUrl>
        <description>2026-09-26T17:02:15.446+10:00; satellites 24; HDOP 0.6; RSSI -122</description>
        <TimeStamp>
          <when>2026-09-26T17:02:15.446+10:00</when>
        </TimeStamp>
        <Point>
          <altitudeMode>clampToGround</altitudeMode>
          <coordinates>153.57061,-28.20229,0</coordinates>
        </Point>
      </Placemark>
      <Placemark>
        <name>17:02:17.449</name>
        <styleUrl>#tracker</styleUrl>
        <description>2026-09-26T17:02:17.449+10:00; satellites 24; HDOP 0.6; RSSI -120</description>
        <TimeStamp>
          <when>2026-09-26T17:02:17.449+10:00</when>
        </TimeStamp>
        <Point>
          <altitudeMode>clampToGround</altitudeMode>
          <coordinates>153.57061,-28.2023,0</coordinates>
        </Point>
      </Placemark>
      <Placemark>
        <name>17:02:18.446</name>
        <styleUrl>#tracker</styleUrl>
        <description>2026-09-26T17:02:18.446+10:00; satellites 24; HDOP 0.6; RSSI -122</description>
        <TimeStamp>
          <when>2026-09-26T17:02:18.446+10:00</when>
        </TimeStamp>
        <Point>
          <altitudeMode>clampToGround</altitudeMode>
          <coordinates>153.57061,-28.20231,0</coordinates>
        </Point>
      </Placemark>
      <Placemark>
        <name>17:02:20.945</name>
        <styleUrl>#tracker</styleUrl>
        <description>2026-09-26T17:02:20.945+10:00; satellites 24; HDOP 0.6; RSSI -120</description>
        <TimeStamp>
          <when>2026-09-26T17:02:20.945+10:00</when>
        </TimeStamp>
        <Point>
          <altitudeMode>clampToGround</altitudeMode>
          <coordinates>153.5706,-28.20232,0</coordinates>
        </Point>
      </Placemark>
      <Placemark>
        <name>17:02:21.947</name>
        <styleUrl>#tracker</styleUrl>
        <description>2026-09-26T17:02:21.947+10:00; satellites 24; HDOP 0.6; RSSI -117</description>
        <TimeStamp>
          <when>2026-09-26T17:02:21.947+10:00</when>
        </TimeStamp>
        <Point>
          <altitudeMode>clampToGround</altitudeMode>
          <coordinates>153.57058,-28.20232,0</coordinates>
        </Point>
      </Placemark>
      <Placemark>
        <name>17:02:22.447</name>
        <styleUrl>#tracker</styleUrl>
        <description>2026-09-26T17:02:22.447+10:00; satellites 24; HDOP 0.6; RSSI -121</description>
        <TimeStamp>
          <when>2026-09-26T17:02:22.447+10:00</when>
        </TimeStamp>
        <Point>
          <altitudeMode>clampToGround</altitudeMode>
          <coordinates>153.57058,-28.20232,0</coordinates>
        </Point>
      </Placemark>
      <Placemark>
        <name>17:02:23.447</name>
        <styleUrl>#tracker</styleUrl>
        <description>2026-09-26T17:02:23.447+10:00; satellites 24; HDOP 0.6; RSSI -120</description>
        <TimeStamp>
          <when>2026-09-26T17:02:23.447+10:00</when>
        </TimeStamp>
        <Point>
          <altitudeMode>clampToGround</altitudeMode>
          <coordinates>153.57057,-28.20231,0</coordinates>
        </Point>
      </Placemark>
      <Placemark>
        <name>17:02:24.446</name>
        <styleUrl>#tracker</styleUrl>
        <description>2026-09-26T17:02:24.446+10:00; satellites 24; HDOP 0.6; RSSI -121</description>
        <TimeStamp>
          <when>2026-09-26T17:02:24.446+10:00</when>
        </TimeStamp>
        <Point>
          <altitudeMode>clampToGround</altitudeMode>
          <coordinates>153.57056,-28.20231,0</coordinates>
        </Point>
      </Placemark>
      <Placemark>
        <name>17:02:29.949</name>
        <styleUrl>#tracker</styleUrl>
        <description>2026-09-26T17:02:29.949+10:00; satellites 22; HDOP 0.6; RSSI -120</description>
        <TimeStamp>
          <when>2026-09-26T17:02:29.949+10:00</when>
        </TimeStamp>
        <Point>
          <altitudeMode>clampToGround</altitudeMode>
          <coordinates>153.57062,-28.20237,0</coordinates>
        </Point>
      </Placemark>
      <Placemark>
        <name>17:02:34.448</name>
        <styleUrl>#tracker</styleUrl>
        <description>2026-09-26T17:02:34.448+10:00; satellites 24; HDOP 0.6; RSSI -121</description>
        <TimeStamp>
          <when>2026-09-26T17:02:34.448+10:00</when>
        </TimeStamp>
        <Point>
          <altitudeMode>clampToGround</altitudeMode>
          <coordinates>153.57065,-28.20239,0</coordinates>
        </Point>
      </Placemark>
      <Placemark>
        <name>17:02:35.450</name>
        <styleUrl>#tracker</styleUrl>
        <description>2026-09-26T17:02:35.450+10:00; satellites 24; HDOP 0.6; RSSI -116</description>
        <TimeStamp>
          <when>2026-09-26T17:02:35.450+10:00</when>
        </TimeStamp>
        <Point>
          <altitudeMode>clampToGround</altitudeMode>
          <coordinates>153.57066,-28.20239,0</coordinates>
        </Point>
      </Placemark>
      <Placemark>
        <name>17:02:36.947</name>
        <styleUrl>#tracker</styleUrl>
        <description>2026-09-26T17:02:36.947+10:00; satellites 24; HDOP 0.6; RSSI -114</description>
        <TimeStamp>
          <when>2026-09-26T17:02:36.947+10:00</when>
        </TimeStamp>
        <Point>
          <altitudeMode>clampToGround</altitudeMode>
          <coordinates>153.57067,-28.2024,0</coordinates>
        </Point>
      </Placemark>
      <Placemark>
        <name>17:02:37.448</name>
        <styleUrl>#tracker</styleUrl>
        <description>2026-09-26T17:02:37.448+10:00; satellites 24; HDOP 0.6; RSSI -121</description>
        <TimeStamp>
          <when>2026-09-26T17:02:37.448+10:00</when>
        </TimeStamp>
        <Point>
          <altitudeMode>clampToGround</altitudeMode>
          <coordinates>153.57068,-28.2024,0</coordinates>
        </Point>
      </Placemark>
      <Placemark>
        <name>17:02:38.451</name>
        <styleUrl>#tracker</styleUrl>
        <description>2026-09-26T17:02:38.451+10:00; satellites 24; HDOP 0.6; RSSI -120</description>
        <TimeStamp>
          <when>2026-09-26T17:02:38.451+10:00</when>
        </TimeStamp>
        <Point>
          <altitudeMode>clampToGround</altitudeMode>
          <coordinates>153.57069,-28.2024,0</coordinates>
        </Point>
      </Placemark>
      <Placemark>
        <name>17:02:44.950</name>
        <styleUrl>#tracker</styleUrl>
        <description>2026-09-26T17:02:44.950+10:00; satellites 24; HDOP 0.6; RSSI -121</description>
        <TimeStamp>
          <when>2026-09-26T17:02:44.950+10:00</when>
        </TimeStamp>
        <Point>
          <altitudeMode>clampToGround</altitudeMode>
          <coordinates>153.57074,-28.20241,0</coordinates>
        </Point>
      </Placemark>
      <Placemark>
        <name>17:02:46.447</name>
        <styleUrl>#tracker</styleUrl>
        <description>2026-09-26T17:02:46.447+10:00; satellites 22; HDOP 0.6; RSSI -118</description>
        <TimeStamp>
          <when>2026-09-26T17:02:46.447+10:00</when>
        </TimeStamp>
        <Point>
          <altitudeMode>clampToGround</altitudeMode>
          <coordinates>153.57076,-28.20241,0</coordinates>
        </Point>
      </Placemark>
      <Placemark>
        <name>17:02:47.970</name>
        <styleUrl>#tracker</styleUrl>
        <description>2026-09-26T17:02:47.970+10:00; satellites 24; HDOP 0.6; RSSI -120</description>
        <TimeStamp>
          <when>2026-09-26T17:02:47.970+10:00</when>
        </TimeStamp>
        <Point>
          <altitudeMode>clampToGround</altitudeMode>
          <coordinates>153.57076,-28.20242,0</coordinates>
        </Point>
      </Placemark>
      <Placemark>
        <name>17:02:51.950</name>
        <styleUrl>#tracker</styleUrl>
        <description>2026-09-26T17:02:51.950+10:00; satellites 24; HDOP 0.6; RSSI -121</description>
        <TimeStamp>
          <when>2026-09-26T17:02:51.950+10:00</when>
        </TimeStamp>
        <Point>
          <altitudeMode>clampToGround</altitudeMode>
          <coordinates>153.57079,-28.20245,0</coordinates>
        </Point>
      </Placemark>
      <Placemark>
        <name>17:02:54.448</name>
        <styleUrl>#tracker</styleUrl>
        <description>2026-09-26T17:02:54.448+10:00; satellites 24; HDOP 0.6; RSSI -121</description>
        <TimeStamp>
          <when>2026-09-26T17:02:54.448+10:00</when>
        </TimeStamp>
        <Point>
          <altitudeMode>clampToGround</altitudeMode>
          <coordinates>153.57082,-28.2025,0</coordinates>
        </Point>
      </Placemark>
      <Placemark>
        <name>17:02:55.949</name>
        <styleUrl>#tracker</styleUrl>
        <description>2026-09-26T17:02:55.949+10:00; satellites 24; HDOP 0.6; RSSI -121</description>
        <TimeStamp>
          <when>2026-09-26T17:02:55.949+10:00</when>
        </TimeStamp>
        <Point>
          <altitudeMode>clampToGround</altitudeMode>
          <coordinates>153.57082,-28.20252,0</coordinates>
        </Point>
      </Placemark>
      <Placemark>
        <name>17:02:56.449</name>
        <styleUrl>#tracker</styleUrl>
        <description>2026-09-26T17:02:56.449+10:00; satellites 24; HDOP 0.6; RSSI -121</description>
        <TimeStamp>
          <when>2026-09-26T17:02:56.449+10:00</when>
        </TimeStamp>
        <Point>
          <altitudeMode>clampToGround</altitudeMode>
          <coordinates>153.57083,-28.20253,0</coordinates>
        </Point>
      </Placemark>
      <Placemark>
        <name>17:02:59.448</name>
        <styleUrl>#tracker</styleUrl>
        <description>2026-09-26T17:02:59.448+10:00; satellites 24; HDOP 0.6; RSSI -117</description>
        <TimeStamp>
          <when>2026-09-26T17:02:59.448+10:00</when>
        </TimeStamp>
        <Point>
          <altitudeMode>clampToGround</altitudeMode>
          <coordinates>153.57086,-28.20253,0</coordinates>
        </Point>
      </Placemark>
      <Placemark>
        <name>17:03:00.948</name>
        <styleUrl>#tracker</styleUrl>
        <description>2026-09-26T17:03:00.948+10:00; satellites 24; HDOP 0.6; RSSI -118</description>
        <TimeStamp>
          <when>2026-09-26T17:03:00.948+10:00</when>
        </TimeStamp>
        <Point>
          <altitudeMode>clampToGround</altitudeMode>
          <coordinates>153.57088,-28.20254,0</coordinates>
        </Point>
      </Placemark>
      <Placemark>
        <name>17:03:01.450</name>
        <styleUrl>#tracker</styleUrl>
        <description>2026-09-26T17:03:01.450+10:00; satellites 24; HDOP 0.6; RSSI -121</description>
        <TimeStamp>
          <when>2026-09-26T17:03:01.450+10:00</when>
        </TimeStamp>
        <Point>
          <altitudeMode>clampToGround</altitudeMode>
          <coordinates>153.57088,-28.20254,0</coordinates>
        </Point>
      </Placemark>
      <Placemark>
        <name>17:03:02.448</name>
        <styleUrl>#tracker</styleUrl>
        <description>2026-09-26T17:03:02.448+10:00; satellites 24; HDOP 0.6; RSSI -119</description>
        <TimeStamp>
          <when>2026-09-26T17:03:02.448+10:00</when>
        </TimeStamp>
        <Point>
          <altitudeMode>clampToGround</altitudeMode>
          <coordinates>153.5709,-28.20254,0</coordinates>
        </Point>
      </Placemark>
      <Placemark>
        <name>17:03:03.948</name>
        <styleUrl>#tracker</styleUrl>
        <description>2026-09-26T17:03:03.948+10:00; satellites 24; HDOP 0.6; RSSI -115</description>
        <TimeStamp>
          <when>2026-09-26T17:03:03.948+10:00</when>
        </TimeStamp>
        <Point>
          <altitudeMode>clampToGround</altitudeMode>
          <coordinates>153.57092,-28.20254,0</coordinates>
        </Point>
      </Placemark>
      <Placemark>
        <name>17:03:05.449</name>
        <styleUrl>#tracker</styleUrl>
        <description>2026-09-26T17:03:05.449+10:00; satellites 24; HDOP 0.6; RSSI -118</description>
        <TimeStamp>
          <when>2026-09-26T17:03:05.449+10:00</when>
        </TimeStamp>
        <Point>
          <altitudeMode>clampToGround</altitudeMode>
          <coordinates>153.57093,-28.20253,0</coordinates>
        </Point>
      </Placemark>
      <Placemark>
        <name>17:03:09.949</name>
        <styleUrl>#tracker</styleUrl>
        <description>2026-09-26T17:03:09.949+10:00; satellites 24; HDOP 0.6; RSSI -118</description>
        <TimeStamp>
          <when>2026-09-26T17:03:09.949+10:00</when>
        </TimeStamp>
        <Point>
          <altitudeMode>clampToGround</altitudeMode>
          <coordinates>153.57103,-28.20252,0</coordinates>
        </Point>
      </Placemark>
      <Placemark>
        <name>17:03:10.451</name>
        <styleUrl>#tracker</styleUrl>
        <description>2026-09-26T17:03:10.451+10:00; satellites 24; HDOP 0.6; RSSI -121</description>
        <TimeStamp>
          <when>2026-09-26T17:03:10.451+10:00</when>
        </TimeStamp>
        <Point>
          <altitudeMode>clampToGround</altitudeMode>
          <coordinates>153.57103,-28.20252,0</coordinates>
        </Point>
      </Placemark>
      <Placemark>
        <name>17:03:11.450</name>
        <styleUrl>#tracker</styleUrl>
        <description>2026-09-26T17:03:11.450+10:00; satellites 23; HDOP 0.6; RSSI -118</description>
        <TimeStamp>
          <when>2026-09-26T17:03:11.450+10:00</when>
        </TimeStamp>
        <Point>
          <altitudeMode>clampToGround</altitudeMode>
          <coordinates>153.57105,-28.20251,0</coordinates>
        </Point>
      </Placemark>
      <Placemark>
        <name>17:03:12.973</name>
        <styleUrl>#tracker</styleUrl>
        <description>2026-09-26T17:03:12.973+10:00; satellites 23; HDOP 0.6; RSSI -120</description>
        <TimeStamp>
          <when>2026-09-26T17:03:12.973+10:00</when>
        </TimeStamp>
        <Point>
          <altitudeMode>clampToGround</altitudeMode>
          <coordinates>153.57107,-28.20249,0</coordinates>
        </Point>
      </Placemark>
      <Placemark>
        <name>17:03:13.450</name>
        <styleUrl>#tracker</styleUrl>
        <description>2026-09-26T17:03:13.450+10:00; satellites 23; HDOP 0.6; RSSI -121</description>
        <TimeStamp>
          <when>2026-09-26T17:03:13.450+10:00</when>
        </TimeStamp>
        <Point>
          <altitudeMode>clampToGround</altitudeMode>
          <coordinates>153.57107,-28.20249,0</coordinates>
        </Point>
      </Placemark>
      <Placemark>
        <name>17:03:14.449</name>
        <styleUrl>#tracker</styleUrl>
        <description>2026-09-26T17:03:14.449+10:00; satellites 24; HDOP 0.6; RSSI -119</description>
        <TimeStamp>
          <when>2026-09-26T17:03:14.449+10:00</when>
        </TimeStamp>
        <Point>
          <altitudeMode>clampToGround</altitudeMode>
          <coordinates>153.57108,-28.20249,0</coordinates>
        </Point>
      </Placemark>
      <Placemark>
        <name>17:03:15.949</name>
        <styleUrl>#tracker</styleUrl>
        <description>2026-09-26T17:03:15.949+10:00; satellites 24; HDOP 0.6; RSSI -121</description>
        <TimeStamp>
          <when>2026-09-26T17:03:15.949+10:00</when>
        </TimeStamp>
        <Point>
          <altitudeMode>clampToGround</altitudeMode>
          <coordinates>153.5711,-28.20247,0</coordinates>
        </Point>
      </Placemark>
      <Placemark>
        <name>17:03:17.973</name>
        <styleUrl>#tracker</styleUrl>
        <description>2026-09-26T17:03:17.973+10:00; satellites 24; HDOP 0.6; RSSI -121</description>
        <TimeStamp>
          <when>2026-09-26T17:03:17.973+10:00</when>
        </TimeStamp>
        <Point>
          <altitudeMode>clampToGround</altitudeMode>
          <coordinates>153.5711,-28.20245,0</coordinates>
        </Point>
      </Placemark>
      <Placemark>
        <name>17:03:18.449</name>
        <styleUrl>#tracker</styleUrl>
        <description>2026-09-26T17:03:18.449+10:00; satellites 24; HDOP 0.6; RSSI -118</description>
        <TimeStamp>
          <when>2026-09-26T17:03:18.449+10:00</when>
        </TimeStamp>
        <Point>
          <altitudeMode>clampToGround</altitudeMode>
          <coordinates>153.57109,-28.20245,0</coordinates>
        </Point>
      </Placemark>
      <Placemark>
        <name>17:03:19.450</name>
        <styleUrl>#tracker</styleUrl>
        <description>2026-09-26T17:03:19.450+10:00; satellites 24; HDOP 0.6; RSSI -121</description>
        <TimeStamp>
          <when>2026-09-26T17:03:19.450+10:00</when>
        </TimeStamp>
        <Point>
          <altitudeMode>clampToGround</altitudeMode>
          <coordinates>153.57108,-28.20244,0</coordinates>
        </Point>
      </Placemark>
      <Placemark>
        <name>17:03:20.950</name>
        <styleUrl>#tracker</styleUrl>
        <description>2026-09-26T17:03:20.950+10:00; satellites 24; HDOP 0.6; RSSI -121</description>
        <TimeStamp>
          <when>2026-09-26T17:03:20.950+10:00</when>
        </TimeStamp>
        <Point>
          <altitudeMode>clampToGround</altitudeMode>
          <coordinates>153.57108,-28.20242,0</coordinates>
        </Point>
      </Placemark>
      <Placemark>
        <name>17:03:23.950</name>
        <styleUrl>#tracker</styleUrl>
        <description>2026-09-26T17:03:23.950+10:00; satellites 24; HDOP 0.6; RSSI -120</description>
        <TimeStamp>
          <when>2026-09-26T17:03:23.950+10:00</when>
        </TimeStamp>
        <Point>
          <altitudeMode>clampToGround</altitudeMode>
          <coordinates>153.57111,-28.20241,0</coordinates>
        </Point>
      </Placemark>
      <Placemark>
        <name>17:03:24.950</name>
        <styleUrl>#tracker</styleUrl>
        <description>2026-09-26T17:03:24.950+10:00; satellites 23; HDOP 0.6; RSSI -121</description>
        <TimeStamp>
          <when>2026-09-26T17:03:24.950+10:00</when>
        </TimeStamp>
        <Point>
          <altitudeMode>clampToGround</altitudeMode>
          <coordinates>153.57111,-28.20242,0</coordinates>
        </Point>
      </Placemark>
      <Placemark>
        <name>17:03:26.949</name>
        <styleUrl>#tracker</styleUrl>
        <description>2026-09-26T17:03:26.949+10:00; satellites 23; HDOP 0.6; RSSI -120</description>
        <TimeStamp>
          <when>2026-09-26T17:03:26.949+10:00</when>
        </TimeStamp>
        <Point>
          <altitudeMode>clampToGround</altitudeMode>
          <coordinates>153.5711,-28.20243,0</coordinates>
        </Point>
      </Placemark>
      <Placemark>
        <name>17:03:27.972</name>
        <styleUrl>#tracker</styleUrl>
        <description>2026-09-26T17:03:27.972+10:00; satellites 23; HDOP 0.6; RSSI -121</description>
        <TimeStamp>
          <when>2026-09-26T17:03:27.972+10:00</when>
        </TimeStamp>
        <Point>
          <altitudeMode>clampToGround</altitudeMode>
          <coordinates>153.57109,-28.20243,0</coordinates>
        </Point>
      </Placemark>
      <Placemark>
        <name>17:03:29.451</name>
        <styleUrl>#tracker</styleUrl>
        <description>2026-09-26T17:03:29.451+10:00; satellites 24; HDOP 0.6; RSSI -120</description>
        <TimeStamp>
          <when>2026-09-26T17:03:29.451+10:00</when>
        </TimeStamp>
        <Point>
          <altitudeMode>clampToGround</altitudeMode>
          <coordinates>153.57106,-28.20243,0</coordinates>
        </Point>
      </Placemark>
      <Placemark>
        <name>17:03:30.951</name>
        <styleUrl>#tracker</styleUrl>
        <description>2026-09-26T17:03:30.951+10:00; satellites 24; HDOP 0.6; RSSI -121</description>
        <TimeStamp>
          <when>2026-09-26T17:03:30.951+10:00</when>
        </TimeStamp>
        <Point>
          <altitudeMode>clampToGround</altitudeMode>
          <coordinates>153.57106,-28.20243,0</coordinates>
        </Point>
      </Placemark>
      <Placemark>
        <name>17:03:34.950</name>
        <styleUrl>#tracker</styleUrl>
        <description>2026-09-26T17:03:34.950+10:00; satellites 24; HDOP 0.6; RSSI -122</description>
        <TimeStamp>
          <when>2026-09-26T17:03:34.950+10:00</when>
        </TimeStamp>
        <Point>
          <altitudeMode>clampToGround</altitudeMode>
          <coordinates>153.57108,-28.20243,0</coordinates>
        </Point>
      </Placemark>
      <Placemark>
        <name>17:03:36.449</name>
        <styleUrl>#tracker</styleUrl>
        <description>2026-09-26T17:03:36.449+10:00; satellites 23; HDOP 0.6; RSSI -120</description>
        <TimeStamp>
          <when>2026-09-26T17:03:36.449+10:00</when>
        </TimeStamp>
        <Point>
          <altitudeMode>clampToGround</altitudeMode>
          <coordinates>153.57111,-28.20242,0</coordinates>
        </Point>
      </Placemark>
      <Placemark>
        <name>17:03:38.955</name>
        <styleUrl>#tracker</styleUrl>
        <description>2026-09-26T17:03:38.955+10:00; satellites 24; HDOP 0.6; RSSI -119</description>
        <TimeStamp>
          <when>2026-09-26T17:03:38.955+10:00</when>
        </TimeStamp>
        <Point>
          <altitudeMode>clampToGround</altitudeMode>
          <coordinates>153.5711,-28.20241,0</coordinates>
        </Point>
      </Placemark>
      <Placemark>
        <name>17:03:39.451</name>
        <styleUrl>#tracker</styleUrl>
        <description>2026-09-26T17:03:39.451+10:00; satellites 24; HDOP 0.6; RSSI -122</description>
        <TimeStamp>
          <when>2026-09-26T17:03:39.451+10:00</when>
        </TimeStamp>
        <Point>
          <altitudeMode>clampToGround</altitudeMode>
          <coordinates>153.57109,-28.20241,0</coordinates>
        </Point>
      </Placemark>
      <Placemark>
        <name>17:03:40.453</name>
        <styleUrl>#tracker</styleUrl>
        <description>2026-09-26T17:03:40.453+10:00; satellites 24; HDOP 0.6; RSSI -121</description>
        <TimeStamp>
          <when>2026-09-26T17:03:40.453+10:00</when>
        </TimeStamp>
        <Point>
          <altitudeMode>clampToGround</altitudeMode>
          <coordinates>153.57108,-28.20242,0</coordinates>
        </Point>
      </Placemark>
      <Placemark>
        <name>17:03:41.950</name>
        <styleUrl>#tracker</styleUrl>
        <description>2026-09-26T17:03:41.950+10:00; satellites 24; HDOP 0.6; RSSI -117</description>
        <TimeStamp>
          <when>2026-09-26T17:03:41.950+10:00</when>
        </TimeStamp>
        <Point>
          <altitudeMode>clampToGround</altitudeMode>
          <coordinates>153.57108,-28.20241,0</coordinates>
        </Point>
      </Placemark>
      <Placemark>
        <name>17:03:42.451</name>
        <styleUrl>#tracker</styleUrl>
        <description>2026-09-26T17:03:42.451+10:00; satellites 24; HDOP 0.6; RSSI -121</description>
        <TimeStamp>
          <when>2026-09-26T17:03:42.451+10:00</when>
        </TimeStamp>
        <Point>
          <altitudeMode>clampToGround</altitudeMode>
          <coordinates>153.57107,-28.20241,0</coordinates>
        </Point>
      </Placemark>
      <Placemark>
        <name>17:03:43.450</name>
        <styleUrl>#tracker</styleUrl>
        <description>2026-09-26T17:03:43.450+10:00; satellites 24; HDOP 0.6; RSSI -120</description>
        <TimeStamp>
          <when>2026-09-26T17:03:43.450+10:00</when>
        </TimeStamp>
        <Point>
          <altitudeMode>clampToGround</altitudeMode>
          <coordinates>153.57107,-28.20241,0</coordinates>
        </Point>
      </Placemark>
      <Placemark>
        <name>17:03:44.950</name>
        <styleUrl>#tracker</styleUrl>
        <description>2026-09-26T17:03:44.950+10:00; satellites 24; HDOP 0.6; RSSI -118</description>
        <TimeStamp>
          <when>2026-09-26T17:03:44.950+10:00</when>
        </TimeStamp>
        <Point>
          <altitudeMode>clampToGround</altitudeMode>
          <coordinates>153.57107,-28.20241,0</coordinates>
        </Point>
      </Placemark>
      <Placemark>
        <name>17:03:45.450</name>
        <styleUrl>#tracker</styleUrl>
        <description>2026-09-26T17:03:45.450+10:00; satellites 24; HDOP 0.6; RSSI -120</description>
        <TimeStamp>
          <when>2026-09-26T17:03:45.450+10:00</when>
        </TimeStamp>
        <Point>
          <altitudeMode>clampToGround</altitudeMode>
          <coordinates>153.57107,-28.20241,0</coordinates>
        </Point>
      </Placemark>
      <Placemark>
        <name>17:03:46.450</name>
        <styleUrl>#tracker</styleUrl>
        <description>2026-09-26T17:03:46.450+10:00; satellites 24; HDOP 0.6; RSSI -117</description>
        <TimeStamp>
          <when>2026-09-26T17:03:46.450+10:00</when>
        </TimeStamp>
        <Point>
          <altitudeMode>clampToGround</altitudeMode>
          <coordinates>153.57107,-28.20242,0</coordinates>
        </Point>
      </Placemark>
      <Placemark>
        <name>17:03:50.453</name>
        <styleUrl>#tracker</styleUrl>
        <description>2026-09-26T17:03:50.453+10:00; satellites 24; HDOP 0.6; RSSI -120</description>
        <TimeStamp>
          <when>2026-09-26T17:03:50.453+10:00</when>
        </TimeStamp>
        <Point>
          <altitudeMode>clampToGround</altitudeMode>
          <coordinates>153.57109,-28.20242,0</coordinates>
        </Point>
      </Placemark>
      <Placemark>
        <name>17:03:51.451</name>
        <styleUrl>#tracker</styleUrl>
        <description>2026-09-26T17:03:51.451+10:00; satellites 24; HDOP 0.6; RSSI -119</description>
        <TimeStamp>
          <when>2026-09-26T17:03:51.451+10:00</when>
        </TimeStamp>
        <Point>
          <altitudeMode>clampToGround</altitudeMode>
          <coordinates>153.5711,-28.20242,0</coordinates>
        </Point>
      </Placemark>
      <Placemark>
        <name>17:03:53.453</name>
        <styleUrl>#tracker</styleUrl>
        <description>2026-09-26T17:03:53.453+10:00; satellites 24; HDOP 0.6; RSSI -121</description>
        <TimeStamp>
          <when>2026-09-26T17:03:53.453+10:00</when>
        </TimeStamp>
        <Point>
          <altitudeMode>clampToGround</altitudeMode>
          <coordinates>153.5711,-28.20241,0</coordinates>
        </Point>
      </Placemark>
      <Placemark>
        <name>17:03:57.450</name>
        <styleUrl>#tracker</styleUrl>
        <description>2026-09-26T17:03:57.450+10:00; satellites 24; HDOP 0.6; RSSI -121</description>
        <TimeStamp>
          <when>2026-09-26T17:03:57.450+10:00</when>
        </TimeStamp>
        <Point>
          <altitudeMode>clampToGround</altitudeMode>
          <coordinates>153.57111,-28.2024,0</coordinates>
        </Point>
      </Placemark>
      <Placemark>
        <name>17:03:58.454</name>
        <styleUrl>#tracker</styleUrl>
        <description>2026-09-26T17:03:58.454+10:00; satellites 24; HDOP 0.6; RSSI -118</description>
        <TimeStamp>
          <when>2026-09-26T17:03:58.454+10:00</when>
        </TimeStamp>
        <Point>
          <altitudeMode>clampToGround</altitudeMode>
          <coordinates>153.57112,-28.2024,0</coordinates>
        </Point>
      </Placemark>
      <Placemark>
        <name>17:03:59.953</name>
        <styleUrl>#tracker</styleUrl>
        <description>2026-09-26T17:03:59.953+10:00; satellites 24; HDOP 0.6; RSSI -119</description>
        <TimeStamp>
          <when>2026-09-26T17:03:59.953+10:00</when>
        </TimeStamp>
        <Point>
          <altitudeMode>clampToGround</altitudeMode>
          <coordinates>153.57112,-28.20239,0</coordinates>
        </Point>
      </Placemark>
      <Placemark>
        <name>17:04:00.453</name>
        <styleUrl>#tracker</styleUrl>
        <description>2026-09-26T17:04:00.453+10:00; satellites 24; HDOP 0.6; RSSI -119</description>
        <TimeStamp>
          <when>2026-09-26T17:04:00.453+10:00</when>
        </TimeStamp>
        <Point>
          <altitudeMode>clampToGround</altitudeMode>
          <coordinates>153.57112,-28.20238,0</coordinates>
        </Point>
      </Placemark>
      <Placemark>
        <name>17:04:03.455</name>
        <styleUrl>#tracker</styleUrl>
        <description>2026-09-26T17:04:03.455+10:00; satellites 24; HDOP 0.6; RSSI -120</description>
        <TimeStamp>
          <when>2026-09-26T17:04:03.455+10:00</when>
        </TimeStamp>
        <Point>
          <altitudeMode>clampToGround</altitudeMode>
          <coordinates>153.57112,-28.20237,0</coordinates>
        </Point>
      </Placemark>
      <Placemark>
        <name>17:04:04.952</name>
        <styleUrl>#tracker</styleUrl>
        <description>2026-09-26T17:04:04.952+10:00; satellites 24; HDOP 0.6; RSSI -121</description>
        <TimeStamp>
          <when>2026-09-26T17:04:04.952+10:00</when>
        </TimeStamp>
        <Point>
          <altitudeMode>clampToGround</altitudeMode>
          <coordinates>153.57113,-28.20237,0</coordinates>
        </Point>
      </Placemark>
      <Placemark>
        <name>17:04:07.452</name>
        <styleUrl>#tracker</styleUrl>
        <description>2026-09-26T17:04:07.452+10:00; satellites 24; HDOP 0.6; RSSI -121</description>
        <TimeStamp>
          <when>2026-09-26T17:04:07.452+10:00</when>
        </TimeStamp>
        <Point>
          <altitudeMode>clampToGround</altitudeMode>
          <coordinates>153.57119,-28.20238,0</coordinates>
        </Point>
      </Placemark>
      <Placemark>
        <name>17:04:08.955</name>
        <styleUrl>#tracker</styleUrl>
        <description>2026-09-26T17:04:08.955+10:00; satellites 24; HDOP 0.6; RSSI -116</description>
        <TimeStamp>
          <when>2026-09-26T17:04:08.955+10:00</when>
        </TimeStamp>
        <Point>
          <altitudeMode>clampToGround</altitudeMode>
          <coordinates>153.57121,-28.20239,0</coordinates>
        </Point>
      </Placemark>
      <Placemark>
        <name>17:04:09.456</name>
        <styleUrl>#tracker</styleUrl>
        <description>2026-09-26T17:04:09.456+10:00; satellites 24; HDOP 0.6; RSSI -120</description>
        <TimeStamp>
          <when>2026-09-26T17:04:09.456+10:00</when>
        </TimeStamp>
        <Point>
          <altitudeMode>clampToGround</altitudeMode>
          <coordinates>153.57124,-28.20239,0</coordinates>
        </Point>
      </Placemark>
      <Placemark>
        <name>17:04:10.456</name>
        <styleUrl>#tracker</styleUrl>
        <description>2026-09-26T17:04:10.456+10:00; satellites 24; HDOP 0.6; RSSI -120</description>
        <TimeStamp>
          <when>2026-09-26T17:04:10.456+10:00</when>
        </TimeStamp>
        <Point>
          <altitudeMode>clampToGround</altitudeMode>
          <coordinates>153.57126,-28.20239,0</coordinates>
        </Point>
      </Placemark>
      <Placemark>
        <name>17:04:11.953</name>
        <styleUrl>#tracker</styleUrl>
        <description>2026-09-26T17:04:11.953+10:00; satellites 24; HDOP 0.6; RSSI -119</description>
        <TimeStamp>
          <when>2026-09-26T17:04:11.953+10:00</when>
        </TimeStamp>
        <Point>
          <altitudeMode>clampToGround</altitudeMode>
          <coordinates>153.57127,-28.20239,0</coordinates>
        </Point>
      </Placemark>
      <Placemark>
        <name>17:04:16.456</name>
        <styleUrl>#tracker</styleUrl>
        <description>2026-09-26T17:04:16.456+10:00; satellites 24; HDOP 0.6; RSSI -118</description>
        <TimeStamp>
          <when>2026-09-26T17:04:16.456+10:00</when>
        </TimeStamp>
        <Point>
          <altitudeMode>clampToGround</altitudeMode>
          <coordinates>153.57132,-28.20238,0</coordinates>
        </Point>
      </Placemark>
      <Placemark>
        <name>17:04:17.452</name>
        <styleUrl>#tracker</styleUrl>
        <description>2026-09-26T17:04:17.452+10:00; satellites 24; HDOP 0.6; RSSI -115</description>
        <TimeStamp>
          <when>2026-09-26T17:04:17.452+10:00</when>
        </TimeStamp>
        <Point>
          <altitudeMode>clampToGround</altitudeMode>
          <coordinates>153.57132,-28.20238,0</coordinates>
        </Point>
      </Placemark>
      <Placemark>
        <name>17:04:20.452</name>
        <styleUrl>#tracker</styleUrl>
        <description>2026-09-26T17:04:20.452+10:00; satellites 24; HDOP 0.6; RSSI -115</description>
        <TimeStamp>
          <when>2026-09-26T17:04:20.452+10:00</when>
        </TimeStamp>
        <Point>
          <altitudeMode>clampToGround</altitudeMode>
          <coordinates>153.57131,-28.20235,0</coordinates>
        </Point>
      </Placemark>
      <Placemark>
        <name>17:04:21.955</name>
        <styleUrl>#tracker</styleUrl>
        <description>2026-09-26T17:04:21.955+10:00; satellites 24; HDOP 0.6; RSSI -118</description>
        <TimeStamp>
          <when>2026-09-26T17:04:21.955+10:00</when>
        </TimeStamp>
        <Point>
          <altitudeMode>clampToGround</altitudeMode>
          <coordinates>153.57131,-28.20234,0</coordinates>
        </Point>
      </Placemark>
      <Placemark>
        <name>17:04:23.454</name>
        <styleUrl>#tracker</styleUrl>
        <description>2026-09-26T17:04:23.454+10:00; satellites 24; HDOP 0.6; RSSI -116</description>
        <TimeStamp>
          <when>2026-09-26T17:04:23.454+10:00</when>
        </TimeStamp>
        <Point>
          <altitudeMode>clampToGround</altitudeMode>
          <coordinates>153.57131,-28.20232,0</coordinates>
        </Point>
      </Placemark>
      <Placemark>
        <name>17:04:26.453</name>
        <styleUrl>#tracker</styleUrl>
        <description>2026-09-26T17:04:26.453+10:00; satellites 24; HDOP 0.6; RSSI -119</description>
        <TimeStamp>
          <when>2026-09-26T17:04:26.453+10:00</when>
        </TimeStamp>
        <Point>
          <altitudeMode>clampToGround</altitudeMode>
          <coordinates>153.57134,-28.20229,0</coordinates>
        </Point>
      </Placemark>
      <Placemark>
        <name>17:04:28.454</name>
        <styleUrl>#tracker</styleUrl>
        <description>2026-09-26T17:04:28.454+10:00; satellites 24; HDOP 0.6; RSSI -118</description>
        <TimeStamp>
          <when>2026-09-26T17:04:28.454+10:00</when>
        </TimeStamp>
        <Point>
          <altitudeMode>clampToGround</altitudeMode>
          <coordinates>153.57135,-28.20228,0</coordinates>
        </Point>
      </Placemark>
      <Placemark>
        <name>17:04:29.956</name>
        <styleUrl>#tracker</styleUrl>
        <description>2026-09-26T17:04:29.956+10:00; satellites 24; HDOP 0.6; RSSI -117</description>
        <TimeStamp>
          <when>2026-09-26T17:04:29.956+10:00</when>
        </TimeStamp>
        <Point>
          <altitudeMode>clampToGround</altitudeMode>
          <coordinates>153.57135,-28.20227,0</coordinates>
        </Point>
      </Placemark>
      <Placemark>
        <name>17:04:30.454</name>
        <styleUrl>#tracker</styleUrl>
        <description>2026-09-26T17:04:30.454+10:00; satellites 24; HDOP 0.6; RSSI -121</description>
        <TimeStamp>
          <when>2026-09-26T17:04:30.454+10:00</when>
        </TimeStamp>
        <Point>
          <altitudeMode>clampToGround</altitudeMode>
          <coordinates>153.57135,-28.20226,0</coordinates>
        </Point>
      </Placemark>
      <Placemark>
        <name>17:04:31.456</name>
        <styleUrl>#tracker</styleUrl>
        <description>2026-09-26T17:04:31.456+10:00; satellites 24; HDOP 0.6; RSSI -115</description>
        <TimeStamp>
          <when>2026-09-26T17:04:31.456+10:00</when>
        </TimeStamp>
        <Point>
          <altitudeMode>clampToGround</altitudeMode>
          <coordinates>153.57135,-28.20225,0</coordinates>
        </Point>
      </Placemark>
      <Placemark>
        <name>17:04:35.461</name>
        <styleUrl>#tracker</styleUrl>
        <description>2026-09-26T17:04:35.461+10:00; satellites 24; HDOP 0.6; RSSI -122</description>
        <TimeStamp>
          <when>2026-09-26T17:04:35.461+10:00</when>
        </TimeStamp>
        <Point>
          <altitudeMode>clampToGround</altitudeMode>
          <coordinates>153.57134,-28.20222,0</coordinates>
        </Point>
      </Placemark>
      <Placemark>
        <name>17:04:37.983</name>
        <styleUrl>#tracker</styleUrl>
        <description>2026-09-26T17:04:37.983+10:00; satellites 24; HDOP 0.6; RSSI -121</description>
        <TimeStamp>
          <when>2026-09-26T17:04:37.983+10:00</when>
        </TimeStamp>
        <Point>
          <altitudeMode>clampToGround</altitudeMode>
          <coordinates>153.57132,-28.20221,0</coordinates>
        </Point>
      </Placemark>
      <Placemark>
        <name>17:04:38.955</name>
        <styleUrl>#tracker</styleUrl>
        <description>2026-09-26T17:04:38.955+10:00; satellites 24; HDOP 0.6; RSSI -122</description>
        <TimeStamp>
          <when>2026-09-26T17:04:38.955+10:00</when>
        </TimeStamp>
        <Point>
          <altitudeMode>clampToGround</altitudeMode>
          <coordinates>153.57131,-28.20221,0</coordinates>
        </Point>
      </Placemark>
      <Placemark>
        <name>17:04:39.453</name>
        <styleUrl>#tracker</styleUrl>
        <description>2026-09-26T17:04:39.453+10:00; satellites 24; HDOP 0.6; RSSI -119</description>
        <TimeStamp>
          <when>2026-09-26T17:04:39.453+10:00</when>
        </TimeStamp>
        <Point>
          <altitudeMode>clampToGround</altitudeMode>
          <coordinates>153.57129,-28.20221,0</coordinates>
        </Point>
      </Placemark>
      <Placemark>
        <name>17:04:40.455</name>
        <styleUrl>#tracker</styleUrl>
        <description>2026-09-26T17:04:40.455+10:00; satellites 24; HDOP 0.6; RSSI -115</description>
        <TimeStamp>
          <when>2026-09-26T17:04:40.455+10:00</when>
        </TimeStamp>
        <Point>
          <altitudeMode>clampToGround</altitudeMode>
          <coordinates>153.57128,-28.20221,0</coordinates>
        </Point>
      </Placemark>
      <Placemark>
        <name>17:04:41.457</name>
        <styleUrl>#tracker</styleUrl>
        <description>2026-09-26T17:04:41.457+10:00; satellites 24; HDOP 0.6; RSSI -118</description>
        <TimeStamp>
          <when>2026-09-26T17:04:41.457+10:00</when>
        </TimeStamp>
        <Point>
          <altitudeMode>clampToGround</altitudeMode>
          <coordinates>153.57127,-28.20221,0</coordinates>
        </Point>
      </Placemark>
      <Placemark>
        <name>17:04:42.453</name>
        <styleUrl>#tracker</styleUrl>
        <description>2026-09-26T17:04:42.453+10:00; satellites 24; HDOP 0.6; RSSI -117</description>
        <TimeStamp>
          <when>2026-09-26T17:04:42.453+10:00</when>
        </TimeStamp>
        <Point>
          <altitudeMode>clampToGround</altitudeMode>
          <coordinates>153.57126,-28.20221,0</coordinates>
        </Point>
      </Placemark>
      <Placemark>
        <name>17:04:43.956</name>
        <styleUrl>#tracker</styleUrl>
        <description>2026-09-26T17:04:43.956+10:00; satellites 24; HDOP 0.6; RSSI -115</description>
        <TimeStamp>
          <when>2026-09-26T17:04:43.956+10:00</when>
        </TimeStamp>
        <Point>
          <altitudeMode>clampToGround</altitudeMode>
          <coordinates>153.57125,-28.20221,0</coordinates>
        </Point>
      </Placemark>
      <Placemark>
        <name>17:04:44.456</name>
        <styleUrl>#tracker</styleUrl>
        <description>2026-09-26T17:04:44.456+10:00; satellites 24; HDOP 0.6; RSSI -115</description>
        <TimeStamp>
          <when>2026-09-26T17:04:44.456+10:00</when>
        </TimeStamp>
        <Point>
          <altitudeMode>clampToGround</altitudeMode>
          <coordinates>153.57122,-28.20221,0</coordinates>
        </Point>
      </Placemark>
      <Placemark>
        <name>17:04:45.457</name>
        <styleUrl>#tracker</styleUrl>
        <description>2026-09-26T17:04:45.457+10:00; satellites 24; HDOP 0.6; RSSI -109</description>
        <TimeStamp>
          <when>2026-09-26T17:04:45.457+10:00</when>
        </TimeStamp>
        <Point>
          <altitudeMode>clampToGround</altitudeMode>
          <coordinates>153.57118,-28.20221,0</coordinates>
        </Point>
      </Placemark>
      <Placemark>
        <name>17:04:46.457</name>
        <styleUrl>#tracker</styleUrl>
        <description>2026-09-26T17:04:46.457+10:00; satellites 24; HDOP 0.6; RSSI -111</description>
        <TimeStamp>
          <when>2026-09-26T17:04:46.457+10:00</when>
        </TimeStamp>
        <Point>
          <altitudeMode>clampToGround</altitudeMode>
          <coordinates>153.57111,-28.2022,0</coordinates>
        </Point>
      </Placemark>
      <Placemark>
        <name>17:04:47.984</name>
        <styleUrl>#tracker</styleUrl>
        <description>2026-09-26T17:04:47.984+10:00; satellites 24; HDOP 0.6; RSSI -116</description>
        <TimeStamp>
          <when>2026-09-26T17:04:47.984+10:00</when>
        </TimeStamp>
        <Point>
          <altitudeMode>clampToGround</altitudeMode>
          <coordinates>153.57104,-28.20218,0</coordinates>
        </Point>
      </Placemark>
      <Placemark>
        <name>17:04:48.456</name>
        <styleUrl>#tracker</styleUrl>
        <description>2026-09-26T17:04:48.456+10:00; satellites 24; HDOP 0.6; RSSI -117</description>
        <TimeStamp>
          <when>2026-09-26T17:04:48.456+10:00</when>
        </TimeStamp>
        <Point>
          <altitudeMode>clampToGround</altitudeMode>
          <coordinates>153.57096,-28.20218,0</coordinates>
        </Point>
      </Placemark>
      <Placemark>
        <name>17:04:49.960</name>
        <styleUrl>#tracker</styleUrl>
        <description>2026-09-26T17:04:49.960+10:00; satellites 24; HDOP 0.6; RSSI -121</description>
        <TimeStamp>
          <when>2026-09-26T17:04:49.960+10:00</when>
        </TimeStamp>
        <Point>
          <altitudeMode>clampToGround</altitudeMode>
          <coordinates>153.5709,-28.20219,0</coordinates>
        </Point>
      </Placemark>
      <Placemark>
        <name>17:04:57.977</name>
        <styleUrl>#tracker</styleUrl>
        <description>2026-09-26T17:04:57.977+10:00; satellites 16; HDOP 0.7; RSSI -118</description>
        <TimeStamp>
          <when>2026-09-26T17:04:57.977+10:00</when>
        </TimeStamp>
        <Point>
          <altitudeMode>clampToGround</altitudeMode>
          <coordinates>153.57063,-28.20208,0</coordinates>
        </Point>
      </Placemark>
      <Placemark>
        <name>17:04:58.455</name>
        <styleUrl>#tracker</styleUrl>
        <description>2026-09-26T17:04:58.455+10:00; satellites 18; HDOP 0.7; RSSI -113</description>
        <TimeStamp>
          <when>2026-09-26T17:04:58.455+10:00</when>
        </TimeStamp>
        <Point>
          <altitudeMode>clampToGround</altitudeMode>
          <coordinates>153.57063,-28.20206,0</coordinates>
        </Point>
      </Placemark>
      <Placemark>
        <name>17:04:59.954</name>
        <styleUrl>#tracker</styleUrl>
        <description>2026-09-26T17:04:59.954+10:00; satellites 22; HDOP 0.6; RSSI -120</description>
        <TimeStamp>
          <when>2026-09-26T17:04:59.954+10:00</when>
        </TimeStamp>
        <Point>
          <altitudeMode>clampToGround</altitudeMode>
          <coordinates>153.57063,-28.20203,0</coordinates>
        </Point>
      </Placemark>
      <Placemark>
        <name>17:05:00.456</name>
        <styleUrl>#tracker</styleUrl>
        <description>2026-09-26T17:05:00.456+10:00; satellites 22; HDOP 0.6; RSSI -118</description>
        <TimeStamp>
          <when>2026-09-26T17:05:00.456+10:00</when>
        </TimeStamp>
        <Point>
          <altitudeMode>clampToGround</altitudeMode>
          <coordinates>153.57063,-28.20202,0</coordinates>
        </Point>
      </Placemark>
      <Placemark>
        <name>17:05:01.456</name>
        <styleUrl>#tracker</styleUrl>
        <description>2026-09-26T17:05:01.456+10:00; satellites 22; HDOP 0.6; RSSI -117</description>
        <TimeStamp>
          <when>2026-09-26T17:05:01.456+10:00</when>
        </TimeStamp>
        <Point>
          <altitudeMode>clampToGround</altitudeMode>
          <coordinates>153.57062,-28.20201,0</coordinates>
        </Point>
      </Placemark>
      <Placemark>
        <name>17:05:02.455</name>
        <styleUrl>#tracker</styleUrl>
        <description>2026-09-26T17:05:02.455+10:00; satellites 23; HDOP 0.6; RSSI -114</description>
        <TimeStamp>
          <when>2026-09-26T17:05:02.455+10:00</when>
        </TimeStamp>
        <Point>
          <altitudeMode>clampToGround</altitudeMode>
          <coordinates>153.5706,-28.20202,0</coordinates>
        </Point>
      </Placemark>
      <Placemark>
        <name>17:05:04.455</name>
        <styleUrl>#tracker</styleUrl>
        <description>2026-09-26T17:05:04.455+10:00; satellites 23; HDOP 0.6; RSSI -120</description>
        <TimeStamp>
          <when>2026-09-26T17:05:04.455+10:00</when>
        </TimeStamp>
        <Point>
          <altitudeMode>clampToGround</altitudeMode>
          <coordinates>153.57057,-28.20202,0</coordinates>
        </Point>
      </Placemark>
      <Placemark>
        <name>17:05:05.457</name>
        <styleUrl>#tracker</styleUrl>
        <description>2026-09-26T17:05:05.457+10:00; satellites 23; HDOP 0.6; RSSI -113</description>
        <TimeStamp>
          <when>2026-09-26T17:05:05.457+10:00</when>
        </TimeStamp>
        <Point>
          <altitudeMode>clampToGround</altitudeMode>
          <coordinates>153.57054,-28.20202,0</coordinates>
        </Point>
      </Placemark>
      <Placemark>
        <name>17:05:06.455</name>
        <styleUrl>#tracker</styleUrl>
        <description>2026-09-26T17:05:06.455+10:00; satellites 24; HDOP 0.6; RSSI -111</description>
        <TimeStamp>
          <when>2026-09-26T17:05:06.455+10:00</when>
        </TimeStamp>
        <Point>
          <altitudeMode>clampToGround</altitudeMode>
          <coordinates>153.57049,-28.20201,0</coordinates>
        </Point>
      </Placemark>
      <Placemark>
        <name>17:05:07.455</name>
        <styleUrl>#tracker</styleUrl>
        <description>2026-09-26T17:05:07.455+10:00; satellites 24; HDOP 0.6; RSSI -121</description>
        <TimeStamp>
          <when>2026-09-26T17:05:07.455+10:00</when>
        </TimeStamp>
        <Point>
          <altitudeMode>clampToGround</altitudeMode>
          <coordinates>153.57043,-28.20199,0</coordinates>
        </Point>
      </Placemark>
      <Placemark>
        <name>17:05:08.455</name>
        <styleUrl>#tracker</styleUrl>
        <description>2026-09-26T17:05:08.455+10:00; satellites 24; HDOP 0.6; RSSI -108</description>
        <TimeStamp>
          <when>2026-09-26T17:05:08.455+10:00</when>
        </TimeStamp>
        <Point>
          <altitudeMode>clampToGround</altitudeMode>
          <coordinates>153.57038,-28.20198,0</coordinates>
        </Point>
      </Placemark>
      <Placemark>
        <name>17:05:09.458</name>
        <styleUrl>#tracker</styleUrl>
        <description>2026-09-26T17:05:09.458+10:00; satellites 24; HDOP 0.6; RSSI -111</description>
        <TimeStamp>
          <when>2026-09-26T17:05:09.458+10:00</when>
        </TimeStamp>
        <Point>
          <altitudeMode>clampToGround</altitudeMode>
          <coordinates>153.57035,-28.20198,0</coordinates>
        </Point>
      </Placemark>
      <Placemark>
        <name>17:05:10.955</name>
        <styleUrl>#tracker</styleUrl>
        <description>2026-09-26T17:05:10.955+10:00; satellites 24; HDOP 0.6; RSSI -115</description>
        <TimeStamp>
          <when>2026-09-26T17:05:10.955+10:00</when>
        </TimeStamp>
        <Point>
          <altitudeMode>clampToGround</altitudeMode>
          <coordinates>153.57031,-28.20198,0</coordinates>
        </Point>
      </Placemark>
      <Placemark>
        <name>17:05:11.457</name>
        <styleUrl>#tracker</styleUrl>
        <description>2026-09-26T17:05:11.457+10:00; satellites 24; HDOP 0.6; RSSI -116</description>
        <TimeStamp>
          <when>2026-09-26T17:05:11.457+10:00</when>
        </TimeStamp>
        <Point>
          <altitudeMode>clampToGround</altitudeMode>
          <coordinates>153.57027,-28.20197,0</coordinates>
        </Point>
      </Placemark>
      <Placemark>
        <name>17:05:12.457</name>
        <styleUrl>#tracker</styleUrl>
        <description>2026-09-26T17:05:12.457+10:00; satellites 24; HDOP 0.6; RSSI -117</description>
        <TimeStamp>
          <when>2026-09-26T17:05:12.457+10:00</when>
        </TimeStamp>
        <Point>
          <altitudeMode>clampToGround</altitudeMode>
          <coordinates>153.57024,-28.20197,0</coordinates>
        </Point>
      </Placemark>
      <Placemark>
        <name>17:05:13.455</name>
        <styleUrl>#tracker</styleUrl>
        <description>2026-09-26T17:05:13.455+10:00; satellites 24; HDOP 0.6; RSSI -119</description>
        <TimeStamp>
          <when>2026-09-26T17:05:13.455+10:00</when>
        </TimeStamp>
        <Point>
          <altitudeMode>clampToGround</altitudeMode>
          <coordinates>153.57021,-28.20197,0</coordinates>
        </Point>
      </Placemark>
      <Placemark>
        <name>17:05:14.455</name>
        <styleUrl>#tracker</styleUrl>
        <description>2026-09-26T17:05:14.455+10:00; satellites 24; HDOP 0.6; RSSI -108</description>
        <TimeStamp>
          <when>2026-09-26T17:05:14.455+10:00</when>
        </TimeStamp>
        <Point>
          <altitudeMode>clampToGround</altitudeMode>
          <coordinates>153.57019,-28.20198,0</coordinates>
        </Point>
      </Placemark>
      <Placemark>
        <name>17:05:15.458</name>
        <styleUrl>#tracker</styleUrl>
        <description>2026-09-26T17:05:15.458+10:00; satellites 24; HDOP 0.6; RSSI -110</description>
        <TimeStamp>
          <when>2026-09-26T17:05:15.458+10:00</when>
        </TimeStamp>
        <Point>
          <altitudeMode>clampToGround</altitudeMode>
          <coordinates>153.57019,-28.20198,0</coordinates>
        </Point>
      </Placemark>
      <Placemark>
        <name>17:05:16.457</name>
        <styleUrl>#tracker</styleUrl>
        <description>2026-09-26T17:05:16.457+10:00; satellites 24; HDOP 0.6; RSSI -108</description>
        <TimeStamp>
          <when>2026-09-26T17:05:16.457+10:00</when>
        </TimeStamp>
        <Point>
          <altitudeMode>clampToGround</altitudeMode>
          <coordinates>153.57019,-28.20199,0</coordinates>
        </Point>
      </Placemark>
      <Placemark>
        <name>17:05:17.455</name>
        <styleUrl>#tracker</styleUrl>
        <description>2026-09-26T17:05:17.455+10:00; satellites 24; HDOP 0.6; RSSI -111</description>
        <TimeStamp>
          <when>2026-09-26T17:05:17.455+10:00</when>
        </TimeStamp>
        <Point>
          <altitudeMode>clampToGround</altitudeMode>
          <coordinates>153.57018,-28.20199,0</coordinates>
        </Point>
      </Placemark>
      <Placemark>
        <name>17:05:18.458</name>
        <styleUrl>#tracker</styleUrl>
        <description>2026-09-26T17:05:18.458+10:00; satellites 24; HDOP 0.6; RSSI -113</description>
        <TimeStamp>
          <when>2026-09-26T17:05:18.458+10:00</when>
        </TimeStamp>
        <Point>
          <altitudeMode>clampToGround</altitudeMode>
          <coordinates>153.57018,-28.20199,0</coordinates>
        </Point>
      </Placemark>
      <Placemark>
        <name>17:05:19.457</name>
        <styleUrl>#tracker</styleUrl>
        <description>2026-09-26T17:05:19.457+10:00; satellites 24; HDOP 0.6; RSSI -105</description>
        <TimeStamp>
          <when>2026-09-26T17:05:19.457+10:00</when>
        </TimeStamp>
        <Point>
          <altitudeMode>clampToGround</altitudeMode>
          <coordinates>153.57017,-28.20199,0</coordinates>
        </Point>
      </Placemark>
      <Placemark>
        <name>17:05:20.457</name>
        <styleUrl>#tracker</styleUrl>
        <description>2026-09-26T17:05:20.457+10:00; satellites 24; HDOP 0.6; RSSI -112</description>
        <TimeStamp>
          <when>2026-09-26T17:05:20.457+10:00</when>
        </TimeStamp>
        <Point>
          <altitudeMode>clampToGround</altitudeMode>
          <coordinates>153.57016,-28.202,0</coordinates>
        </Point>
      </Placemark>
      <Placemark>
        <name>17:05:21.455</name>
        <styleUrl>#tracker</styleUrl>
        <description>2026-09-26T17:05:21.455+10:00; satellites 24; HDOP 0.6; RSSI -107</description>
        <TimeStamp>
          <when>2026-09-26T17:05:21.455+10:00</when>
        </TimeStamp>
        <Point>
          <altitudeMode>clampToGround</altitudeMode>
          <coordinates>153.57014,-28.20201,0</coordinates>
        </Point>
      </Placemark>
      <Placemark>
        <name>17:05:22.458</name>
        <styleUrl>#tracker</styleUrl>
        <description>2026-09-26T17:05:22.458+10:00; satellites 24; HDOP 0.6; RSSI -105</description>
        <TimeStamp>
          <when>2026-09-26T17:05:22.458+10:00</when>
        </TimeStamp>
        <Point>
          <altitudeMode>clampToGround</altitudeMode>
          <coordinates>153.57013,-28.20202,0</coordinates>
        </Point>
      </Placemark>
      <Placemark>
        <name>17:05:23.457</name>
        <styleUrl>#tracker</styleUrl>
        <description>2026-09-26T17:05:23.457+10:00; satellites 24; HDOP 0.6; RSSI -113</description>
        <TimeStamp>
          <when>2026-09-26T17:05:23.457+10:00</when>
        </TimeStamp>
        <Point>
          <altitudeMode>clampToGround</altitudeMode>
          <coordinates>153.57011,-28.20202,0</coordinates>
        </Point>
      </Placemark>
      <Placemark>
        <name>17:05:24.458</name>
        <styleUrl>#tracker</styleUrl>
        <description>2026-09-26T17:05:24.458+10:00; satellites 24; HDOP 0.6; RSSI -108</description>
        <TimeStamp>
          <when>2026-09-26T17:05:24.458+10:00</when>
        </TimeStamp>
        <Point>
          <altitudeMode>clampToGround</altitudeMode>
          <coordinates>153.5701,-28.20203,0</coordinates>
        </Point>
      </Placemark>
      <Placemark>
        <name>17:05:25.458</name>
        <styleUrl>#tracker</styleUrl>
        <description>2026-09-26T17:05:25.458+10:00; satellites 24; HDOP 0.6; RSSI -103</description>
        <TimeStamp>
          <when>2026-09-26T17:05:25.458+10:00</when>
        </TimeStamp>
        <Point>
          <altitudeMode>clampToGround</altitudeMode>
          <coordinates>153.57008,-28.20203,0</coordinates>
        </Point>
      </Placemark>
      <Placemark>
        <name>17:05:26.457</name>
        <styleUrl>#tracker</styleUrl>
        <description>2026-09-26T17:05:26.457+10:00; satellites 24; HDOP 0.6; RSSI -106</description>
        <TimeStamp>
          <when>2026-09-26T17:05:26.457+10:00</when>
        </TimeStamp>
        <Point>
          <altitudeMode>clampToGround</altitudeMode>
          <coordinates>153.57006,-28.20203,0</coordinates>
        </Point>
      </Placemark>
      <Placemark>
        <name>17:05:27.456</name>
        <styleUrl>#tracker</styleUrl>
        <description>2026-09-26T17:05:27.456+10:00; satellites 24; HDOP 0.6; RSSI -104</description>
        <TimeStamp>
          <when>2026-09-26T17:05:27.456+10:00</when>
        </TimeStamp>
        <Point>
          <altitudeMode>clampToGround</altitudeMode>
          <coordinates>153.57005,-28.20203,0</coordinates>
        </Point>
      </Placemark>
      <Placemark>
        <name>17:05:28.455</name>
        <styleUrl>#tracker</styleUrl>
        <description>2026-09-26T17:05:28.455+10:00; satellites 24; HDOP 0.6; RSSI -106</description>
        <TimeStamp>
          <when>2026-09-26T17:05:28.455+10:00</when>
        </TimeStamp>
        <Point>
          <altitudeMode>clampToGround</altitudeMode>
          <coordinates>153.57003,-28.20204,0</coordinates>
        </Point>
      </Placemark>
      <Placemark>
        <name>17:05:29.459</name>
        <styleUrl>#tracker</styleUrl>
        <description>2026-09-26T17:05:29.459+10:00; satellites 24; HDOP 0.6; RSSI -104</description>
        <TimeStamp>
          <when>2026-09-26T17:05:29.459+10:00</when>
        </TimeStamp>
        <Point>
          <altitudeMode>clampToGround</altitudeMode>
          <coordinates>153.57002,-28.20204,0</coordinates>
        </Point>
      </Placemark>
      <Placemark>
        <name>17:05:30.458</name>
        <styleUrl>#tracker</styleUrl>
        <description>2026-09-26T17:05:30.458+10:00; satellites 24; HDOP 0.6; RSSI -106</description>
        <TimeStamp>
          <when>2026-09-26T17:05:30.458+10:00</when>
        </TimeStamp>
        <Point>
          <altitudeMode>clampToGround</altitudeMode>
          <coordinates>153.57001,-28.20203,0</coordinates>
        </Point>
      </Placemark>
      <Placemark>
        <name>17:05:31.457</name>
        <styleUrl>#tracker</styleUrl>
        <description>2026-09-26T17:05:31.457+10:00; satellites 24; HDOP 0.6; RSSI -103</description>
        <TimeStamp>
          <when>2026-09-26T17:05:31.457+10:00</when>
        </TimeStamp>
        <Point>
          <altitudeMode>clampToGround</altitudeMode>
          <coordinates>153.57,-28.20203,0</coordinates>
        </Point>
      </Placemark>
      <Placemark>
        <name>17:05:32.458</name>
        <styleUrl>#tracker</styleUrl>
        <description>2026-09-26T17:05:32.458+10:00; satellites 24; HDOP 0.6; RSSI -104</description>
        <TimeStamp>
          <when>2026-09-26T17:05:32.458+10:00</when>
        </TimeStamp>
        <Point>
          <altitudeMode>clampToGround</altitudeMode>
          <coordinates>153.56999,-28.20203,0</coordinates>
        </Point>
      </Placemark>
      <Placemark>
        <name>17:05:33.456</name>
        <styleUrl>#tracker</styleUrl>
        <description>2026-09-26T17:05:33.456+10:00; satellites 24; HDOP 0.6; RSSI -107</description>
        <TimeStamp>
          <when>2026-09-26T17:05:33.456+10:00</when>
        </TimeStamp>
        <Point>
          <altitudeMode>clampToGround</altitudeMode>
          <coordinates>153.56998,-28.20203,0</coordinates>
        </Point>
      </Placemark>
      <Placemark>
        <name>17:05:34.458</name>
        <styleUrl>#tracker</styleUrl>
        <description>2026-09-26T17:05:34.458+10:00; satellites 24; HDOP 0.6; RSSI -103</description>
        <TimeStamp>
          <when>2026-09-26T17:05:34.458+10:00</when>
        </TimeStamp>
        <Point>
          <altitudeMode>clampToGround</altitudeMode>
          <coordinates>153.56997,-28.20202,0</coordinates>
        </Point>
      </Placemark>
      <Placemark>
        <name>17:05:35.460</name>
        <styleUrl>#tracker</styleUrl>
        <description>2026-09-26T17:05:35.460+10:00; satellites 24; HDOP 0.6; RSSI -107</description>
        <TimeStamp>
          <when>2026-09-26T17:05:35.460+10:00</when>
        </TimeStamp>
        <Point>
          <altitudeMode>clampToGround</altitudeMode>
          <coordinates>153.56995,-28.20202,0</coordinates>
        </Point>
      </Placemark>
      <Placemark>
        <name>17:05:36.457</name>
        <styleUrl>#tracker</styleUrl>
        <description>2026-09-26T17:05:36.457+10:00; satellites 24; HDOP 0.6; RSSI -100</description>
        <TimeStamp>
          <when>2026-09-26T17:05:36.457+10:00</when>
        </TimeStamp>
        <Point>
          <altitudeMode>clampToGround</altitudeMode>
          <coordinates>153.56994,-28.20202,0</coordinates>
        </Point>
      </Placemark>
      <Placemark>
        <name>17:05:37.456</name>
        <styleUrl>#tracker</styleUrl>
        <description>2026-09-26T17:05:37.456+10:00; satellites 24; HDOP 0.6; RSSI -104</description>
        <TimeStamp>
          <when>2026-09-26T17:05:37.456+10:00</when>
        </TimeStamp>
        <Point>
          <altitudeMode>clampToGround</altitudeMode>
          <coordinates>153.56993,-28.20202,0</coordinates>
        </Point>
      </Placemark>
      <Placemark>
        <name>17:05:38.459</name>
        <styleUrl>#tracker</styleUrl>
        <description>2026-09-26T17:05:38.459+10:00; satellites 24; HDOP 0.6; RSSI -108</description>
        <TimeStamp>
          <when>2026-09-26T17:05:38.459+10:00</when>
        </TimeStamp>
        <Point>
          <altitudeMode>clampToGround</altitudeMode>
          <coordinates>153.56993,-28.20201,0</coordinates>
        </Point>
      </Placemark>
      <Placemark>
        <name>17:05:39.458</name>
        <styleUrl>#tracker</styleUrl>
        <description>2026-09-26T17:05:39.458+10:00; satellites 24; HDOP 0.6; RSSI -100</description>
        <TimeStamp>
          <when>2026-09-26T17:05:39.458+10:00</when>
        </TimeStamp>
        <Point>
          <altitudeMode>clampToGround</altitudeMode>
          <coordinates>153.56992,-28.20201,0</coordinates>
        </Point>
      </Placemark>
      <Placemark>
        <name>17:05:40.458</name>
        <styleUrl>#tracker</styleUrl>
        <description>2026-09-26T17:05:40.458+10:00; satellites 24; HDOP 0.6; RSSI -98</description>
        <TimeStamp>
          <when>2026-09-26T17:05:40.458+10:00</when>
        </TimeStamp>
        <Point>
          <altitudeMode>clampToGround</altitudeMode>
          <coordinates>153.56991,-28.202,0</coordinates>
        </Point>
      </Placemark>
      <Placemark>
        <name>17:05:41.458</name>
        <styleUrl>#tracker</styleUrl>
        <description>2026-09-26T17:05:41.458+10:00; satellites 24; HDOP 0.6; RSSI -103</description>
        <TimeStamp>
          <when>2026-09-26T17:05:41.458+10:00</when>
        </TimeStamp>
        <Point>
          <altitudeMode>clampToGround</altitudeMode>
          <coordinates>153.5699,-28.202,0</coordinates>
        </Point>
      </Placemark>
      <Placemark>
        <name>17:05:42.458</name>
        <styleUrl>#tracker</styleUrl>
        <description>2026-09-26T17:05:42.458+10:00; satellites 24; HDOP 0.6; RSSI -105</description>
        <TimeStamp>
          <when>2026-09-26T17:05:42.458+10:00</when>
        </TimeStamp>
        <Point>
          <altitudeMode>clampToGround</altitudeMode>
          <coordinates>153.56988,-28.202,0</coordinates>
        </Point>
      </Placemark>
      <Placemark>
        <name>17:05:43.467</name>
        <styleUrl>#tracker</styleUrl>
        <description>2026-09-26T17:05:43.467+10:00; satellites 24; HDOP 0.6; RSSI -99</description>
        <TimeStamp>
          <when>2026-09-26T17:05:43.467+10:00</when>
        </TimeStamp>
        <Point>
          <altitudeMode>clampToGround</altitudeMode>
          <coordinates>153.56987,-28.20199,0</coordinates>
        </Point>
      </Placemark>
      <Placemark>
        <name>17:05:44.458</name>
        <styleUrl>#tracker</styleUrl>
        <description>2026-09-26T17:05:44.458+10:00; satellites 24; HDOP 0.6; RSSI -100</description>
        <TimeStamp>
          <when>2026-09-26T17:05:44.458+10:00</when>
        </TimeStamp>
        <Point>
          <altitudeMode>clampToGround</altitudeMode>
          <coordinates>153.56986,-28.20199,0</coordinates>
        </Point>
      </Placemark>
      <Placemark>
        <name>17:05:45.458</name>
        <styleUrl>#tracker</styleUrl>
        <description>2026-09-26T17:05:45.458+10:00; satellites 24; HDOP 0.6; RSSI -100</description>
        <TimeStamp>
          <when>2026-09-26T17:05:45.458+10:00</when>
        </TimeStamp>
        <Point>
          <altitudeMode>clampToGround</altitudeMode>
          <coordinates>153.56985,-28.20198,0</coordinates>
        </Point>
      </Placemark>
      <Placemark>
        <name>17:05:46.458</name>
        <styleUrl>#tracker</styleUrl>
        <description>2026-09-26T17:05:46.458+10:00; satellites 24; HDOP 0.6; RSSI -101</description>
        <TimeStamp>
          <when>2026-09-26T17:05:46.458+10:00</when>
        </TimeStamp>
        <Point>
          <altitudeMode>clampToGround</altitudeMode>
          <coordinates>153.56984,-28.20198,0</coordinates>
        </Point>
      </Placemark>
      <Placemark>
        <name>17:05:47.458</name>
        <styleUrl>#tracker</styleUrl>
        <description>2026-09-26T17:05:47.458+10:00; satellites 24; HDOP 0.6; RSSI -104</description>
        <TimeStamp>
          <when>2026-09-26T17:05:47.458+10:00</when>
        </TimeStamp>
        <Point>
          <altitudeMode>clampToGround</altitudeMode>
          <coordinates>153.56983,-28.20197,0</coordinates>
        </Point>
      </Placemark>
      <Placemark>
        <name>17:05:48.459</name>
        <styleUrl>#tracker</styleUrl>
        <description>2026-09-26T17:05:48.459+10:00; satellites 24; HDOP 0.6; RSSI -102</description>
        <TimeStamp>
          <when>2026-09-26T17:05:48.459+10:00</when>
        </TimeStamp>
        <Point>
          <altitudeMode>clampToGround</altitudeMode>
          <coordinates>153.56982,-28.20196,0</coordinates>
        </Point>
      </Placemark>
      <Placemark>
        <name>17:05:49.458</name>
        <styleUrl>#tracker</styleUrl>
        <description>2026-09-26T17:05:49.458+10:00; satellites 24; HDOP 0.6; RSSI -100</description>
        <TimeStamp>
          <when>2026-09-26T17:05:49.458+10:00</when>
        </TimeStamp>
        <Point>
          <altitudeMode>clampToGround</altitudeMode>
          <coordinates>153.56981,-28.20196,0</coordinates>
        </Point>
      </Placemark>
      <Placemark>
        <name>17:05:50.458</name>
        <styleUrl>#tracker</styleUrl>
        <description>2026-09-26T17:05:50.458+10:00; satellites 24; HDOP 0.6; RSSI -99</description>
        <TimeStamp>
          <when>2026-09-26T17:05:50.458+10:00</when>
        </TimeStamp>
        <Point>
          <altitudeMode>clampToGround</altitudeMode>
          <coordinates>153.5698,-28.20195,0</coordinates>
        </Point>
      </Placemark>
      <Placemark>
        <name>17:05:51.460</name>
        <styleUrl>#tracker</styleUrl>
        <description>2026-09-26T17:05:51.460+10:00; satellites 24; HDOP 0.6; RSSI -104</description>
        <TimeStamp>
          <when>2026-09-26T17:05:51.460+10:00</when>
        </TimeStamp>
        <Point>
          <altitudeMode>clampToGround</altitudeMode>
          <coordinates>153.56979,-28.20194,0</coordinates>
        </Point>
      </Placemark>
      <Placemark>
        <name>17:05:52.459</name>
        <styleUrl>#tracker</styleUrl>
        <description>2026-09-26T17:05:52.459+10:00; satellites 24; HDOP 0.6; RSSI -99</description>
        <TimeStamp>
          <when>2026-09-26T17:05:52.459+10:00</when>
        </TimeStamp>
        <Point>
          <altitudeMode>clampToGround</altitudeMode>
          <coordinates>153.56978,-28.20193,0</coordinates>
        </Point>
      </Placemark>
      <Placemark>
        <name>17:05:53.459</name>
        <styleUrl>#tracker</styleUrl>
        <description>2026-09-26T17:05:53.459+10:00; satellites 24; HDOP 0.6; RSSI -105</description>
        <TimeStamp>
          <when>2026-09-26T17:05:53.459+10:00</when>
        </TimeStamp>
        <Point>
          <altitudeMode>clampToGround</altitudeMode>
          <coordinates>153.56977,-28.20192,0</coordinates>
        </Point>
      </Placemark>
      <Placemark>
        <name>17:05:54.458</name>
        <styleUrl>#tracker</styleUrl>
        <description>2026-09-26T17:05:54.458+10:00; satellites 24; HDOP 0.6; RSSI -100</description>
        <TimeStamp>
          <when>2026-09-26T17:05:54.458+10:00</when>
        </TimeStamp>
        <Point>
          <altitudeMode>clampToGround</altitudeMode>
          <coordinates>153.56976,-28.20191,0</coordinates>
        </Point>
      </Placemark>
      <Placemark>
        <name>17:05:55.459</name>
        <styleUrl>#tracker</styleUrl>
        <description>2026-09-26T17:05:55.459+10:00; satellites 24; HDOP 0.6; RSSI -98</description>
        <TimeStamp>
          <when>2026-09-26T17:05:55.459+10:00</when>
        </TimeStamp>
        <Point>
          <altitudeMode>clampToGround</altitudeMode>
          <coordinates>153.56975,-28.2019,0</coordinates>
        </Point>
      </Placemark>
      <Placemark>
        <name>17:05:56.459</name>
        <styleUrl>#tracker</styleUrl>
        <description>2026-09-26T17:05:56.459+10:00; satellites 24; HDOP 0.6; RSSI -98</description>
        <TimeStamp>
          <when>2026-09-26T17:05:56.459+10:00</when>
        </TimeStamp>
        <Point>
          <altitudeMode>clampToGround</altitudeMode>
          <coordinates>153.56975,-28.20189,0</coordinates>
        </Point>
      </Placemark>
      <Placemark>
        <name>17:05:57.460</name>
        <styleUrl>#tracker</styleUrl>
        <description>2026-09-26T17:05:57.460+10:00; satellites 24; HDOP 0.6; RSSI -102</description>
        <TimeStamp>
          <when>2026-09-26T17:05:57.460+10:00</when>
        </TimeStamp>
        <Point>
          <altitudeMode>clampToGround</altitudeMode>
          <coordinates>153.56975,-28.20187,0</coordinates>
        </Point>
      </Placemark>
      <Placemark>
        <name>17:05:58.464</name>
        <styleUrl>#tracker</styleUrl>
        <description>2026-09-26T17:05:58.464+10:00; satellites 24; HDOP 0.6; RSSI -99</description>
        <TimeStamp>
          <when>2026-09-26T17:05:58.464+10:00</when>
        </TimeStamp>
        <Point>
          <altitudeMode>clampToGround</altitudeMode>
          <coordinates>153.56974,-28.20186,0</coordinates>
        </Point>
      </Placemark>
      <Placemark>
        <name>17:05:59.458</name>
        <styleUrl>#tracker</styleUrl>
        <description>2026-09-26T17:05:59.458+10:00; satellites 24; HDOP 0.6; RSSI -99</description>
        <TimeStamp>
          <when>2026-09-26T17:05:59.458+10:00</when>
        </TimeStamp>
        <Point>
          <altitudeMode>clampToGround</altitudeMode>
          <coordinates>153.56973,-28.20185,0</coordinates>
        </Point>
      </Placemark>
      <Placemark>
        <name>17:06:00.461</name>
        <styleUrl>#tracker</styleUrl>
        <description>2026-09-26T17:06:00.461+10:00; satellites 24; HDOP 0.6; RSSI -98</description>
        <TimeStamp>
          <when>2026-09-26T17:06:00.461+10:00</when>
        </TimeStamp>
        <Point>
          <altitudeMode>clampToGround</altitudeMode>
          <coordinates>153.56973,-28.20183,0</coordinates>
        </Point>
      </Placemark>
      <Placemark>
        <name>17:06:01.459</name>
        <styleUrl>#tracker</styleUrl>
        <description>2026-09-26T17:06:01.459+10:00; satellites 24; HDOP 0.6; RSSI -97</description>
        <TimeStamp>
          <when>2026-09-26T17:06:01.459+10:00</when>
        </TimeStamp>
        <Point>
          <altitudeMode>clampToGround</altitudeMode>
          <coordinates>153.56972,-28.20182,0</coordinates>
        </Point>
      </Placemark>
      <Placemark>
        <name>17:06:02.471</name>
        <styleUrl>#tracker</styleUrl>
        <description>2026-09-26T17:06:02.471+10:00; satellites 24; HDOP 0.6; RSSI -96</description>
        <TimeStamp>
          <when>2026-09-26T17:06:02.471+10:00</when>
        </TimeStamp>
        <Point>
          <altitudeMode>clampToGround</altitudeMode>
          <coordinates>153.56972,-28.20181,0</coordinates>
        </Point>
      </Placemark>
      <Placemark>
        <name>17:06:03.461</name>
        <styleUrl>#tracker</styleUrl>
        <description>2026-09-26T17:06:03.461+10:00; satellites 24; HDOP 0.6; RSSI -95</description>
        <TimeStamp>
          <when>2026-09-26T17:06:03.461+10:00</when>
        </TimeStamp>
        <Point>
          <altitudeMode>clampToGround</altitudeMode>
          <coordinates>153.56971,-28.20179,0</coordinates>
        </Point>
      </Placemark>
      <Placemark>
        <name>17:06:04.458</name>
        <styleUrl>#tracker</styleUrl>
        <description>2026-09-26T17:06:04.458+10:00; satellites 24; HDOP 0.6; RSSI -93</description>
        <TimeStamp>
          <when>2026-09-26T17:06:04.458+10:00</when>
        </TimeStamp>
        <Point>
          <altitudeMode>clampToGround</altitudeMode>
          <coordinates>153.56971,-28.20178,0</coordinates>
        </Point>
      </Placemark>
      <Placemark>
        <name>17:06:05.459</name>
        <styleUrl>#tracker</styleUrl>
        <description>2026-09-26T17:06:05.459+10:00; satellites 24; HDOP 0.6; RSSI -91</description>
        <TimeStamp>
          <when>2026-09-26T17:06:05.459+10:00</when>
        </TimeStamp>
        <Point>
          <altitudeMode>clampToGround</altitudeMode>
          <coordinates>153.56971,-28.20177,0</coordinates>
        </Point>
      </Placemark>
      <Placemark>
        <name>17:06:06.462</name>
        <styleUrl>#tracker</styleUrl>
        <description>2026-09-26T17:06:06.462+10:00; satellites 24; HDOP 0.6; RSSI -90</description>
        <TimeStamp>
          <when>2026-09-26T17:06:06.462+10:00</when>
        </TimeStamp>
        <Point>
          <altitudeMode>clampToGround</altitudeMode>
          <coordinates>153.5697,-28.20176,0</coordinates>
        </Point>
      </Placemark>
      <Placemark>
        <name>17:06:07.461</name>
        <styleUrl>#tracker</styleUrl>
        <description>2026-09-26T17:06:07.461+10:00; satellites 24; HDOP 0.6; RSSI -92</description>
        <TimeStamp>
          <when>2026-09-26T17:06:07.461+10:00</when>
        </TimeStamp>
        <Point>
          <altitudeMode>clampToGround</altitudeMode>
          <coordinates>153.56969,-28.20174,0</coordinates>
        </Point>
      </Placemark>
      <Placemark>
        <name>17:06:08.460</name>
        <styleUrl>#tracker</styleUrl>
        <description>2026-09-26T17:06:08.460+10:00; satellites 24; HDOP 0.6; RSSI -89</description>
        <TimeStamp>
          <when>2026-09-26T17:06:08.460+10:00</when>
        </TimeStamp>
        <Point>
          <altitudeMode>clampToGround</altitudeMode>
          <coordinates>153.56968,-28.20173,0</coordinates>
        </Point>
      </Placemark>
      <Placemark>
        <name>17:06:09.459</name>
        <styleUrl>#tracker</styleUrl>
        <description>2026-09-26T17:06:09.459+10:00; satellites 24; HDOP 0.6; RSSI -86</description>
        <TimeStamp>
          <when>2026-09-26T17:06:09.459+10:00</when>
        </TimeStamp>
        <Point>
          <altitudeMode>clampToGround</altitudeMode>
          <coordinates>153.56967,-28.20172,0</coordinates>
        </Point>
      </Placemark>
      <Placemark>
        <name>17:06:10.460</name>
        <styleUrl>#tracker</styleUrl>
        <description>2026-09-26T17:06:10.460+10:00; satellites 24; HDOP 0.6; RSSI -86</description>
        <TimeStamp>
          <when>2026-09-26T17:06:10.460+10:00</when>
        </TimeStamp>
        <Point>
          <altitudeMode>clampToGround</altitudeMode>
          <coordinates>153.56966,-28.20171,0</coordinates>
        </Point>
      </Placemark>
      <Placemark>
        <name>17:06:11.475</name>
        <styleUrl>#tracker</styleUrl>
        <description>2026-09-26T17:06:11.475+10:00; satellites 24; HDOP 0.6; RSSI -90</description>
        <TimeStamp>
          <when>2026-09-26T17:06:11.475+10:00</when>
        </TimeStamp>
        <Point>
          <altitudeMode>clampToGround</altitudeMode>
          <coordinates>153.56965,-28.2017,0</coordinates>
        </Point>
      </Placemark>
      <Placemark>
        <name>17:06:12.459</name>
        <styleUrl>#tracker</styleUrl>
        <description>2026-09-26T17:06:12.459+10:00; satellites 24; HDOP 0.6; RSSI -89</description>
        <TimeStamp>
          <when>2026-09-26T17:06:12.459+10:00</when>
        </TimeStamp>
        <Point>
          <altitudeMode>clampToGround</altitudeMode>
          <coordinates>153.56964,-28.20169,0</coordinates>
        </Point>
      </Placemark>
      <Placemark>
        <name>17:06:13.458</name>
        <styleUrl>#tracker</styleUrl>
        <description>2026-09-26T17:06:13.458+10:00; satellites 24; HDOP 0.6; RSSI -89</description>
        <TimeStamp>
          <when>2026-09-26T17:06:13.458+10:00</when>
        </TimeStamp>
        <Point>
          <altitudeMode>clampToGround</altitudeMode>
          <coordinates>153.56964,-28.20168,0</coordinates>
        </Point>
      </Placemark>
      <Placemark>
        <name>17:06:14.458</name>
        <styleUrl>#tracker</styleUrl>
        <description>2026-09-26T17:06:14.458+10:00; satellites 24; HDOP 0.6; RSSI -90</description>
        <TimeStamp>
          <when>2026-09-26T17:06:14.458+10:00</when>
        </TimeStamp>
        <Point>
          <altitudeMode>clampToGround</altitudeMode>
          <coordinates>153.56964,-28.20167,0</coordinates>
        </Point>
      </Placemark>
      <Placemark>
        <name>17:06:15.460</name>
        <styleUrl>#tracker</styleUrl>
        <description>2026-09-26T17:06:15.460+10:00; satellites 24; HDOP 0.6; RSSI -82</description>
        <TimeStamp>
          <when>2026-09-26T17:06:15.460+10:00</when>
        </TimeStamp>
        <Point>
          <altitudeMode>clampToGround</altitudeMode>
          <coordinates>153.56963,-28.20165,0</coordinates>
        </Point>
      </Placemark>
      <Placemark>
        <name>17:06:16.461</name>
        <styleUrl>#tracker</styleUrl>
        <description>2026-09-26T17:06:16.461+10:00; satellites 24; HDOP 0.6; RSSI -80</description>
        <TimeStamp>
          <when>2026-09-26T17:06:16.461+10:00</when>
        </TimeStamp>
        <Point>
          <altitudeMode>clampToGround</altitudeMode>
          <coordinates>153.56963,-28.20165,0</coordinates>
        </Point>
      </Placemark>
      <Placemark>
        <name>17:06:17.459</name>
        <styleUrl>#tracker</styleUrl>
        <description>2026-09-26T17:06:17.459+10:00; satellites 24; HDOP 0.6; RSSI -80</description>
        <TimeStamp>
          <when>2026-09-26T17:06:17.459+10:00</when>
        </TimeStamp>
        <Point>
          <altitudeMode>clampToGround</altitudeMode>
          <coordinates>153.56962,-28.20164,0</coordinates>
        </Point>
      </Placemark>
      <Placemark>
        <name>17:06:18.459</name>
        <styleUrl>#tracker</styleUrl>
        <description>2026-09-26T17:06:18.459+10:00; satellites 24; HDOP 0.6; RSSI -81</description>
        <TimeStamp>
          <when>2026-09-26T17:06:18.459+10:00</when>
        </TimeStamp>
        <Point>
          <altitudeMode>clampToGround</altitudeMode>
          <coordinates>153.56961,-28.20163,0</coordinates>
        </Point>
      </Placemark>
      <Placemark>
        <name>17:06:19.459</name>
        <styleUrl>#tracker</styleUrl>
        <description>2026-09-26T17:06:19.459+10:00; satellites 24; HDOP 0.6; RSSI -81</description>
        <TimeStamp>
          <when>2026-09-26T17:06:19.459+10:00</when>
        </TimeStamp>
        <Point>
          <altitudeMode>clampToGround</altitudeMode>
          <coordinates>153.5696,-28.20162,0</coordinates>
        </Point>
      </Placemark>
      <Placemark>
        <name>17:06:20.458</name>
        <styleUrl>#tracker</styleUrl>
        <description>2026-09-26T17:06:20.458+10:00; satellites 24; HDOP 0.6; RSSI -81</description>
        <TimeStamp>
          <when>2026-09-26T17:06:20.458+10:00</when>
        </TimeStamp>
        <Point>
          <altitudeMode>clampToGround</altitudeMode>
          <coordinates>153.56959,-28.20161,0</coordinates>
        </Point>
      </Placemark>
      <Placemark>
        <name>17:06:21.459</name>
        <styleUrl>#tracker</styleUrl>
        <description>2026-09-26T17:06:21.459+10:00; satellites 24; HDOP 0.6; RSSI -84</description>
        <TimeStamp>
          <when>2026-09-26T17:06:21.459+10:00</when>
        </TimeStamp>
        <Point>
          <altitudeMode>clampToGround</altitudeMode>
          <coordinates>153.56958,-28.2016,0</coordinates>
        </Point>
      </Placemark>
      <Placemark>
        <name>17:06:22.460</name>
        <styleUrl>#tracker</styleUrl>
        <description>2026-09-26T17:06:22.460+10:00; satellites 24; HDOP 0.6; RSSI -72</description>
        <TimeStamp>
          <when>2026-09-26T17:06:22.460+10:00</when>
        </TimeStamp>
        <Point>
          <altitudeMode>clampToGround</altitudeMode>
          <coordinates>153.56956,-28.20159,0</coordinates>
        </Point>
      </Placemark>
      <Placemark>
        <name>17:06:23.458</name>
        <styleUrl>#tracker</styleUrl>
        <description>2026-09-26T17:06:23.458+10:00; satellites 24; HDOP 0.6; RSSI -76</description>
        <TimeStamp>
          <when>2026-09-26T17:06:23.458+10:00</when>
        </TimeStamp>
        <Point>
          <altitudeMode>clampToGround</altitudeMode>
          <coordinates>153.56955,-28.20158,0</coordinates>
        </Point>
      </Placemark>
      <Placemark>
        <name>17:06:24.459</name>
        <styleUrl>#tracker</styleUrl>
        <description>2026-09-26T17:06:24.459+10:00; satellites 24; HDOP 0.6; RSSI -75</description>
        <TimeStamp>
          <when>2026-09-26T17:06:24.459+10:00</when>
        </TimeStamp>
        <Point>
          <altitudeMode>clampToGround</altitudeMode>
          <coordinates>153.56954,-28.20157,0</coordinates>
        </Point>
      </Placemark>
      <Placemark>
        <name>17:06:25.459</name>
        <styleUrl>#tracker</styleUrl>
        <description>2026-09-26T17:06:25.459+10:00; satellites 24; HDOP 0.6; RSSI -75</description>
        <TimeStamp>
          <when>2026-09-26T17:06:25.459+10:00</when>
        </TimeStamp>
        <Point>
          <altitudeMode>clampToGround</altitudeMode>
          <coordinates>153.56954,-28.20157,0</coordinates>
        </Point>
      </Placemark>
      <Placemark>
        <name>17:06:26.959</name>
        <styleUrl>#tracker</styleUrl>
        <description>2026-09-26T17:06:26.959+10:00; satellites 24; HDOP 0.6; RSSI -75</description>
        <TimeStamp>
          <when>2026-09-26T17:06:26.959+10:00</when>
        </TimeStamp>
        <Point>
          <altitudeMode>clampToGround</altitudeMode>
          <coordinates>153.56953,-28.20157,0</coordinates>
        </Point>
      </Placemark>
      <Placemark>
        <name>17:06:27.462</name>
        <styleUrl>#tracker</styleUrl>
        <description>2026-09-26T17:06:27.462+10:00; satellites 24; HDOP 0.6; RSSI -72</description>
        <TimeStamp>
          <when>2026-09-26T17:06:27.462+10:00</when>
        </TimeStamp>
        <Point>
          <altitudeMode>clampToGround</altitudeMode>
          <coordinates>153.56953,-28.20157,0</coordinates>
        </Point>
      </Placemark>
      <Placemark>
        <name>17:06:28.459</name>
        <styleUrl>#tracker</styleUrl>
        <description>2026-09-26T17:06:28.459+10:00; satellites 24; HDOP 0.6; RSSI -80</description>
        <TimeStamp>
          <when>2026-09-26T17:06:28.459+10:00</when>
        </TimeStamp>
        <Point>
          <altitudeMode>clampToGround</altitudeMode>
          <coordinates>153.56953,-28.20157,0</coordinates>
        </Point>
      </Placemark>
      <Placemark>
        <name>17:06:29.461</name>
        <styleUrl>#tracker</styleUrl>
        <description>2026-09-26T17:06:29.461+10:00; satellites 24; HDOP 0.6; RSSI -75</description>
        <TimeStamp>
          <when>2026-09-26T17:06:29.461+10:00</when>
        </TimeStamp>
        <Point>
          <altitudeMode>clampToGround</altitudeMode>
          <coordinates>153.56953,-28.20157,0</coordinates>
        </Point>
      </Placemark>
      <Placemark>
        <name>17:06:30.460</name>
        <styleUrl>#tracker</styleUrl>
        <description>2026-09-26T17:06:30.460+10:00; satellites 24; HDOP 0.6; RSSI -78</description>
        <TimeStamp>
          <when>2026-09-26T17:06:30.460+10:00</when>
        </TimeStamp>
        <Point>
          <altitudeMode>clampToGround</altitudeMode>
          <coordinates>153.56953,-28.20157,0</coordinates>
        </Point>
      </Placemark>
      <Placemark>
        <name>17:06:31.461</name>
        <styleUrl>#tracker</styleUrl>
        <description>2026-09-26T17:06:31.461+10:00; satellites 24; HDOP 0.6; RSSI -76</description>
        <TimeStamp>
          <when>2026-09-26T17:06:31.461+10:00</when>
        </TimeStamp>
        <Point>
          <altitudeMode>clampToGround</altitudeMode>
          <coordinates>153.56953,-28.20157,0</coordinates>
        </Point>
      </Placemark>
      <Placemark>
        <name>17:06:32.461</name>
        <styleUrl>#tracker</styleUrl>
        <description>2026-09-26T17:06:32.461+10:00; satellites 24; HDOP 0.6; RSSI -75</description>
        <TimeStamp>
          <when>2026-09-26T17:06:32.461+10:00</when>
        </TimeStamp>
        <Point>
          <altitudeMode>clampToGround</altitudeMode>
          <coordinates>153.56953,-28.20157,0</coordinates>
        </Point>
      </Placemark>
      <Placemark>
        <name>17:06:33.461</name>
        <styleUrl>#tracker</styleUrl>
        <description>2026-09-26T17:06:33.461+10:00; satellites 24; HDOP 0.6; RSSI -79</description>
        <TimeStamp>
          <when>2026-09-26T17:06:33.461+10:00</when>
        </TimeStamp>
        <Point>
          <altitudeMode>clampToGround</altitudeMode>
          <coordinates>153.56953,-28.20157,0</coordinates>
        </Point>
      </Placemark>
      <Placemark>
        <name>17:06:34.461</name>
        <styleUrl>#tracker</styleUrl>
        <description>2026-09-26T17:06:34.461+10:00; satellites 24; HDOP 0.6; RSSI -76</description>
        <TimeStamp>
          <when>2026-09-26T17:06:34.461+10:00</when>
        </TimeStamp>
        <Point>
          <altitudeMode>clampToGround</altitudeMode>
          <coordinates>153.56953,-28.20157,0</coordinates>
        </Point>
      </Placemark>
      <Placemark>
        <name>17:06:35.463</name>
        <styleUrl>#tracker</styleUrl>
        <description>2026-09-26T17:06:35.463+10:00; satellites 24; HDOP 0.6; RSSI -76</description>
        <TimeStamp>
          <when>2026-09-26T17:06:35.463+10:00</when>
        </TimeStamp>
        <Point>
          <altitudeMode>clampToGround</altitudeMode>
          <coordinates>153.56953,-28.20157,0</coordinates>
        </Point>
      </Placemark>
      <Placemark>
        <name>17:06:36.462</name>
        <styleUrl>#tracker</styleUrl>
        <description>2026-09-26T17:06:36.462+10:00; satellites 24; HDOP 0.6; RSSI -77</description>
        <TimeStamp>
          <when>2026-09-26T17:06:36.462+10:00</when>
        </TimeStamp>
        <Point>
          <altitudeMode>clampToGround</altitudeMode>
          <coordinates>153.56953,-28.20157,0</coordinates>
        </Point>
      </Placemark>
      <Placemark>
        <name>17:06:37.462</name>
        <styleUrl>#tracker</styleUrl>
        <description>2026-09-26T17:06:37.462+10:00; satellites 24; HDOP 0.6; RSSI -70</description>
        <TimeStamp>
          <when>2026-09-26T17:06:37.462+10:00</when>
        </TimeStamp>
        <Point>
          <altitudeMode>clampToGround</altitudeMode>
          <coordinates>153.56953,-28.20157,0</coordinates>
        </Point>
      </Placemark>
      <Placemark>
        <name>17:06:38.460</name>
        <styleUrl>#tracker</styleUrl>
        <description>2026-09-26T17:06:38.460+10:00; satellites 24; HDOP 0.6; RSSI -59</description>
        <TimeStamp>
          <when>2026-09-26T17:06:38.460+10:00</when>
        </TimeStamp>
        <Point>
          <altitudeMode>clampToGround</altitudeMode>
          <coordinates>153.56952,-28.20157,0</coordinates>
        </Point>
      </Placemark>
      <Placemark>
        <name>17:06:39.461</name>
        <styleUrl>#tracker</styleUrl>
        <description>2026-09-26T17:06:39.461+10:00; satellites 24; HDOP 0.6; RSSI -62</description>
        <TimeStamp>
          <when>2026-09-26T17:06:39.461+10:00</when>
        </TimeStamp>
        <Point>
          <altitudeMode>clampToGround</altitudeMode>
          <coordinates>153.56951,-28.20158,0</coordinates>
        </Point>
      </Placemark>
      <Placemark>
        <name>17:06:40.460</name>
        <styleUrl>#tracker</styleUrl>
        <description>2026-09-26T17:06:40.460+10:00; satellites 24; HDOP 0.6; RSSI -64</description>
        <TimeStamp>
          <when>2026-09-26T17:06:40.460+10:00</when>
        </TimeStamp>
        <Point>
          <altitudeMode>clampToGround</altitudeMode>
          <coordinates>153.5695,-28.20158,0</coordinates>
        </Point>
      </Placemark>
      <Placemark>
        <name>17:06:41.462</name>
        <styleUrl>#tracker</styleUrl>
        <description>2026-09-26T17:06:41.462+10:00; satellites 24; HDOP 0.6; RSSI -63</description>
        <TimeStamp>
          <when>2026-09-26T17:06:41.462+10:00</when>
        </TimeStamp>
        <Point>
          <altitudeMode>clampToGround</altitudeMode>
          <coordinates>153.56949,-28.20158,0</coordinates>
        </Point>
      </Placemark>
      <Placemark>
        <name>17:06:42.461</name>
        <styleUrl>#tracker</styleUrl>
        <description>2026-09-26T17:06:42.461+10:00; satellites 24; HDOP 0.6; RSSI -55</description>
        <TimeStamp>
          <when>2026-09-26T17:06:42.461+10:00</when>
        </TimeStamp>
        <Point>
          <altitudeMode>clampToGround</altitudeMode>
          <coordinates>153.56949,-28.20158,0</coordinates>
        </Point>
      </Placemark>
      <Placemark>
        <name>17:06:43.461</name>
        <styleUrl>#tracker</styleUrl>
        <description>2026-09-26T17:06:43.461+10:00; satellites 24; HDOP 0.6; RSSI -59</description>
        <TimeStamp>
          <when>2026-09-26T17:06:43.461+10:00</when>
        </TimeStamp>
        <Point>
          <altitudeMode>clampToGround</altitudeMode>
          <coordinates>153.56949,-28.20158,0</coordinates>
        </Point>
      </Placemark>
      <Placemark>
        <name>17:06:44.461</name>
        <styleUrl>#tracker</styleUrl>
        <description>2026-09-26T17:06:44.461+10:00; satellites 24; HDOP 0.6; RSSI -63</description>
        <TimeStamp>
          <when>2026-09-26T17:06:44.461+10:00</when>
        </TimeStamp>
        <Point>
          <altitudeMode>clampToGround</altitudeMode>
          <coordinates>153.56949,-28.20158,0</coordinates>
        </Point>
      </Placemark>
      <Placemark>
        <name>17:06:45.462</name>
        <styleUrl>#tracker</styleUrl>
        <description>2026-09-26T17:06:45.462+10:00; satellites 24; HDOP 0.6; RSSI -63</description>
        <TimeStamp>
          <when>2026-09-26T17:06:45.462+10:00</when>
        </TimeStamp>
        <Point>
          <altitudeMode>clampToGround</altitudeMode>
          <coordinates>153.56949,-28.20158,0</coordinates>
        </Point>
      </Placemark>
      <Placemark>
        <name>17:06:46.460</name>
        <styleUrl>#tracker</styleUrl>
        <description>2026-09-26T17:06:46.460+10:00; satellites 24; HDOP 0.6; RSSI -51</description>
        <TimeStamp>
          <when>2026-09-26T17:06:46.460+10:00</when>
        </TimeStamp>
        <Point>
          <altitudeMode>clampToGround</altitudeMode>
          <coordinates>153.56949,-28.20158,0</coordinates>
        </Point>
      </Placemark>
      <Placemark>
        <name>17:06:47.462</name>
        <styleUrl>#tracker</styleUrl>
        <description>2026-09-26T17:06:47.462+10:00; satellites 24; HDOP 0.6; RSSI -54</description>
        <TimeStamp>
          <when>2026-09-26T17:06:47.462+10:00</when>
        </TimeStamp>
        <Point>
          <altitudeMode>clampToGround</altitudeMode>
          <coordinates>153.56949,-28.20158,0</coordinates>
        </Point>
      </Placemark>
      <Placemark>
        <name>17:06:48.461</name>
        <styleUrl>#tracker</styleUrl>
        <description>2026-09-26T17:06:48.461+10:00; satellites 24; HDOP 0.6; RSSI -55</description>
        <TimeStamp>
          <when>2026-09-26T17:06:48.461+10:00</when>
        </TimeStamp>
        <Point>
          <altitudeMode>clampToGround</altitudeMode>
          <coordinates>153.56949,-28.20158,0</coordinates>
        </Point>
      </Placemark>
      <Placemark>
        <name>17:06:49.462</name>
        <styleUrl>#tracker</styleUrl>
        <description>2026-09-26T17:06:49.462+10:00; satellites 24; HDOP 0.6; RSSI -62</description>
        <TimeStamp>
          <when>2026-09-26T17:06:49.462+10:00</when>
        </TimeStamp>
        <Point>
          <altitudeMode>clampToGround</altitudeMode>
          <coordinates>153.56949,-28.20158,0</coordinates>
        </Point>
      </Placemark>
      <Placemark>
        <name>17:06:50.463</name>
        <styleUrl>#tracker</styleUrl>
        <description>2026-09-26T17:06:50.463+10:00; satellites 23; HDOP 0.6; RSSI -56</description>
        <TimeStamp>
          <when>2026-09-26T17:06:50.463+10:00</when>
        </TimeStamp>
        <Point>
          <altitudeMode>clampToGround</altitudeMode>
          <coordinates>153.56949,-28.20158,0</coordinates>
        </Point>
      </Placemark>
      <Placemark>
        <name>17:06:51.462</name>
        <styleUrl>#tracker</styleUrl>
        <description>2026-09-26T17:06:51.462+10:00; satellites 23; HDOP 0.6; RSSI -54</description>
        <TimeStamp>
          <when>2026-09-26T17:06:51.462+10:00</when>
        </TimeStamp>
        <Point>
          <altitudeMode>clampToGround</altitudeMode>
          <coordinates>153.56949,-28.20158,0</coordinates>
        </Point>
      </Placemark>
      <Placemark>
        <name>17:06:52.460</name>
        <styleUrl>#tracker</styleUrl>
        <description>2026-09-26T17:06:52.460+10:00; satellites 23; HDOP 0.6; RSSI -56</description>
        <TimeStamp>
          <when>2026-09-26T17:06:52.460+10:00</when>
        </TimeStamp>
        <Point>
          <altitudeMode>clampToGround</altitudeMode>
          <coordinates>153.56949,-28.20158,0</coordinates>
        </Point>
      </Placemark>
      <Placemark>
        <name>17:06:53.462</name>
        <styleUrl>#tracker</styleUrl>
        <description>2026-09-26T17:06:53.462+10:00; satellites 23; HDOP 0.6; RSSI -57</description>
        <TimeStamp>
          <when>2026-09-26T17:06:53.462+10:00</when>
        </TimeStamp>
        <Point>
          <altitudeMode>clampToGround</altitudeMode>
          <coordinates>153.56949,-28.20158,0</coordinates>
        </Point>
      </Placemark>
      <Placemark>
        <name>17:06:54.462</name>
        <styleUrl>#tracker</styleUrl>
        <description>2026-09-26T17:06:54.462+10:00; satellites 23; HDOP 0.6; RSSI -56</description>
        <TimeStamp>
          <when>2026-09-26T17:06:54.462+10:00</when>
        </TimeStamp>
        <Point>
          <altitudeMode>clampToGround</altitudeMode>
          <coordinates>153.56949,-28.20158,0</coordinates>
        </Point>
      </Placemark>
      <Placemark>
        <name>17:06:55.463</name>
        <styleUrl>#tracker</styleUrl>
        <description>2026-09-26T17:06:55.463+10:00; satellites 23; HDOP 0.6; RSSI -57</description>
        <TimeStamp>
          <when>2026-09-26T17:06:55.463+10:00</when>
        </TimeStamp>
        <Point>
          <altitudeMode>clampToGround</altitudeMode>
          <coordinates>153.56949,-28.20158,0</coordinates>
        </Point>
      </Placemark>
      <Placemark>
        <name>17:06:56.463</name>
        <styleUrl>#tracker</styleUrl>
        <description>2026-09-26T17:06:56.463+10:00; satellites 23; HDOP 0.6; RSSI -57</description>
        <TimeStamp>
          <when>2026-09-26T17:06:56.463+10:00</when>
        </TimeStamp>
        <Point>
          <altitudeMode>clampToGround</altitudeMode>
          <coordinates>153.56949,-28.20158,0</coordinates>
        </Point>
      </Placemark>
      <Placemark>
        <name>17:06:57.462</name>
        <styleUrl>#tracker</styleUrl>
        <description>2026-09-26T17:06:57.462+10:00; satellites 23; HDOP 0.6; RSSI -57</description>
        <TimeStamp>
          <when>2026-09-26T17:06:57.462+10:00</when>
        </TimeStamp>
        <Point>
          <altitudeMode>clampToGround</altitudeMode>
          <coordinates>153.5695,-28.20158,0</coordinates>
        </Point>
      </Placemark>
      <Placemark>
        <name>17:06:58.460</name>
        <styleUrl>#tracker</styleUrl>
        <description>2026-09-26T17:06:58.460+10:00; satellites 23; HDOP 0.6; RSSI -58</description>
        <TimeStamp>
          <when>2026-09-26T17:06:58.460+10:00</when>
        </TimeStamp>
        <Point>
          <altitudeMode>clampToGround</altitudeMode>
          <coordinates>153.5695,-28.20158,0</coordinates>
        </Point>
      </Placemark>
      <Placemark>
        <name>17:06:59.463</name>
        <styleUrl>#tracker</styleUrl>
        <description>2026-09-26T17:06:59.463+10:00; satellites 23; HDOP 0.6; RSSI -57</description>
        <TimeStamp>
          <when>2026-09-26T17:06:59.463+10:00</when>
        </TimeStamp>
        <Point>
          <altitudeMode>clampToGround</altitudeMode>
          <coordinates>153.5695,-28.20158,0</coordinates>
        </Point>
      </Placemark>
      <Placemark>
        <name>17:07:00.463</name>
        <styleUrl>#tracker</styleUrl>
        <description>2026-09-26T17:07:00.463+10:00; satellites 23; HDOP 0.6; RSSI -57</description>
        <TimeStamp>
          <when>2026-09-26T17:07:00.463+10:00</when>
        </TimeStamp>
        <Point>
          <altitudeMode>clampToGround</altitudeMode>
          <coordinates>153.5695,-28.20158,0</coordinates>
        </Point>
      </Placemark>
      <Placemark>
        <name>17:07:01.462</name>
        <styleUrl>#tracker</styleUrl>
        <description>2026-09-26T17:07:01.462+10:00; satellites 23; HDOP 0.6; RSSI -58</description>
        <TimeStamp>
          <when>2026-09-26T17:07:01.462+10:00</when>
        </TimeStamp>
        <Point>
          <altitudeMode>clampToGround</altitudeMode>
          <coordinates>153.5695,-28.20158,0</coordinates>
        </Point>
      </Placemark>
      <Placemark>
        <name>17:07:02.461</name>
        <styleUrl>#tracker</styleUrl>
        <description>2026-09-26T17:07:02.461+10:00; satellites 23; HDOP 0.6; RSSI -57</description>
        <TimeStamp>
          <when>2026-09-26T17:07:02.461+10:00</when>
        </TimeStamp>
        <Point>
          <altitudeMode>clampToGround</altitudeMode>
          <coordinates>153.5695,-28.20158,0</coordinates>
        </Point>
      </Placemark>
      <Placemark>
        <name>17:07:03.464</name>
        <styleUrl>#tracker</styleUrl>
        <description>2026-09-26T17:07:03.464+10:00; satellites 23; HDOP 0.6; RSSI -57</description>
        <TimeStamp>
          <when>2026-09-26T17:07:03.464+10:00</when>
        </TimeStamp>
        <Point>
          <altitudeMode>clampToGround</altitudeMode>
          <coordinates>153.5695,-28.20158,0</coordinates>
        </Point>
      </Placemark>
      <Placemark>
        <name>17:07:04.462</name>
        <styleUrl>#tracker</styleUrl>
        <description>2026-09-26T17:07:04.462+10:00; satellites 23; HDOP 0.6; RSSI -58</description>
        <TimeStamp>
          <when>2026-09-26T17:07:04.462+10:00</when>
        </TimeStamp>
        <Point>
          <altitudeMode>clampToGround</altitudeMode>
          <coordinates>153.5695,-28.20158,0</coordinates>
        </Point>
      </Placemark>
      <Placemark>
        <name>17:07:05.461</name>
        <styleUrl>#tracker</styleUrl>
        <description>2026-09-26T17:07:05.461+10:00; satellites 23; HDOP 0.6; RSSI -58</description>
        <TimeStamp>
          <when>2026-09-26T17:07:05.461+10:00</when>
        </TimeStamp>
        <Point>
          <altitudeMode>clampToGround</altitudeMode>
          <coordinates>153.5695,-28.20158,0</coordinates>
        </Point>
      </Placemark>
      <Placemark>
        <name>17:07:06.463</name>
        <styleUrl>#tracker</styleUrl>
        <description>2026-09-26T17:07:06.463+10:00; satellites 23; HDOP 0.6; RSSI -61</description>
        <TimeStamp>
          <when>2026-09-26T17:07:06.463+10:00</when>
        </TimeStamp>
        <Point>
          <altitudeMode>clampToGround</altitudeMode>
          <coordinates>153.5695,-28.20158,0</coordinates>
        </Point>
      </Placemark>
      <Placemark>
        <name>17:07:07.461</name>
        <styleUrl>#tracker</styleUrl>
        <description>2026-09-26T17:07:07.461+10:00; satellites 23; HDOP 0.6; RSSI -61</description>
        <TimeStamp>
          <when>2026-09-26T17:07:07.461+10:00</when>
        </TimeStamp>
        <Point>
          <altitudeMode>clampToGround</altitudeMode>
          <coordinates>153.5695,-28.20158,0</coordinates>
        </Point>
      </Placemark>
      <Placemark>
        <name>17:07:08.462</name>
        <styleUrl>#tracker</styleUrl>
        <description>2026-09-26T17:07:08.462+10:00; satellites 23; HDOP 0.6; RSSI -59</description>
        <TimeStamp>
          <when>2026-09-26T17:07:08.462+10:00</when>
        </TimeStamp>
        <Point>
          <altitudeMode>clampToGround</altitudeMode>
          <coordinates>153.5695,-28.20158,0</coordinates>
        </Point>
      </Placemark>
      <Placemark>
        <name>17:07:09.462</name>
        <styleUrl>#tracker</styleUrl>
        <description>2026-09-26T17:07:09.462+10:00; satellites 23; HDOP 0.6; RSSI -52</description>
        <TimeStamp>
          <when>2026-09-26T17:07:09.462+10:00</when>
        </TimeStamp>
        <Point>
          <altitudeMode>clampToGround</altitudeMode>
          <coordinates>153.5695,-28.20158,0</coordinates>
        </Point>
      </Placemark>
      <Placemark>
        <name>17:07:10.461</name>
        <styleUrl>#tracker</styleUrl>
        <description>2026-09-26T17:07:10.461+10:00; satellites 23; HDOP 0.6; RSSI -77</description>
        <TimeStamp>
          <when>2026-09-26T17:07:10.461+10:00</when>
        </TimeStamp>
        <Point>
          <altitudeMode>clampToGround</altitudeMode>
          <coordinates>153.5695,-28.20158,0</coordinates>
        </Point>
      </Placemark>
      <Placemark>
        <name>17:07:11.463</name>
        <styleUrl>#tracker</styleUrl>
        <description>2026-09-26T17:07:11.463+10:00; satellites 23; HDOP 0.6; RSSI -59</description>
        <TimeStamp>
          <when>2026-09-26T17:07:11.463+10:00</when>
        </TimeStamp>
        <Point>
          <altitudeMode>clampToGround</altitudeMode>
          <coordinates>153.5695,-28.20158,0</coordinates>
        </Point>
      </Placemark>
      <Placemark>
        <name>17:07:12.463</name>
        <styleUrl>#tracker</styleUrl>
        <description>2026-09-26T17:07:12.463+10:00; satellites 23; HDOP 0.6; RSSI -59</description>
        <TimeStamp>
          <when>2026-09-26T17:07:12.463+10:00</when>
        </TimeStamp>
        <Point>
          <altitudeMode>clampToGround</altitudeMode>
          <coordinates>153.5695,-28.20158,0</coordinates>
        </Point>
      </Placemark>
      <Placemark>
        <name>17:07:13.464</name>
        <styleUrl>#tracker</styleUrl>
        <description>2026-09-26T17:07:13.464+10:00; satellites 23; HDOP 0.6; RSSI -60</description>
        <TimeStamp>
          <when>2026-09-26T17:07:13.464+10:00</when>
        </TimeStamp>
        <Point>
          <altitudeMode>clampToGround</altitudeMode>
          <coordinates>153.5695,-28.20158,0</coordinates>
        </Point>
      </Placemark>
      <Placemark>
        <name>17:07:14.464</name>
        <styleUrl>#tracker</styleUrl>
        <description>2026-09-26T17:07:14.464+10:00; satellites 23; HDOP 0.6; RSSI -62</description>
        <TimeStamp>
          <when>2026-09-26T17:07:14.464+10:00</when>
        </TimeStamp>
        <Point>
          <altitudeMode>clampToGround</altitudeMode>
          <coordinates>153.5695,-28.20158,0</coordinates>
        </Point>
      </Placemark>
      <Placemark>
        <name>17:07:15.473</name>
        <styleUrl>#tracker</styleUrl>
        <description>2026-09-26T17:07:15.473+10:00; satellites 23; HDOP 0.6; RSSI -63</description>
        <TimeStamp>
          <when>2026-09-26T17:07:15.473+10:00</when>
        </TimeStamp>
        <Point>
          <altitudeMode>clampToGround</altitudeMode>
          <coordinates>153.5695,-28.20158,0</coordinates>
        </Point>
      </Placemark>
      <Placemark>
        <name>17:07:17.466</name>
        <styleUrl>#tracker</styleUrl>
        <description>2026-09-26T17:07:17.466+10:00; satellites 23; HDOP 0.6; RSSI -61</description>
        <TimeStamp>
          <when>2026-09-26T17:07:17.466+10:00</when>
        </TimeStamp>
        <Point>
          <altitudeMode>clampToGround</altitudeMode>
          <coordinates>153.5695,-28.20158,0</coordinates>
        </Point>
      </Placemark>
      <Placemark>
        <name>17:07:18.461</name>
        <styleUrl>#tracker</styleUrl>
        <description>2026-09-26T17:07:18.461+10:00; satellites 23; HDOP 0.6; RSSI -62</description>
        <TimeStamp>
          <when>2026-09-26T17:07:18.461+10:00</when>
        </TimeStamp>
        <Point>
          <altitudeMode>clampToGround</altitudeMode>
          <coordinates>153.5695,-28.20158,0</coordinates>
        </Point>
      </Placemark>
      <Placemark>
        <name>17:07:19.462</name>
        <styleUrl>#tracker</styleUrl>
        <description>2026-09-26T17:07:19.462+10:00; satellites 23; HDOP 0.6; RSSI -61</description>
        <TimeStamp>
          <when>2026-09-26T17:07:19.462+10:00</when>
        </TimeStamp>
        <Point>
          <altitudeMode>clampToGround</altitudeMode>
          <coordinates>153.5695,-28.20158,0</coordinates>
        </Point>
      </Placemark>
      <Placemark>
        <name>17:07:21.465</name>
        <styleUrl>#tracker</styleUrl>
        <description>2026-09-26T17:07:21.465+10:00; satellites 23; HDOP 0.6; RSSI -63</description>
        <TimeStamp>
          <when>2026-09-26T17:07:21.465+10:00</when>
        </TimeStamp>
        <Point>
          <altitudeMode>clampToGround</altitudeMode>
          <coordinates>153.5695,-28.20158,0</coordinates>
        </Point>
      </Placemark>
      <Placemark>
        <name>17:07:22.465</name>
        <styleUrl>#tracker</styleUrl>
        <description>2026-09-26T17:07:22.465+10:00; satellites 23; HDOP 0.6; RSSI -61</description>
        <TimeStamp>
          <when>2026-09-26T17:07:22.465+10:00</when>
        </TimeStamp>
        <Point>
          <altitudeMode>clampToGround</altitudeMode>
          <coordinates>153.5695,-28.20158,0</coordinates>
        </Point>
      </Placemark>
      <Placemark>
        <name>17:07:23.462</name>
        <styleUrl>#tracker</styleUrl>
        <description>2026-09-26T17:07:23.462+10:00; satellites 23; HDOP 0.6; RSSI -63</description>
        <TimeStamp>
          <when>2026-09-26T17:07:23.462+10:00</when>
        </TimeStamp>
        <Point>
          <altitudeMode>clampToGround</altitudeMode>
          <coordinates>153.5695,-28.20158,0</coordinates>
        </Point>
      </Placemark>
      <Placemark>
        <name>17:07:24.464</name>
        <styleUrl>#tracker</styleUrl>
        <description>2026-09-26T17:07:24.464+10:00; satellites 23; HDOP 0.6; RSSI -64</description>
        <TimeStamp>
          <when>2026-09-26T17:07:24.464+10:00</when>
        </TimeStamp>
        <Point>
          <altitudeMode>clampToGround</altitudeMode>
          <coordinates>153.5695,-28.20158,0</coordinates>
        </Point>
      </Placemark>
      <Placemark>
        <name>17:07:25.464</name>
        <styleUrl>#tracker</styleUrl>
        <description>2026-09-26T17:07:25.464+10:00; satellites 23; HDOP 0.6; RSSI -63</description>
        <TimeStamp>
          <when>2026-09-26T17:07:25.464+10:00</when>
        </TimeStamp>
        <Point>
          <altitudeMode>clampToGround</altitudeMode>
          <coordinates>153.5695,-28.20158,0</coordinates>
        </Point>
      </Placemark>
      <Placemark>
        <name>17:07:26.464</name>
        <styleUrl>#tracker</styleUrl>
        <description>2026-09-26T17:07:26.464+10:00; satellites 23; HDOP 0.6; RSSI -63</description>
        <TimeStamp>
          <when>2026-09-26T17:07:26.464+10:00</when>
        </TimeStamp>
        <Point>
          <altitudeMode>clampToGround</altitudeMode>
          <coordinates>153.5695,-28.20158,0</coordinates>
        </Point>
      </Placemark>
      <Placemark>
        <name>17:07:27.465</name>
        <styleUrl>#tracker</styleUrl>
        <description>2026-09-26T17:07:27.465+10:00; satellites 23; HDOP 0.6; RSSI -63</description>
        <TimeStamp>
          <when>2026-09-26T17:07:27.465+10:00</when>
        </TimeStamp>
        <Point>
          <altitudeMode>clampToGround</altitudeMode>
          <coordinates>153.5695,-28.20158,0</coordinates>
        </Point>
      </Placemark>
      <Placemark>
        <name>17:07:28.462</name>
        <styleUrl>#tracker</styleUrl>
        <description>2026-09-26T17:07:28.462+10:00; satellites 23; HDOP 0.6; RSSI -63</description>
        <TimeStamp>
          <when>2026-09-26T17:07:28.462+10:00</when>
        </TimeStamp>
        <Point>
          <altitudeMode>clampToGround</altitudeMode>
          <coordinates>153.5695,-28.20158,0</coordinates>
        </Point>
      </Placemark>
      <Placemark>
        <name>17:07:29.465</name>
        <styleUrl>#tracker</styleUrl>
        <description>2026-09-26T17:07:29.465+10:00; satellites 23; HDOP 0.6; RSSI -64</description>
        <TimeStamp>
          <when>2026-09-26T17:07:29.465+10:00</when>
        </TimeStamp>
        <Point>
          <altitudeMode>clampToGround</altitudeMode>
          <coordinates>153.5695,-28.20158,0</coordinates>
        </Point>
      </Placemark>
      <Placemark>
        <name>17:07:30.464</name>
        <styleUrl>#tracker</styleUrl>
        <description>2026-09-26T17:07:30.464+10:00; satellites 23; HDOP 0.6; RSSI -63</description>
        <TimeStamp>
          <when>2026-09-26T17:07:30.464+10:00</when>
        </TimeStamp>
        <Point>
          <altitudeMode>clampToGround</altitudeMode>
          <coordinates>153.5695,-28.20158,0</coordinates>
        </Point>
      </Placemark>
      <Placemark>
        <name>17:07:31.463</name>
        <styleUrl>#tracker</styleUrl>
        <description>2026-09-26T17:07:31.463+10:00; satellites 23; HDOP 0.6; RSSI -63</description>
        <TimeStamp>
          <when>2026-09-26T17:07:31.463+10:00</when>
        </TimeStamp>
        <Point>
          <altitudeMode>clampToGround</altitudeMode>
          <coordinates>153.5695,-28.20158,0</coordinates>
        </Point>
      </Placemark>
      <Placemark>
        <name>17:07:32.463</name>
        <styleUrl>#tracker</styleUrl>
        <description>2026-09-26T17:07:32.463+10:00; satellites 23; HDOP 0.6; RSSI -63</description>
        <TimeStamp>
          <when>2026-09-26T17:07:32.463+10:00</when>
        </TimeStamp>
        <Point>
          <altitudeMode>clampToGround</altitudeMode>
          <coordinates>153.5695,-28.20158,0</coordinates>
        </Point>
      </Placemark>
      <Placemark>
        <name>17:07:33.465</name>
        <styleUrl>#tracker</styleUrl>
        <description>2026-09-26T17:07:33.465+10:00; satellites 23; HDOP 0.6; RSSI -63</description>
        <TimeStamp>
          <when>2026-09-26T17:07:33.465+10:00</when>
        </TimeStamp>
        <Point>
          <altitudeMode>clampToGround</altitudeMode>
          <coordinates>153.5695,-28.20158,0</coordinates>
        </Point>
      </Placemark>
      <Placemark>
        <name>17:07:34.465</name>
        <styleUrl>#tracker</styleUrl>
        <description>2026-09-26T17:07:34.465+10:00; satellites 23; HDOP 0.6; RSSI -62</description>
        <TimeStamp>
          <when>2026-09-26T17:07:34.465+10:00</when>
        </TimeStamp>
        <Point>
          <altitudeMode>clampToGround</altitudeMode>
          <coordinates>153.5695,-28.20158,0</coordinates>
        </Point>
      </Placemark>
      <Placemark>
        <name>17:07:35.467</name>
        <styleUrl>#tracker</styleUrl>
        <description>2026-09-26T17:07:35.467+10:00; satellites 23; HDOP 0.6; RSSI -64</description>
        <TimeStamp>
          <when>2026-09-26T17:07:35.467+10:00</when>
        </TimeStamp>
        <Point>
          <altitudeMode>clampToGround</altitudeMode>
          <coordinates>153.5695,-28.20158,0</coordinates>
        </Point>
      </Placemark>
      <Placemark>
        <name>17:07:36.463</name>
        <styleUrl>#tracker</styleUrl>
        <description>2026-09-26T17:07:36.463+10:00; satellites 23; HDOP 0.6; RSSI -62</description>
        <TimeStamp>
          <when>2026-09-26T17:07:36.463+10:00</when>
        </TimeStamp>
        <Point>
          <altitudeMode>clampToGround</altitudeMode>
          <coordinates>153.5695,-28.20158,0</coordinates>
        </Point>
      </Placemark>
      <Placemark>
        <name>17:07:37.464</name>
        <styleUrl>#tracker</styleUrl>
        <description>2026-09-26T17:07:37.464+10:00; satellites 23; HDOP 0.6; RSSI -62</description>
        <TimeStamp>
          <when>2026-09-26T17:07:37.464+10:00</when>
        </TimeStamp>
        <Point>
          <altitudeMode>clampToGround</altitudeMode>
          <coordinates>153.5695,-28.20158,0</coordinates>
        </Point>
      </Placemark>
      <Placemark>
        <name>17:07:38.464</name>
        <styleUrl>#tracker</styleUrl>
        <description>2026-09-26T17:07:38.464+10:00; satellites 23; HDOP 0.6; RSSI -63</description>
        <TimeStamp>
          <when>2026-09-26T17:07:38.464+10:00</when>
        </TimeStamp>
        <Point>
          <altitudeMode>clampToGround</altitudeMode>
          <coordinates>153.5695,-28.20158,0</coordinates>
        </Point>
      </Placemark>
      <Placemark>
        <name>17:07:39.465</name>
        <styleUrl>#tracker</styleUrl>
        <description>2026-09-26T17:07:39.465+10:00; satellites 23; HDOP 0.6; RSSI -62</description>
        <TimeStamp>
          <when>2026-09-26T17:07:39.465+10:00</when>
        </TimeStamp>
        <Point>
          <altitudeMode>clampToGround</altitudeMode>
          <coordinates>153.5695,-28.20158,0</coordinates>
        </Point>
      </Placemark>
      <Placemark>
        <name>17:07:40.463</name>
        <styleUrl>#tracker</styleUrl>
        <description>2026-09-26T17:07:40.463+10:00; satellites 23; HDOP 0.6; RSSI -62</description>
        <TimeStamp>
          <when>2026-09-26T17:07:40.463+10:00</when>
        </TimeStamp>
        <Point>
          <altitudeMode>clampToGround</altitudeMode>
          <coordinates>153.5695,-28.20158,0</coordinates>
        </Point>
      </Placemark>
      <Placemark>
        <name>17:07:41.467</name>
        <styleUrl>#tracker</styleUrl>
        <description>2026-09-26T17:07:41.467+10:00; satellites 23; HDOP 0.6; RSSI -61</description>
        <TimeStamp>
          <when>2026-09-26T17:07:41.467+10:00</when>
        </TimeStamp>
        <Point>
          <altitudeMode>clampToGround</altitudeMode>
          <coordinates>153.5695,-28.20158,0</coordinates>
        </Point>
      </Placemark>
      <Placemark>
        <name>17:07:42.464</name>
        <styleUrl>#tracker</styleUrl>
        <description>2026-09-26T17:07:42.464+10:00; satellites 23; HDOP 0.6; RSSI -62</description>
        <TimeStamp>
          <when>2026-09-26T17:07:42.464+10:00</when>
        </TimeStamp>
        <Point>
          <altitudeMode>clampToGround</altitudeMode>
          <coordinates>153.5695,-28.20158,0</coordinates>
        </Point>
      </Placemark>
      <Placemark>
        <name>17:07:43.466</name>
        <styleUrl>#tracker</styleUrl>
        <description>2026-09-26T17:07:43.466+10:00; satellites 23; HDOP 0.6; RSSI -52</description>
        <TimeStamp>
          <when>2026-09-26T17:07:43.466+10:00</when>
        </TimeStamp>
        <Point>
          <altitudeMode>clampToGround</altitudeMode>
          <coordinates>153.5695,-28.20158,0</coordinates>
        </Point>
      </Placemark>
      <Placemark>
        <name>17:07:44.465</name>
        <styleUrl>#tracker</styleUrl>
        <description>2026-09-26T17:07:44.465+10:00; satellites 23; HDOP 0.6; RSSI -52</description>
        <TimeStamp>
          <when>2026-09-26T17:07:44.465+10:00</when>
        </TimeStamp>
        <Point>
          <altitudeMode>clampToGround</altitudeMode>
          <coordinates>153.5695,-28.20158,0</coordinates>
        </Point>
      </Placemark>
      <Placemark>
        <name>17:07:45.465</name>
        <styleUrl>#tracker</styleUrl>
        <description>2026-09-26T17:07:45.465+10:00; satellites 23; HDOP 0.6; RSSI -64</description>
        <TimeStamp>
          <when>2026-09-26T17:07:45.465+10:00</when>
        </TimeStamp>
        <Point>
          <altitudeMode>clampToGround</altitudeMode>
          <coordinates>153.5695,-28.20158,0</coordinates>
        </Point>
      </Placemark>
      <Placemark>
        <name>17:07:46.466</name>
        <styleUrl>#tracker</styleUrl>
        <description>2026-09-26T17:07:46.466+10:00; satellites 23; HDOP 0.6; RSSI -63</description>
        <TimeStamp>
          <when>2026-09-26T17:07:46.466+10:00</when>
        </TimeStamp>
        <Point>
          <altitudeMode>clampToGround</altitudeMode>
          <coordinates>153.5695,-28.20158,0</coordinates>
        </Point>
      </Placemark>
      <Placemark>
        <name>17:07:47.463</name>
        <styleUrl>#tracker</styleUrl>
        <description>2026-09-26T17:07:47.463+10:00; satellites 23; HDOP 0.6; RSSI -65</description>
        <TimeStamp>
          <when>2026-09-26T17:07:47.463+10:00</when>
        </TimeStamp>
        <Point>
          <altitudeMode>clampToGround</altitudeMode>
          <coordinates>153.5695,-28.20158,0</coordinates>
        </Point>
      </Placemark>
      <Placemark>
        <name>17:07:48.464</name>
        <styleUrl>#tracker</styleUrl>
        <description>2026-09-26T17:07:48.464+10:00; satellites 23; HDOP 0.6; RSSI -63</description>
        <TimeStamp>
          <when>2026-09-26T17:07:48.464+10:00</when>
        </TimeStamp>
        <Point>
          <altitudeMode>clampToGround</altitudeMode>
          <coordinates>153.5695,-28.20158,0</coordinates>
        </Point>
      </Placemark>
      <Placemark>
        <name>17:07:49.466</name>
        <styleUrl>#tracker</styleUrl>
        <description>2026-09-26T17:07:49.466+10:00; satellites 23; HDOP 0.6; RSSI -61</description>
        <TimeStamp>
          <when>2026-09-26T17:07:49.466+10:00</when>
        </TimeStamp>
        <Point>
          <altitudeMode>clampToGround</altitudeMode>
          <coordinates>153.5695,-28.20158,0</coordinates>
        </Point>
      </Placemark>
      <Placemark>
        <name>17:07:50.466</name>
        <styleUrl>#tracker</styleUrl>
        <description>2026-09-26T17:07:50.466+10:00; satellites 23; HDOP 0.6; RSSI -65</description>
        <TimeStamp>
          <when>2026-09-26T17:07:50.466+10:00</when>
        </TimeStamp>
        <Point>
          <altitudeMode>clampToGround</altitudeMode>
          <coordinates>153.5695,-28.20158,0</coordinates>
        </Point>
      </Placemark>
      <Placemark>
        <name>17:07:51.467</name>
        <styleUrl>#tracker</styleUrl>
        <description>2026-09-26T17:07:51.467+10:00; satellites 23; HDOP 0.6; RSSI -63</description>
        <TimeStamp>
          <when>2026-09-26T17:07:51.467+10:00</when>
        </TimeStamp>
        <Point>
          <altitudeMode>clampToGround</altitudeMode>
          <coordinates>153.5695,-28.20158,0</coordinates>
        </Point>
      </Placemark>
      <Placemark>
        <name>17:07:52.465</name>
        <styleUrl>#tracker</styleUrl>
        <description>2026-09-26T17:07:52.465+10:00; satellites 23; HDOP 0.6; RSSI -63</description>
        <TimeStamp>
          <when>2026-09-26T17:07:52.465+10:00</when>
        </TimeStamp>
        <Point>
          <altitudeMode>clampToGround</altitudeMode>
          <coordinates>153.5695,-28.20158,0</coordinates>
        </Point>
      </Placemark>
      <Placemark>
        <name>17:07:53.463</name>
        <styleUrl>#tracker</styleUrl>
        <description>2026-09-26T17:07:53.463+10:00; satellites 23; HDOP 0.6; RSSI -65</description>
        <TimeStamp>
          <when>2026-09-26T17:07:53.463+10:00</when>
        </TimeStamp>
        <Point>
          <altitudeMode>clampToGround</altitudeMode>
          <coordinates>153.5695,-28.20158,0</coordinates>
        </Point>
      </Placemark>
      <Placemark>
        <name>17:07:54.463</name>
        <styleUrl>#tracker</styleUrl>
        <description>2026-09-26T17:07:54.463+10:00; satellites 23; HDOP 0.6; RSSI -64</description>
        <TimeStamp>
          <when>2026-09-26T17:07:54.463+10:00</when>
        </TimeStamp>
        <Point>
          <altitudeMode>clampToGround</altitudeMode>
          <coordinates>153.5695,-28.20158,0</coordinates>
        </Point>
      </Placemark>
      <Placemark>
        <name>17:07:55.466</name>
        <styleUrl>#tracker</styleUrl>
        <description>2026-09-26T17:07:55.466+10:00; satellites 23; HDOP 0.6; RSSI -64</description>
        <TimeStamp>
          <when>2026-09-26T17:07:55.466+10:00</when>
        </TimeStamp>
        <Point>
          <altitudeMode>clampToGround</altitudeMode>
          <coordinates>153.5695,-28.20158,0</coordinates>
        </Point>
      </Placemark>
      <Placemark>
        <name>17:07:56.467</name>
        <styleUrl>#tracker</styleUrl>
        <description>2026-09-26T17:07:56.467+10:00; satellites 23; HDOP 0.6; RSSI -65</description>
        <TimeStamp>
          <when>2026-09-26T17:07:56.467+10:00</when>
        </TimeStamp>
        <Point>
          <altitudeMode>clampToGround</altitudeMode>
          <coordinates>153.5695,-28.20158,0</coordinates>
        </Point>
      </Placemark>
      <Placemark>
        <name>17:07:57.466</name>
        <styleUrl>#tracker</styleUrl>
        <description>2026-09-26T17:07:57.466+10:00; satellites 23; HDOP 0.6; RSSI -64</description>
        <TimeStamp>
          <when>2026-09-26T17:07:57.466+10:00</when>
        </TimeStamp>
        <Point>
          <altitudeMode>clampToGround</altitudeMode>
          <coordinates>153.5695,-28.20158,0</coordinates>
        </Point>
      </Placemark>
      <Placemark>
        <name>17:07:58.464</name>
        <styleUrl>#tracker</styleUrl>
        <description>2026-09-26T17:07:58.464+10:00; satellites 23; HDOP 0.6; RSSI -65</description>
        <TimeStamp>
          <when>2026-09-26T17:07:58.464+10:00</when>
        </TimeStamp>
        <Point>
          <altitudeMode>clampToGround</altitudeMode>
          <coordinates>153.5695,-28.20158,0</coordinates>
        </Point>
      </Placemark>
      <Placemark>
        <name>17:07:59.470</name>
        <styleUrl>#tracker</styleUrl>
        <description>2026-09-26T17:07:59.470+10:00; satellites 23; HDOP 0.6; RSSI -63</description>
        <TimeStamp>
          <when>2026-09-26T17:07:59.470+10:00</when>
        </TimeStamp>
        <Point>
          <altitudeMode>clampToGround</altitudeMode>
          <coordinates>153.5695,-28.20158,0</coordinates>
        </Point>
      </Placemark>
      <Placemark>
        <name>17:08:00.465</name>
        <styleUrl>#tracker</styleUrl>
        <description>2026-09-26T17:08:00.465+10:00; satellites 23; HDOP 0.6; RSSI -64</description>
        <TimeStamp>
          <when>2026-09-26T17:08:00.465+10:00</when>
        </TimeStamp>
        <Point>
          <altitudeMode>clampToGround</altitudeMode>
          <coordinates>153.5695,-28.20158,0</coordinates>
        </Point>
      </Placemark>
      <Placemark>
        <name>17:08:01.466</name>
        <styleUrl>#tracker</styleUrl>
        <description>2026-09-26T17:08:01.466+10:00; satellites 23; HDOP 0.6; RSSI -64</description>
        <TimeStamp>
          <when>2026-09-26T17:08:01.466+10:00</when>
        </TimeStamp>
        <Point>
          <altitudeMode>clampToGround</altitudeMode>
          <coordinates>153.5695,-28.20158,0</coordinates>
        </Point>
      </Placemark>
      <Placemark>
        <name>17:08:02.464</name>
        <styleUrl>#tracker</styleUrl>
        <description>2026-09-26T17:08:02.464+10:00; satellites 23; HDOP 0.6; RSSI -65</description>
        <TimeStamp>
          <when>2026-09-26T17:08:02.464+10:00</when>
        </TimeStamp>
        <Point>
          <altitudeMode>clampToGround</altitudeMode>
          <coordinates>153.5695,-28.20158,0</coordinates>
        </Point>
      </Placemark>
      <Placemark>
        <name>17:08:03.466</name>
        <styleUrl>#tracker</styleUrl>
        <description>2026-09-26T17:08:03.466+10:00; satellites 23; HDOP 0.6; RSSI -64</description>
        <TimeStamp>
          <when>2026-09-26T17:08:03.466+10:00</when>
        </TimeStamp>
        <Point>
          <altitudeMode>clampToGround</altitudeMode>
          <coordinates>153.5695,-28.20158,0</coordinates>
        </Point>
      </Placemark>
      <Placemark>
        <name>17:08:04.465</name>
        <styleUrl>#tracker</styleUrl>
        <description>2026-09-26T17:08:04.465+10:00; satellites 23; HDOP 0.6; RSSI -64</description>
        <TimeStamp>
          <when>2026-09-26T17:08:04.465+10:00</when>
        </TimeStamp>
        <Point>
          <altitudeMode>clampToGround</altitudeMode>
          <coordinates>153.5695,-28.20158,0</coordinates>
        </Point>
      </Placemark>
      <Placemark>
        <name>17:08:05.467</name>
        <styleUrl>#tracker</styleUrl>
        <description>2026-09-26T17:08:05.467+10:00; satellites 23; HDOP 0.6; RSSI -64</description>
        <TimeStamp>
          <when>2026-09-26T17:08:05.467+10:00</when>
        </TimeStamp>
        <Point>
          <altitudeMode>clampToGround</altitudeMode>
          <coordinates>153.5695,-28.20158,0</coordinates>
        </Point>
      </Placemark>
      <Placemark>
        <name>17:08:06.464</name>
        <styleUrl>#tracker</styleUrl>
        <description>2026-09-26T17:08:06.464+10:00; satellites 23; HDOP 0.6; RSSI -64</description>
        <TimeStamp>
          <when>2026-09-26T17:08:06.464+10:00</when>
        </TimeStamp>
        <Point>
          <altitudeMode>clampToGround</altitudeMode>
          <coordinates>153.5695,-28.20158,0</coordinates>
        </Point>
      </Placemark>
      <Placemark>
        <name>17:08:07.466</name>
        <styleUrl>#tracker</styleUrl>
        <description>2026-09-26T17:08:07.466+10:00; satellites 23; HDOP 0.6; RSSI -64</description>
        <TimeStamp>
          <when>2026-09-26T17:08:07.466+10:00</when>
        </TimeStamp>
        <Point>
          <altitudeMode>clampToGround</altitudeMode>
          <coordinates>153.5695,-28.20158,0</coordinates>
        </Point>
      </Placemark>
      <Placemark>
        <name>17:08:08.464</name>
        <styleUrl>#tracker</styleUrl>
        <description>2026-09-26T17:08:08.464+10:00; satellites 23; HDOP 0.6; RSSI -65</description>
        <TimeStamp>
          <when>2026-09-26T17:08:08.464+10:00</when>
        </TimeStamp>
        <Point>
          <altitudeMode>clampToGround</altitudeMode>
          <coordinates>153.5695,-28.20158,0</coordinates>
        </Point>
      </Placemark>
      <Placemark>
        <name>17:08:09.466</name>
        <styleUrl>#tracker</styleUrl>
        <description>2026-09-26T17:08:09.466+10:00; satellites 23; HDOP 0.6; RSSI -64</description>
        <TimeStamp>
          <when>2026-09-26T17:08:09.466+10:00</when>
        </TimeStamp>
        <Point>
          <altitudeMode>clampToGround</altitudeMode>
          <coordinates>153.5695,-28.20158,0</coordinates>
        </Point>
      </Placemark>
      <Placemark>
        <name>17:08:10.467</name>
        <styleUrl>#tracker</styleUrl>
        <description>2026-09-26T17:08:10.467+10:00; satellites 23; HDOP 0.6; RSSI -65</description>
        <TimeStamp>
          <when>2026-09-26T17:08:10.467+10:00</when>
        </TimeStamp>
        <Point>
          <altitudeMode>clampToGround</altitudeMode>
          <coordinates>153.5695,-28.20158,0</coordinates>
        </Point>
      </Placemark>
      <Placemark>
        <name>17:08:11.466</name>
        <styleUrl>#tracker</styleUrl>
        <description>2026-09-26T17:08:11.466+10:00; satellites 23; HDOP 0.6; RSSI -64</description>
        <TimeStamp>
          <when>2026-09-26T17:08:11.466+10:00</when>
        </TimeStamp>
        <Point>
          <altitudeMode>clampToGround</altitudeMode>
          <coordinates>153.5695,-28.20158,0</coordinates>
        </Point>
      </Placemark>
      <Placemark>
        <name>17:08:12.467</name>
        <styleUrl>#tracker</styleUrl>
        <description>2026-09-26T17:08:12.467+10:00; satellites 23; HDOP 0.6; RSSI -64</description>
        <TimeStamp>
          <when>2026-09-26T17:08:12.467+10:00</when>
        </TimeStamp>
        <Point>
          <altitudeMode>clampToGround</altitudeMode>
          <coordinates>153.5695,-28.20158,0</coordinates>
        </Point>
      </Placemark>
      <Placemark>
        <name>17:08:13.465</name>
        <styleUrl>#tracker</styleUrl>
        <description>2026-09-26T17:08:13.465+10:00; satellites 23; HDOP 0.6; RSSI -64</description>
        <TimeStamp>
          <when>2026-09-26T17:08:13.465+10:00</when>
        </TimeStamp>
        <Point>
          <altitudeMode>clampToGround</altitudeMode>
          <coordinates>153.5695,-28.20158,0</coordinates>
        </Point>
      </Placemark>
      <Placemark>
        <name>17:08:14.465</name>
        <styleUrl>#tracker</styleUrl>
        <description>2026-09-26T17:08:14.465+10:00; satellites 23; HDOP 0.6; RSSI -64</description>
        <TimeStamp>
          <when>2026-09-26T17:08:14.465+10:00</when>
        </TimeStamp>
        <Point>
          <altitudeMode>clampToGround</altitudeMode>
          <coordinates>153.5695,-28.20158,0</coordinates>
        </Point>
      </Placemark>
      <Placemark>
        <name>17:08:15.468</name>
        <styleUrl>#tracker</styleUrl>
        <description>2026-09-26T17:08:15.468+10:00; satellites 23; HDOP 0.6; RSSI -64</description>
        <TimeStamp>
          <when>2026-09-26T17:08:15.468+10:00</when>
        </TimeStamp>
        <Point>
          <altitudeMode>clampToGround</altitudeMode>
          <coordinates>153.5695,-28.20158,0</coordinates>
        </Point>
      </Placemark>
      <Placemark>
        <name>17:08:16.469</name>
        <styleUrl>#tracker</styleUrl>
        <description>2026-09-26T17:08:16.469+10:00; satellites 23; HDOP 0.6; RSSI -64</description>
        <TimeStamp>
          <when>2026-09-26T17:08:16.469+10:00</when>
        </TimeStamp>
        <Point>
          <altitudeMode>clampToGround</altitudeMode>
          <coordinates>153.5695,-28.20158,0</coordinates>
        </Point>
      </Placemark>
      <Placemark>
        <name>17:08:17.467</name>
        <styleUrl>#tracker</styleUrl>
        <description>2026-09-26T17:08:17.467+10:00; satellites 23; HDOP 0.6; RSSI -64</description>
        <TimeStamp>
          <when>2026-09-26T17:08:17.467+10:00</when>
        </TimeStamp>
        <Point>
          <altitudeMode>clampToGround</altitudeMode>
          <coordinates>153.5695,-28.20158,0</coordinates>
        </Point>
      </Placemark>
      <Placemark>
        <name>17:08:18.469</name>
        <styleUrl>#tracker</styleUrl>
        <description>2026-09-26T17:08:18.469+10:00; satellites 23; HDOP 0.6; RSSI -64</description>
        <TimeStamp>
          <when>2026-09-26T17:08:18.469+10:00</when>
        </TimeStamp>
        <Point>
          <altitudeMode>clampToGround</altitudeMode>
          <coordinates>153.56951,-28.20158,0</coordinates>
        </Point>
      </Placemark>
      <Placemark>
        <name>17:08:19.475</name>
        <styleUrl>#tracker</styleUrl>
        <description>2026-09-26T17:08:19.475+10:00; satellites 23; HDOP 0.6; RSSI -65</description>
        <TimeStamp>
          <when>2026-09-26T17:08:19.475+10:00</when>
        </TimeStamp>
        <Point>
          <altitudeMode>clampToGround</altitudeMode>
          <coordinates>153.56951,-28.20158,0</coordinates>
        </Point>
      </Placemark>
      <Placemark>
        <name>17:08:20.465</name>
        <styleUrl>#tracker</styleUrl>
        <description>2026-09-26T17:08:20.465+10:00; satellites 23; HDOP 0.6; RSSI -64</description>
        <TimeStamp>
          <when>2026-09-26T17:08:20.465+10:00</when>
        </TimeStamp>
        <Point>
          <altitudeMode>clampToGround</altitudeMode>
          <coordinates>153.56951,-28.20158,0</coordinates>
        </Point>
      </Placemark>
      <Placemark>
        <name>17:08:21.467</name>
        <styleUrl>#tracker</styleUrl>
        <description>2026-09-26T17:08:21.467+10:00; satellites 23; HDOP 0.6; RSSI -65</description>
        <TimeStamp>
          <when>2026-09-26T17:08:21.467+10:00</when>
        </TimeStamp>
        <Point>
          <altitudeMode>clampToGround</altitudeMode>
          <coordinates>153.56951,-28.20158,0</coordinates>
        </Point>
      </Placemark>
      <Placemark>
        <name>17:08:22.465</name>
        <styleUrl>#tracker</styleUrl>
        <description>2026-09-26T17:08:22.465+10:00; satellites 23; HDOP 0.6; RSSI -63</description>
        <TimeStamp>
          <when>2026-09-26T17:08:22.465+10:00</when>
        </TimeStamp>
        <Point>
          <altitudeMode>clampToGround</altitudeMode>
          <coordinates>153.56951,-28.20158,0</coordinates>
        </Point>
      </Placemark>
      <Placemark>
        <name>17:08:23.465</name>
        <styleUrl>#tracker</styleUrl>
        <description>2026-09-26T17:08:23.465+10:00; satellites 23; HDOP 0.6; RSSI -63</description>
        <TimeStamp>
          <when>2026-09-26T17:08:23.465+10:00</when>
        </TimeStamp>
        <Point>
          <altitudeMode>clampToGround</altitudeMode>
          <coordinates>153.56951,-28.20158,0</coordinates>
        </Point>
      </Placemark>
      <Placemark>
        <name>17:08:24.465</name>
        <styleUrl>#tracker</styleUrl>
        <description>2026-09-26T17:08:24.465+10:00; satellites 23; HDOP 0.6; RSSI -63</description>
        <TimeStamp>
          <when>2026-09-26T17:08:24.465+10:00</when>
        </TimeStamp>
        <Point>
          <altitudeMode>clampToGround</altitudeMode>
          <coordinates>153.56951,-28.20158,0</coordinates>
        </Point>
      </Placemark>
      <Placemark>
        <name>17:08:25.467</name>
        <styleUrl>#tracker</styleUrl>
        <description>2026-09-26T17:08:25.467+10:00; satellites 23; HDOP 0.6; RSSI -64</description>
        <TimeStamp>
          <when>2026-09-26T17:08:25.467+10:00</when>
        </TimeStamp>
        <Point>
          <altitudeMode>clampToGround</altitudeMode>
          <coordinates>153.56951,-28.20158,0</coordinates>
        </Point>
      </Placemark>
      <Placemark>
        <name>17:08:26.466</name>
        <styleUrl>#tracker</styleUrl>
        <description>2026-09-26T17:08:26.466+10:00; satellites 23; HDOP 0.6; RSSI -63</description>
        <TimeStamp>
          <when>2026-09-26T17:08:26.466+10:00</when>
        </TimeStamp>
        <Point>
          <altitudeMode>clampToGround</altitudeMode>
          <coordinates>153.56951,-28.20158,0</coordinates>
        </Point>
      </Placemark>
      <Placemark>
        <name>17:08:27.467</name>
        <styleUrl>#tracker</styleUrl>
        <description>2026-09-26T17:08:27.467+10:00; satellites 23; HDOP 0.6; RSSI -63</description>
        <TimeStamp>
          <when>2026-09-26T17:08:27.467+10:00</when>
        </TimeStamp>
        <Point>
          <altitudeMode>clampToGround</altitudeMode>
          <coordinates>153.56951,-28.20158,0</coordinates>
        </Point>
      </Placemark>
      <Placemark>
        <name>17:08:28.466</name>
        <styleUrl>#tracker</styleUrl>
        <description>2026-09-26T17:08:28.466+10:00; satellites 23; HDOP 0.6; RSSI -62</description>
        <TimeStamp>
          <when>2026-09-26T17:08:28.466+10:00</when>
        </TimeStamp>
        <Point>
          <altitudeMode>clampToGround</altitudeMode>
          <coordinates>153.56951,-28.20158,0</coordinates>
        </Point>
      </Placemark>
    </Folder>
    <Folder>
      <name>Aircraft heading arrows every 10 seconds (toggle)</name>
      <visibility>0</visibility>
      <Placemark>
        <name>16:58:05.489 heading 223.2 deg</name>
        <styleUrl>#heading</styleUrl>
        <LineString>
          <tessellate>1</tessellate>
          <altitudeMode>clampToGround</altitudeMode>
          <coordinates>153.56947964817002,-28.201591664748424,0 153.56942376392976,-28.201644110927358,0 153.56942842439105,-28.20162659971651,0 153.56942376392976,-28.201644110927358,0 153.56944330206622,-28.20163891227656,0</coordinates>
        </LineString>
      </Placemark>
      <Placemark>
        <name>16:58:10.051 heading 223.2 deg</name>
        <styleUrl>#heading</styleUrl>
        <LineString>
          <tessellate>1</tessellate>
          <altitudeMode>clampToGround</altitudeMode>
          <coordinates>153.56948069353516,-28.201584702633596,0 153.56942480929857,-28.20163714881253,0 153.56942946975954,-28.20161963760168,0 153.56942480929857,-28.20163714881253,0 153.56944434743374,-28.201631950161733,0</coordinates>
        </LineString>
      </Placemark>
      <Placemark>
        <name>16:58:20.406 heading 223.2 deg</name>
        <styleUrl>#heading</styleUrl>
        <LineString>
          <tessellate>1</tessellate>
          <altitudeMode>clampToGround</altitudeMode>
          <coordinates>153.56948198793407,-28.2015822143853,0 153.56942610369876,-28.201634660564235,0 153.56943076415965,-28.201617149353385,0 153.56942610369876,-28.201634660564235,0 153.56944564183348,-28.201629461913438,0</coordinates>
        </LineString>
      </Placemark>
      <Placemark>
        <name>16:58:30.250 heading 222.5 deg</name>
        <styleUrl>#heading</styleUrl>
        <LineString>
          <tessellate>1</tessellate>
          <altitudeMode>clampToGround</altitudeMode>
          <coordinates>153.56948277244834,-28.20158271896112,0 153.56942761942528,-28.201635762916204,0 153.56943203678688,-28.201618202834347,0 153.56942761942528,-28.201635762916204,0 153.56944708403506,-28.201630354291755,0</coordinates>
        </LineString>
      </Placemark>
      <Placemark>
        <name>16:58:40.115 heading 222.9 deg</name>
        <styleUrl>#heading</styleUrl>
        <LineString>
          <tessellate>1</tessellate>
          <altitudeMode>clampToGround</altitudeMode>
          <coordinates>153.569482863707,-28.20158363770688,0 153.5694272918327,-28.20163634103937,0 153.5694318481913,-28.20161880856332,0 153.5694272918327,-28.20163634103937,0 153.56944679881343,-28.20163105230302,0</coordinates>
        </LineString>
      </Placemark>
      <Placemark>
        <name>16:58:50.477 heading 118.5 deg</name>
        <styleUrl>#heading</styleUrl>
        <LineString>
          <tessellate>1</tessellate>
          <altitudeMode>clampToGround</altitudeMode>
          <coordinates>153.56968900233045,-28.201724755508685,0 153.5697607462432,-28.20175908504329,0 153.5697403440031,-28.201759555873192,0 153.5697607462432,-28.20175908504329,0 153.5697500824478,-28.201743749088852,0</coordinates>
        </LineString>
      </Placemark>
      <Placemark>
        <name>16:59:00.208 heading 118.3 deg</name>
        <styleUrl>#heading</styleUrl>
        <LineString>
          <tessellate>1</tessellate>
          <altitudeMode>clampToGround</altitudeMode>
          <coordinates>153.56997301797867,-28.20177841981727,0 153.57004489746444,-28.20181252843883,0 153.57002449720332,-28.201813062028716,0 153.57004489746444,-28.20181252843883,0 153.5700341729853,-28.201797225382563,0</coordinates>
        </LineString>
      </Placemark>
      <Placemark>
        <name>16:59:10.355 heading 70.0 deg</name>
        <styleUrl>#heading</styleUrl>
        <LineString>
          <tessellate>1</tessellate>
          <altitudeMode>clampToGround</altitudeMode>
          <coordinates>153.57025938287853,-28.201801772858836,0 153.57033609653487,-28.201777165970473,0 153.57032297773003,-28.20179094437685,0 153.57033609653487,-28.201777165970473,0 153.57031599735976,-28.201774042659313,0</coordinates>
        </LineString>
      </Placemark>
      <Placemark>
        <name>16:59:20.004 heading 114.9 deg</name>
        <styleUrl>#heading</styleUrl>
        <LineString>
          <tessellate>1</tessellate>
          <altitudeMode>clampToGround</altitudeMode>
          <coordinates>153.5703639204258,-28.201850245976814,0 153.5704379687825,-28.201880537705122,0 153.5704176403244,-28.20188213659636,0 153.5704379687825,-28.201880537705122,0 153.57042623335252,-28.20186582211077,0</coordinates>
        </LineString>
      </Placemark>
      <Placemark>
        <name>16:59:30.156 heading 111.8 deg</name>
        <styleUrl>#heading</styleUrl>
        <LineString>
          <tessellate>1</tessellate>
          <altitudeMode>clampToGround</altitudeMode>
          <coordinates>153.57042212501858,-28.201874456003978,0 153.57049792383782,-28.20190117433344,0 153.57047772323642,-28.201903739719075,0 153.57049792383782,-28.20190117433344,0 153.5704853025795,-28.201887039571776,0</coordinates>
        </LineString>
      </Placemark>
      <Placemark>
        <name>16:59:40.304 heading 113.7 deg</name>
        <styleUrl>#heading</styleUrl>
        <LineString>
          <tessellate>1</tessellate>
          <altitudeMode>clampToGround</altitudeMode>
          <coordinates>153.57007328353714,-28.201745152595056,0 153.5701480354153,-28.201774071020655,0 153.5701277494309,-28.20177604474939,0 153.5701480354153,-28.201774071020655,0 153.5701359528782,-28.201759575246314,0</coordinates>
        </LineString>
      </Placemark>
      <Placemark>
        <name>16:59:50.029 heading 112.5 deg</name>
        <styleUrl>#heading</styleUrl>
        <LineString>
          <tessellate>1</tessellate>
          <altitudeMode>clampToGround</altitudeMode>
          <coordinates>153.57006113298638,-28.2017414514186,0 153.57013655566757,-28.201768983856915,0 153.5701163210357,-28.20177133155741,0 153.57013655566757,-28.201768983856915,0 153.57012413131207,-28.201754714260915,0</coordinates>
        </LineString>
      </Placemark>
      <Placemark>
        <name>17:00:00.198 heading 112.5 deg</name>
        <styleUrl>#heading</styleUrl>
        <LineString>
          <tessellate>1</tessellate>
          <altitudeMode>clampToGround</altitudeMode>
          <coordinates>153.57006372213058,-28.20174124438985,0 153.57013914481163,-28.201768776828168,0 153.5701189101798,-28.201771124528662,0 153.57013914481163,-28.201768776828168,0 153.57012672045616,-28.201754507232167,0</coordinates>
        </LineString>
      </Placemark>
      <Placemark>
        <name>17:00:10.472 heading 159.6 deg</name>
        <styleUrl>#heading</styleUrl>
        <LineString>
          <tessellate>1</tessellate>
          <altitudeMode>clampToGround</altitudeMode>
          <coordinates>153.57006485049462,-28.20174323250322,0 153.5700933068441,-28.201810665938737,0 153.57007758125155,-28.201799200955413,0 153.5700933068441,-28.201810665938737,0 153.57009671046808,-28.201792931387946,0</coordinates>
        </LineString>
      </Placemark>
      <Placemark>
        <name>17:00:20.215 heading 236.7 deg</name>
        <styleUrl>#heading</styleUrl>
        <LineString>
          <tessellate>1</tessellate>
          <altitudeMode>clampToGround</altitudeMode>
          <coordinates>153.57006402577284,-28.201744148772054,0 153.56999579303087,-28.201783648618644,0 153.57000496328948,-28.20176758005481,0 153.56999579303087,-28.201783648618644,0 153.57001616842712,-28.20178261324718,0</coordinates>
        </LineString>
      </Placemark>
      <Placemark>
        <name>17:00:30.476 heading 290.4 deg</name>
        <styleUrl>#heading</styleUrl>
        <LineString>
          <tessellate>1</tessellate>
          <altitudeMode>clampToGround</altitudeMode>
          <coordinates>153.57006212926274,-28.201744180898093,0 153.56998561244427,-28.20171910262822,0 153.5700057358604,-28.201716103053478,0 153.56998561244427,-28.20171910262822,0 153.56999862177466,-28.201732961412358,0</coordinates>
        </LineString>
      </Placemark>
      <Placemark>
        <name>17:00:40.200 heading 295.2 deg</name>
        <styleUrl>#heading</styleUrl>
        <LineString>
          <tessellate>1</tessellate>
          <altitudeMode>clampToGround</altitudeMode>
          <coordinates>153.570062917395,-28.201743987490786,0 153.5699890500979,-28.201713354489485,0 153.57000938774496,-28.201711849423635,0 153.5699890500979,-28.201713354489485,0 153.57000069791957,-28.201728124033995,0</coordinates>
        </LineString>
      </Placemark>
      <Placemark>
        <name>17:00:50.451 heading 289.5 deg</name>
        <styleUrl>#heading</styleUrl>
        <LineString>
          <tessellate>1</tessellate>
          <altitudeMode>clampToGround</altitudeMode>
          <coordinates>153.57006215850322,-28.201743620311603,0 153.56998520415192,-28.201719604333945,0 153.5700052716238,-28.201716326567038,0 153.56998520415192,-28.201719604333945,0 153.5699984588841,-28.201733281324227,0</coordinates>
        </LineString>
      </Placemark>
      <Placemark>
        <name>17:01:00.178 heading 232.8 deg</name>
        <styleUrl>#heading</styleUrl>
        <LineString>
          <tessellate>1</tessellate>
          <altitudeMode>clampToGround</altitudeMode>
          <coordinates>153.57006175652427,-28.201741337992274,0 153.5699967302737,-28.201784836316026,0 153.5700046391718,-28.20176825528703,0 153.5699967302737,-28.201784836316026,0 153.5700169785795,-28.20178258201833,0</coordinates>
        </LineString>
      </Placemark>
      <Placemark>
        <name>17:01:10.422 heading 163.7 deg</name>
        <styleUrl>#heading</styleUrl>
        <LineString>
          <tessellate>1</tessellate>
          <altitudeMode>clampToGround</altitudeMode>
          <coordinates>153.57006046232155,-28.2017401623678,0 153.57008337508745,-28.201809216258724,0 153.570068619875,-28.201796789749135,0 153.57008337508745,-28.201809216258724,0 153.57008820877482,-28.201791741556427,0</coordinates>
        </LineString>
      </Placemark>
      <Placemark>
        <name>17:01:20.152 heading 149.3 deg</name>
        <styleUrl>#heading</styleUrl>
        <LineString>
          <tessellate>1</tessellate>
          <altitudeMode>clampToGround</altitudeMode>
          <coordinates>153.57006377586774,-28.20174091526503,0 153.5701054550198,-28.201802777963092,0 153.57008765674684,-28.201793975718843,0 153.5701054550198,-28.201802777963092,0 153.57010520568008,-28.20178479287331,0</coordinates>
        </LineString>
      </Placemark>
      <Placemark>
        <name>17:01:30.390 heading 141.5 deg</name>
        <styleUrl>#heading</styleUrl>
        <LineString>
          <tessellate>1</tessellate>
          <altitudeMode>clampToGround</altitudeMode>
          <coordinates>153.57006348144094,-28.201742186719336,0 153.57011430162004,-28.20179849203329,0 153.57009531250333,-28.201791899983856,0 153.57011430162004,-28.20179849203329,0 153.5701112849421,-28.2017807031666,0</coordinates>
        </LineString>
      </Placemark>
      <Placemark>
        <name>17:01:40.126 heading 138.4 deg</name>
        <styleUrl>#heading</styleUrl>
        <LineString>
          <tessellate>1</tessellate>
          <altitudeMode>clampToGround</altitudeMode>
          <coordinates>153.57006453958113,-28.201744642587794,0 153.57011874047507,-28.201798443466167,0 153.57009937463553,-28.20179276606619,0 153.57011874047507,-28.201798443466167,0 153.57011463662724,-28.201780824402434,0</coordinates>
        </LineString>
      </Placemark>
      <Placemark>
        <name>17:01:50.377 heading 136.8 deg</name>
        <styleUrl>#heading</styleUrl>
        <LineString>
          <tessellate>1</tessellate>
          <altitudeMode>clampToGround</altitudeMode>
          <coordinates>153.57006479648524,-28.201746644802345,0 153.57012068080655,-28.20179909098128,0 153.57010114264176,-28.201793892330482,0 153.57012068080655,-28.20179909098128,0 153.5701160203385,-28.20178157977043,0</coordinates>
        </LineString>
      </Placemark>
      <Placemark>
        <name>17:02:00.077 heading 136.1 deg</name>
        <styleUrl>#heading</styleUrl>
        <LineString>
          <tessellate>1</tessellate>
          <altitudeMode>clampToGround</altitudeMode>
          <coordinates>153.57006615597356,-28.201743723200586,0 153.5701227631656,-28.201795563775217,0 153.5701031543925,-28.201790575874032,0 153.5701227631656,-28.201795563775217,0 153.57011786029364,-28.201778104049115,0</coordinates>
        </LineString>
      </Placemark>
      <Placemark>
        <name>17:02:10.295 heading 136.2 deg</name>
        <styleUrl>#heading</styleUrl>
        <LineString>
          <tessellate>1</tessellate>
          <altitudeMode>clampToGround</altitudeMode>
          <coordinates>153.57006745978052,-28.201744112311147,0 153.5701239642201,-28.20179603987654,0 153.57010436535495,-28.20179102182195,0 153.5701239642201,-28.20179603987654,0 153.5701190959333,-28.20177857263574,0</coordinates>
        </LineString>
      </Placemark>
      <Placemark>
        <name>17:02:20.509 heading 136.9 deg</name>
        <styleUrl>#heading</styleUrl>
        <LineString>
          <tessellate>1</tessellate>
          <altitudeMode>clampToGround</altitudeMode>
          <coordinates>153.57006689367375,-28.201742947275413,0 153.57012267404218,-28.201795479332308,0 153.57010314620337,-28.201790250637035,0 153.57012267404218,-28.201795479332308,0 153.57011804826107,-28.201777960979687,0</coordinates>
        </LineString>
      </Placemark>
      <Placemark>
        <name>17:02:30.211 heading 138.6 deg</name>
        <styleUrl>#heading</styleUrl>
        <LineString>
          <tessellate>1</tessellate>
          <altitudeMode>clampToGround</altitudeMode>
          <coordinates>153.5700662544658,-28.20174442238309,0 153.57012024193236,-28.20179838967043,0 153.57010089869814,-28.201792652730465,0 153.57012024193236,-28.20179838967043,0 153.570116207896,-28.20178075808949,0</coordinates>
        </LineString>
      </Placemark>
      <Placemark>
        <name>17:02:40.390 heading 138.5 deg</name>
        <styleUrl>#heading</styleUrl>
        <LineString>
          <tessellate>1</tessellate>
          <altitudeMode>clampToGround</altitudeMode>
          <coordinates>153.5700667235579,-28.201747032456524,0 153.5701208178218,-28.20180091662145,0 153.57010146325499,-28.20179520944279,0 153.5701208178218,-28.20180091662145,0 153.5701167488734,-28.20178329127227,0</coordinates>
        </LineString>
      </Placemark>
      <Placemark>
        <name>17:02:50.059 heading 138.5 deg</name>
        <styleUrl>#heading</styleUrl>
        <LineString>
          <tessellate>1</tessellate>
          <altitudeMode>clampToGround</altitudeMode>
          <coordinates>153.57006542674998,-28.201749717867663,0 153.57011952101524,-28.20180360203259,0 153.57010016644796,-28.20179789485393,0 153.57011952101524,-28.20180360203259,0 153.57011545206674,-28.20178597668341,0</coordinates>
        </LineString>
      </Placemark>
      <Placemark>
        <name>17:03:00.262 heading 136.1 deg</name>
        <styleUrl>#heading</styleUrl>
        <LineString>
          <tessellate>1</tessellate>
          <altitudeMode>clampToGround</altitudeMode>
          <coordinates>153.5700651768449,-28.20174803067674,0 153.57012178403926,-28.20179987125137,0 153.57010217526536,-28.201794883350185,0 153.57012178403926,-28.20179987125137,0 153.5701168811671,-28.20178241152527,0</coordinates>
        </LineString>
      </Placemark>
      <Placemark>
        <name>17:03:10.469 heading 136.0 deg</name>
        <styleUrl>#heading</styleUrl>
        <LineString>
          <tessellate>1</tessellate>
          <altitudeMode>clampToGround</altitudeMode>
          <coordinates>153.57006585606413,-28.201748832439822,0 153.57012256583914,-28.201800585865776,0 153.5701029472168,-28.201795628133187,0 153.57012256583914,-28.201800585865776,0 153.5701176283967,-28.20178313370756,0</coordinates>
        </LineString>
      </Placemark>
      <Placemark>
        <name>17:03:20.180 heading 131.0 deg</name>
        <styleUrl>#heading</styleUrl>
        <LineString>
          <tessellate>1</tessellate>
          <altitudeMode>clampToGround</altitudeMode>
          <coordinates>153.57006617195472,-28.20174855284906,0 153.57012778412584,-28.201795753493823,0 153.57010774986026,-28.20179232152078,0 153.57012778412584,-28.201795753493823,0 153.57012113952698,-28.201778746988147,0</coordinates>
        </LineString>
      </Placemark>
      <Placemark>
        <name>17:03:30.401 heading 129.3 deg</name>
        <styleUrl>#heading</styleUrl>
        <LineString>
          <tessellate>1</tessellate>
          <altitudeMode>clampToGround</altitudeMode>
          <coordinates>153.5700660137761,-28.20174848940228,0 153.570129187713,-28.201794058450563,0 153.57010904673734,-28.201791151774405,0 153.570129187713,-28.201794058450563,0 153.5701219735599,-28.20177723315,0</coordinates>
        </LineString>
      </Placemark>
      <Placemark>
        <name>17:03:40.082 heading 129.2 deg</name>
        <styleUrl>#heading</styleUrl>
        <LineString>
          <tessellate>1</tessellate>
          <altitudeMode>clampToGround</altitudeMode>
          <coordinates>153.57006593705873,-28.201750388059626,0 153.57012920114667,-28.201795859868223,0 153.57010905444488,-28.201792984176095,0 153.57012920114667,-28.201795859868223,0 153.57012195368316,-28.20177904568965,0</coordinates>
        </LineString>
      </Placemark>
      <Placemark>
        <name>17:03:50.295 heading 129.2 deg</name>
        <styleUrl>#heading</styleUrl>
        <LineString>
          <tessellate>1</tessellate>
          <altitudeMode>clampToGround</altitudeMode>
          <coordinates>153.57006715765473,-28.20174985934216,0 153.57013042174236,-28.20179533115076,0 153.57011027504066,-28.20179245545863,0 153.57013042174236,-28.20179533115076,0 153.57012317427888,-28.201778516972187,0</coordinates>
        </LineString>
      </Placemark>
      <Placemark>
        <name>17:04:00.481 heading 126.3 deg</name>
        <styleUrl>#heading</styleUrl>
        <LineString>
          <tessellate>1</tessellate>
          <altitudeMode>clampToGround</altitudeMode>
          <coordinates>153.57006751126244,-28.201749942321573,0 153.57013330477184,-28.20179253514099,0 153.57011301878393,-28.201790561412253,0 153.57013330477184,-28.20179253514099,0 153.57012510132313,-28.20177606563791,0</coordinates>
        </LineString>
      </Placemark>
      <Placemark>
        <name>17:04:10.188 heading 125.5 deg</name>
        <styleUrl>#heading</styleUrl>
        <LineString>
          <tessellate>1</tessellate>
          <altitudeMode>clampToGround</altitudeMode>
          <coordinates>153.57006593981947,-28.201750686172115,0 153.57013240171017,-28.20179246526929,0 153.57011208643004,-28.20179074134617,0 153.57013240171017,-28.20179246526929,0 153.57012393813616,-28.20177609831266,0</coordinates>
        </LineString>
      </Placemark>
      <Placemark>
        <name>17:04:20.391 heading 123.4 deg</name>
        <styleUrl>#heading</styleUrl>
        <LineString>
          <tessellate>1</tessellate>
          <altitudeMode>clampToGround</altitudeMode>
          <coordinates>153.5700636215775,-28.201751776212827,0 153.57013177599384,-28.201791380950684,0 153.5701114026776,-28.201790314240622,0 153.57013177599384,-28.201791380950684,0 153.57012263757116,-28.2017752983062,0</coordinates>
        </LineString>
      </Placemark>
      <Placemark>
        <name>17:04:30.086 heading 118.3 deg</name>
        <styleUrl>#heading</styleUrl>
        <LineString>
          <tessellate>1</tessellate>
          <altitudeMode>clampToGround</altitudeMode>
          <coordinates>153.57006269241433,-28.201752870537014,0 153.5701345718829,-28.201786979158573,0 153.57011417162667,-28.20178751274846,0 153.5701345718829,-28.201786979158573,0 153.5701238474063,-28.201771676102307,0</coordinates>
        </LineString>
      </Placemark>
      <Placemark>
        <name>17:04:40.286 heading 115.1 deg</name>
        <styleUrl>#heading</styleUrl>
        <LineString>
          <tessellate>1</tessellate>
          <altitudeMode>clampToGround</altitudeMode>
          <coordinates>153.57006303214058,-28.201754009837646,0 153.57013695999854,-28.201784529174134,0 153.57011662534956,-28.201786065519823,0 153.57013695999854,-28.201784529174134,0 153.57012528293683,-28.201769777568092,0</coordinates>
        </LineString>
      </Placemark>
      <Placemark>
        <name>17:04:50.510 heading 117.7 deg</name>
        <styleUrl>#heading</styleUrl>
        <LineString>
          <tessellate>1</tessellate>
          <altitudeMode>clampToGround</altitudeMode>
          <coordinates>153.57006362546588,-28.201753671648998,0 153.57013590628438,-28.201787115048603,0 153.57011551348697,-28.201787836876367,0 153.57013590628438,-28.201787115048603,0 153.57012500055947,-28.201771911804016,0</coordinates>
        </LineString>
      </Placemark>
      <Placemark>
        <name>17:05:00.185 heading 119.2 deg</name>
        <styleUrl>#heading</styleUrl>
        <LineString>
          <tessellate>1</tessellate>
          <altitudeMode>clampToGround</altitudeMode>
          <coordinates>153.57006449054884,-28.201756644892292,0 153.57013575323037,-28.20179174431086,0 153.57011534597973,-28.20179199544067,0 153.57013575323037,-28.20179174431086,0 153.5701253028246,-28.201776294686983,0</coordinates>
        </LineString>
      </Placemark>
      <Placemark>
        <name>17:05:10.412 heading 128.2 deg</name>
        <styleUrl>#heading</styleUrl>
        <LineString>
          <tessellate>1</tessellate>
          <altitudeMode>clampToGround</altitudeMode>
          <coordinates>153.57006428637092,-28.201755974940205,0 153.57012844131742,-28.201800466782704,0 153.57010824073507,-28.201797901397068,0 153.57012844131742,-28.201800466782704,0 153.5701208619815,-28.201783766635405,0</coordinates>
        </LineString>
      </Placemark>
      <Placemark>
        <name>17:05:20.113 heading 156.3 deg</name>
        <styleUrl>#heading</styleUrl>
        <LineString>
          <tessellate>1</tessellate>
          <altitudeMode>clampToGround</altitudeMode>
          <coordinates>153.57006584960945,-28.201755525158557,0 153.570098663393,-28.20182140317087,0 153.57008221500465,-28.20181075496602,0 153.570098663393,-28.20182140317087,0 153.57010090298752,-28.20180352535962,0</coordinates>
        </LineString>
      </Placemark>
      <Placemark>
        <name>17:05:30.319 heading 184.4 deg</name>
        <styleUrl>#heading</styleUrl>
        <LineString>
          <tessellate>1</tessellate>
          <altitudeMode>clampToGround</altitudeMode>
          <coordinates>153.570063103842,-28.20175528720314,0 153.57005684073587,-28.201827020889727,0 153.57004802219117,-28.20181080014021,0 153.57005684073587,-28.201827020889727,0 153.57006837128688,-28.2018121800418,0</coordinates>
        </LineString>
      </Placemark>
      <Placemark>
        <name>17:05:40.022 heading 203.8 deg</name>
        <styleUrl>#heading</styleUrl>
        <LineString>
          <tessellate>1</tessellate>
          <altitudeMode>clampToGround</altitudeMode>
          <coordinates>153.5700624843869,-28.201754739741205,0 153.570029540187,-28.20182056718103,0 153.57002733600163,-28.201802685952202,0 153.570029540187,-28.20182056718103,0 153.57004600963816,-28.201809944292282,0</coordinates>
        </LineString>
      </Placemark>
      <Placemark>
        <name>17:05:50.239 heading 224.3 deg</name>
        <styleUrl>#heading</styleUrl>
        <LineString>
          <tessellate>1</tessellate>
          <altitudeMode>clampToGround</altitudeMode>
          <coordinates>153.57006310135344,-28.20175282242506,0 153.5700060848733,-28.20180431346015,0 153.57001112593605,-28.201786884324477,0 153.5700060848733,-28.20180431346015,0 153.57002573268258,-28.201799446323598,0</coordinates>
        </LineString>
      </Placemark>
      <Placemark>
        <name>17:06:00.460 heading 248.0 deg</name>
        <styleUrl>#heading</styleUrl>
        <LineString>
          <tessellate>1</tessellate>
          <altitudeMode>clampToGround</altitudeMode>
          <coordinates>153.57006156583896,-28.20175188974196,0 153.5699858733957,-28.201778841086213,0 153.56999843857702,-28.201764667584285,0 153.5699858733957,-28.201778841086213,0 153.570006084012,-28.201781344313748,0</coordinates>
        </LineString>
      </Placemark>
      <Placemark>
        <name>17:06:10.160 heading 272.0 deg</name>
        <styleUrl>#heading</styleUrl>
        <LineString>
          <tessellate>1</tessellate>
          <altitudeMode>clampToGround</altitudeMode>
          <coordinates>153.57006182153768,-28.201751569304015,0 153.5699802343391,-28.201749058434302,0 153.5699982546213,-28.201740614315906,0 153.5699802343391,-28.201749058434302,0 153.56999754234937,-28.201758589791176,0</coordinates>
        </LineString>
      </Placemark>
      <Placemark>
        <name>17:06:20.358 heading 286.5 deg</name>
        <styleUrl>#heading</styleUrl>
        <LineString>
          <tessellate>1</tessellate>
          <altitudeMode>clampToGround</altitudeMode>
          <coordinates>153.57005982727415,-28.201750619726905,0 153.56998155217568,-28.201730186036034,0 153.5700013974954,-28.201725987186844,0 153.56998155217568,-28.201730186036034,0 153.56999560096136,-28.20174323293292,0</coordinates>
        </LineString>
      </Placemark>
      <Placemark>
        <name>17:06:30.063 heading 291.0 deg</name>
        <styleUrl>#heading</styleUrl>
        <LineString>
          <tessellate>1</tessellate>
          <altitudeMode>clampToGround</altitudeMode>
          <coordinates>153.57006053857236,-28.2017495496129,0 153.56998432393428,-28.201723766569707,0 153.5700044818899,-28.20172095287182,0 153.56998432393428,-28.201723766569707,0 153.56999716787703,-28.20173774465279,0</coordinates>
        </LineString>
      </Placemark>
      <Placemark>
        <name>17:06:40.274 heading 290.6 deg</name>
        <styleUrl>#heading</styleUrl>
        <LineString>
          <tessellate>1</tessellate>
          <altitudeMode>clampToGround</altitudeMode>
          <coordinates>153.5700597960506,-28.201750432881873,0 153.56998337902502,-28.20172511937817,0 153.57000351420055,-28.201722181726836,0 153.56998337902502,-28.20172511937817,0 153.56999633338435,-28.201739018098138,0</coordinates>
        </LineString>
      </Placemark>
      <Placemark>
        <name>17:06:50.489 heading 288.9 deg</name>
        <styleUrl>#heading</styleUrl>
        <LineString>
          <tessellate>1</tessellate>
          <altitudeMode>clampToGround</altitudeMode>
          <coordinates>153.57005927901497,-28.20175094273493,0 153.5699820435116,-28.201727638260312,0 153.57000207093714,-28.20172417547703,0 153.5699820435116,-28.201727638260312,0 153.56999546003274,-28.201741192177114,0</coordinates>
        </LineString>
      </Placemark>
      <Placemark>
        <name>17:07:00.191 heading 288.5 deg</name>
        <styleUrl>#heading</styleUrl>
        <LineString>
          <tessellate>1</tessellate>
          <altitudeMode>clampToGround</altitudeMode>
          <coordinates>153.57006111716075,-28.201750214647564,0 153.5699836989303,-28.201727385932912,0 153.57000369843678,-28.201723800015092,0 153.5699836989303,-28.201727385932912,0 153.56999722249378,-28.201740856974144,0</coordinates>
        </LineString>
      </Placemark>
      <Placemark>
        <name>17:07:10.392 heading 288.9 deg</name>
        <styleUrl>#heading</styleUrl>
        <LineString>
          <tessellate>1</tessellate>
          <altitudeMode>clampToGround</altitudeMode>
          <coordinates>153.57006049883327,-28.20174979164618,0 153.56998326333076,-28.201726487171562,0 153.5700032907561,-28.20172302438828,0 153.56998326333076,-28.201726487171562,0 153.56999667985176,-28.201740041088364,0</coordinates>
        </LineString>
      </Placemark>
      <Placemark>
        <name>17:07:20.066 heading 345.8 deg</name>
        <styleUrl>#heading</styleUrl>
        <LineString>
          <tessellate>1</tessellate>
          <altitudeMode>clampToGround</altitudeMode>
          <coordinates>153.57006165484356,-28.20174916694468,0 153.57004162870223,-28.201679419492766,0 153.57005585729723,-28.201692314156745,0 153.57004162870223,-28.201679419492766,0 153.57003607167513,-28.20169672636139,0</coordinates>
        </LineString>
      </Placemark>
      <Placemark>
        <name>17:07:30.270 heading 292.8 deg</name>
        <styleUrl>#heading</styleUrl>
        <LineString>
          <tessellate>1</tessellate>
          <altitudeMode>clampToGround</altitudeMode>
          <coordinates>153.57006353603356,-28.2017495682717,0 153.56998827795778,-28.201721688180537,0 153.57000852625163,-28.20171943388284,0 153.56998827795778,-28.201721688180537,0 153.57000061735818,-28.201736014911837,0</coordinates>
        </LineString>
      </Placemark>
      <Placemark>
        <name>17:07:40.462 heading 270.7 deg</name>
        <styleUrl>#heading</styleUrl>
        <LineString>
          <tessellate>1</tessellate>
          <altitudeMode>clampToGround</altitudeMode>
          <coordinates>153.5700633276562,-28.201750466378616,0 153.56998169682004,-28.20174958741759,0 153.56999949508415,-28.201740785173342,0 153.56998169682004,-28.20174958741759,0 153.56999924574455,-28.20175877026313,0</coordinates>
        </LineString>
      </Placemark>
      <Placemark>
        <name>17:07:50.147 heading 285.9 deg</name>
        <styleUrl>#heading</styleUrl>
        <LineString>
          <tessellate>1</tessellate>
          <altitudeMode>clampToGround</altitudeMode>
          <coordinates>153.57006609146563,-28.20175082603603,0 153.56998757785863,-28.20173111584047,0 153.57000737219818,-28.2017267340756,0 153.56998757785863,-28.20173111584047,0 153.5700017809019,-28.201744032370378,0</coordinates>
        </LineString>
      </Placemark>
      <Placemark>
        <name>17:08:00.363 heading 285.9 deg</name>
        <styleUrl>#heading</styleUrl>
        <LineString>
          <tessellate>1</tessellate>
          <altitudeMode>clampToGround</altitudeMode>
          <coordinates>153.57006533144622,-28.201750318033437,0 153.56998681783958,-28.201730607837877,0 153.57000661217904,-28.201726226073006,0 153.56998681783958,-28.201730607837877,0 153.57000102088278,-28.201743524367785,0</coordinates>
        </LineString>
      </Placemark>
      <Placemark>
        <name>17:08:10.057 heading 286.0 deg</name>
        <styleUrl>#heading</styleUrl>
        <LineString>
          <tessellate>1</tessellate>
          <altitudeMode>clampToGround</altitudeMode>
          <coordinates>153.57006517490072,-28.20174911650252,0 153.56998670044914,-28.20172928557216,0 153.57000650343596,-28.201724934260408,0 153.56998670044914,-28.20172928557216,0 153.5700008778903,-28.201742223928647,0</coordinates>
        </LineString>
      </Placemark>
      <Placemark>
        <name>17:08:20.217 heading 287.6 deg</name>
        <styleUrl>#heading</styleUrl>
        <LineString>
          <tessellate>1</tessellate>
          <altitudeMode>clampToGround</altitudeMode>
          <coordinates>153.5700677186677,-28.201753523029673,0 153.56998990310686,-28.201731768807615,0 153.57000983623468,-28.201727906485228,0 153.56998990310686,-28.201731768807615,0 153.57000366509843,-28.20174505098447,0</coordinates>
        </LineString>
      </Placemark>
    </Folder>
    <Folder>
      <name>Compared video frames</name>
      <visibility>1</visibility>
      <Placemark>
        <name>17:05:49.853 Drone</name>
        <styleUrl>#drone</styleUrl>
        <description>Frame 17:05:49.853; log 2026-09-26T17:05:49.831+10:00; distance 33.84 m; aircraft heading 223.40 deg; GPS bearing 227.13 deg; error 3.73 deg.</description>
        <Point>
          <altitudeMode>clampToGround</altitudeMode>
          <coordinates>153.57006309357672,-28.20175292651342,0</coordinates>
        </Point>
      </Placemark>
      <Placemark>
        <name>17:05:49.853 Tracker</name>
        <styleUrl>#tracker</styleUrl>
        <description>Frame 17:05:49.853; log 2026-09-26T17:05:49.831+10:00; distance 33.84 m; aircraft heading 223.40 deg; GPS bearing 227.13 deg; error 3.73 deg.</description>
        <Point>
          <altitudeMode>clampToGround</altitudeMode>
          <coordinates>153.56981,-28.20196,0</coordinates>
        </Point>
      </Placemark>
      <Placemark>
        <name>17:05:49.853 drone to tracker</name>
        <styleUrl>#compare</styleUrl>
        <description>Frame 17:05:49.853; log 2026-09-26T17:05:49.831+10:00; distance 33.84 m; aircraft heading 223.40 deg; GPS bearing 227.13 deg; error 3.73 deg.</description>
        <LineString>
          <tessellate>1</tessellate>
          <altitudeMode>clampToGround</altitudeMode>
          <coordinates>153.57006309357672,-28.20175292651342,0 153.56981,-28.20196,0</coordinates>
        </LineString>
      </Placemark>
      <Placemark>
        <name>17:05:53.890 Drone</name>
        <styleUrl>#drone</styleUrl>
        <description>Frame 17:05:53.890; log 2026-09-26T17:05:53.920+10:00; distance 34.21 m; aircraft heading 231.80 deg; GPS bearing 236.81 deg; error 5.01 deg.</description>
        <Point>
          <altitudeMode>clampToGround</altitudeMode>
          <coordinates>153.57006216491902,-28.20175157451272,0</coordinates>
        </Point>
      </Placemark>
      <Placemark>
        <name>17:05:53.890 Tracker</name>
        <styleUrl>#tracker</styleUrl>
        <description>Frame 17:05:53.890; log 2026-09-26T17:05:53.920+10:00; distance 34.21 m; aircraft heading 231.80 deg; GPS bearing 236.81 deg; error 5.01 deg.</description>
        <Point>
          <altitudeMode>clampToGround</altitudeMode>
          <coordinates>153.56977,-28.20192,0</coordinates>
        </Point>
      </Placemark>
      <Placemark>
        <name>17:05:53.890 drone to tracker</name>
        <styleUrl>#compare</styleUrl>
        <description>Frame 17:05:53.890; log 2026-09-26T17:05:53.920+10:00; distance 34.21 m; aircraft heading 231.80 deg; GPS bearing 236.81 deg; error 5.01 deg.</description>
        <LineString>
          <tessellate>1</tessellate>
          <altitudeMode>clampToGround</altitudeMode>
          <coordinates>153.57006216491902,-28.20175157451272,0 153.56977,-28.20192,0</coordinates>
        </LineString>
      </Placemark>
      <Placemark>
        <name>17:06:25.418 Drone</name>
        <styleUrl>#drone</styleUrl>
        <description>Frame 17:06:25.418; log 2026-09-26T17:06:25.468+10:00; distance 54.71 m; aircraft heading 290.70 deg; GPS bearing 291.39 deg; error 0.69 deg.</description>
        <Point>
          <altitudeMode>clampToGround</altitudeMode>
          <coordinates>153.57005983512866,-28.20174941608852,0</coordinates>
        </Point>
      </Placemark>
      <Placemark>
        <name>17:06:25.418 Tracker</name>
        <styleUrl>#tracker</styleUrl>
        <description>Frame 17:06:25.418; log 2026-09-26T17:06:25.468+10:00; distance 54.71 m; aircraft heading 290.70 deg; GPS bearing 291.39 deg; error 0.69 deg.</description>
        <Point>
          <altitudeMode>clampToGround</altitudeMode>
          <coordinates>153.56954,-28.20157,0</coordinates>
        </Point>
      </Placemark>
      <Placemark>
        <name>17:06:25.418 drone to tracker</name>
        <styleUrl>#compare</styleUrl>
        <description>Frame 17:06:25.418; log 2026-09-26T17:06:25.468+10:00; distance 54.71 m; aircraft heading 290.70 deg; GPS bearing 291.39 deg; error 0.69 deg.</description>
        <LineString>
          <tessellate>1</tessellate>
          <altitudeMode>clampToGround</altitudeMode>
          <coordinates>153.57005983512866,-28.20174941608852,0 153.56954,-28.20157,0</coordinates>
        </LineString>
      </Placemark>
      <Placemark>
        <name>17:06:27.654 Drone</name>
        <styleUrl>#drone</styleUrl>
        <description>Frame 17:06:27.654; log 2026-09-26T17:06:27.610+10:00; distance 55.67 m; aircraft heading 291.10 deg; GPS bearing 290.96 deg; error -0.14 deg.</description>
        <Point>
          <altitudeMode>clampToGround</altitudeMode>
          <coordinates>153.5700605109261,-28.201749092840622,0</coordinates>
        </Point>
      </Placemark>
      <Placemark>
        <name>17:06:27.654 Tracker</name>
        <styleUrl>#tracker</styleUrl>
        <description>Frame 17:06:27.654; log 2026-09-26T17:06:27.610+10:00; distance 55.67 m; aircraft heading 291.10 deg; GPS bearing 290.96 deg; error -0.14 deg.</description>
        <Point>
          <altitudeMode>clampToGround</altitudeMode>
          <coordinates>153.56953,-28.20157,0</coordinates>
        </Point>
      </Placemark>
      <Placemark>
        <name>17:06:27.654 drone to tracker</name>
        <styleUrl>#compare</styleUrl>
        <description>Frame 17:06:27.654; log 2026-09-26T17:06:27.610+10:00; distance 55.67 m; aircraft heading 291.10 deg; GPS bearing 290.96 deg; error -0.14 deg.</description>
        <LineString>
          <tessellate>1</tessellate>
          <altitudeMode>clampToGround</altitudeMode>
          <coordinates>153.5700605109261,-28.201749092840622,0 153.56953,-28.20157,0</coordinates>
        </LineString>
      </Placemark>
      <Placemark>
        <name>17:07:31.478 Drone</name>
        <styleUrl>#drone</styleUrl>
        <description>Frame 17:07:31.478; log 2026-09-26T17:07:31.491+10:00; distance 58.38 m; aircraft heading 292.40 deg; GPS bearing 288.87 deg; error -3.53 deg.</description>
        <Point>
          <altitudeMode>clampToGround</altitudeMode>
          <coordinates>153.57006376354167,-28.20174977447802,0</coordinates>
        </Point>
      </Placemark>
      <Placemark>
        <name>17:07:31.478 Tracker</name>
        <styleUrl>#tracker</styleUrl>
        <description>Frame 17:07:31.478; log 2026-09-26T17:07:31.491+10:00; distance 58.38 m; aircraft heading 292.40 deg; GPS bearing 288.87 deg; error -3.53 deg.</description>
        <Point>
          <altitudeMode>clampToGround</altitudeMode>
          <coordinates>153.5695,-28.20158,0</coordinates>
        </Point>
      </Placemark>
      <Placemark>
        <name>17:07:31.478 drone to tracker</name>
        <styleUrl>#compare</styleUrl>
        <description>Frame 17:07:31.478; log 2026-09-26T17:07:31.491+10:00; distance 58.38 m; aircraft heading 292.40 deg; GPS bearing 288.87 deg; error -3.53 deg.</description>
        <LineString>
          <tessellate>1</tessellate>
          <altitudeMode>clampToGround</altitudeMode>
          <coordinates>153.57006376354167,-28.20174977447802,0 153.5695,-28.20158,0</coordinates>
        </LineString>
      </Placemark>
    </Folder>
    <Folder>
      <name>Saved central positions</name>
      <visibility>1</visibility>
      <Placemark>
        <name>Central 1</name>
        <styleUrl>#drone</styleUrl>
        <description>2026-09-26T17:00:03.284+10:00</description>
        <Point>
          <altitudeMode>clampToGround</altitudeMode>
          <coordinates>153.57006407519393,-28.201741884203432,0</coordinates>
        </Point>
      </Placemark>
      <Placemark>
        <name>Central 2</name>
        <styleUrl>#drone</styleUrl>
        <description>2026-09-26T17:07:21.081+10:00</description>
        <Point>
          <altitudeMode>clampToGround</altitudeMode>
          <coordinates>153.57006190327107,-28.20174886083067,0</coordinates>
        </Point>
      </Placemark>
      <Placemark>
        <name>Central 3</name>
        <styleUrl>#drone</styleUrl>
        <description>2026-09-26T17:07:39.952+10:00</description>
        <Point>
          <altitudeMode>clampToGround</altitudeMode>
          <coordinates>153.57006318355343,-28.201750308575527,0</coordinates>
        </Point>
      </Placemark>
      <Placemark>
        <name>Central 4</name>
        <styleUrl>#drone</styleUrl>
        <description>2026-09-26T17:08:27.327+10:00</description>
        <Point>
          <altitudeMode>clampToGround</altitudeMode>
          <coordinates>153.5698682182003,-28.201642818462915,0</coordinates>
        </Point>
      </Placemark>
    </Folder>
  </Document>
</kml>