<?xml version="1.0" encoding="UTF-8"?><kml xmlns="http://www.opengis.net/kml/2.2"><Document><name>VT 4.0.2 — 20:45 run, blocked alignment intervals</name><description>3 October 2026. Times in marker names are Brisbane UTC+10. Positions are logged GPS. Ground-level display ignores aircraft height.</description><Style id="drone"><LineStyle><color>ffff8800</color><width>3</width></LineStyle></Style><Style id="surfer"><LineStyle><color>ff00aa00</color><width>3</width></LineStyle></Style><Style id="blocked"><LineStyle><color>ff0000ff</color><width>6</width></LineStyle></Style>
<Placemark><name>drone GPS track</name><styleUrl>#drone</styleUrl><LineString><tessellate>1</tessellate><coordinates>
153.407443318815,-28.0887702810433,0
153.407443352453,-28.0887703242035,0
153.407443352453,-28.0887703242035,0
153.407443352453,-28.0887703242035,0
153.407443352453,-28.0887703242035,0
153.407443496443,-28.0887701785998,0
153.407443496443,-28.0887701785998,0
153.407443496443,-28.0887701785998,0
153.407443496443,-28.0887701785998,0
153.407443496443,-28.0887701785998,0
153.407443496443,-28.0887701785998,0
153.407443626954,-28.0887701403226,0
153.407443626954,-28.0887701403226,0
153.407443626954,-28.0887701403226,0
153.407443626954,-28.0887701403226,0
153.407443626954,-28.0887701403226,0
153.407443681605,-28.0887700934786,0
153.407443681605,-28.0887700934786,0
153.407443681605,-28.0887700934786,0
153.407443681605,-28.0887700934786,0
153.407444181471,-28.0887700901717,0
153.407444181471,-28.0887700901717,0
153.407444181471,-28.0887700901717,0
153.407444181471,-28.0887700901717,0
153.407444181471,-28.0887700901717,0
153.407444636551,-28.0887699250525,0
153.407444636551,-28.0887699250525,0
153.407444636551,-28.0887699250525,0
153.407444636551,-28.0887699250525,0
153.407444636551,-28.0887699250525,0
153.407444636551,-28.0887699250525,0
153.407444812042,-28.0887697885125,0
153.407444812042,-28.0887697885125,0
153.407444812042,-28.0887697885125,0
153.407444812042,-28.0887697885125,0
153.407444812042,-28.0887697885125,0
153.407445034222,-28.0887696287047,0
153.407445034222,-28.0887696287047,0
153.407445034222,-28.0887696287047,0
153.407445034222,-28.0887696287047,0
153.407445254459,-28.0887696243698,0
153.407445254459,-28.0887696243698,0
153.407445254459,-28.0887696243698,0
153.407445254459,-28.0887696243698,0
153.407445254459,-28.0887696243698,0
153.407445254459,-28.0887696243698,0
153.407445447934,-28.088769509093,0
153.407445447934,-28.088769509093,0
153.407445447934,-28.088769509093,0
153.407445447934,-28.088769509093,0
153.407445447934,-28.088769509093,0
153.407445635194,-28.0887693931309,0
153.407445635194,-28.0887693931309,0
153.407445635194,-28.0887693931309,0
153.407445635194,-28.0887693931309,0
153.407445635194,-28.0887693931309,0
153.407445805092,-28.0887691867532,0
153.407445805092,-28.0887691867532,0
153.407445805092,-28.0887691867532,0
153.407445805092,-28.0887691867532,0
153.407445967376,-28.0887691257051,0
153.407445967376,-28.0887691257051,0
153.407445967376,-28.0887691257051,0
153.407445967376,-28.0887691257051,0
153.407445967376,-28.0887691257051,0
153.407445967376,-28.0887691257051,0
153.40744615755,-28.0887690810028,0
153.40744615755,-28.0887690810028,0
153.40744615755,-28.0887690810028,0
153.40744615755,-28.0887690810028,0
153.40744615755,-28.0887690810028,0
153.407446425408,-28.0887690465294,0
153.407446425408,-28.0887690465294,0
153.407446425408,-28.0887690465294,0
153.407446425408,-28.0887690465294,0
153.407446425408,-28.0887690465294,0
153.40744657235,-28.0887689928661,0
153.40744657235,-28.0887689928661,0
153.40744657235,-28.0887689928661,0
153.40744657235,-28.0887689928661,0
153.40744673141,-28.0887689686902,0
153.40744673141,-28.0887689686902,0
153.40744673141,-28.0887689686902,0
153.40744673141,-28.0887689686902,0
153.40744673141,-28.0887689686902,0
153.40744673141,-28.0887689686902,0
153.407446803852,-28.0887688417281,0
153.407446803852,-28.0887688417281,0
153.407446803852,-28.0887688417281,0
153.407446803852,-28.0887688417281,0
153.407446803852,-28.0887688417281,0
153.407446838966,-28.0887687440306,0
153.407446838966,-28.0887687440306,0
153.407446838966,-28.0887687440306,0
153.407446838966,-28.0887687440306,0
153.407446882469,-28.0887687588343,0
153.407446882469,-28.0887687588343,0
153.407446882469,-28.0887687588343,0
153.407446882469,-28.0887687588343,0
153.407446882469,-28.0887687588343,0
153.407446882469,-28.0887687588343,0
153.407446961864,-28.0887686657288,0
153.407446961864,-28.0887686657288,0
153.407446961864,-28.0887686657288,0
153.407446961864,-28.0887686657288,0
153.407447071982,-28.0887685821668,0
153.407447071982,-28.0887685821668,0
153.407447071982,-28.0887685821668,0
153.407447071982,-28.0887685821668,0
153.407447071982,-28.0887685821668,0
153.407447071982,-28.0887685821668,0
153.407447199425,-28.0887685303368,0
153.407447199425,-28.0887685303368,0
153.407447199425,-28.0887685303368,0
153.407447199425,-28.0887685303368,0
153.407447228479,-28.0887685092621,0
153.407447228479,-28.0887685092621,0
153.407447228479,-28.0887685092621,0
153.407447228479,-28.0887685092621,0
153.407447228479,-28.0887685092621,0
153.407447249998,-28.0887685668662,0
153.407447249998,-28.0887685668662,0
153.407447249998,-28.0887685668662,0
153.407447249998,-28.0887685668662,0
153.407447249998,-28.0887685668662,0
153.407447249998,-28.0887685668662,0
153.407447187423,-28.0887686378519,0
153.407447187423,-28.0887686378519,0
153.407447187423,-28.0887686378519,0
153.407447187423,-28.0887686378519,0
153.407446874235,-28.0887685054755,0
153.407446874235,-28.0887685054755,0
153.407446874235,-28.0887685054755,0
153.407446874235,-28.0887685054755,0
153.407446874235,-28.0887685054755,0
153.407446874235,-28.0887685054755,0
153.407446854192,-28.0887683610025,0
153.407446854192,-28.0887683610025,0
153.407446854192,-28.0887683610025,0
153.407446854192,-28.0887683610025,0
153.407446854192,-28.0887683610025,0
153.407446955144,-28.0887682717178,0
153.407446955144,-28.0887682717178,0
153.407446955144,-28.0887682717178,0
153.407446955144,-28.0887682717178,0
153.407446841762,-28.0887683767315,0
153.407446841762,-28.0887683767315,0
153.407446841762,-28.0887683767315,0
153.407446841762,-28.0887683767315,0
153.407446841762,-28.0887683767315,0
153.407446841762,-28.0887683767315,0
153.407446891714,-28.0887684536112,0
153.407446891714,-28.0887684536112,0
153.407446891714,-28.0887684536112,0
153.407446891714,-28.0887684536112,0
153.407446891714,-28.0887684536112,0
153.407446987305,-28.0887684787809,0
153.407446987305,-28.0887684787809,0
153.407446987305,-28.0887684787809,0
153.407446987305,-28.0887684787809,0
153.407446987305,-28.0887684787809,0
153.40744690461,-28.0887685040362,0
153.40744690461,-28.0887685040362,0
153.40744690461,-28.0887685040362,0
153.40744690461,-28.0887685040362,0
153.40744690461,-28.0887685040362,0
153.40744699185,-28.0887685968848,0
153.40744699185,-28.0887685968848,0
153.40744699185,-28.0887685968848,0
153.40744699185,-28.0887685968848,0
153.40744699185,-28.0887685968848,0
153.407447097075,-28.0887687377596,0
153.407447097075,-28.0887687377596,0
153.407447097075,-28.0887687377596,0
153.407447097075,-28.0887687377596,0
153.407447097075,-28.0887687377596,0
153.407447048599,-28.0887687786411,0
153.407447048599,-28.0887687786411,0
153.407447048599,-28.0887687786411,0
153.407447048599,-28.0887687786411,0
153.407447048599,-28.0887687786411,0
153.407446970137,-28.0887688897886,0
153.407446970137,-28.0887688897886,0
153.407446970137,-28.0887688897886,0
153.407446970137,-28.0887688897886,0
153.407446970137,-28.0887688897886,0
153.407447051862,-28.0887689676621,0
153.407447051862,-28.0887689676621,0
153.407447051862,-28.0887689676621,0
153.407447051862,-28.0887689676621,0
153.407447051862,-28.0887689676621,0
153.407446910591,-28.0887690182414,0
153.407446910591,-28.0887690182414,0
153.407446910591,-28.0887690182414,0
153.407446910591,-28.0887690182414,0
153.407446910591,-28.0887690182414,0
153.407447021604,-28.0887690814483,0
153.407447021604,-28.0887690814483,0
153.407447021604,-28.0887690814483,0
153.407447021604,-28.0887690814483,0
153.407447021604,-28.0887690814483,0
153.407447133276,-28.0887692002718,0
153.407447133276,-28.0887692002718,0
153.407447133276,-28.0887692002718,0
153.407447133276,-28.0887692002718,0
153.407447133276,-28.0887692002718,0
153.407447149862,-28.0887693111966,0
153.407447149862,-28.0887693111966,0
153.407447149862,-28.0887693111966,0
153.407447149862,-28.0887693111966,0
153.407447149862,-28.0887693111966,0
153.407447182723,-28.0887694090825,0
153.407447182723,-28.0887694090825,0
153.407447182723,-28.0887694090825,0
153.407447182723,-28.0887694090825,0
153.407447182723,-28.0887694090825,0
153.407446801405,-28.08876952316,0
153.407446801405,-28.08876952316,0
153.407446801405,-28.08876952316,0
153.407446801405,-28.08876952316,0
153.407446857416,-28.0887695089217,0
153.407446857416,-28.0887695089217,0
153.407446857416,-28.0887695089217,0
153.407446857416,-28.0887695089217,0
153.407446857416,-28.0887695089217,0
153.407446857416,-28.0887695089217,0
153.407447053649,-28.0887694595932,0
153.407447053649,-28.0887694595932,0
153.407447053649,-28.0887694595932,0
153.407447053649,-28.0887694595932,0
153.407446969477,-28.0887692959646,0
153.407446969477,-28.0887692959646,0
153.407446969477,-28.0887692959646,0
153.407446969477,-28.0887692959646,0
153.407446969477,-28.0887692959646,0
153.407446969477,-28.0887692959646,0
153.407447116108,-28.0887692479383,0
153.407447116108,-28.0887692479383,0
153.407447116108,-28.0887692479383,0
153.407447116108,-28.0887692479383,0
153.407447116108,-28.0887692479383,0
153.407447256796,-28.0887692364072,0
153.407447256796,-28.0887692364072,0
153.407447256796,-28.0887692364072,0
153.407447256796,-28.0887692364072,0
153.407447546134,-28.0887692808011,0
153.407447546134,-28.0887692808011,0
153.407447546134,-28.0887692808011,0
153.407447546134,-28.0887692808011,0
153.407447546134,-28.0887692808011,0
153.407447546134,-28.0887692808011,0
153.407447804049,-28.0887692747357,0
153.407447804049,-28.0887692747357,0
153.407447804049,-28.0887692747357,0
153.407447804049,-28.0887692747357,0
153.407447989406,-28.0887692443916,0
153.407447989406,-28.0887692443916,0
153.407447989406,-28.0887692443916,0
153.407447989406,-28.0887692443916,0
153.407447989406,-28.0887692443916,0
153.407448134522,-28.0887692455738,0
153.407448134522,-28.0887692455738,0
153.407448134522,-28.0887692455738,0
153.407448134522,-28.0887692455738,0
153.407448134522,-28.0887692455738,0
153.407448170607,-28.0887691999805,0
153.407448170607,-28.0887691999805,0
153.407448170607,-28.0887691999805,0
153.407448170607,-28.0887691999805,0
153.407448170607,-28.0887691999805,0
153.407448183813,-28.0887691009981,0
153.407448183813,-28.0887691009981,0
153.407448183813,-28.0887691009981,0
153.407448183813,-28.0887691009981,0
153.407448183813,-28.0887691009981,0
153.407448212751,-28.0887688566003,0
153.407448212751,-28.0887688566003,0
153.407448212751,-28.0887688566003,0
153.407448212751,-28.0887688566003,0
153.407448212751,-28.0887688566003,0
153.407448298982,-28.0887687257316,0
153.407448298982,-28.0887687257316,0
153.407448298982,-28.0887687257316,0
153.407448298982,-28.0887687257316,0
153.407448298982,-28.0887687257316,0
153.407448298982,-28.0887687257316,0
153.407448337047,-28.0887686878315,0
153.407448337047,-28.0887686878315,0
153.407448337047,-28.0887686878315,0
153.407448337047,-28.0887686878315,0
153.407448337047,-28.0887686878315,0
153.407448371229,-28.088768609581,0
153.407448371229,-28.088768609581,0
153.407448371229,-28.088768609581,0
153.407448371229,-28.088768609581,0
153.407448371229,-28.088768609581,0
153.407448347108,-28.088768617,0
153.407448347108,-28.088768617,0
153.407448347108,-28.088768617,0
153.407448347108,-28.088768617,0
153.407448347108,-28.088768617,0
153.407448188008,-28.0887684862684,0
153.407448188008,-28.0887684862684,0
153.407448188008,-28.0887684862684,0
153.407448188008,-28.0887684862684,0
153.407448188008,-28.0887684862684,0
153.407448232599,-28.0887684103653,0
153.407448232599,-28.0887684103653,0
153.407448232599,-28.0887684103653,0
153.407448232599,-28.0887684103653,0
153.407448227705,-28.0887684578947,0
153.407448227705,-28.0887684578947,0
153.407448227705,-28.0887684578947,0
153.407448227705,-28.0887684578947,0
153.407448227705,-28.0887684578947,0
153.407448180123,-28.088768469066,0
153.407448180123,-28.088768469066,0
153.407448180123,-28.088768469066,0
153.407448180123,-28.088768469066,0
153.407448180123,-28.088768469066,0
153.407448141397,-28.0887684821734,0
153.407448141397,-28.0887684821734,0
153.407448141397,-28.0887684821734,0
153.407448141397,-28.0887684821734,0
153.407448141397,-28.0887684821734,0
153.407448141397,-28.0887684821734,0
153.407448045262,-28.0887684895924,0
153.407448045262,-28.0887684895924,0
153.407448045262,-28.0887684895924,0
153.407448045262,-28.0887684895924,0
153.407448045262,-28.0887684895924,0
153.407447901039,-28.0887685700531,0
153.407447901039,-28.0887685700531,0
153.407447901039,-28.0887685700531,0
153.407447901039,-28.0887685700531,0
153.407447842969,-28.0887687015728,0
153.407447842969,-28.0887687015728,0
153.407447842969,-28.0887687015728,0
153.407447842969,-28.0887687015728,0
153.407447842969,-28.0887687015728,0
153.407447789871,-28.0887688045304,0
153.407447789871,-28.0887688045304,0
153.407447789871,-28.0887688045304,0
153.407447789871,-28.0887688045304,0
153.407447789871,-28.0887688045304,0
153.407447673149,-28.0887690223021,0
153.407447673149,-28.0887690223021,0
153.407447673149,-28.0887690223021,0
153.407447673149,-28.0887690223021,0
153.407447673149,-28.0887690223021,0
153.40744772077,-28.088769221415,0
153.40744772077,-28.088769221415,0
153.40744772077,-28.088769221415,0
153.40744772077,-28.088769221415,0
153.40744772077,-28.088769221415,0
153.407447821606,-28.0887693411981,0
153.407447821606,-28.0887693411981,0
153.407447821606,-28.0887693411981,0
153.407447821606,-28.0887693411981,0
153.407447821606,-28.0887693411981,0
153.407447977947,-28.0887694591306,0
153.407447977947,-28.0887694591306,0
153.407447977947,-28.0887694591306,0
153.407447977947,-28.0887694591306,0
153.407447977947,-28.0887694591306,0
153.407448080531,-28.0887695796333,0
153.407448080531,-28.0887695796333,0
153.407448080531,-28.0887695796333,0
153.407448080531,-28.0887695796333,0
153.407448080531,-28.0887695796333,0
153.407448159148,-28.088769651013,0
153.407448159148,-28.088769651013,0
153.407448159148,-28.088769651013,0
153.407448159148,-28.088769651013,0
153.407448159148,-28.088769651013,0
153.407448115722,-28.0887697030829,0
153.407448115722,-28.0887697030829,0
153.407448115722,-28.0887697030829,0
153.407448115722,-28.0887697030829,0
153.407448115722,-28.0887697030829,0
153.407448115722,-28.0887697030829,0
153.407448070898,-28.0887697750624,0
153.407448070898,-28.0887697750624,0
153.407448070898,-28.0887697750624,0
153.407448070898,-28.0887697750624,0
153.407448070898,-28.0887697750624,0
153.407448057614,-28.0887698248021,0
153.407448057614,-28.0887698248021,0
153.407448057614,-28.0887698248021,0
153.407448057614,-28.0887698248021,0
153.407448057614,-28.0887698248021,0
153.407448110828,-28.0887698721601,0
153.407448110828,-28.0887698721601,0
153.407448110828,-28.0887698721601,0
153.407448110828,-28.0887698721601,0
153.407448110828,-28.0887698721601,0
153.407448105312,-28.0887700013325,0
153.407448105312,-28.0887700013325,0
153.407448105312,-28.0887700013325,0
153.407448105312,-28.0887700013325,0
153.407448134677,-28.0887700801827,0
153.407448134677,-28.0887700801827,0
153.407448134677,-28.0887700801827,0
153.407448134677,-28.0887700801827,0
153.407448134677,-28.0887700801827,0
153.407448134677,-28.0887700801827,0
153.40744806546,-28.0887701122402,0
153.40744806546,-28.0887701122402,0
153.40744806546,-28.0887701122402,0
153.40744806546,-28.0887701122402,0
153.407448174646,-28.0887701825234,0
153.407448174646,-28.0887701825234,0
153.407448174646,-28.0887701825234,0
153.407448174646,-28.0887701825234,0
153.407448174646,-28.0887701825234,0
153.407448239047,-28.0887702257693,0
153.407448239047,-28.0887702257693,0
153.407448239047,-28.0887702257693,0
153.407448239047,-28.0887702257693,0
153.407448239047,-28.0887702257693,0
153.407448211663,-28.0887703606816,0
153.407448211663,-28.0887703606816,0
153.407448211663,-28.0887703606816,0
153.407448211663,-28.0887703606816,0
153.407448211663,-28.0887703606816,0
153.407448268374,-28.0887704526392,0
153.407448268374,-28.0887704526392,0
153.407448268374,-28.0887704526392,0
153.407448268374,-28.0887704526392,0
153.407448268374,-28.0887704526392,0
153.40744829902,-28.0887705080673,0
153.40744829902,-28.0887705080673,0
153.40744829902,-28.0887705080673,0
153.40744829902,-28.0887705080673,0
153.40744829902,-28.0887705080673,0
153.407448321238,-28.0887706069984,0
153.407448321238,-28.0887706069984,0
153.407448321238,-28.0887706069984,0
153.407448321238,-28.0887706069984,0
153.407448321238,-28.0887706069984,0
153.407448321238,-28.0887706069984,0
153.407448482979,-28.0887707107783,0
153.407448482979,-28.0887707107783,0
153.407448482979,-28.0887707107783,0
153.407448482979,-28.0887707107783,0
153.407448482979,-28.0887707107783,0
153.407448587194,-28.0887707728202,0
153.407448587194,-28.0887707728202,0
153.407448587194,-28.0887707728202,0
153.407448587194,-28.0887707728202,0
153.407448588747,-28.0887708278199,0
153.407448588747,-28.0887708278199,0
153.407448588747,-28.0887708278199,0
153.407448588747,-28.0887708278199,0
153.407448588747,-28.0887708278199,0
153.407448635164,-28.0887708610939,0
153.407448635164,-28.0887708610939,0
153.407448635164,-28.0887708610939,0
153.407448635164,-28.0887708610939,0
153.407448635164,-28.0887708610939,0
153.407448743186,-28.0887708253013,0
153.407448743186,-28.0887708253013,0
153.407448743186,-28.0887708253013,0
153.407448743186,-28.0887708253013,0
153.407448743186,-28.0887708253013,0
153.40744879873,-28.0887707511629,0
153.40744879873,-28.0887707511629,0
153.40744879873,-28.0887707511629,0
153.40744879873,-28.0887707511629,0
153.40744879873,-28.0887707511629,0
153.40744879873,-28.0887707511629,0
153.407448747808,-28.0887706851632,0
153.407448747808,-28.0887706851632,0
153.407448747808,-28.0887706851632,0
153.407448747808,-28.0887706851632,0
153.407448725473,-28.0887705628786,0
153.407448725473,-28.0887705628786,0
153.407448725473,-28.0887705628786,0
153.407448725473,-28.0887705628786,0
153.407448725473,-28.0887705628786,0
153.407448838738,-28.0887703854915,0
153.407448838738,-28.0887703854915,0
153.407448838738,-28.0887703854915,0
153.407448838738,-28.0887703854915,0
153.407448838738,-28.0887703854915,0
153.407448838738,-28.0887703854915,0
153.407448876649,-28.0887702772053,0
153.407448876649,-28.0887702772053,0
153.407448876649,-28.0887702772053,0
153.407448876649,-28.0887702772053,0
153.407448876649,-28.0887702772053,0
153.407449011588,-28.0887701151872,0
153.407449011588,-28.0887701151872,0
153.407449011588,-28.0887701151872,0
153.407449011588,-28.0887701151872,0
153.407449011588,-28.0887701151872,0
153.407449174455,-28.0887700279929,0
153.407449174455,-28.0887700279929,0
153.407449174455,-28.0887700279929,0
153.407449174455,-28.0887700279929,0
153.407449174455,-28.0887700279929,0
153.407449185331,-28.0887700864023,0
153.407449185331,-28.0887700864023,0
153.407449185331,-28.0887700864023,0
153.407449185331,-28.0887700864023,0
153.407449171153,-28.0887700463604,0
153.407449171153,-28.0887700463604,0
153.407449171153,-28.0887700463604,0
153.407449171153,-28.0887700463604,0
153.407449171153,-28.0887700463604,0
153.407449171153,-28.0887700463604,0
153.407449296304,-28.0887699165026,0
153.407449296304,-28.0887699165026,0
153.407449296304,-28.0887699165026,0
153.407449296304,-28.0887699165026,0
153.407449296304,-28.0887699165026,0
153.407449309355,-28.0887698755698,0
153.407449309355,-28.0887698755698,0
153.407449309355,-28.0887698755698,0
153.407449309355,-28.0887698755698,0
153.407449309355,-28.0887698755698,0
153.407449377369,-28.088769751726,0
153.407449377369,-28.088769751726,0
153.407449377369,-28.088769751726,0
153.407449377369,-28.088769751726,0
153.407449377369,-28.088769751726,0
153.407449365017,-28.0887696486314,0
153.407449365017,-28.0887696486314,0
153.407449365017,-28.0887696486314,0
153.407449365017,-28.0887696486314,0
153.407449285661,-28.0887695723171,0
153.407449285661,-28.0887695723171,0
153.407449285661,-28.0887695723171,0
153.407449285661,-28.0887695723171,0
153.407449285661,-28.0887695723171,0
153.407449187195,-28.0887693604737,0
153.407449187195,-28.0887693604737,0
153.407449187195,-28.0887693604737,0
153.407449187195,-28.0887693604737,0
153.407449187195,-28.0887693604737,0
153.407449274824,-28.0887691557237,0
153.407449274824,-28.0887691557237,0
153.407449274824,-28.0887691557237,0
153.407449274824,-28.0887691557237,0
153.407449274824,-28.0887691557237,0
153.407449274824,-28.0887691557237,0
153.407449286361,-28.0887690728128,0
153.407449286361,-28.0887690728128,0
153.407449286361,-28.0887690728128,0
153.407449286361,-28.0887690728128,0
153.407449286361,-28.0887690728128,0
153.407449232097,-28.0887690286588,0
153.407449232097,-28.0887690286588,0
153.407449232097,-28.0887690286588,0
153.407449232097,-28.0887690286588,0
153.407449232097,-28.0887690286588,0
153.407449294518,-28.0887690181728,0
153.407449294518,-28.0887690181728,0
153.407449294518,-28.0887690181728,0
153.407449294518,-28.0887690181728,0
153.407449283564,-28.0887689939627,0
153.407449283564,-28.0887689939627,0
153.407449283564,-28.0887689939627,0
153.407449283564,-28.0887689939627,0
153.407449283564,-28.0887689939627,0
153.40744919209,-28.0887688691766,0
153.40744919209,-28.0887688691766,0
153.40744919209,-28.0887688691766,0
153.40744919209,-28.0887688691766,0
153.40744919209,-28.0887688691766,0
153.407449051246,-28.088768670629,0
153.407449051246,-28.088768670629,0
153.407449051246,-28.088768670629,0
153.407449051246,-28.088768670629,0
153.407449051246,-28.088768670629,0
153.407448988049,-28.0887685512915,0
153.407448988049,-28.0887685512915,0
153.407448988049,-28.0887685512915,0
153.407448988049,-28.0887685512915,0
153.407448988049,-28.0887685512915,0
153.407449148702,-28.0887686264579,0
153.407449148702,-28.0887686264579,0
153.407449148702,-28.0887686264579,0
153.407449148702,-28.0887686264579,0
153.407449148702,-28.0887686264579,0
153.407449148702,-28.0887686264579,0
153.407449146683,-28.0887685430672,0
153.407449146683,-28.0887685430672,0
153.407449146683,-28.0887685430672,0
153.407449146683,-28.0887685430672,0
153.407449146683,-28.0887685430672,0
153.407449105315,-28.0887683985429,0
153.407449105315,-28.0887683985429,0
153.407449105315,-28.0887683985429,0
153.407449105315,-28.0887683985429,0
153.407449124814,-28.0887683354045,0
153.407449124814,-28.0887683354045,0
153.407449124814,-28.0887683354045,0
153.407449124814,-28.0887683354045,0
153.407449124814,-28.0887683354045,0
153.407449124814,-28.0887683354045,0
153.407449203704,-28.0887684082749,0
153.407449203704,-28.0887684082749,0
153.407449203704,-28.0887684082749,0
153.407449203704,-28.0887684082749,0
153.407449203704,-28.0887684082749,0
153.407449148974,-28.0887683846816,0
153.407449148974,-28.0887683846816,0
153.407449148974,-28.0887683846816,0
153.407449148974,-28.0887683846816,0
153.407449003897,-28.0887681869394,0
153.407449003897,-28.0887681869394,0
153.407449003897,-28.0887681869394,0
153.407449003897,-28.0887681869394,0
153.407449003897,-28.0887681869394,0
153.407448795351,-28.0887680957528,0
153.407448795351,-28.0887680957528,0
153.407448795351,-28.0887680957528,0
153.407448795351,-28.0887680957528,0
153.407448795351,-28.0887680957528,0
153.407448570802,-28.0887680195755,0
153.407448570802,-28.0887680195755,0
153.407448570802,-28.0887680195755,0
153.407448570802,-28.0887680195755,0
153.407448570802,-28.0887680195755,0
153.407448497739,-28.0887679088392,0
153.407448497739,-28.0887679088392,0
153.407448497739,-28.0887679088392,0
153.407448497739,-28.0887679088392,0
153.407448497739,-28.0887679088392,0
153.407448497739,-28.0887679088392,0
153.407448419277,-28.0887678909172,0
153.407448419277,-28.0887678909172,0
153.407448419277,-28.0887678909172,0
153.407448419277,-28.0887678909172,0
153.407448367189,-28.0887679208843,0
153.407448367189,-28.0887679208843,0
153.407448367189,-28.0887679208843,0
153.407448367189,-28.0887679208843,0
153.407448367189,-28.0887679208843,0
153.407448405954,-28.0887678870278,0
153.407448405954,-28.0887678870278,0
153.407448405954,-28.0887678870278,0
153.407448405954,-28.0887678870278,0
153.407448405954,-28.0887678870278,0
153.407448405954,-28.0887678870278,0
153.407448395933,-28.0887678918767,0
153.407448395933,-28.0887678918767,0
153.407448395933,-28.0887678918767,0
153.407448395933,-28.0887678918767,0
153.407448395933,-28.0887678918767,0
153.40744842623,-28.0887678872676,0
153.40744842623,-28.0887678872676,0
153.40744842623,-28.0887678872676,0
153.40744842623,-28.0887678872676,0
153.407448295175,-28.088767987004,0
153.407448295175,-28.088767987004,0
153.407448295175,-28.088767987004,0
153.407448295175,-28.088767987004,0
153.407448295175,-28.088767987004,0
153.407448274977,-28.0887680398963,0
153.407448274977,-28.0887680398963,0
153.407448274977,-28.0887680398963,0
153.407448274977,-28.0887680398963,0
153.407448274977,-28.0887680398963,0
153.407448574881,-28.0887681224303,0
153.407448574881,-28.0887681224303,0
153.407448574881,-28.0887681224303,0
153.407448574881,-28.0887681224303,0
153.407448574881,-28.0887681224303,0
153.407448574881,-28.0887681224303,0
153.407448610033,-28.0887680256238,0
153.407448610033,-28.0887680256238,0
153.407448610033,-28.0887680256238,0
153.407448610033,-28.0887680256238,0
153.407448685232,-28.0887679493951,0
153.407448685232,-28.0887679493951,0
153.407448685232,-28.0887679493951,0
153.407448685232,-28.0887679493951,0
153.407448685232,-28.0887679493951,0
153.407448707916,-28.0887678936928,0
153.407448707916,-28.0887678936928,0
153.407448707916,-28.0887678936928,0
153.407448707916,-28.0887678936928,0
153.407448707916,-28.0887678936928,0
153.407448642001,-28.088767801187,0
153.407448642001,-28.088767801187,0
153.407448642001,-28.088767801187,0
153.407448642001,-28.088767801187,0
153.407448642001,-28.088767801187,0
153.407448513936,-28.088767862235,0
153.407448513936,-28.088767862235,0
153.407448513936,-28.088767862235,0
153.407448513936,-28.088767862235,0
153.407448513936,-28.088767862235,0
153.407448513936,-28.088767862235,0
153.407448629338,-28.0887679680882,0
153.407448629338,-28.0887679680882,0
153.407448629338,-28.0887679680882,0
153.407448629338,-28.0887679680882,0
153.407448629338,-28.0887679680882,0
153.407448595195,-28.0887680725706,0
153.407448595195,-28.0887680725706,0
153.407448595195,-28.0887680725706,0
153.407448595195,-28.0887680725706,0
153.40744849436,-28.0887681365315,0
153.40744849436,-28.0887681365315,0
153.40744849436,-28.0887681365315,0
153.40744849436,-28.0887681365315,0
153.40744849436,-28.0887681365315,0
153.40744849436,-28.0887681365315,0
153.407448390534,-28.0887681933646,0
153.407448390534,-28.0887681933646,0
153.407448390534,-28.0887681933646,0
153.407448390534,-28.0887681933646,0
153.407448390534,-28.0887681933646,0
153.407448350331,-28.0887681923708,0
153.407448350331,-28.0887681923708,0
153.407448350331,-28.0887681923708,0
153.407448350331,-28.0887681923708,0
153.407448220014,-28.0887682215841,0
153.407448220014,-28.0887682215841,0
153.407448220014,-28.0887682215841,0
153.407448220014,-28.0887682215841,0
153.407448220014,-28.0887682215841,0
153.407448043941,-28.0887681930048,0
153.407448043941,-28.0887681930048,0
153.407448043941,-28.0887681930048,0
153.407448043941,-28.0887681930048,0
153.407448043941,-28.0887681930048,0
153.407447982803,-28.0887681561498,0
153.407447982803,-28.0887681561498,0
153.407447982803,-28.0887681561498,0
153.407447982803,-28.0887681561498,0
153.407447982803,-28.0887681561498,0
153.407447982803,-28.0887681561498,0
153.407447784045,-28.0887680875285,0
153.407447784045,-28.0887680875285,0
153.407447784045,-28.0887680875285,0
153.407447784045,-28.0887680875285,0
153.407447762021,-28.0887679970102,0
153.407447762021,-28.0887679970102,0
153.407447762021,-28.0887679970102,0
153.407447762021,-28.0887679970102,0
153.407447762021,-28.0887679970102,0
153.407447762021,-28.0887679970102,0
153.407447728578,-28.0887680319462,0
153.407447728578,-28.0887680319462,0
153.407447728578,-28.0887680319462,0
153.407447728578,-28.0887680319462,0
153.407447728578,-28.0887680319462,0
153.407447703796,-28.0887681414489,0
153.407447703796,-28.0887681414489,0
153.407447703796,-28.0887681414489,0
153.407447703796,-28.0887681414489,0
153.40744760401,-28.0887681480454,0
153.40744760401,-28.0887681480454,0
153.40744760401,-28.0887681480454,0
153.40744760401,-28.0887681480454,0
153.40744760401,-28.0887681480454,0
153.40744760401,-28.0887681480454,0
153.407447346172,-28.0887680383543,0
153.407447346172,-28.0887680383543,0
153.407447346172,-28.0887680383543,0
153.407447346172,-28.0887680383543,0
153.407447346172,-28.0887680383543,0
153.407447165243,-28.0887678842178,0
153.407447165243,-28.0887678842178,0
153.407447165243,-28.0887678842178,0
153.407447165243,-28.0887678842178,0
153.407447143725,-28.0887678159564,0
153.407447143725,-28.0887678159564,0
153.407447143725,-28.0887678159564,0
153.407447143725,-28.0887678159564,0
153.407447143725,-28.0887678159564,0
153.407447143725,-28.0887678159564,0
153.407447274818,-28.0887678131807,0
153.407447274818,-28.0887678131807,0
153.407447274818,-28.0887678131807,0
153.407447274818,-28.0887678131807,0
153.407447274818,-28.0887678131807,0
153.407447363147,-28.0887679755243,0
153.407447363147,-28.0887679755243,0
153.407447363147,-28.0887679755243,0
153.407447363147,-28.0887679755243,0
153.407447356893,-28.0887681088602,0
153.407447356893,-28.0887681088602,0
153.407447356893,-28.0887681088602,0
153.407447356893,-28.0887681088602,0
153.407447356893,-28.0887681088602,0
153.407447289035,-28.0887681299006,0
153.407447289035,-28.0887681299006,0
153.407447289035,-28.0887681299006,0
153.407447289035,-28.0887681299006,0
153.407447289035,-28.0887681299006,0
153.407447160815,-28.0887681969798,0
153.407447160815,-28.0887681969798,0
153.407447160815,-28.0887681969798,0
153.407447160815,-28.0887681969798,0
153.407447160815,-28.0887681969798,0
153.407447225566,-28.0887680459446,0
153.407447225566,-28.0887680459446,0
153.407447225566,-28.0887680459446,0
153.407447225566,-28.0887680459446,0
153.407447225566,-28.0887680459446,0
153.407447205562,-28.0887678649593,0
153.407447205562,-28.0887678649593,0
153.407447205562,-28.0887678649593,0
153.407447205562,-28.0887678649593,0
153.407447205562,-28.0887678649593,0
153.407447188782,-28.0887679766551,0
153.407447188782,-28.0887679766551,0
153.407447188782,-28.0887679766551,0
153.407447188782,-28.0887679766551,0
153.407447188782,-28.0887679766551,0
153.407447293774,-28.088768030387,0
153.407447293774,-28.088768030387,0
153.407447293774,-28.088768030387,0
153.407447293774,-28.088768030387,0
153.407447293774,-28.088768030387,0
153.407447293774,-28.088768030387,0
153.407447316652,-28.0887681142574,0
153.407447316652,-28.0887681142574,0
153.407447316652,-28.0887681142574,0
153.407447316652,-28.0887681142574,0
153.407447316652,-28.0887681142574,0
153.407452761803,-28.0887678468145,0
153.407452761803,-28.0887678468145,0
153.407452761803,-28.0887678468145,0
153.407452761803,-28.0887678468145,0
153.407464449388,-28.0887666938237,0
153.407464449388,-28.0887666938237,0
153.407464449388,-28.0887666938237,0
153.407464449388,-28.0887666938237,0
153.407464449388,-28.0887666938237,0
153.407464449388,-28.0887666938237,0
153.407492153023,-28.0887635443579,0
153.407492153023,-28.0887635443579,0
153.407492153023,-28.0887635443579,0
153.407492153023,-28.0887635443579,0
153.407515752354,-28.0887607754529,0
153.407515752354,-28.0887607754529,0
153.407515752354,-28.0887607754529,0
153.407515752354,-28.0887607754529,0
153.407515752354,-28.0887607754529,0
153.407555573174,-28.0887563702615,0
153.407555573174,-28.0887563702615,0
153.407555573174,-28.0887563702615,0
153.407555573174,-28.0887563702615,0
153.407555573174,-28.0887563702615,0
153.407575643382,-28.088754038819,0
153.407575643382,-28.088754038819,0
153.407575643382,-28.088754038819,0
153.407575643382,-28.088754038819,0
153.407575643382,-28.088754038819,0
153.407575643382,-28.088754038819,0
153.407586366195,-28.0887527622072,0
153.407586366195,-28.0887527622072,0
153.407586366195,-28.0887527622072,0
153.407586366195,-28.0887527622072,0
153.407586366195,-28.0887527622072,0
153.407587064857,-28.0887533849384,0
153.407587064857,-28.0887533849384,0
153.407587064857,-28.0887533849384,0
153.407587064857,-28.0887533849384,0
153.407586900475,-28.088754000936,0
153.407586900475,-28.088754000936,0
153.407586900475,-28.088754000936,0
153.407586900475,-28.088754000936,0
153.407586900475,-28.088754000936,0
153.407586900475,-28.088754000936,0
153.407586853825,-28.0887545945738,0
153.407586853825,-28.0887545945738,0
153.407586853825,-28.0887545945738,0
153.407586853825,-28.0887545945738,0
153.4075871312,-28.0887549224822,0
153.4075871312,-28.0887549224822,0
153.4075871312,-28.0887549224822,0
153.4075871312,-28.0887549224822,0
153.4075871312,-28.0887549224822,0
153.4075871312,-28.0887549224822,0
153.40758746478,-28.0887552892845,0
153.40758746478,-28.0887552892845,0
153.40758746478,-28.0887552892845,0
153.40758746478,-28.0887552892845,0
153.407587852779,-28.0887559650793,0
153.407587852779,-28.0887559650793,0
153.407587852779,-28.0887559650793,0
153.407587852779,-28.0887559650793,0
153.407587852779,-28.0887559650793,0
153.407588039534,-28.0887564187676,0
153.407588039534,-28.0887564187676,0
153.407588039534,-28.0887564187676,0
153.407588039534,-28.0887564187676,0
153.407588039534,-28.0887564187676,0
153.407588051964,-28.0887569108015,0
153.407588051964,-28.0887569108015,0
153.407588051964,-28.0887569108015,0
153.407588051964,-28.0887569108015,0
153.407588051964,-28.0887569108015,0
153.407588153149,-28.0887570571249,0
153.407588153149,-28.0887570571249,0
153.407588153149,-28.0887570571249,0
153.407588153149,-28.0887570571249,0
153.407588153149,-28.0887570571249,0
153.407588500674,-28.0887571785185,0
153.407588500674,-28.0887571785185,0
153.407588500674,-28.0887571785185,0
153.407588500674,-28.0887571785185,0
153.407588500674,-28.0887571785185,0
153.407588802908,-28.0887571266028,0
153.407588802908,-28.0887571266028,0
153.407588802908,-28.0887571266028,0
153.407588802908,-28.0887571266028,0
153.407588802908,-28.0887571266028,0
153.407588802908,-28.0887571266028,0
153.407588927049,-28.0887570033416,0
153.407588927049,-28.0887570033416,0
153.407588927049,-28.0887570033416,0
153.407588927049,-28.0887570033416,0
153.407588927049,-28.0887570033416,0
153.40758897401,-28.0887569360911,0
153.40758897401,-28.0887569360911,0
153.40758897401,-28.0887569360911,0
153.40758897401,-28.0887569360911,0
153.40758897401,-28.0887569360911,0
153.407589001821,-28.088756783154,0
153.407589001821,-28.088756783154,0
153.407589001821,-28.088756783154,0
153.407589001821,-28.088756783154,0
153.407589043771,-28.0887566882322,0
153.407589043771,-28.0887566882322,0
153.407589043771,-28.0887566882322,0
153.407589043771,-28.0887566882322,0
153.407589043771,-28.0887566882322,0
153.407589129691,-28.0887565719959,0
153.407589129691,-28.0887565719959,0
153.407589129691,-28.0887565719959,0
153.407589129691,-28.0887565719959,0
153.407589129691,-28.0887565719959,0
153.407589129691,-28.0887565719959,0
153.407589217164,-28.0887565272594,0
153.407589217164,-28.0887565272594,0
153.407589217164,-28.0887565272594,0
153.407589217164,-28.0887565272594,0
153.407589317844,-28.0887565379852,0
153.407589317844,-28.0887565379852,0
153.407589317844,-28.0887565379852,0
153.407589317844,-28.0887565379852,0
153.407589317844,-28.0887565379852,0
153.407589435809,-28.0887565733495,0
153.407589435809,-28.0887565733495,0
153.407589435809,-28.0887565733495,0
153.407589435809,-28.0887565733495,0
153.407589435809,-28.0887565733495,0
153.407589516485,-28.0887565586144,0
153.407589516485,-28.0887565586144,0
153.407589516485,-28.0887565586144,0
153.407589516485,-28.0887565586144,0
153.407589516485,-28.0887565586144,0
153.407589578556,-28.0887565022781,0
153.407589578556,-28.0887565022781,0
153.407589578556,-28.0887565022781,0
153.407589578556,-28.0887565022781,0
153.407589578556,-28.0887565022781,0
153.407589578556,-28.0887565022781,0
153.40758961297,-28.0887565062361,0
153.40758961297,-28.0887565062361,0
153.40758961297,-28.0887565062361,0
153.40758961297,-28.0887565062361,0
153.407589691899,-28.0887566440268,0
153.407589691899,-28.0887566440268,0
153.407589691899,-28.0887566440268,0
153.407589691899,-28.0887566440268,0
153.407589691899,-28.0887566440268,0
153.407589691899,-28.0887566440268,0
153.407589786092,-28.088756702659,0
153.407589786092,-28.088756702659,0
153.407589786092,-28.088756702659,0
153.407589786092,-28.088756702659,0
153.407589786092,-28.088756702659,0
153.407589946357,-28.088756721095,0
153.407589946357,-28.088756721095,0
153.407589946357,-28.088756721095,0
153.407589946357,-28.088756721095,0
153.407589946357,-28.088756721095,0
153.40759004121,-28.0887566352714,0
153.40759004121,-28.0887566352714,0
153.40759004121,-28.0887566352714,0
153.40759004121,-28.0887566352714,0
153.407590059971,-28.0887566010036,0
153.407590059971,-28.0887566010036,0
153.407590059971,-28.0887566010036,0
153.407590059971,-28.0887566010036,0
153.407590059971,-28.0887566010036,0
153.407590059971,-28.0887566010036,0
153.407590093842,-28.0887565423029,0
153.407590093842,-28.0887565423029,0
153.407590093842,-28.0887565423029,0
153.407590093842,-28.0887565423029,0
153.407590093842,-28.0887565423029,0
153.407590108641,-28.088756497275,0
153.407590108641,-28.088756497275,0
153.407590108641,-28.088756497275,0
153.407590108641,-28.088756497275,0
153.407590108641,-28.088756497275,0
153.407590112603,-28.0887565447702,0
153.407590112603,-28.0887565447702,0
153.407590112603,-28.0887565447702,0
153.407590112603,-28.0887565447702,0
153.407590093376,-28.0887566325642,0
153.407590093376,-28.0887566325642,0
153.407590093376,-28.0887566325642,0
153.407590093376,-28.0887566325642,0
153.407590093376,-28.0887566325642,0
153.407590093376,-28.0887566325642,0
153.407590122314,-28.0887566700018,0
153.407590122314,-28.0887566700018,0
153.407590122314,-28.0887566700018,0
153.407590122314,-28.0887566700018,0
153.407590142046,-28.0887567355389,0
153.407590142046,-28.0887567355389,0
153.407590142046,-28.0887567355389,0
153.407590142046,-28.0887567355389,0
153.407590142046,-28.0887567355389,0
153.407590142046,-28.0887567355389,0
153.407590103319,-28.0887567886711,0
153.407590103319,-28.0887567886711,0
153.407590103319,-28.0887567886711,0
153.407590103319,-28.0887567886711,0
153.40759013719,-28.0887568494964,0
153.40759013719,-28.0887568494964,0
153.40759013719,-28.0887568494964,0
153.40759013719,-28.0887568494964,0
153.40759013719,-28.0887568494964,0
153.407589991802,-28.0887568901037,0
153.407589991802,-28.0887568901037,0
153.407589991802,-28.0887568901037,0
153.407589991802,-28.0887568901037,0
153.407589991802,-28.0887568901037,0
153.407589991802,-28.0887568901037,0
153.407589797356,-28.0887570051921,0
153.407589797356,-28.0887570051921,0
153.407589797356,-28.0887570051921,0
153.407589797356,-28.0887570051921,0
153.407589747677,-28.0887570628647,0
153.407589747677,-28.0887570628647,0
153.407589747677,-28.0887570628647,0
153.407589747677,-28.0887570628647,0
153.407589747677,-28.0887570628647,0
153.407589709339,-28.0887571361806,0
153.407589709339,-28.0887571361806,0
153.407589709339,-28.0887571361806,0
153.407589709339,-28.0887571361806,0
153.407589709339,-28.0887571361806,0
153.407589709339,-28.0887571361806,0
153.407589705183,-28.0887571696431,0
153.407589705183,-28.0887571696431,0
153.407589705183,-28.0887571696431,0
153.407589705183,-28.0887571696431,0
153.407589684868,-28.0887572550898,0
153.407589684868,-28.0887572550898,0
153.407589684868,-28.0887572550898,0
153.407589684868,-28.0887572550898,0
153.407589684868,-28.0887572550898,0
153.407589684868,-28.0887572550898,0
153.407589636431,-28.0887572907112,0
153.407589636431,-28.0887572907112,0
153.407589636431,-28.0887572907112,0
153.407589636431,-28.0887572907112,0
153.407589636431,-28.0887572907112,0
153.40758962474,-28.0887572946691,0
153.40758962474,-28.0887572946691,0
153.40758962474,-28.0887572946691,0
153.40758962474,-28.0887572946691,0
153.407589579954,-28.0887572648219,0
153.407589579954,-28.0887572648219,0
153.407589579954,-28.0887572648219,0
153.407589579954,-28.0887572648219,0
153.407589579954,-28.0887572648219,0
153.407589579954,-28.0887572648219,0
153.40758951229,-28.0887571765995,0
153.40758951229,-28.0887571765995,0
153.40758951229,-28.0887571765995,0
153.40758951229,-28.0887571765995,0
153.407589580848,-28.0887572035854,0
153.407589580848,-28.0887572035854,0
153.407589580848,-28.0887572035854,0
153.407589580848,-28.0887572035854,0
153.407589580848,-28.0887572035854,0
153.407589580848,-28.0887572035854,0
153.40758956298,-28.0887572136772,0
153.40758956298,-28.0887572136772,0
153.40758956298,-28.0887572136772,0
153.40758956298,-28.0887572136772,0
153.407589562553,-28.088757180763,0
153.407589562553,-28.088757180763,0
153.407589562553,-28.088757180763,0
153.407589562553,-28.088757180763,0
153.407589562553,-28.088757180763,0
153.407589562553,-28.088757180763,0
153.407589557309,-28.0887573662374,0
153.407589557309,-28.0887573662374,0
153.407589557309,-28.0887573662374,0
153.407589557309,-28.0887573662374,0
153.407589601357,-28.0887574958552,0
153.407589601357,-28.0887574958552,0
153.407589601357,-28.0887574958552,0
153.407589601357,-28.0887574958552,0
153.407589601357,-28.0887574958552,0
153.407589601357,-28.0887574958552,0
153.407589643889,-28.088757556989,0
153.407589643889,-28.088757556989,0
153.407589643889,-28.088757556989,0
153.407589643889,-28.088757556989,0
153.407589643889,-28.088757556989,0
153.407589568923,-28.0887576693359,0
153.407589568923,-28.0887576693359,0
153.407589568923,-28.0887576693359,0
153.407589568923,-28.0887576693359,0
153.407589568923,-28.0887576693359,0
153.4075895462,-28.0887578339583,0
153.4075895462,-28.0887578339583,0
153.4075895462,-28.0887578339583,0
153.4075895462,-28.0887578339583,0
153.407589453055,-28.0887579012259,0
153.407589453055,-28.0887579012259,0
153.407589453055,-28.0887579012259,0
153.407589453055,-28.0887579012259,0
153.407589453055,-28.0887579012259,0
153.407589453055,-28.0887579012259,0
153.407589322156,-28.0887578858397,0
153.407589322156,-28.0887578858397,0
153.407589322156,-28.0887578858397,0
153.407589322156,-28.0887578858397,0
153.407589322156,-28.0887578858397,0
153.407589326895,-28.0887576763608,0
153.407589326895,-28.0887576763608,0
153.407589326895,-28.0887576763608,0
153.407589326895,-28.0887576763608,0
153.407589279118,-28.0887574894643,0
153.407589279118,-28.0887574894643,0
153.407589279118,-28.0887574894643,0
153.407589279118,-28.0887574894643,0
153.407589279118,-28.0887574894643,0
153.407589279118,-28.0887574894643,0
153.407589359406,-28.0887572664496,0
153.407589359406,-28.0887572664496,0
153.407589359406,-28.0887572664496,0
153.407589359406,-28.0887572664496,0
153.407589359406,-28.0887572664496,0
153.407589299122,-28.0887571088864,0
153.407589299122,-28.0887571088864,0
153.407589299122,-28.0887571088864,0
153.407589299122,-28.0887571088864,0
153.407589299122,-28.0887571088864,0
153.407589236819,-28.0887569384213,0
153.407589236819,-28.0887569384213,0
153.407589236819,-28.0887569384213,0
153.407589236819,-28.0887569384213,0
153.407589236819,-28.0887569384213,0
153.407589237673,-28.0887567740045,0
153.407589237673,-28.0887567740045,0
153.407589237673,-28.0887567740045,0
153.407589237673,-28.0887567740045,0
153.407589237673,-28.0887567740045,0
153.407589216854,-28.088756687427,0
153.407589216854,-28.088756687427,0
153.407589216854,-28.088756687427,0
153.407589216854,-28.088756687427,0
153.407589186401,-28.088756503666,0
153.407589186401,-28.088756503666,0
153.407589186401,-28.088756503666,0
153.407589186401,-28.088756503666,0
153.407589186401,-28.088756503666,0
153.407589186401,-28.088756503666,0
153.407589149267,-28.0887565009417,0
153.407589149267,-28.0887565009417,0
153.407589149267,-28.0887565009417,0
153.407589149267,-28.0887565009417,0
153.407589149267,-28.0887565009417,0
153.407589107783,-28.0887564901131,0
153.407589107783,-28.0887564901131,0
153.407589107783,-28.0887564901131,0
153.407589107783,-28.0887564901131,0
153.407589107783,-28.0887564901131,0
153.407588840974,-28.0887562687261,0
153.407588840974,-28.0887562687261,0
153.407588840974,-28.0887562687261,0
153.407588840974,-28.0887562687261,0
153.407588696285,-28.0887561519587,0
153.407588696285,-28.0887561519587,0
153.407588696285,-28.0887561519587,0
153.407588696285,-28.0887561519587,0
153.407588696285,-28.0887561519587,0
153.407588696285,-28.0887561519587,0
153.407588729728,-28.088756219826,0
153.407588729728,-28.088756219826,0
153.407588729728,-28.088756219826,0
153.407588729728,-28.088756219826,0
153.407588729728,-28.088756219826,0
153.407588696984,-28.0887562352294,0
153.407588696984,-28.0887562352294,0
153.407588696984,-28.0887562352294,0
153.407588696984,-28.0887562352294,0
153.407588696984,-28.0887562352294,0
153.407588626679,-28.088756209083,0
153.407588626679,-28.088756209083,0
153.407588626679,-28.088756209083,0
153.407588626679,-28.088756209083,0
153.407588535632,-28.0887562135721,0
153.407588535632,-28.0887562135721,0
153.407588535632,-28.0887562135721,0
153.407588535632,-28.0887562135721,0
153.407588535632,-28.0887562135721,0
153.407588535632,-28.0887562135721,0
153.407588537069,-28.0887562529115,0
153.407588537069,-28.0887562529115,0
153.407588537069,-28.0887562529115,0
153.407588537069,-28.0887562529115,0
153.407588537069,-28.0887562529115,0
153.407588514268,-28.088756312349,0
153.407588514268,-28.088756312349,0
153.407588514268,-28.088756312349,0
153.407588514268,-28.088756312349,0
153.407588454839,-28.0887565064417,0
153.407588454839,-28.0887565064417,0
153.407588454839,-28.0887565064417,0
153.407588454839,-28.0887565064417,0
153.407588454839,-28.0887565064417,0
153.407588454839,-28.0887565064417,0
153.407588474688,-28.088756582619,0
153.407588474688,-28.088756582619,0
153.407588474688,-28.088756582619,0
153.407588474688,-28.088756582619,0
153.407588474688,-28.088756582619,0
153.407588279543,-28.0887566165783,0
153.407588279543,-28.0887566165783,0
153.407588279543,-28.0887566165783,0
153.407588279543,-28.0887566165783,0
153.407588279543,-28.0887566165783,0
153.407588111937,-28.0887566212901,0
153.407588111937,-28.0887566212901,0
153.407588111937,-28.0887566212901,0
153.407588111937,-28.0887566212901,0
153.407588111937,-28.0887566212901,0
153.40758811182,-28.0887567358131,0
153.40758811182,-28.0887567358131,0
153.40758811182,-28.0887567358131,0
153.40758811182,-28.0887567358131,0
153.407587969035,-28.0887568387363,0
153.407587969035,-28.0887568387363,0
153.407587969035,-28.0887568387363,0
153.407587969035,-28.0887568387363,0
153.407587969035,-28.0887568387363,0
153.407587969035,-28.0887568387363,0
153.407587829201,-28.0887568685664,0
153.407587829201,-28.0887568685664,0
153.407587829201,-28.0887568685664,0
153.407587829201,-28.0887568685664,0
153.407587829201,-28.0887568685664,0
153.407587812926,-28.0887568702627,0
153.407587812926,-28.0887568702627,0
153.407587812926,-28.0887568702627,0
153.407587812926,-28.0887568702627,0
153.407587812926,-28.0887568702627,0
153.407587837747,-28.0887568472519,0
153.407587837747,-28.0887568472519,0
153.407587837747,-28.0887568472519,0
153.407587837747,-28.0887568472519,0
153.407587904828,-28.0887569735286,0
153.407587904828,-28.0887569735286,0
153.407587904828,-28.0887569735286,0
153.407587904828,-28.0887569735286,0
153.407587904828,-28.0887569735286,0
153.407587904828,-28.0887569735286,0
153.407588075425,-28.0887571027696,0
153.407588075425,-28.0887571027696,0
153.407588075425,-28.0887571027696,0
153.407588075425,-28.0887571027696,0
153.407588274998,-28.0887571536401,0
153.407588274998,-28.0887571536401,0
153.407588274998,-28.0887571536401,0
153.407588274998,-28.0887571536401,0
153.407588274998,-28.0887571536401,0
153.407588453169,-28.0887571403099,0
153.407588453169,-28.0887571403099,0
153.407588453169,-28.0887571403099,0
153.407588453169,-28.0887571403099,0
153.407588453169,-28.0887571403099,0
153.407588567677,-28.088756888476,0
153.407588567677,-28.088756888476,0
153.407588567677,-28.088756888476,0
153.407588567677,-28.088756888476,0
153.407588567677,-28.088756888476,0
153.407588567677,-28.088756888476,0
153.407588712443,-28.0887568165137,0
153.407588712443,-28.0887568165137,0
153.407588712443,-28.0887568165137,0
153.407588712443,-28.0887568165137,0
153.407588712443,-28.0887568165137,0
153.407588657093,-28.088756739514,0
153.407588657093,-28.088756739514,0
153.407588657093,-28.088756739514,0
153.407588657093,-28.088756739514,0
153.407588657093,-28.088756739514,0
153.407588523474,-28.088756739394,0
153.407588523474,-28.088756739394,0
153.407588523474,-28.088756739394,0
153.407588523474,-28.088756739394,0
153.407588523474,-28.088756739394,0
153.40758844676,-28.0887567826914,0
153.40758844676,-28.0887567826914,0
153.40758844676,-28.0887567826914,0
153.40758844676,-28.0887567826914,0
153.40758844676,-28.0887567826914,0
153.407588104168,-28.0887565690146,0
153.407588104168,-28.0887565690146,0
153.407588104168,-28.0887565690146,0
153.407588104168,-28.0887565690146,0
153.407588104168,-28.0887565690146,0
153.407587818869,-28.0887565010959,0
153.407587818869,-28.0887565010959,0
153.407587818869,-28.0887565010959,0
153.407587818869,-28.0887565010959,0
153.407587743243,-28.0887564397737,0
153.407587743243,-28.0887564397737,0
153.407587743243,-28.0887564397737,0
153.407587743243,-28.0887564397737,0
153.407587743243,-28.0887564397737,0
153.407587743243,-28.0887564397737,0
153.407587712402,-28.0887564390884,0
153.407587712402,-28.0887564390884,0
153.407587712402,-28.0887564390884,0
153.407587712402,-28.0887564390884,0
153.407587818248,-28.0887565390817,0
153.407587818248,-28.0887565390817,0
153.407587818248,-28.0887565390817,0
153.407587818248,-28.0887565390817,0
153.407587818248,-28.0887565390817,0
153.407587818248,-28.0887565390817,0
153.407587831027,-28.088756697159,0
153.407587831027,-28.088756697159,0
153.407587831027,-28.088756697159,0
153.407587831027,-28.088756697159,0
153.407588015646,-28.0887569599243,0
153.407588015646,-28.0887569599243,0
153.407588015646,-28.0887569599243,0
153.407588015646,-28.0887569599243,0
153.407588015646,-28.0887569599243,0
153.407588051614,-28.0887569800909,0
153.407588051614,-28.0887569800909,0
153.407588051614,-28.0887569800909,0
153.407588051614,-28.0887569800909,0
153.407588051614,-28.0887569800909,0
153.407588351168,-28.0887569481533,0
153.407588351168,-28.0887569481533,0
153.407588351168,-28.0887569481533,0
153.407588351168,-28.0887569481533,0
153.407588351168,-28.0887569481533,0
153.407588351168,-28.0887569481533,0
153.407588650295,-28.0887568720103,0
153.407588650295,-28.0887568720103,0
153.407588650295,-28.0887568720103,0
153.407588650295,-28.0887568720103,0
153.407588650295,-28.0887568720103,0
153.407588840818,-28.0887567260296,0
153.407588840818,-28.0887567260296,0
153.407588840818,-28.0887567260296,0
153.407588840818,-28.0887567260296,0
153.407588840818,-28.0887567260296,0
153.40758871458,-28.0887565584773,0
153.40758871458,-28.0887565584773,0
153.40758871458,-28.0887565584773,0
153.40758871458,-28.0887565584773,0
153.407588624892,-28.0887563669547,0
153.407588624892,-28.0887563669547,0
153.407588624892,-28.0887563669547,0
153.407588624892,-28.0887563669547,0
153.407588624892,-28.0887563669547,0
153.407588624892,-28.0887563669547,0
153.40758871155,-28.0887562547449,0
153.40758871155,-28.0887562547449,0
153.40758871155,-28.0887562547449,0
153.40758871155,-28.0887562547449,0
153.407588742158,-28.0887563893829,0
153.407588742158,-28.0887563893829,0
153.407588742158,-28.0887563893829,0
153.407588742158,-28.0887563893829,0
153.407588742158,-28.0887563893829,0
153.407588742158,-28.0887563893829,0
153.407588794751,-28.088756360855,0
153.407588794751,-28.088756360855,0
153.407588794751,-28.088756360855,0
153.407588794751,-28.088756360855,0
153.407588794751,-28.088756360855,0
153.407588849247,-28.0887562556358,0
153.407588849247,-28.0887562556358,0
153.407588849247,-28.0887562556358,0
153.407588849247,-28.0887562556358,0
153.407588989508,-28.0887562682806,0
153.407588989508,-28.0887562682806,0
153.407588989508,-28.0887562682806,0
153.407588989508,-28.0887562682806,0
153.407588989508,-28.0887562682806,0
153.407588989508,-28.0887562682806,0
153.407589150976,-28.0887561388512,0
153.407589150976,-28.0887561388512,0
153.407589150976,-28.0887561388512,0
153.407589150976,-28.0887561388512,0
153.407589250414,-28.0887559713503,0
153.407589250414,-28.0887559713503,0
153.407589250414,-28.0887559713503,0
153.407589250414,-28.0887559713503,0
153.407589250414,-28.0887559713503,0
153.407589250414,-28.0887559713503,0
153.407589258299,-28.0887558017934,0
153.407589258299,-28.0887558017934,0
153.407589258299,-28.0887558017934,0
153.407589258299,-28.0887558017934,0
153.407589258299,-28.0887558017934,0
153.407589210444,-28.0887557609976,0
153.407589210444,-28.0887557609976,0
153.407589210444,-28.0887557609976,0
153.407589210444,-28.0887557609976,0
153.407589210444,-28.0887557609976,0
153.407589172456,-28.0887557811642,0
153.407589172456,-28.0887557811642,0
153.407589172456,-28.0887557811642,0
153.407589172456,-28.0887557811642,0
153.407589104288,-28.0887558987369,0
153.407589104288,-28.0887558987369,0
153.407589104288,-28.0887558987369,0
153.407589104288,-28.0887558987369,0
153.407589104288,-28.0887558987369,0
153.407589104288,-28.0887558987369,0
153.407589041518,-28.088756046688,0
153.407589041518,-28.088756046688,0
153.407589041518,-28.088756046688,0
153.407589041518,-28.088756046688,0
153.407588988226,-28.0887561162688,0
153.407588988226,-28.0887561162688,0
153.407588988226,-28.0887561162688,0
153.407588988226,-28.0887561162688,0
153.407588988226,-28.0887561162688,0
153.407588988226,-28.0887561162688,0
153.407588863774,-28.0887562594738,0
153.407588863774,-28.0887562594738,0
153.407588863774,-28.0887562594738,0
153.407588863774,-28.0887562594738,0
153.407588713026,-28.0887564503967,0
153.407588713026,-28.0887564503967,0
153.407588713026,-28.0887564503967,0
153.407588713026,-28.0887564503967,0
153.407588713026,-28.0887564503967,0
153.407588713026,-28.0887564503967,0
153.40758859712,-28.0887565471518,0
153.40758859712,-28.0887565471518,0
153.40758859712,-28.0887565471518,0
153.40758859712,-28.0887565471518,0
153.407588330038,-28.0887566533476,0
153.407588330038,-28.0887566533476,0
153.407588330038,-28.0887566533476,0
153.407588330038,-28.0887566533476,0
153.407588330038,-28.0887566533476,0
153.407588330038,-28.0887566533476,0
153.407588129571,-28.0887565846236,0
153.407588129571,-28.0887565846236,0
153.407588129571,-28.0887565846236,0
153.407588129571,-28.0887565846236,0
153.407588129571,-28.0887565846236,0
153.407588129455,-28.0887566118322,0
153.407588129455,-28.0887566118322,0
153.407588129455,-28.0887566118322,0
153.407588129455,-28.0887566118322,0
153.407588129455,-28.0887566118322,0
153.407587955518,-28.0887567273832,0
153.407587955518,-28.0887567273832,0
153.407587955518,-28.0887567273832,0
153.407587955518,-28.0887567273832,0
153.407587834406,-28.0887567364813,0
153.407587834406,-28.0887567364813,0
153.407587834406,-28.0887567364813,0
153.407587834406,-28.0887567364813,0
153.407587834406,-28.0887567364813,0
153.407587834406,-28.0887567364813,0
153.407587698146,-28.0887568452986,0
153.407587698146,-28.0887568452986,0
153.407587698146,-28.0887568452986,0
153.407587698146,-28.0887568452986,0
153.407587609624,-28.0887568937875,0
153.407587609624,-28.0887568937875,0
153.407587609624,-28.0887568937875,0
153.407587609624,-28.0887568937875,0
153.407587609624,-28.0887568937875,0
153.407587609624,-28.0887568937875,0
153.407587422286,-28.0887569564804,0
153.407587422286,-28.0887569564804,0
153.407587422286,-28.0887569564804,0
153.407587422286,-28.0887569564804,0
153.407587314731,-28.0887569659555,0
153.407587314731,-28.0887569659555,0
153.407587314731,-28.0887569659555,0
153.407587314731,-28.0887569659555,0
153.407587314731,-28.0887569659555,0
153.407587100048,-28.0887568225277,0
153.407587100048,-28.0887568225277,0
153.407587100048,-28.0887568225277,0
153.407587100048,-28.0887568225277,0
153.407587100048,-28.0887568225277,0
153.407587100048,-28.0887568225277,0
153.407586842793,-28.0887566707043,0
153.407586842793,-28.0887566707043,0
153.407586842793,-28.0887566707043,0
153.407586842793,-28.0887566707043,0
153.407586842793,-28.0887566707043,0
153.407586765108,-28.0887566782946,0
153.407586765108,-28.0887566782946,0
153.407586765108,-28.0887566782946,0
153.407586765108,-28.0887566782946,0
153.407586776101,-28.0887567097867,0
153.407586776101,-28.0887567097867,0
153.407586776101,-28.0887567097867,0
153.407586776101,-28.0887567097867,0
153.407586776101,-28.0887567097867,0
153.407586776101,-28.0887567097867,0
153.407586553804,-28.0887565826704,0
153.407586553804,-28.0887565826704,0
153.407586553804,-28.0887565826704,0
153.407586553804,-28.0887565826704,0
153.407586553804,-28.0887565826704,0
153.407586489403,-28.0887565442904,0
153.407586489403,-28.0887565442904,0
153.407586489403,-28.0887565442904,0
153.407586489403,-28.0887565442904,0
153.407586497366,-28.0887566435471,0
153.407586497366,-28.0887566435471,0
153.407586497366,-28.0887566435471,0
153.407586497366,-28.0887566435471,0
153.407586497366,-28.0887566435471,0
153.407586756369,-28.0887567820574,0
153.407586756369,-28.0887567820574,0
153.407586756369,-28.0887567820574,0
153.407586756369,-28.0887567820574,0
153.407586756369,-28.0887567820574,0
153.40758672747,-28.0887568149374,0
153.40758672747,-28.0887568149374,0
153.40758672747,-28.0887568149374,0
153.40758672747,-28.0887568149374,0
153.40758672747,-28.0887568149374,0
153.40758672747,-28.0887568149374,0
153.407586424264,-28.0887567528099,0
153.407586424264,-28.0887567528099,0
153.407586424264,-28.0887567528099,0
153.407586424264,-28.0887567528099,0
153.407586424264,-28.0887567528099,0
153.407586036149,-28.0887568117847,0
153.407586036149,-28.0887568117847,0
153.407586036149,-28.0887568117847,0
153.407586036149,-28.0887568117847,0
153.407586036149,-28.0887568117847,0
153.407585832031,-28.0887568554419,0
153.407585832031,-28.0887568554419,0
153.407585832031,-28.0887568554419,0
153.407585832031,-28.0887568554419,0
153.407586100123,-28.0887570970126,0
153.407586100123,-28.0887570970126,0
153.407586100123,-28.0887570970126,0
153.407586100123,-28.0887570970126,0
153.407586100123,-28.0887570970126,0
153.407586205192,-28.088757189844,0
153.407586205192,-28.088757189844,0
153.407586205192,-28.088757189844,0
153.407586205192,-28.088757189844,0
153.407586205192,-28.088757189844,0
153.407586260271,-28.0887574169023,0
153.407586260271,-28.0887574169023,0
153.407586260271,-28.0887574169023,0
153.407586260271,-28.0887574169023,0
153.407586260271,-28.0887574169023,0
153.407586136984,-28.0887577080584,0
153.407586136984,-28.0887577080584,0
153.407586136984,-28.0887577080584,0
153.407586136984,-28.0887577080584,0
153.407586136984,-28.0887577080584,0
153.407586063727,-28.0887579267211,0
153.407586063727,-28.0887579267211,0
153.407586063727,-28.0887579267211,0
153.407586063727,-28.0887579267211,0
153.407586063727,-28.0887579267211,0
153.407586063727,-28.0887579267211,0
153.407586061358,-28.0887581639227,0
153.407586061358,-28.0887581639227,0
153.407586061358,-28.0887581639227,0
153.407586061358,-28.0887581639227,0
153.407586061358,-28.0887581639227,0
153.40758567367,-28.0887582062434,0
153.40758567367,-28.0887582062434,0
153.40758567367,-28.0887582062434,0
153.40758567367,-28.0887582062434,0
153.40758567367,-28.0887582062434,0
153.407585452345,-28.0887583508534,0
153.407585452345,-28.0887583508534,0
153.407585452345,-28.0887583508534,0
153.407585452345,-28.0887583508534,0
153.407585452345,-28.0887583508534,0
153.407585273746,-28.088758582812,0
153.407585273746,-28.088758582812,0
153.407585273746,-28.088758582812,0
153.407585273746,-28.088758582812,0
153.407585273746,-28.088758582812,0
153.40758498332,-28.0887585258418,0
153.40758498332,-28.0887585258418,0
153.40758498332,-28.0887585258418,0
153.40758498332,-28.0887585258418,0
153.40758498332,-28.0887585258418,0
153.40758510614,-28.0887585894942,0
153.40758510614,-28.0887585894942,0
153.40758510614,-28.0887585894942,0
153.40758510614,-28.0887585894942,0
153.407585006121,-28.0887584376708,0
153.407585006121,-28.0887584376708,0
153.407585006121,-28.0887584376708,0
153.407585006121,-28.0887584376708,0
153.407585006121,-28.0887584376708,0
153.407585006121,-28.0887584376708,0
153.407584972716,-28.0887584537424,0
153.407584972716,-28.0887584537424,0
153.407584972716,-28.0887584537424,0
153.407584972716,-28.0887584537424,0
153.407584931854,-28.0887584161849,0
153.407584931854,-28.0887584161849,0
153.407584931854,-28.0887584161849,0
153.407584931854,-28.0887584161849,0
153.407584931854,-28.0887584161849,0
153.407584931854,-28.0887584161849,0
153.407585010821,-28.088758543901,0
153.407585010821,-28.088758543901,0
153.407585010821,-28.088758543901,0
153.407585010821,-28.088758543901,0
153.407585010821,-28.088758543901,0
153.407584942341,-28.0887584732579,0
153.407584942341,-28.0887584732579,0
153.407584942341,-28.0887584732579,0
153.407584942341,-28.0887584732579,0
153.407584942341,-28.0887584732579,0
153.407584908665,-28.0887585907964,0
153.407584908665,-28.0887585907964,0
153.407584908665,-28.0887585907964,0
153.407584908665,-28.0887585907964,0
153.407584908665,-28.0887585907964,0
153.407584896973,-28.0887587715761,0
153.407584896973,-28.0887587715761,0
153.407584896973,-28.0887587715761,0
153.407584896973,-28.0887587715761,0
153.407584896973,-28.0887587715761,0
153.407584620841,-28.0887605084555,0
153.407584620841,-28.0887605084555,0
153.407584620841,-28.0887605084555,0
153.407584620841,-28.0887605084555,0
153.407584620841,-28.0887605084555,0
153.407583450707,-28.0887682958081,0
153.407583450707,-28.0887682958081,0
153.407583450707,-28.0887682958081,0
153.407583450707,-28.0887682958081,0
153.407583450707,-28.0887682958081,0
153.407583464225,-28.0887881897953,0
153.407583464225,-28.0887881897953,0
153.407583464225,-28.0887881897953,0
153.407583464225,-28.0887881897953,0
153.407585108743,-28.0888104238605,0
153.407585108743,-28.0888104238605,0
153.407585108743,-28.0888104238605,0
153.407585108743,-28.0888104238605,0
153.407585108743,-28.0888104238605,0
153.407585108743,-28.0888104238605,0
153.407586521526,-28.0888232669782,0
153.407586521526,-28.0888232669782,0
153.407586521526,-28.0888232669782,0
153.407586521526,-28.0888232669782,0
153.407586521526,-28.0888232669782,0
153.407587472587,-28.088830364212,0
153.407587472587,-28.088830364212,0
153.407587472587,-28.088830364212,0
153.407587472587,-28.088830364212,0
153.407587472587,-28.088830364212,0
153.407587505604,-28.0888316493907,0
153.407587505604,-28.0888316493907,0
153.407587505604,-28.0888316493907,0
153.407587505604,-28.0888316493907,0
153.407587505604,-28.0888316493907,0
153.407587109215,-28.0888319315516,0
153.407587109215,-28.0888319315516,0
153.407587109215,-28.0888319315516,0
153.407587109215,-28.0888319315516,0
153.407587109215,-28.0888319315516,0
153.407586974819,-28.0888322991078,0
153.407586974819,-28.0888322991078,0
153.407586974819,-28.0888322991078,0
153.407586974819,-28.0888322991078,0
153.407586974819,-28.0888322991078,0
153.407587011254,-28.0888324582473,0
153.407587011254,-28.0888324582473,0
153.407587011254,-28.0888324582473,0
153.407587011254,-28.0888324582473,0
153.407587011254,-28.0888324582473,0
153.407586831607,-28.0888326562808,0
153.407586831607,-28.0888326562808,0
153.407586831607,-28.0888326562808,0
153.407586831607,-28.0888326562808,0
153.407586831607,-28.0888326562808,0
153.407586442909,-28.0888328635324,0
153.407586442909,-28.0888328635324,0
153.407586442909,-28.0888328635324,0
153.407586442909,-28.0888328635324,0
153.407586138305,-28.0888329030431,0
153.407586138305,-28.0888329030431,0
153.407586138305,-28.0888329030431,0
153.407586138305,-28.0888329030431,0
153.407586138305,-28.0888329030431,0
153.407586138305,-28.0888329030431,0
153.407585950695,-28.0888327996915,0
153.407585950695,-28.0888327996915,0
153.407585950695,-28.0888327996915,0
153.407585950695,-28.0888327996915,0
153.407585950695,-28.0888327996915,0
153.407585805735,-28.0888326076549,0
153.407585805735,-28.0888326076549,0
153.407585805735,-28.0888326076549,0
153.407585805735,-28.0888326076549,0
153.40758581463,-28.0888324512567,0
153.40758581463,-28.0888324512567,0
153.40758581463,-28.0888324512567,0
153.40758581463,-28.0888324512567,0
153.40758581463,-28.0888324512567,0
153.407585769028,-28.0888322604537,0
153.407585769028,-28.0888322604537,0
153.407585769028,-28.0888322604537,0
153.407585769028,-28.0888322604537,0
153.407585769028,-28.0888322604537,0
153.407585769028,-28.0888322604537,0
153.407585450441,-28.0888322220738,0
153.407585450441,-28.0888322220738,0
153.407585450441,-28.0888322220738,0
153.407585450441,-28.0888322220738,0
153.407585450441,-28.0888322220738,0
153.407585332942,-28.0888321504199,0
153.407585332942,-28.0888321504199,0
153.407585332942,-28.0888321504199,0
153.407585332942,-28.0888321504199,0
153.407585332942,-28.0888321504199,0
153.407585263375,-28.0888320430589,0
153.407585263375,-28.0888320430589,0
153.407585263375,-28.0888320430589,0
153.407585263375,-28.0888320430589,0
153.407585263375,-28.0888320430589,0
153.407584999828,-28.0888320136572,0
153.407584999828,-28.0888320136572,0
153.407584999828,-28.0888320136572,0
153.407584999828,-28.0888320136572,0
153.407584999828,-28.0888320136572,0
153.407585289866,-28.0888321491863,0
153.407585289866,-28.0888321491863,0
153.407585289866,-28.0888321491863,0
153.407585289866,-28.0888321491863,0
153.407585289866,-28.0888321491863,0
153.407585346265,-28.0888322228962,0
153.407585346265,-28.0888322228962,0
153.407585346265,-28.0888322228962,0
153.407585346265,-28.0888322228962,0
153.407585346265,-28.0888322228962,0
153.407585399752,-28.0888321625164,0
153.407585399752,-28.0888321625164,0
153.407585399752,-28.0888321625164,0
153.407585399752,-28.0888321625164,0
153.407585530496,-28.0888319330936,0
153.407585530496,-28.0888319330936,0
153.407585530496,-28.0888319330936,0
153.407585530496,-28.0888319330936,0
153.407585530496,-28.0888319330936,0
153.407585530496,-28.0888319330936,0
153.407585646441,-28.0888318411189,0
153.407585646441,-28.0888318411189,0
153.407585646441,-28.0888318411189,0
153.407585646441,-28.0888318411189,0
153.40758546458,-28.0888317886892,0
153.40758546458,-28.0888317886892,0
153.40758546458,-28.0888317886892,0
153.40758546458,-28.0888317886892,0
153.40758546458,-28.0888317886892,0
153.40758546458,-28.0888317886892,0
153.407585650908,-28.0888317460258,0
153.407585650908,-28.0888317460258,0
153.407585650908,-28.0888317460258,0
153.407585650908,-28.0888317460258,0
153.407585893402,-28.0888316118332,0
153.407585893402,-28.0888316118332,0
153.407585893402,-28.0888316118332,0
153.407585893402,-28.0888316118332,0
153.407585893402,-28.0888316118332,0
153.407585934809,-28.088831196542,0
153.407585934809,-28.088831196542,0
153.407585934809,-28.088831196542,0
153.407585934809,-28.088831196542,0
153.407585934809,-28.088831196542,0
153.407585934809,-28.088831196542,0
153.40758349996,-28.088822287468,0
153.40758349996,-28.088822287468,0
153.40758349996,-28.088822287468,0
153.40758349996,-28.088822287468,0
153.40758349996,-28.088822287468,0
153.407580249494,-28.0888096974179,0
153.407580249494,-28.0888096974179,0
153.407580249494,-28.0888096974179,0
153.407580249494,-28.0888096974179,0
153.407574644777,-28.0887886823432,0
153.407574644777,-28.0887886823432,0
153.407574644777,-28.0887886823432,0
153.407574644777,-28.0887886823432,0
153.407574644777,-28.0887886823432,0
153.407574644777,-28.0887886823432,0
153.407567562799,-28.0887693933708,0
153.407567562799,-28.0887693933708,0
153.407567562799,-28.0887693933708,0
153.407567562799,-28.0887693933708,0
153.407560762041,-28.0887543437337,0
153.407560762041,-28.0887543437337,0
153.407560762041,-28.0887543437337,0
153.407560762041,-28.0887543437337,0
153.407560762041,-28.0887543437337,0
153.407560762041,-28.0887543437337,0
153.407556654086,-28.0887461311523,0
153.407556654086,-28.0887461311523,0
153.407556654086,-28.0887461311523,0
153.407556654086,-28.0887461311523,0
153.407556654086,-28.0887461311523,0
153.407551857335,-28.0887341556262,0
153.407551857335,-28.0887341556262,0
153.407551857335,-28.0887341556262,0
153.407551857335,-28.0887341556262,0
153.407551857335,-28.0887341556262,0
153.407549191528,-28.0887269930095,0
153.407549191528,-28.0887269930095,0
153.407549191528,-28.0887269930095,0
153.407549191528,-28.0887269930095,0
153.407545580525,-28.0887189210801,0
153.407545580525,-28.0887189210801,0
153.407545580525,-28.0887189210801,0
153.407545580525,-28.0887189210801,0
153.407545580525,-28.0887189210801,0
153.407542509434,-28.0887114688665,0
153.407542509434,-28.0887114688665,0
153.407542509434,-28.0887114688665,0
153.407542509434,-28.0887114688665,0
153.407542509434,-28.0887114688665,0
153.407542509434,-28.0887114688665,0
153.40754106981,-28.0887062146566,0
153.40754106981,-28.0887062146566,0
153.40754106981,-28.0887062146566,0
153.40754106981,-28.0887062146566,0
153.40754106981,-28.0887062146566,0
153.407539477263,-28.0886995037064,0
153.407539477263,-28.0886995037064,0
153.407539477263,-28.0886995037064,0
153.407539477263,-28.0886995037064,0
153.407539477263,-28.0886995037064,0
153.407537734434,-28.0886941332259,0
153.407537734434,-28.0886941332259,0
153.407537734434,-28.0886941332259,0
153.407537734434,-28.0886941332259,0
153.407537734434,-28.0886941332259,0
153.407536843074,-28.0886904434601,0
153.407536843074,-28.0886904434601,0
153.407536843074,-28.0886904434601,0
153.407536843074,-28.0886904434601,0
153.407535747985,-28.0886870054767,0
153.407535747985,-28.0886870054767,0
153.407535747985,-28.0886870054767,0
153.407535747985,-28.0886870054767,0
153.407535747985,-28.0886870054767,0
153.407535747985,-28.0886870054767,0
153.407534639339,-28.0886834144534,0
153.407534639339,-28.0886834144534,0
153.407534639339,-28.0886834144534,0
153.407534639339,-28.0886834144534,0
153.407533607252,-28.0886791731306,0
153.407533607252,-28.0886791731306,0
153.407533607252,-28.0886791731306,0
153.407533607252,-28.0886791731306,0
153.407533607252,-28.0886791731306,0
153.407532851375,-28.0886765428558,0
153.407532851375,-28.0886765428558,0
153.407532851375,-28.0886765428558,0
153.407532851375,-28.0886765428558,0
153.407532851375,-28.0886765428558,0
153.407532851375,-28.0886765428558,0
153.407532223562,-28.0886730961685,0
153.407532223562,-28.0886730961685,0
153.407532223562,-28.0886730961685,0
153.407532223562,-28.0886730961685,0
153.407532223562,-28.0886730961685,0
153.407531751313,-28.0886708983189,0
153.407531751313,-28.0886708983189,0
153.407531751313,-28.0886708983189,0
153.407531751313,-28.0886708983189,0
153.407531751313,-28.0886708983189,0
153.407530917518,-28.0886676767879,0
153.407530917518,-28.0886676767879,0
153.407530917518,-28.0886676767879,0
153.407530917518,-28.0886676767879,0
153.407530488385,-28.088664866436,0
153.407530488385,-28.088664866436,0
153.407530488385,-28.088664866436,0
153.407530488385,-28.088664866436,0
153.407530488385,-28.088664866436,0
153.407530488385,-28.088664866436,0
153.407530312661,-28.0886627401204,0
153.407530312661,-28.0886627401204,0
153.407530312661,-28.0886627401204,0
153.407530312661,-28.0886627401204,0
153.407530312661,-28.0886627401204,0
153.407530249619,-28.0886617688174,0
153.407530249619,-28.0886617688174,0
153.407530249619,-28.0886617688174,0
153.407530249619,-28.0886617688174,0
153.407530316001,-28.0886606567766,0
153.407530316001,-28.0886606567766,0
153.407530316001,-28.0886606567766,0
153.407530316001,-28.0886606567766,0
153.407530316001,-28.0886606567766,0
153.407530316001,-28.0886606567766,0
153.407530475683,-28.0886598168562,0
153.407530475683,-28.0886598168562,0
153.407530475683,-28.0886598168562,0
153.407530475683,-28.0886598168562,0
153.407530617537,-28.0886586018236,0
153.407530617537,-28.0886586018236,0
153.407530617537,-28.0886586018236,0
153.407530617537,-28.0886586018236,0
153.407530617537,-28.0886586018236,0
153.407530617537,-28.0886586018236,0
153.407530734569,-28.0886574948373,0
153.407530734569,-28.0886574948373,0
153.407530734569,-28.0886574948373,0
153.407530734569,-28.0886574948373,0
153.407530841697,-28.088657016699,0
153.407530841697,-28.088657016699,0
153.407530841697,-28.088657016699,0
153.407530841697,-28.088657016699,0
153.407530841697,-28.088657016699,0
153.407530806351,-28.0886566511646,0
153.407530806351,-28.0886566511646,0
153.407530806351,-28.0886566511646,0
153.407530806351,-28.0886566511646,0
153.407530806351,-28.0886566511646,0
153.407530781996,-28.0886570741661,0
153.407530781996,-28.0886570741661,0
153.407530781996,-28.0886570741661,0
153.407530781996,-28.0886570741661,0
153.407530781996,-28.0886570741661,0
153.407530781996,-28.0886570741661,0
153.407530697203,-28.0886572481264,0
153.407530697203,-28.0886572481264,0
153.407530697203,-28.0886572481264,0
153.407530697203,-28.0886572481264,0
153.407530697203,-28.0886572481264,0
153.407530518604,-28.0886572926403,0
153.407530518604,-28.0886572926403,0
153.407530518604,-28.0886572926403,0
153.407530518604,-28.0886572926403,0
153.407530518604,-28.0886572926403,0
153.407530544474,-28.0886573448986,0
153.407530544474,-28.0886573448986,0
153.407530544474,-28.0886573448986,0
153.407530544474,-28.0886573448986,0
153.407530544474,-28.0886573448986,0
153.407530317283,-28.0886574264388,0
153.407530317283,-28.0886574264388,0
153.407530317283,-28.0886574264388,0
153.407530317283,-28.0886574264388,0
153.407530317283,-28.0886574264388,0
153.407529740626,-28.0886575738074,0
153.407529740626,-28.0886575738074,0
153.407529740626,-28.0886575738074,0
153.407529740626,-28.0886575738074,0
153.407529740626,-28.0886575738074,0
153.407529679993,-28.0886578613655,0
153.407529679993,-28.0886578613655,0
153.407529679993,-28.0886578613655,0
153.407529679993,-28.0886578613655,0
153.407529679993,-28.0886578613655,0
153.40752968578,-28.0886580182947,0
153.40752968578,-28.0886580182947,0
153.40752968578,-28.0886580182947,0
153.40752968578,-28.0886580182947,0
153.407529695025,-28.0886582143064,0
153.407529695025,-28.0886582143064,0
153.407529695025,-28.0886582143064,0
153.407529695025,-28.0886582143064,0
153.407529695025,-28.0886582143064,0
153.407529571855,-28.0886582312347,0
153.407529571855,-28.0886582312347,0
153.407529571855,-28.0886582312347,0
153.407529571855,-28.0886582312347,0
153.407529571855,-28.0886582312347,0
153.407529571855,-28.0886582312347,0
153.40752953107,-28.0886582199777,0
153.40752953107,-28.0886582199777,0
153.40752953107,-28.0886582199777,0
153.40752953107,-28.0886582199777,0
153.40752953107,-28.0886582199777,0
153.407529405608,-28.0886582550166,0
153.407529405608,-28.0886582550166,0
153.407529405608,-28.0886582550166,0
153.407529405608,-28.0886582550166,0
153.407529405608,-28.0886582550166,0
153.407529314522,-28.088658190576,0
153.407529314522,-28.088658190576,0
153.407529314522,-28.088658190576,0
153.407529314522,-28.088658190576,0
153.407529314522,-28.088658190576,0
153.407529292926,-28.0886581646353,0
153.407529292926,-28.0886581646353,0
153.407529292926,-28.0886581646353,0
153.407529292926,-28.0886581646353,0
153.407528962842,-28.0886581042212,0
153.407528962842,-28.0886581042212,0
153.407528962842,-28.0886581042212,0
153.407528962842,-28.0886581042212,0
153.407528962842,-28.0886581042212,0
153.407528962842,-28.0886581042212,0
153.407528873232,-28.0886582465867,0
153.407528873232,-28.0886582465867,0
153.407528873232,-28.0886582465867,0
153.407528873232,-28.0886582465867,0
153.407529206346,-28.0886612731682,0
153.407529206346,-28.0886612731682,0
153.407529206346,-28.0886612731682,0
153.407529206346,-28.0886612731682,0
153.407529206346,-28.0886612731682,0
153.407529206346,-28.0886612731682,0
153.407529796132,-28.0886650907186,0
153.407529796132,-28.0886650907186,0
153.407529796132,-28.0886650907186,0
153.407529796132,-28.0886650907186,0
153.407529796132,-28.0886650907186,0
153.407530185451,-28.0886682148263,0
153.407530185451,-28.0886682148263,0
153.407530185451,-28.0886682148263,0
153.407530185451,-28.0886682148263,0
153.407530185451,-28.0886682148263,0
153.407530734103,-28.0886704154516,0
153.407530734103,-28.0886704154516,0
153.407530734103,-28.0886704154516,0
153.407530734103,-28.0886704154516,0
153.407530734103,-28.0886704154516,0
153.407531421734,-28.0886736636257,0
153.407531421734,-28.0886736636257,0
153.407531421734,-28.0886736636257,0
153.407531421734,-28.0886736636257,0
153.407531808451,-28.0886764009016,0
153.407531808451,-28.0886764009016,0
153.407531808451,-28.0886764009016,0
153.407531808451,-28.0886764009016,0
153.407531808451,-28.0886764009016,0
153.407531808451,-28.0886764009016,0
153.407532039759,-28.0886779562646,0
153.407532039759,-28.0886779562646,0
153.407532039759,-28.0886779562646,0
153.407532039759,-28.0886779562646,0
153.407532188137,-28.088680082426,0
153.407532188137,-28.088680082426,0
153.407532188137,-28.088680082426,0
153.407532188137,-28.088680082426,0
153.407532188137,-28.088680082426,0
153.407532159433,-28.0886818626542,0
153.407532159433,-28.0886818626542,0
153.407532159433,-28.0886818626542,0
153.407532159433,-28.0886818626542,0
153.407532159433,-28.0886818626542,0
153.407532159433,-28.0886818626542,0
153.407532747859,-28.0886853257388,0
153.407532747859,-28.0886853257388,0
153.407532747859,-28.0886853257388,0
153.407532747859,-28.0886853257388,0
153.40753443961,-28.0886920486827,0
153.40753443961,-28.0886920486827,0
153.40753443961,-28.0886920486827,0
153.40753443961,-28.0886920486827,0
153.40753443961,-28.0886920486827,0
153.40753443961,-28.0886920486827,0
153.407536020427,-28.088698611442,0
153.407536020427,-28.088698611442,0
153.407536020427,-28.088698611442,0
153.407536020427,-28.088698611442,0
153.407536020427,-28.088698611442,0
153.407536935248,-28.0887023532434,0
153.407536935248,-28.0887023532434,0
153.407536935248,-28.0887023532434,0
153.407536935248,-28.0887023532434,0
153.407538067782,-28.0887072398628,0
153.407538067782,-28.0887072398628,0
153.407538067782,-28.0887072398628,0
153.407538067782,-28.0887072398628,0
153.407538067782,-28.0887072398628,0
153.40753920253,-28.0887115292806,0
153.40753920253,-28.0887115292806,0
153.40753920253,-28.0887115292806,0
153.40753920253,-28.0887115292806,0
153.40753920253,-28.0887115292806,0
153.407539921895,-28.0887139523209,0
153.407539921895,-28.0887139523209,0
153.407539921895,-28.0887139523209,0
153.407539921895,-28.0887139523209,0
153.407539921895,-28.0887139523209,0
153.407539921895,-28.0887139523209,0
153.407540903681,-28.0887168217504,0
153.407540903681,-28.0887168217504,0
153.407540903681,-28.0887168217504,0
153.407540903681,-28.0887168217504,0
153.407541644914,-28.0887190632229,0
153.407541644914,-28.0887190632229,0
153.407541644914,-28.0887190632229,0
153.407541644914,-28.0887190632229,0
153.407541644914,-28.0887190632229,0
153.407542057889,-28.0887204252471,0
153.407542057889,-28.0887204252471,0
153.407542057889,-28.0887204252471,0
153.407542057889,-28.0887204252471,0
153.407542057889,-28.0887204252471,0
153.407542698092,-28.0887222553349,0
153.407542698092,-28.0887222553349,0
153.407542698092,-28.0887222553349,0
153.407542698092,-28.0887222553349,0
153.407542698092,-28.0887222553349,0
153.407543381101,-28.0887235957362,0
153.407543381101,-28.0887235957362,0
153.407543381101,-28.0887235957362,0
153.407543381101,-28.0887235957362,0
153.407543381101,-28.0887235957362,0
153.407543381101,-28.0887235957362,0
153.407544287027,-28.088726884946,0
153.407544287027,-28.088726884946,0
153.407544287027,-28.088726884946,0
153.407544287027,-28.088726884946,0
153.407546594433,-28.0887343053249,0
153.407546594433,-28.0887343053249,0
153.407546594433,-28.0887343053249,0
153.407546594433,-28.0887343053249,0
153.407546594433,-28.0887343053249,0
153.407549054336,-28.0887415105536,0
153.407549054336,-28.0887415105536,0
153.407549054336,-28.0887415105536,0
153.407549054336,-28.0887415105536,0
153.407549054336,-28.0887415105536,0
153.407549054336,-28.0887415105536,0
153.407550701767,-28.0887456868534,0
153.407550701767,-28.0887456868534,0
153.407550701767,-28.0887456868534,0
153.407550701767,-28.0887456868534,0
153.407552838577,-28.0887508093893,0
153.407552838577,-28.0887508093893,0
153.407552838577,-28.0887508093893,0
153.407552838577,-28.0887508093893,0
153.407552838577,-28.0887508093893,0
153.407554452914,-28.0887557528247,0
153.407554452914,-28.0887557528247,0
153.407554452914,-28.0887557528247,0
153.407554452914,-28.0887557528247,0
153.407554452914,-28.0887557528247,0
153.407554452914,-28.0887557528247,0
153.407555511647,-28.0887588388951,0
153.407555511647,-28.0887588388951,0
153.407555511647,-28.0887588388951,0
153.407555511647,-28.0887588388951,0
153.407556693006,-28.0887629235971,0
153.407556693006,-28.0887629235971,0
153.407556693006,-28.0887629235971,0
153.407556693006,-28.0887629235971,0
153.407556693006,-28.0887629235971,0
153.407556693006,-28.0887629235971,0
153.407557539037,-28.0887665061563,0
153.407557539037,-28.0887665061563,0
153.407557539037,-28.0887665061563,0
153.407557539037,-28.0887665061563,0
153.407557927191,-28.0887686305529,0
153.407557927191,-28.0887686305529,0
153.407557927191,-28.0887686305529,0
153.407557927191,-28.0887686305529,0
153.407557927191,-28.0887686305529,0
153.407557927191,-28.0887686305529,0
153.407558374658,-28.0887714362101,0
153.407558374658,-28.0887714362101,0
153.407558374658,-28.0887714362101,0
153.407558374658,-28.0887714362101,0
153.407558374658,-28.0887714362101,0
153.407558603558,-28.0887738033939,0
153.407558603558,-28.0887738033939,0
153.407558603558,-28.0887738033939,0
153.407558603558,-28.0887738033939,0
153.407558603558,-28.0887738033939,0
153.40755858033,-28.0887750926505,0
153.40755858033,-28.0887750926505,0
153.40755858033,-28.0887750926505,0
153.40755858033,-28.0887750926505,0
153.40755858033,-28.0887750926505,0
153.407558627096,-28.0887772855656,0
153.407558627096,-28.0887772855656,0
153.407558627096,-28.0887772855656,0
153.407558627096,-28.0887772855656,0
153.407558627096,-28.0887772855656,0
153.407559650327,-28.0887810720865,0
153.407559650327,-28.0887810720865,0
153.407559650327,-28.0887810720865,0
153.407559650327,-28.0887810720865,0
153.407560411137,-28.0887834538856,0
153.407560411137,-28.0887834538856,0
153.407560411137,-28.0887834538856,0
153.407560411137,-28.0887834538856,0
153.407560411137,-28.0887834538856,0
153.407561400924,-28.0887866492016,0
153.407561400924,-28.0887866492016,0
153.407561400924,-28.0887866492016,0
153.407561400924,-28.0887866492016,0
153.407561400924,-28.0887866492016,0
153.407562487741,-28.0887894723525,0
153.407562487741,-28.0887894723525,0
153.407562487741,-28.0887894723525,0
153.407562487741,-28.0887894723525,0
153.407562487741,-28.0887894723525,0
153.407563150124,-28.0887911040985,0
153.407563150124,-28.0887911040985,0
153.407563150124,-28.0887911040985,0
153.407563150124,-28.0887911040985,0
153.407563150124,-28.0887911040985,0
153.407563150124,-28.0887911040985,0
153.407563691279,-28.0887930609942,0
153.407563691279,-28.0887930609942,0
153.407563691279,-28.0887930609942,0
153.407563691279,-28.0887930609942,0
153.407564137192,-28.08879445816,0
153.407564137192,-28.08879445816,0
153.407564137192,-28.08879445816,0
153.407564137192,-28.08879445816,0
153.407564137192,-28.08879445816,0
153.407564137192,-28.08879445816,0
153.407564310741,-28.0887951797366,0
153.407564310741,-28.0887951797366,0
153.407564310741,-28.0887951797366,0
153.407564310741,-28.0887951797366,0
153.40756519977,-28.088799696641,0
153.40756519977,-28.088799696641,0
153.40756519977,-28.088799696641,0
153.40756519977,-28.088799696641,0
153.40756519977,-28.088799696641,0
153.407566715253,-28.0888049332029,0
153.407566715253,-28.0888049332029,0
153.407566715253,-28.0888049332029,0
153.407566715253,-28.0888049332029,0
153.407566715253,-28.0888049332029,0
153.407569171,-28.0888127442003,0
153.407569171,-28.0888127442003,0
153.407569171,-28.0888127442003,0
153.407569171,-28.0888127442003,0
153.407569171,-28.0888127442003,0
153.407571722376,-28.0888200461497,0
153.407571722376,-28.0888200461497,0
153.407571722376,-28.0888200461497,0
153.407571722376,-28.0888200461497,0
153.407571722376,-28.0888200461497,0
153.407573292938,-28.0888243570705,0
153.407573292938,-28.0888243570705,0
153.407573292938,-28.0888243570705,0
153.407573292938,-28.0888243570705,0
153.407573292938,-28.0888243570705,0
153.407573292938,-28.0888243570705,0
153.407575320872,-28.0888299020082,0
153.407575320872,-28.0888299020082,0
153.407575320872,-28.0888299020082,0
153.407575320872,-28.0888299020082,0
153.407576964652,-28.0888345763044,0
153.407576964652,-28.0888345763044,0
153.407576964652,-28.0888345763044,0
153.407576964652,-28.0888345763044,0
153.407576964652,-28.0888345763044,0
153.407577703361,-28.0888374433866,0
153.407577703361,-28.0888374433866,0
153.407577703361,-28.0888374433866,0
153.407577703361,-28.0888374433866,0
153.407577703361,-28.0888374433866,0
153.407578989245,-28.0888410576092,0
153.407578989245,-28.0888410576092,0
153.407578989245,-28.0888410576092,0
153.407578989245,-28.0888410576092,0
153.407578989245,-28.0888410576092,0
153.407580166953,-28.0888440884228,0
153.407580166953,-28.0888440884228,0
153.407580166953,-28.0888440884228,0
153.407580166953,-28.0888440884228,0
153.407580166953,-28.0888440884228,0
153.407580166953,-28.0888440884228,0
153.407581351264,-28.088846772378,0
153.407581351264,-28.088846772378,0
153.407581351264,-28.088846772378,0
153.407581351264,-28.088846772378,0
153.407581945401,-28.0888483705243,0
153.407581945401,-28.0888483705243,0
153.407581945401,-28.0888483705243,0
153.407581945401,-28.0888483705243,0
153.407581945401,-28.0888483705243,0
153.407581945401,-28.0888483705243,0
153.407582599899,-28.0888504527716,0
153.407582599899,-28.0888504527716,0
153.407582599899,-28.0888504527716,0
153.407582599899,-28.0888504527716,0
153.407582599899,-28.0888504527716,0
153.407583180984,-28.0888521606091,0
153.407583180984,-28.0888521606091,0
153.407583180984,-28.0888521606091,0
153.407583180984,-28.0888521606091,0
153.407583180984,-28.0888521606091,0
153.407583560127,-28.0888531783964,0
153.407583560127,-28.0888531783964,0
153.407583560127,-28.0888531783964,0
153.407583560127,-28.0888531783964,0
153.407583560127,-28.0888531783964,0
153.407584081006,-28.0888537137276,0
153.407584081006,-28.0888537137276,0
153.407584081006,-28.0888537137276,0
153.407584081006,-28.0888537137276,0
153.407584081006,-28.0888537137276,0
153.407584429191,-28.0888545748769,0
153.407584429191,-28.0888545748769,0
153.407584429191,-28.0888545748769,0
153.407584429191,-28.0888545748769,0
153.407584429191,-28.0888545748769,0
153.407585293672,-28.0888568257901,0
153.407585293672,-28.0888568257901,0
153.407585293672,-28.0888568257901,0
153.407585293672,-28.0888568257901,0
153.407585293672,-28.0888568257901,0
153.407586363553,-28.0888600040923,0
153.407586363553,-28.0888600040923,0
153.407586363553,-28.0888600040923,0
153.407586363553,-28.0888600040923,0
153.407586363553,-28.0888600040923,0
153.407587231297,-28.0888632150516,0
153.407587231297,-28.0888632150516,0
153.407587231297,-28.0888632150516,0
153.407587231297,-28.0888632150516,0
153.407587580065,-28.0888650417641,0
153.407587580065,-28.0888650417641,0
153.407587580065,-28.0888650417641,0
153.407587580065,-28.0888650417641,0
153.407587580065,-28.0888650417641,0
153.407587963364,-28.0888673483282,0
153.407587963364,-28.0888673483282,0
153.407587963364,-28.0888673483282,0
153.407587963364,-28.0888673483282,0
153.407587963364,-28.0888673483282,0
153.407588364142,-28.0888695360517,0
153.407588364142,-28.0888695360517,0
153.407588364142,-28.0888695360517,0
153.407588364142,-28.0888695360517,0
153.407588364142,-28.0888695360517,0
153.407588364142,-28.0888695360517,0
153.407588616269,-28.0888708346977,0
153.407588616269,-28.0888708346977,0
153.407588616269,-28.0888708346977,0
153.407588616269,-28.0888708346977,0
153.407588616269,-28.0888708346977,0
153.407588801082,-28.0888725618279,0
153.407588801082,-28.0888725618279,0
153.407588801082,-28.0888725618279,0
153.407588801082,-28.0888725618279,0
153.40758876558,-28.0888736591507,0
153.40758876558,-28.0888736591507,0
153.40758876558,-28.0888736591507,0
153.40758876558,-28.0888736591507,0
153.40758876558,-28.0888736591507,0
153.40758876558,-28.0888736591507,0
153.407588776145,-28.0888749937779,0
153.407588776145,-28.0888749937779,0
153.407588776145,-28.0888749937779,0
153.407588776145,-28.0888749937779,0
153.407589743249,-28.0888793246767,0
153.407589743249,-28.0888793246767,0
153.407589743249,-28.0888793246767,0
153.407589743249,-28.0888793246767,0
153.407589743249,-28.0888793246767,0
153.407591186329,-28.0888842810996,0
153.407591186329,-28.0888842810996,0
153.407591186329,-28.0888842810996,0
153.407591186329,-28.0888842810996,0
153.407591186329,-28.0888842810996,0
153.407591186329,-28.0888842810996,0
153.407593493813,-28.0888918837831,0
153.407593493813,-28.0888918837831,0
153.407593493813,-28.0888918837831,0
153.407593493813,-28.0888918837831,0
153.407593493813,-28.0888918837831,0
153.407595326873,-28.0888986258999,0
153.407595326873,-28.0888986258999,0
153.407595326873,-28.0888986258999,0
153.407595326873,-28.0888986258999,0
153.407596241345,-28.088902496137,0
153.407596241345,-28.088902496137,0
153.407596241345,-28.088902496137,0
153.407596241345,-28.088902496137,0
153.407596241345,-28.088902496137,0
153.407597886757,-28.0889073596942,0
153.407597886757,-28.0889073596942,0
153.407597886757,-28.0889073596942,0
153.407597886757,-28.0889073596942,0
153.407597886757,-28.0889073596942,0
153.407599472661,-28.088911992081,0
153.407599472661,-28.088911992081,0
153.407599472661,-28.088911992081,0
153.407599472661,-28.088911992081,0
153.407599472661,-28.088911992081,0
153.407599472661,-28.088911992081,0
153.407600176217,-28.0889147801759,0
153.407600176217,-28.0889147801759,0
153.407600176217,-28.0889147801759,0
153.407600176217,-28.0889147801759,0
153.407600176217,-28.0889147801759,0
153.407600925686,-28.0889183555388,0
153.407600925686,-28.0889183555388,0
153.407600925686,-28.0889183555388,0
153.407600925686,-28.0889183555388,0
153.407600925686,-28.0889183555388,0
153.407601028541,-28.088920974488,0
153.407601028541,-28.088920974488,0
153.407601028541,-28.088920974488,0
153.407601028541,-28.088920974488,0
153.407601053148,-28.0889224925163,0
153.407601053148,-28.0889224925163,0
153.407601053148,-28.0889224925163,0
153.407601053148,-28.0889224925163,0
153.407601053148,-28.0889224925163,0
153.407601053148,-28.0889224925163,0
153.407601103391,-28.0889246351434,0
153.407601103391,-28.0889246351434,0
153.407601103391,-28.0889246351434,0
153.407601103391,-28.0889246351434,0
153.407601103391,-28.0889246351434,0
153.407601058838,-28.0889264726502,0
153.407601058838,-28.0889264726502,0
153.407601058838,-28.0889264726502,0
153.407601058838,-28.0889264726502,0
153.407601058838,-28.0889264726502,0
153.407600994748,-28.0889275959137,0
153.407600994748,-28.0889275959137,0
153.407600994748,-28.0889275959137,0
153.407600994748,-28.0889275959137,0
153.407601246603,-28.0889292651657,0
153.407601246603,-28.0889292651657,0
153.407601246603,-28.0889292651657,0
153.407601246603,-28.0889292651657,0
153.407601246603,-28.0889292651657,0
153.407601246603,-28.0889292651657,0
153.407601303546,-28.0889301876885,0
153.407601303546,-28.0889301876885,0
153.407601303546,-28.0889301876885,0
153.407601303546,-28.0889301876885,0
153.407600977288,-28.0889292313777,0
153.407600977288,-28.0889292313777,0
153.407600977288,-28.0889292313777,0
153.407600977288,-28.0889292313777,0
153.407600977288,-28.0889292313777,0
153.407599869108,-28.0889253771436,0
153.407599869108,-28.0889253771436,0
153.407599869108,-28.0889253771436,0
153.407599869108,-28.0889253771436,0
153.407599869108,-28.0889253771436,0
153.407599869108,-28.0889253771436,0
153.407598795305,-28.0889214997445,0
153.407598795305,-28.0889214997445,0
153.407598795305,-28.0889214997445,0
153.407598795305,-28.0889214997445,0
153.407598795305,-28.0889214997445,0
153.407598023327,-28.0889193487904,0
153.407598023327,-28.0889193487904,0
153.407598023327,-28.0889193487904,0
153.407598023327,-28.0889193487904,0
153.407598023327,-28.0889193487904,0
153.407597002,-28.0889172078081,0
153.407597002,-28.0889172078081,0
153.407597002,-28.0889172078081,0
153.407597002,-28.0889172078081,0
153.407597002,-28.0889172078081,0
153.407596052939,-28.0889149019293,0
153.407596052939,-28.0889149019293,0
153.407596052939,-28.0889149019293,0
153.407596052939,-28.0889149019293,0
153.407596052939,-28.0889149019293,0
153.407595506753,-28.0889133429168,0
153.407595506753,-28.0889133429168,0
153.407595506753,-28.0889133429168,0
153.407595506753,-28.0889133429168,0
153.407595506753,-28.0889133429168,0
153.407594914889,-28.0889114312202,0
153.407594914889,-28.0889114312202,0
153.407594914889,-28.0889114312202,0
153.407594914889,-28.0889114312202,0
153.407594914889,-28.0889114312202,0
153.407594589641,-28.0889101126304,0
153.407594589641,-28.0889101126304,0
153.407594589641,-28.0889101126304,0
153.407594589641,-28.0889101126304,0
153.407594589641,-28.0889101126304,0
153.407594352545,-28.0889092852692,0
153.407594352545,-28.0889092852692,0
153.407594352545,-28.0889092852692,0
153.407594352545,-28.0889092852692,0
153.407594120461,-28.0889083899892,0
153.407594120461,-28.0889083899892,0
153.407594120461,-28.0889083899892,0
153.407594120461,-28.0889083899892,0
153.407594120461,-28.0889083899892,0
153.407594120461,-28.0889083899892,0
153.407594028326,-28.0889076306838,0
153.407594028326,-28.0889076306838,0
153.407594028326,-28.0889076306838,0
153.407594028326,-28.0889076306838,0
153.407594028326,-28.0889076306838,0
153.407594024753,-28.08890708658,0
153.407594024753,-28.08890708658,0
153.407594024753,-28.08890708658,0
153.407594024753,-28.08890708658,0
153.407593887094,-28.088906293281,0
153.407593887094,-28.088906293281,0
153.407593887094,-28.088906293281,0
153.407593887094,-28.088906293281,0
153.407593887094,-28.088906293281,0
153.407593651242,-28.0889054359697,0
153.407593651242,-28.0889054359697,0
153.407593651242,-28.0889054359697,0
153.407593651242,-28.0889054359697,0
153.407593651242,-28.0889054359697,0
153.407593651242,-28.0889054359697,0
153.407593497542,-28.0889048993363,0
153.407593497542,-28.0889048993363,0
153.407593497542,-28.0889048993363,0
153.407593497542,-28.0889048993363,0
153.407593497542,-28.0889048993363,0
153.407593434306,-28.0889042376598,0
153.407593434306,-28.0889042376598,0
153.407593434306,-28.0889042376598,0
153.407593434306,-28.0889042376598,0
153.407593434306,-28.0889042376598,0
153.40759326468,-28.0889039224647,0
153.40759326468,-28.0889039224647,0
153.40759326468,-28.0889039224647,0
153.40759326468,-28.0889039224647,0
153.40759326468,-28.0889039224647,0
153.407593065845,-28.0889037194967,0
153.407593065845,-28.0889037194967,0
153.407593065845,-28.0889037194967,0
153.407593065845,-28.0889037194967,0
153.407593065845,-28.0889037194967,0
153.407592702861,-28.0889032704175,0
153.407592702861,-28.0889032704175,0
153.407592702861,-28.0889032704175,0
153.407592702861,-28.0889032704175,0
153.407592513115,-28.0889027995096,0
153.407592513115,-28.0889027995096,0
153.407592513115,-28.0889027995096,0
153.407592513115,-28.0889027995096,0
153.407592513115,-28.0889027995096,0
153.407592513115,-28.0889027995096,0
153.407592485342,-28.0889023499507,0
153.407592485342,-28.0889023499507,0
153.407592485342,-28.0889023499507,0
153.407592485342,-28.0889023499507,0
153.407592433177,-28.0889020949984,0
153.407592433177,-28.0889020949984,0
153.407592433177,-28.0889020949984,0
153.407592433177,-28.0889020949984,0
153.407592433177,-28.0889020949984,0
153.407592433177,-28.0889020949984,0
153.407590503748,-28.0888989912972,0
153.407590503748,-28.0888989912972,0
153.407590503748,-28.0888989912972,0
153.407590503748,-28.0888989912972,0
153.407585472271,-28.0888837979582,0
153.407585472271,-28.0888837979582,0
153.407585472271,-28.0888837979582,0
153.407585472271,-28.0888837979582,0
153.407585472271,-28.0888837979582,0
153.407585472271,-28.0888837979582,0
153.407582983586,-28.0888722294305,0
153.407582983586,-28.0888722294305,0
153.407582983586,-28.0888722294305,0
153.407582983586,-28.0888722294305,0
153.407582983586,-28.0888722294305,0
153.40757861154,-28.0888572670906,0
153.40757861154,-28.0888572670906,0
153.40757861154,-28.0888572670906,0
153.40757861154,-28.0888572670906,0
153.40757861154,-28.0888572670906,0
153.407573821198,-28.088842822948,0
153.407573821198,-28.088842822948,0
153.407573821198,-28.088842822948,0
153.407573821198,-28.088842822948,0
153.407571294564,-28.0888347818083,0
153.407571294564,-28.0888347818083,0
153.407571294564,-28.0888347818083,0
153.407571294564,-28.0888347818083,0
153.407571294564,-28.0888347818083,0
153.407567821374,-28.0888251825127,0
153.407567821374,-28.0888251825127,0
153.407567821374,-28.0888251825127,0
153.407567821374,-28.0888251825127,0
153.407567821374,-28.0888251825127,0
153.407567821374,-28.0888251825127,0
153.407564839971,-28.088815501557,0
153.407564839971,-28.088815501557,0
153.407564839971,-28.088815501557,0
153.407564839971,-28.088815501557,0
153.407563320759,-28.0888102219205,0
153.407563320759,-28.0888102219205,0
153.407563320759,-28.0888102219205,0
153.407563320759,-28.0888102219205,0
153.407563320759,-28.0888102219205,0
153.407563320759,-28.0888102219205,0
153.407561248428,-28.0888041195146,0
153.407561248428,-28.0888041195146,0
153.407561248428,-28.0888041195146,0
153.407561248428,-28.0888041195146,0
153.407561248428,-28.0888041195146,0
153.407559279535,-28.088798076666,0
153.407559279535,-28.088798076666,0
153.407559279535,-28.088798076666,0
153.407559279535,-28.088798076666,0
153.407559279535,-28.088798076666,0
153.407557876579,-28.0887944536024,0
153.407557876579,-28.0887944536024,0
153.407557876579,-28.0887944536024,0
153.407557876579,-28.0887944536024,0
153.407556143073,-28.088788925336,0
153.407556143073,-28.088788925336,0
153.407556143073,-28.088788925336,0
153.407556143073,-28.088788925336,0
153.407556143073,-28.088788925336,0
153.407556143073,-28.088788925336,0
153.407554426462,-28.0887843086781,0
153.407554426462,-28.0887843086781,0
153.407554426462,-28.0887843086781,0
153.407554426462,-28.0887843086781,0
153.407553490666,-28.0887815241642,0
153.407553490666,-28.0887815241642,0
153.407553490666,-28.0887815241642,0
153.407553490666,-28.0887815241642,0
153.407553490666,-28.0887815241642,0
153.407553490666,-28.0887815241642,0
153.407552136729,-28.0887783009027,0
153.407552136729,-28.0887783009027,0
153.407552136729,-28.0887783009027,0
153.407552136729,-28.0887783009027,0
153.407551111207,-28.0887747752452,0
153.407551111207,-28.0887747752452,0
153.407551111207,-28.0887747752452,0
153.407551111207,-28.0887747752452,0
153.407551111207,-28.0887747752452,0
153.407550508875,-28.0887726775089,0
153.407550508875,-28.0887726775089,0
153.407550508875,-28.0887726775089,0
153.407550508875,-28.0887726775089,0
153.407550508875,-28.0887726775089,0
153.407550508875,-28.0887726775089,0
153.407549837752,-28.0887697849144,0
153.407549837752,-28.0887697849144,0
153.407549837752,-28.0887697849144,0
153.407549837752,-28.0887697849144,0
153.407548881214,-28.0887674648487,0
153.407548881214,-28.0887674648487,0
153.407548881214,-28.0887674648487,0
153.407548881214,-28.0887674648487,0
153.407548881214,-28.0887674648487,0
153.407548881214,-28.0887674648487,0
153.407548391564,-28.0887654771805,0
153.407548391564,-28.0887654771805,0
153.407548391564,-28.0887654771805,0
153.407548391564,-28.0887654771805,0
153.407548391564,-28.0887654771805,0
153.407548398129,-28.0887644000415,0
153.407548398129,-28.0887644000415,0
153.407548398129,-28.0887644000415,0
153.407548398129,-28.0887644000415,0
153.407548398129,-28.0887644000415,0
153.40754856923,-28.0887629182856,0
153.40754856923,-28.0887629182856,0
153.40754856923,-28.0887629182856,0
153.40754856923,-28.0887629182856,0
153.40754841184,-28.0887617565223,0
153.40754841184,-28.0887617565223,0
153.40754841184,-28.0887617565223,0
153.40754841184,-28.0887617565223,0
153.40754841184,-28.0887617565223,0
153.40754841184,-28.0887617565223,0
153.407548091194,-28.0887610167324,0
153.407548091194,-28.0887610167324,0
153.407548091194,-28.0887610167324,0
153.407548091194,-28.0887610167324,0
153.407547361691,-28.0887597681345,0
153.407547361691,-28.0887597681345,0
153.407547361691,-28.0887597681345,0
153.407547361691,-28.0887597681345,0
153.407547361691,-28.0887597681345,0
153.407547361691,-28.0887597681345,0
153.407546741802,-28.0887586381888,0
153.407546741802,-28.0887586381888,0
153.407546741802,-28.0887586381888,0
153.407546741802,-28.0887586381888,0
153.407546741802,-28.0887586381888,0
153.407546358581,-28.0887580238874,0
153.407546358581,-28.0887580238874,0
153.407546358581,-28.0887580238874,0
153.407546358581,-28.0887580238874,0
153.407546358581,-28.0887580238874,0
153.407545923233,-28.0887570469131,0
153.407545923233,-28.0887570469131,0
153.407545923233,-28.0887570469131,0
153.407545923233,-28.0887570469131,0
153.407545889945,-28.088756122951,0
153.407545889945,-28.088756122951,0
153.407545889945,-28.088756122951,0
153.407545889945,-28.088756122951,0
153.407545889945,-28.088756122951,0
153.407545889945,-28.088756122951,0
153.40754611395,-28.0887555508504,0
153.40754611395,-28.0887555508504,0
153.40754611395,-28.0887555508504,0
153.40754611395,-28.0887555508504,0
153.407546452036,-28.0887548525588,0
153.407546452036,-28.0887548525588,0
153.407546452036,-28.0887548525588,0
153.407546452036,-28.0887548525588,0
153.407546452036,-28.0887548525588,0
153.407546452036,-28.0887548525588,0
153.407544502759,-28.0887505971347,0
153.407544502759,-28.0887505971347,0
153.407544502759,-28.0887505971347,0
153.407544502759,-28.0887505971347,0
153.407541073267,-28.088740382801,0
153.407541073267,-28.088740382801,0
153.407541073267,-28.088740382801,0
153.407541073267,-28.088740382801,0
153.407541073267,-28.088740382801,0
153.407536519282,-28.0887198964782,0
153.407536519282,-28.0887198964782,0
153.407536519282,-28.0887198964782,0
153.407536519282,-28.0887198964782,0
153.407536519282,-28.0887198964782,0
153.407536519282,-28.0887198964782,0
153.407531066868,-28.0887001772395,0
153.407531066868,-28.0887001772395,0
153.407531066868,-28.0887001772395,0
153.407531066868,-28.0887001772395,0
153.407527006961,-28.0886882409843,0
153.407527006961,-28.0886882409843,0
153.407527006961,-28.0886882409843,0
153.407527006961,-28.0886882409843,0
153.407527006961,-28.0886882409843,0
153.407527006961,-28.0886882409843,0
153.407521706887,-28.0886718223838,0
153.407521706887,-28.0886718223838,0
153.407521706887,-28.0886718223838,0
153.407521706887,-28.0886718223838,0
153.407521706887,-28.0886718223838,0
153.407516740782,-28.088658468916,0
153.407516740782,-28.088658468916,0
153.407516740782,-28.088658468916,0
153.407516740782,-28.088658468916,0
153.407516740782,-28.088658468916,0
153.407513539064,-28.0886503382517,0
153.407513539064,-28.0886503382517,0
153.407513539064,-28.0886503382517,0
153.407513539064,-28.0886503382517,0
153.407509017435,-28.0886403375691,0
153.407509017435,-28.0886403375691,0
153.407509017435,-28.0886403375691,0
153.407509017435,-28.0886403375691,0
153.407509017435,-28.0886403375691,0
153.407504586348,-28.0886312816234,0
153.407504586348,-28.0886312816234,0
153.407504586348,-28.0886312816234,0
153.407504586348,-28.0886312816234,0
153.407504586348,-28.0886312816234,0
153.407504586348,-28.0886312816234,0
153.407502321319,-28.088625065637,0
153.407502321319,-28.088625065637,0
153.407502321319,-28.088625065637,0
153.407502321319,-28.088625065637,0
153.407502321319,-28.088625065637,0
153.407499506278,-28.0886166615586,0
153.407499506278,-28.0886166615586,0
153.407499506278,-28.0886166615586,0
153.407499506278,-28.0886166615586,0
153.407497190754,-28.0886099631161,0
153.407497190754,-28.0886099631161,0
153.407497190754,-28.0886099631161,0
153.407497190754,-28.0886099631161,0
153.407497190754,-28.0886099631161,0
153.407497190754,-28.0886099631161,0
153.40749592165,-28.0886062260522,0
153.40749592165,-28.0886062260522,0
153.40749592165,-28.0886062260522,0
153.40749592165,-28.0886062260522,0
153.40749592165,-28.0886062260522,0
153.407494704011,-28.0886008358249,0
153.407494704011,-28.0886008358249,0
153.407494704011,-28.0886008358249,0
153.407494704011,-28.0886008358249,0
153.407493441044,-28.0885971746213,0
153.407493441044,-28.0885971746213,0
153.407493441044,-28.0885971746213,0
153.407493441044,-28.0885971746213,0
153.407493441044,-28.0885971746213,0
153.407492668698,-28.0885947230187,0
153.407492668698,-28.0885947230187,0
153.407492668698,-28.0885947230187,0
153.407492668698,-28.0885947230187,0
153.407492668698,-28.0885947230187,0
153.40749117349,-28.08859079038,0
153.40749117349,-28.08859079038,0
153.40749117349,-28.08859079038,0
153.40749117349,-28.08859079038,0
153.40749117349,-28.08859079038,0
153.40749117349,-28.08859079038,0
153.407489955969,-28.088587276939,0
153.407489955969,-28.088587276939,0
153.407489955969,-28.088587276939,0
153.407489955969,-28.088587276939,0
153.407489955969,-28.088587276939,0
153.407489314095,-28.0885854972762,0
153.407489314095,-28.0885854972762,0
153.407489314095,-28.0885854972762,0
153.407489314095,-28.0885854972762,0
153.40748897562,-28.0885831874138,0
153.40748897562,-28.0885831874138,0
153.40748897562,-28.0885831874138,0
153.40748897562,-28.0885831874138,0
153.40748897562,-28.0885831874138,0
153.407488439282,-28.0885805426781,0
153.407488439282,-28.0885805426781,0
153.407488439282,-28.0885805426781,0
153.407488439282,-28.0885805426781,0
153.407488439282,-28.0885805426781,0
153.407488439282,-28.0885805426781,0
153.407487995155,-28.088578934457,0
153.407487995155,-28.088578934457,0
153.407487995155,-28.088578934457,0
153.407487995155,-28.088578934457,0
153.407487995155,-28.088578934457,0
153.407487791115,-28.0885773437039,0
153.407487791115,-28.0885773437039,0
153.407487791115,-28.0885773437039,0
153.407487791115,-28.0885773437039,0
153.407487791115,-28.0885773437039,0
153.407487598727,-28.0885763230296,0
153.407487598727,-28.0885763230296,0
153.407487598727,-28.0885763230296,0
153.407487598727,-28.0885763230296,0
153.407487598727,-28.0885763230296,0
153.407487183073,-28.0885754937579,0
153.407487183073,-28.0885754937579,0
153.407487183073,-28.0885754937579,0
153.407487183073,-28.0885754937579,0
153.407487183073,-28.0885754937579,0
153.407486550793,-28.0885740504248,0
153.407486550793,-28.0885740504248,0
153.407486550793,-28.0885740504248,0
153.407486550793,-28.0885740504248,0
153.407486550793,-28.0885740504248,0
153.407486397364,-28.0885729439868,0
153.407486397364,-28.0885729439868,0
153.407486397364,-28.0885729439868,0
153.407486397364,-28.0885729439868,0
153.407486397364,-28.0885729439868,0
153.407486835509,-28.0885723950855,0
153.407486835509,-28.0885723950855,0
153.407486835509,-28.0885723950855,0
153.407486835509,-28.0885723950855,0
153.407486835509,-28.0885723950855,0
153.407487572043,-28.0885715077685,0
153.407487572043,-28.0885715077685,0
153.407487572043,-28.0885715077685,0
153.407487572043,-28.0885715077685,0
153.407487572043,-28.0885715077685,0
153.40748805373,-28.0885706808314,0
153.40748805373,-28.0885706808314,0
153.40748805373,-28.0885706808314,0
153.40748805373,-28.0885706808314,0
153.407488317122,-28.0885700263211,0
153.407488317122,-28.0885700263211,0
153.407488317122,-28.0885700263211,0
153.407488317122,-28.0885700263211,0
153.407488317122,-28.0885700263211,0
153.407488638855,-28.0885690251023,0
153.407488638855,-28.0885690251023,0
153.407488638855,-28.0885690251023,0
153.407488638855,-28.0885690251023,0
153.407488638855,-28.0885690251023,0
153.407488638855,-28.0885690251023,0
153.407488294942,-28.0885678557443,0
153.407488294942,-28.0885678557443,0
153.407488294942,-28.0885678557443,0
153.407488294942,-28.0885678557443,0
153.407488320462,-28.088567306132,0
153.407488320462,-28.088567306132,0
153.407488320462,-28.088567306132,0
153.407488320462,-28.088567306132,0
153.407488320462,-28.088567306132,0
153.407488311839,-28.0885666196371,0
153.407488311839,-28.0885666196371,0
153.407488311839,-28.0885666196371,0
153.407488311839,-28.0885666196371,0
153.407488311839,-28.0885666196371,0
153.407488074899,-28.0885660134958,0
153.407488074899,-28.0885660134958,0
153.407488074899,-28.0885660134958,0
153.407488074899,-28.0885660134958,0
153.407488074899,-28.0885660134958,0
153.407488074899,-28.0885660134958,0
153.407487486278,-28.0885652613137,0
153.407487486278,-28.0885652613137,0
153.407487486278,-28.0885652613137,0
153.407487486278,-28.0885652613137,0
153.407487486278,-28.0885652613137,0
153.407487013797,-28.0885650855757,0
153.407487013797,-28.0885650855757,0
153.407487013797,-28.0885650855757,0
153.407487013797,-28.0885650855757,0
153.407486970176,-28.0885657895473,0
153.407486970176,-28.0885657895473,0
153.407486970176,-28.0885657895473,0
153.407486970176,-28.0885657895473,0
153.407486970176,-28.0885657895473,0
153.407486970176,-28.0885657895473,0
153.407486928848,-28.0885660330027,0
153.407486928848,-28.0885660330027,0
153.407486928848,-28.0885660330027,0
153.407486928848,-28.0885660330027,0
153.407486771108,-28.0885661340712,0
153.407486771108,-28.0885661340712,0
153.407486771108,-28.0885661340712,0
153.407486771108,-28.0885661340712,0
153.407486771108,-28.0885661340712,0
153.407486811349,-28.0885661139903,0
153.407486811349,-28.0885661139903,0
153.407486811349,-28.0885661139903,0
153.407486811349,-28.0885661139903,0
153.407486811349,-28.0885661139903,0
153.407486811349,-28.0885661139903,0
153.407486807775,-28.0885658566007,0
153.407486807775,-28.0885658566007,0
153.407486807775,-28.0885658566007,0
153.407486807775,-28.0885658566007,0
153.407486671943,-28.0885657171566,0
153.407486671943,-28.0885657171566,0
153.407486671943,-28.0885657171566,0
153.407486671943,-28.0885657171566,0
153.407486671943,-28.0885657171566,0
153.407486671943,-28.0885657171566,0
153.407486469534,-28.088565561915,0
153.407486469534,-28.088565561915,0
153.407486469534,-28.088565561915,0
153.407486469534,-28.088565561915,0
153.407486469534,-28.088565561915,0
153.407486351297,-28.0885654553465,0
153.407486351297,-28.0885654553465,0
153.407486351297,-28.0885654553465,0
153.407486351297,-28.0885654553465,0
153.407486351297,-28.0885654553465,0
153.407486126515,-28.0885653572292,0
153.407486126515,-28.0885653572292,0
153.407486126515,-28.0885653572292,0
153.407486126515,-28.0885653572292,0
153.407486126515,-28.0885653572292,0
153.407485916415,-28.0885653052365,0
153.407485916415,-28.0885653052365,0
153.407485916415,-28.0885653052365,0
153.407485916415,-28.0885653052365,0
153.407485729932,-28.0885651757471,0
153.407485729932,-28.0885651757471,0
153.407485729932,-28.0885651757471,0
153.407485729932,-28.0885651757471,0
153.407485729932,-28.0885651757471,0
153.407485630068,-28.0885648739165,0
153.407485630068,-28.0885648739165,0
153.407485630068,-28.0885648739165,0
153.407485630068,-28.0885648739165,0
153.407485630068,-28.0885648739165,0
153.407485473648,-28.0885646970648,0
153.407485473648,-28.0885646970648,0
153.407485473648,-28.0885646970648,0
153.407485473648,-28.0885646970648,0
153.407485473648,-28.0885646970648,0
153.407485205906,-28.0885644753394,0
153.407485205906,-28.0885644753394,0
153.407485205906,-28.0885644753394,0
153.407485205906,-28.0885644753394,0
153.407485205906,-28.0885644753394,0
153.407484890854,-28.0885641005956,0
153.407484890854,-28.0885641005956,0
153.407484890854,-28.0885641005956,0
153.407484890854,-28.0885641005956,0
153.407484890854,-28.0885641005956,0
153.407484890854,-28.0885641005956,0
153.4074845772,-28.0885639347738,0
153.4074845772,-28.0885639347738,0
153.4074845772,-28.0885639347738,0
153.4074845772,-28.0885639347738,0
153.4074845772,-28.0885639347738,0
153.407484220198,-28.0885636224273,0
153.407484220198,-28.0885636224273,0
153.407484220198,-28.0885636224273,0
153.407484220198,-28.0885636224273,0
153.407484220198,-28.0885636224273,0
153.407484007651,-28.0885632481889,0
153.407484007651,-28.0885632481889,0
153.407484007651,-28.0885632481889,0
153.407484007651,-28.0885632481889,0
153.407483780344,-28.0885629601296,0
153.407483780344,-28.0885629601296,0
153.407483780344,-28.0885629601296,0
153.407483780344,-28.0885629601296,0
153.407483780344,-28.0885629601296,0
153.407483780344,-28.0885629601296,0
153.407483516292,-28.0885627513275,0
153.407483516292,-28.0885627513275,0
153.407483516292,-28.0885627513275,0
153.407483516292,-28.0885627513275,0
153.407483383877,-28.088562473917,0
153.407483383877,-28.088562473917,0
153.407483383877,-28.088562473917,0
153.407483383877,-28.088562473917,0
153.407483383877,-28.088562473917,0
153.407483383877,-28.088562473917,0
153.407483288596,-28.088562339129,0
153.407483288596,-28.088562339129,0
153.407483288596,-28.088562339129,0
153.407483288596,-28.088562339129,0
153.407483288596,-28.088562339129,0
153.407482850102,-28.0885623536285,0
153.407482850102,-28.0885623536285,0
153.407482850102,-28.0885623536285,0
153.407482850102,-28.0885623536285,0
153.407482478107,-28.0885622952319,0
153.407482478107,-28.0885622952319,0
153.407482478107,-28.0885622952319,0
153.407482478107,-28.0885622952319,0
153.407482478107,-28.0885622952319,0
153.407482478107,-28.0885622952319,0
153.407482243808,-28.088562194776,0
153.407482243808,-28.088562194776,0
153.407482243808,-28.088562194776,0
153.407482243808,-28.088562194776,0
153.407482243808,-28.088562194776,0
153.407482121104,-28.0885622346936,0
153.407482121104,-28.0885622346936,0
153.407482121104,-28.0885622346936,0
153.407482121104,-28.0885622346936,0
153.407482121104,-28.0885622346936,0
153.407482067424,-28.0885621868944,0
153.407482067424,-28.0885621868944,0
153.407482067424,-28.0885621868944,0
153.407482067424,-28.0885621868944,0
153.407482067424,-28.0885621868944,0
153.407482098964,-28.0885619956802,0
153.407482098964,-28.0885619956802,0
153.407482098964,-28.0885619956802,0
153.407482098964,-28.0885619956802,0
153.407482006441,-28.0885619118355,0
153.407482006441,-28.0885619118355,0
153.407482006441,-28.0885619118355,0
153.407482006441,-28.0885619118355,0
153.407482006441,-28.0885619118355,0
153.407481534076,-28.0885616084114,0
153.407481534076,-28.0885616084114,0
153.407481534076,-28.0885616084114,0
153.407481534076,-28.0885616084114,0
153.407481534076,-28.0885616084114,0
153.407481495156,-28.0885616496784,0
153.407481495156,-28.0885616496784,0
153.407481495156,-28.0885616496784,0
153.407481495156,-28.0885616496784,0
153.407481495156,-28.0885616496784,0
153.407481495156,-28.0885616496784,0
153.407481502303,-28.0885617696071,0
153.407481502303,-28.0885617696071,0
153.407481502303,-28.0885617696071,0
153.407481502303,-28.0885617696071,0
153.407481502303,-28.0885617696071,0
153.407481703119,-28.0885617762165,0
153.407481703119,-28.0885617762165,0
153.407481703119,-28.0885617762165,0
153.407481703119,-28.0885617762165,0
153.407481703119,-28.0885617762165,0
153.40748193396,-28.0885617009816,0
153.40748193396,-28.0885617009816,0
153.40748193396,-28.0885617009816,0
153.40748193396,-28.0885617009816,0
153.40748193396,-28.0885617009816,0
153.407481955984,-28.0885615587617,0
153.407481955984,-28.0885615587617,0
153.407481955984,-28.0885615587617,0
153.407481955984,-28.0885615587617,0
153.407481955984,-28.0885615587617,0
153.407481879892,-28.0885611680534,0
153.407481879892,-28.0885611680534,0
153.407481879892,-28.0885611680534,0
153.407481879892,-28.0885611680534,0
153.407481879892,-28.0885611680534,0
153.407481630172,-28.088561113589,0
153.407481630172,-28.088561113589,0
153.407481630172,-28.088561113589,0
153.407481630172,-28.088561113589,0
153.407481525103,-28.088561110038,0
153.407481525103,-28.088561110038,0
153.407481525103,-28.088561110038,0
153.407481525103,-28.088561110038,0
153.407481525103,-28.088561110038,0
153.407481525103,-28.088561110038,0
153.407481499389,-28.0885609596067,0
153.407481499389,-28.0885609596067,0
153.407481499389,-28.0885609596067,0
153.407481499389,-28.0885609596067,0
153.407481644777,-28.0885609500332,0
153.407481644777,-28.0885609500332,0
153.407481644777,-28.0885609500332,0
153.407481644777,-28.0885609500332,0
153.407481644777,-28.0885609500332,0
153.407481927513,-28.0885608441929,0
153.407481927513,-28.0885608441929,0
153.407481927513,-28.0885608441929,0
153.407481927513,-28.0885608441929,0
153.407481927513,-28.0885608441929,0
153.407482037049,-28.0885608942709,0
153.407482037049,-28.0885608942709,0
153.407482037049,-28.0885608942709,0
153.407482037049,-28.0885608942709,0
153.407482037049,-28.0885608942709,0
153.4074820729,-28.0885608989956,0
153.4074820729,-28.0885608989956,0
153.4074820729,-28.0885608989956,0
153.4074820729,-28.0885608989956,0
153.4074820729,-28.0885608989956,0
153.407482200343,-28.0885608304087,0
153.407482200343,-28.0885608304087,0
153.407482200343,-28.0885608304087,0
153.407482200343,-28.0885608304087,0
153.407482200343,-28.0885608304087,0
153.407482200343,-28.0885608304087,0
153.40748221957,-28.0885607862546,0
153.40748221957,-28.0885607862546,0
153.40748221957,-28.0885607862546,0
153.40748221957,-28.0885607862546,0
153.407482380184,-28.0885607174406,0
153.407482380184,-28.0885607174406,0
153.407482380184,-28.0885607174406,0
153.407482380184,-28.0885607174406,0
153.407482380184,-28.0885607174406,0
153.407482503548,-28.0885606724042,0
153.407482503548,-28.0885606724042,0
153.407482503548,-28.0885606724042,0
153.407482503548,-28.0885606724042,0
153.407482503548,-28.0885606724042,0
153.407482503548,-28.0885606724042,0
153.407482588186,-28.0885606519935,0
153.407482588186,-28.0885606519935,0
153.407482588186,-28.0885606519935,0
153.407482588186,-28.0885606519935,0
153.407482588186,-28.0885606519935,0
153.407482509414,-28.0885606939244,0
153.407482509414,-28.0885606939244,0
153.407482509414,-28.0885606939244,0
153.407482509414,-28.0885606939244,0
153.407482509414,-28.0885606939244,0
153.407482519513,-28.0885606082849,0
153.407482519513,-28.0885606082849,0
153.407482519513,-28.0885606082849,0
153.407482519513,-28.0885606082849,0
153.407482519513,-28.0885606082849,0
153.407482222483,-28.088560688146,0
153.407482222483,-28.088560688146,0
153.407482222483,-28.088560688146,0
153.407482222483,-28.088560688146,0
153.407482222483,-28.088560688146,0
153.407481963054,-28.0885606188951,0
153.407481963054,-28.0885606188951,0
153.407481963054,-28.0885606188951,0
153.407481963054,-28.0885606188951,0
153.407481947283,-28.0885606141961,0
153.407481947283,-28.0885606141961,0
153.407481947283,-28.0885606141961,0
153.407481947283,-28.0885606141961,0
153.407481947283,-28.0885606141961,0
153.407481947283,-28.0885606141961,0
153.407482239691,-28.0885606272521,0
153.407482239691,-28.0885606272521,0
153.407482239691,-28.0885606272521,0
153.407482239691,-28.0885606272521,0
153.407482239691,-28.0885606272521,0
153.407482371872,-28.088560595563,0
153.407482371872,-28.088560595563,0
153.407482371872,-28.088560595563,0
153.407482371872,-28.088560595563,0
153.407482539089,-28.0885606251661,0
153.407482539089,-28.0885606251661,0
153.407482539089,-28.0885606251661,0
153.407482539089,-28.0885606251661,0
153.407482539089,-28.0885606251661,0
153.407482799879,-28.0885607385924,0
153.407482799879,-28.0885607385924,0
153.407482799879,-28.0885607385924,0
153.407482799879,-28.0885607385924,0
153.407482799879,-28.0885607385924,0
153.407482932759,-28.088560805753,0
153.407482932759,-28.088560805753,0
153.407482932759,-28.088560805753,0
153.407482932759,-28.088560805753,0
153.407482932759,-28.088560805753,0
153.40748302839,-28.0885610138141,0
153.40748302839,-28.0885610138141,0
153.40748302839,-28.0885610138141,0
153.40748302839,-28.0885610138141,0
153.40748302839,-28.0885610138141,0
153.40748302839,-28.0885610138141,0
153.407483090849,-28.0885611928761,0
153.407483090849,-28.0885611928761,0
153.407483090849,-28.0885611928761,0
153.407483090849,-28.0885611928761,0
153.407483090849,-28.0885611928761,0
153.407483052433,-28.0885612701157,0
153.407483052433,-28.0885612701157,0
153.407483052433,-28.0885612701157,0
153.407483052433,-28.0885612701157,0
153.407483004424,-28.0885611671881,0
153.407483004424,-28.0885611671881,0
153.407483004424,-28.0885611671881,0
153.407483004424,-28.0885611671881,0
153.407483004424,-28.0885611671881,0
153.407483004424,-28.0885611671881,0
153.407483285644,-28.088561072352,0
153.407483285644,-28.088561072352,0
153.407483285644,-28.088561072352,0
153.407483285644,-28.088561072352,0
153.407483285644,-28.088561072352,0
153.407483565661,-28.0885610794455,0
153.407483565661,-28.0885610794455,0
153.407483565661,-28.0885610794455,0
153.407483565661,-28.0885610794455,0
153.407483565661,-28.0885610794455,0
153.407483655271,-28.0885610792398,0
153.407483655271,-28.0885610792398,0
153.407483655271,-28.0885610792398,0
153.407483655271,-28.0885610792398,0
153.407483858107,-28.0885610971276,0
153.407483858107,-28.0885610971276,0
153.407483858107,-28.0885610971276,0
153.407483858107,-28.0885610971276,0
153.407483858107,-28.0885610971276,0
153.407484115051,-28.0885610920517,0
153.407484115051,-28.0885610920517,0
153.407484115051,-28.0885610920517,0
153.407484115051,-28.0885610920517,0
153.407484115051,-28.0885610920517,0
153.407484061564,-28.0885611247517,0
153.407484061564,-28.0885611247517,0
153.407484061564,-28.0885611247517,0
153.407484061564,-28.0885611247517,0
153.407484061564,-28.0885611247517,0
153.407484061564,-28.0885611247517,0
153.407484044435,-28.0885611896292,0
153.407484044435,-28.0885611896292,0
153.407484044435,-28.0885611896292,0
153.407484044435,-28.0885611896292,0
153.407484111244,-28.0885612611032,0
153.407484111244,-28.0885612611032,0
153.407484111244,-28.0885612611032,0
153.407484111244,-28.0885612611032,0
153.407484111244,-28.0885612611032,0
153.407484111244,-28.0885612611032,0
153.407484570014,-28.088561531536,0
153.407484570014,-28.088561531536,0
153.407484570014,-28.088561531536,0
153.407484570014,-28.088561531536,0
153.407484570014,-28.088561531536,0
153.407484674773,-28.0885615463996,0
153.407484674773,-28.0885615463996,0
153.407484674773,-28.0885615463996,0
153.407484674773,-28.0885615463996,0
153.407484736727,-28.0885615761269,0
153.407484736727,-28.0885615761269,0
153.407484736727,-28.0885615761269,0
153.407484736727,-28.0885615761269,0
153.407484736727,-28.0885615761269,0
153.407484729774,-28.0885617730553,0
153.407484729774,-28.0885617730553,0
153.407484729774,-28.0885617730553,0
153.407484729774,-28.0885617730553,0
153.407484729774,-28.0885617730553,0
153.407484787416,-28.0885618867515,0
153.407484787416,-28.0885618867515,0
153.407484787416,-28.0885618867515,0
153.407484787416,-28.0885618867515,0
153.407484787416,-28.0885618867515,0
153.407484787416,-28.0885618867515,0
153.407484944263,-28.0885619693325,0
153.407484944263,-28.0885619693325,0
153.407484944263,-28.0885619693325,0
153.407484944263,-28.0885619693325,0
153.407484944263,-28.0885619693325,0
153.407485092175,-28.088561981172,0
153.407485092175,-28.088561981172,0
153.407485092175,-28.088561981172,0
153.407485092175,-28.088561981172,0
153.407485092175,-28.088561981172,0
153.407485261374,-28.0885621000812,0
153.407485261374,-28.0885621000812,0
153.407485261374,-28.0885621000812,0
153.407485261374,-28.0885621000812,0
153.407485261374,-28.0885621000812,0
153.407485298701,-28.0885622033215,0
153.407485298701,-28.0885622033215,0
153.407485298701,-28.0885622033215,0
153.407485298701,-28.0885622033215,0
153.407485298701,-28.0885622033215,0
153.407485368812,-28.0885622905244,0
153.407485368812,-28.0885622905244,0
153.407485368812,-28.0885622905244,0
153.407485368812,-28.0885622905244,0
153.407485368812,-28.0885622905244,0
153.407485396391,-28.0885623936062,0
153.407485396391,-28.0885623936062,0
153.407485396391,-28.0885623936062,0
153.407485396391,-28.0885623936062,0
153.407485409247,-28.0885625630603,0
153.407485409247,-28.0885625630603,0
153.407485409247,-28.0885625630603,0
153.407485409247,-28.0885625630603,0
153.407485409247,-28.0885625630603,0
153.407485165588,-28.0885627382543,0
153.407485165588,-28.0885627382543,0
153.407485165588,-28.0885627382543,0
153.407485165588,-28.0885627382543,0
153.407485165588,-28.0885627382543,0
153.40748519872,-28.0885628166076,0
153.40748519872,-28.0885628166076,0
153.40748519872,-28.0885628166076,0
153.40748519872,-28.0885628166076,0
153.40748519872,-28.0885628166076,0
153.40748519872,-28.0885628166076,0
153.407485345662,-28.0885629542827,0
153.407485345662,-28.0885629542827,0
153.407485345662,-28.0885629542827,0
153.407485345662,-28.0885629542827,0
153.407485345662,-28.0885629542827,0
153.407485493225,-28.0885630299631,0
153.407485493225,-28.0885630299631,0
153.407485493225,-28.0885630299631,0
153.407485493225,-28.0885630299631,0
153.40748563636,-28.0885631871537,0
153.40748563636,-28.0885631871537,0
153.40748563636,-28.0885631871537,0
153.40748563636,-28.0885631871537,0
153.40748563636,-28.0885631871537,0
153.40748563636,-28.0885631871537,0
153.407485607966,-28.0885632051443,0
153.407485607966,-28.0885632051443,0
153.407485607966,-28.0885632051443,0
153.407485607966,-28.0885632051443,0
153.407485667046,-28.0885631556787,0
153.407485667046,-28.0885631556787,0
153.407485667046,-28.0885631556787,0
153.407485667046,-28.0885631556787,0
153.407485667046,-28.0885631556787,0
153.407485631466,-28.0885632095348,0
153.407485631466,-28.0885632095348,0
153.407485631466,-28.0885632095348,0
153.407485631466,-28.0885632095348,0
153.407485631466,-28.0885632095348,0
153.407485631466,-28.0885632095348,0
153.407485350284,-28.0885633922934,0
153.407485350284,-28.0885633922934,0
153.407485350284,-28.0885633922934,0
153.407485350284,-28.0885633922934,0
153.407485350284,-28.0885633922934,0
153.407485300605,-28.088563411916,0
153.407485300605,-28.088563411916,0
153.407485300605,-28.088563411916,0
153.407485300605,-28.088563411916,0
153.407485300605,-28.088563411916,0
153.407485409869,-28.0885636973067,0
153.407485409869,-28.0885636973067,0
153.407485409869,-28.0885636973067,0
153.407485409869,-28.0885636973067,0
153.407485409869,-28.0885636973067,0
153.407485065413,-28.0885639547519,0
153.407485065413,-28.0885639547519,0
153.407485065413,-28.0885639547519,0
153.407485065413,-28.0885639547519,0
153.407485065413,-28.0885639547519,0
153.40748490608,-28.0885639176228,0
153.40748490608,-28.0885639176228,0
153.40748490608,-28.0885639176228,0
153.40748490608,-28.0885639176228,0
153.40748490608,-28.0885639176228,0
153.407484890232,-28.0885639057233,0
153.407484890232,-28.0885639057233,0
153.407484890232,-28.0885639057233,0
153.407484890232,-28.0885639057233,0
153.407484890232,-28.0885639057233,0
153.407485068675,-28.0885639892082,0
153.407485068675,-28.0885639892082,0
153.407485068675,-28.0885639892082,0
153.407485068675,-28.0885639892082,0
153.407485261335,-28.0885640291087,0
153.407485261335,-28.0885640291087,0
153.407485261335,-28.0885640291087,0
153.407485261335,-28.0885640291087,0
153.407485261335,-28.0885640291087,0
153.407485261335,-28.0885640291087,0
153.407485520687,-28.088564116907,0
153.407485520687,-28.088564116907,0
153.407485520687,-28.088564116907,0
153.407485520687,-28.088564116907,0
153.407485520687,-28.088564116907,0
153.407485556888,-28.0885641899916,0
153.407485556888,-28.0885641899916,0
153.407485556888,-28.0885641899916,0
153.407485556888,-28.0885641899916,0
153.407485556888,-28.0885641899916,0
153.407485583728,-28.0885641554925,0
153.407485583728,-28.0885641554925,0
153.407485583728,-28.0885641554925,0
153.407485583728,-28.0885641554925,0
153.407485660365,-28.0885640314175,0
153.407485660365,-28.0885640314175,0
153.407485660365,-28.0885640314175,0
153.407485660365,-28.0885640314175,0
153.407485660365,-28.0885640314175,0
153.407485607422,-28.0885641576086,0
153.407485607422,-28.0885641576086,0
153.407485607422,-28.0885641576086,0
153.407485607422,-28.0885641576086,0
153.407485607422,-28.0885641576086,0
153.40748551455,-28.0885643150862,0
153.40748551455,-28.0885643150862,0
153.40748551455,-28.0885643150862,0
153.40748551455,-28.0885643150862,0
153.40748551455,-28.0885643150862,0
153.407485206372,-28.0885642813367,0
153.407485206372,-28.0885642813367,0
153.407485206372,-28.0885642813367,0
153.407485206372,-28.0885642813367,0
153.407485206372,-28.0885642813367,0
153.407485206372,-28.0885642813367,0
153.40748507357,-28.088564414377,0
153.40748507357,-28.088564414377,0
153.40748507357,-28.088564414377,0
153.40748507357,-28.088564414377,0
153.407485292448,-28.0885646046831,0
153.407485292448,-28.0885646046831,0
153.407485292448,-28.0885646046831,0
153.407485292448,-28.0885646046831,0
153.407485292448,-28.0885646046831,0
153.407485808239,-28.0885646664294,0
153.407485808239,-28.0885646664294,0
153.407485808239,-28.0885646664294,0
153.407485808239,-28.0885646664294,0
153.407485808239,-28.0885646664294,0
153.407485808239,-28.0885646664294,0
153.407486104336,-28.0885647857327,0
153.407486104336,-28.0885647857327,0
153.407486104336,-28.0885647857327,0
153.407486104336,-28.0885647857327,0
153.407486104336,-28.0885647857327,0
153.407486092838,-28.0885648345685,0
153.407486092838,-28.0885648345685,0
153.407486092838,-28.0885648345685,0
153.407486092838,-28.0885648345685,0
153.407486094586,-28.0885648637347,0
153.407486094586,-28.0885648637347,0
153.407486094586,-28.0885648637347,0
153.407486094586,-28.0885648637347,0
153.407486094586,-28.0885648637347,0
153.407486094586,-28.0885648637347,0
153.407486220165,-28.0885648516939,0
153.407486220165,-28.0885648516939,0
153.407486220165,-28.0885648516939,0
153.407486220165,-28.0885648516939,0
153.407486206647,-28.0885648979339,0
153.407486206647,-28.0885648979339,0
153.407486206647,-28.0885648979339,0
153.407486206647,-28.0885648979339,0
153.407486206647,-28.0885648979339,0
153.407486206647,-28.0885648979339,0
153.407486185983,-28.0885648063576,0
153.407486185983,-28.0885648063576,0
153.407486185983,-28.0885648063576,0
153.407486185983,-28.0885648063576,0
153.407486185983,-28.0885648063576,0
153.407486118164,-28.0885647168502,0
153.407486118164,-28.0885647168502,0
153.407486118164,-28.0885647168502,0
153.407486118164,-28.0885647168502,0
153.407486118164,-28.0885647168502,0
153.407486205599,-28.0885645868039,0
153.407486205599,-28.0885645868039,0
153.407486205599,-28.0885645868039,0
153.407486205599,-28.0885645868039,0
153.407486293655,-28.088564366732,0
153.407486293655,-28.088564366732,0
153.407486293655,-28.088564366732,0
153.407486293655,-28.088564366732,0
153.407486293655,-28.088564366732,0
153.407486293655,-28.088564366732,0
153.407486413601,-28.0885640544583,0
153.407486413601,-28.0885640544583,0
153.407486413601,-28.0885640544583,0
153.407486413601,-28.0885640544583,0
153.407486404434,-28.0885639405779,0
153.407486404434,-28.0885639405779,0
153.407486404434,-28.0885639405779,0
153.407486404434,-28.0885639405779,0
153.407486404434,-28.0885639405779,0
153.407486419466,-28.088563780346,0
153.407486419466,-28.088563780346,0
153.407486419466,-28.088563780346,0
153.407486419466,-28.088563780346,0
153.407486419466,-28.088563780346,0
153.407486419466,-28.088563780346,0
153.407486480527,-28.0885635802565,0
153.407486480527,-28.0885635802565,0
153.407486480527,-28.0885635802565,0
153.407486480527,-28.0885635802565,0
153.407486480527,-28.0885635802565,0
153.407486469418,-28.0885634795992,0
153.407486469418,-28.0885634795992,0
153.407486469418,-28.0885634795992,0
153.407486469418,-28.0885634795992,0
153.407486238731,-28.0885633985045,0
153.407486238731,-28.0885633985045,0
153.407486238731,-28.0885633985045,0
153.407486238731,-28.0885633985045,0
153.407486238731,-28.0885633985045,0
153.407486080758,-28.0885633305172,0
153.407486080758,-28.0885633305172,0
153.407486080758,-28.0885633305172,0
153.407486080758,-28.0885633305172,0
153.407486080758,-28.0885633305172,0
153.407486080758,-28.0885633305172,0
153.407485874621,-28.0885632542671,0
153.407485874621,-28.0885632542671,0
153.407485874621,-28.0885632542671,0
153.407485874621,-28.0885632542671,0
153.407485560617,-28.0885630875801,0
153.407485560617,-28.0885630875801,0
153.407485560617,-28.0885630875801,0
153.407485560617,-28.0885630875801,0
153.407485560617,-28.0885630875801,0
153.407485560617,-28.0885630875801,0
153.407485426144,-28.088562852229,0
153.407485426144,-28.088562852229,0
153.407485426144,-28.088562852229,0
153.407485426144,-28.088562852229,0
153.407485426144,-28.088562852229,0
153.40748519705,-28.0885626231532,0
153.40748519705,-28.0885626231532,0
153.40748519705,-28.0885626231532,0
153.40748519705,-28.0885626231532,0
153.407484990485,-28.0885625385632,0
153.407484990485,-28.0885625385632,0
153.407484990485,-28.0885625385632,0
153.407484990485,-28.0885625385632,0
153.407484990485,-28.0885625385632,0
153.407484992583,-28.0885624988468,0
153.407484992583,-28.0885624988468,0
153.407484992583,-28.0885624988468,0
153.407484992583,-28.0885624988468,0
153.407484992583,-28.0885624988468,0
153.407484992583,-28.0885624988468,0
153.407485007964,-28.0885624947861,0
153.407485007964,-28.0885624947861,0
153.407485007964,-28.0885624947861,0
153.407485007964,-28.0885624947861,0
153.407485007964,-28.0885624947861,0
153.407485069763,-28.0885625015368,0
153.407485069763,-28.0885625015368,0
153.407485069763,-28.0885625015368,0
153.407485069763,-28.0885625015368,0
153.407485069763,-28.0885625015368,0
153.407484976463,-28.0885626185227,0
153.407484976463,-28.0885626185227,0
153.407484976463,-28.0885626185227,0
153.407484976463,-28.0885626185227,0
153.407484976463,-28.0885626185227,0
153.4074847913,-28.0885626784528,0
153.4074847913,-28.0885626784528,0
153.4074847913,-28.0885626784528,0
153.4074847913,-28.0885626784528,0
153.4074847913,-28.0885626784528,0
153.407484947331,-28.088562647449,0
153.407484947331,-28.088562647449,0
153.407484947331,-28.088562647449,0
153.407484947331,-28.088562647449,0
153.407484947331,-28.088562647449,0
153.407485014024,-28.0885626078398,0
153.407485014024,-28.0885626078398,0
153.407485014024,-28.0885626078398,0
153.407485014024,-28.0885626078398,0
153.407485014024,-28.0885626078398,0
153.407485058343,-28.0885626087693,0
153.407485058343,-28.0885626087693,0
153.407485058343,-28.0885626087693,0
153.407485058343,-28.0885626087693,0
153.407485058343,-28.0885626087693,0
153.407485107207,-28.0885627270359,0
153.407485107207,-28.0885627270359,0
153.407485107207,-28.0885627270359,0
153.407485107207,-28.0885627270359,0
153.407485147642,-28.0885627058413,0
153.407485147642,-28.0885627058413,0
153.407485147642,-28.0885627058413,0
153.407485147642,-28.0885627058413,0
153.407485147642,-28.0885627058413,0
153.407485147642,-28.0885627058413,0
153.407485240632,-28.0885625663115,0
153.407485240632,-28.0885625663115,0
153.407485240632,-28.0885625663115,0
153.407485240632,-28.0885625663115,0
153.407485240632,-28.0885625663115,0
153.407484941971,-28.0885626686693,0
153.407484941971,-28.0885626686693,0
153.407484941971,-28.0885626686693,0
153.407484941971,-28.0885626686693,0
153.407484941971,-28.0885626686693,0
153.407484731405,-28.0885626398844,0
153.407484731405,-28.0885626398844,0
153.407484731405,-28.0885626398844,0
153.407484731405,-28.0885626398844,0
153.407484731405,-28.0885626398844,0
153.407484609944,-28.0885626279721,0
153.407484609944,-28.0885626279721,0
153.407484609944,-28.0885626279721,0
153.407484609944,-28.0885626279721,0
153.407484609944,-28.0885626279721,0
153.407484664169,-28.0885626978141,0
153.407484664169,-28.0885626978141,0
153.407484664169,-28.0885626978141,0
153.407484664169,-28.0885626978141,0
153.407484560342,-28.0885627538205,0
153.407484560342,-28.0885627538205,0
153.407484560342,-28.0885627538205,0
153.407484560342,-28.0885627538205,0
153.407484560342,-28.0885627538205,0
153.407484560342,-28.0885627538205,0
153.407484567683,-28.0885628267852,0
153.407484567683,-28.0885628267852,0
153.407484567683,-28.0885628267852,0
153.407484567683,-28.0885628267852,0
153.407484523131,-28.0885630416356,0
153.407484523131,-28.0885630416356,0
153.407484523131,-28.0885630416356,0
153.407484523131,-28.0885630416356,0
153.407484523131,-28.0885630416356,0
153.407484523131,-28.0885630416356,0
153.407484588387,-28.0885632284035,0
153.407484588387,-28.0885632284035,0
153.407484588387,-28.0885632284035,0
153.407484588387,-28.0885632284035,0
153.407484526549,-28.0885634580704,0
153.407484526549,-28.0885634580704,0
153.407484526549,-28.0885634580704,0
153.407484526549,-28.0885634580704,0
153.407484526549,-28.0885634580704,0
153.40748455405,-28.0885635908709,0
153.40748455405,-28.0885635908709,0
153.40748455405,-28.0885635908709,0
153.40748455405,-28.0885635908709,0
153.40748455405,-28.0885635908709,0
153.407484548495,-28.0885636269635,0
153.407484548495,-28.0885636269635,0
153.407484548495,-28.0885636269635,0
153.407484548495,-28.0885636269635,0
153.407484548495,-28.0885636269635,0
153.407484548495,-28.0885636269635,0
153.407484499049,-28.088563753236,0
153.407484499049,-28.088563753236,0
153.407484499049,-28.088563753236,0
153.407484499049,-28.088563753236,0
153.407484499049,-28.088563753236,0
153.407484476209,-28.0885638752549,0
153.407484476209,-28.0885638752549,0
153.407484476209,-28.0885638752549,0
153.407484476209,-28.0885638752549,0
153.407484412041,-28.0885639058389,0
153.407484412041,-28.0885639058389,0
153.407484412041,-28.0885639058389,0
153.407484412041,-28.0885639058389,0
153.407484412041,-28.0885639058389,0
153.407484412041,-28.0885639058389,0
153.407484493028,-28.088563885017,0
153.407484493028,-28.088563885017,0
153.407484493028,-28.088563885017,0
153.407484493028,-28.088563885017,0
153.407484519596,-28.0885638624816,0
153.407484519596,-28.0885638624816,0
153.407484519596,-28.0885638624816,0
153.407484519596,-28.0885638624816,0
153.407484519596,-28.0885638624816,0
153.407484519596,-28.0885638624816,0
153.407484571801,-28.0885640695104,0
153.407484571801,-28.0885640695104,0
153.407484571801,-28.0885640695104,0
153.407484571801,-28.0885640695104,0
153.407484656283,-28.0885642448886,0
153.407484656283,-28.0885642448886,0
153.407484656283,-28.0885642448886,0
153.407484656283,-28.0885642448886,0
153.407484656283,-28.0885642448886,0
153.407484656283,-28.0885642448886,0
153.407484716256,-28.08856416301,0
153.407484716256,-28.08856416301,0
153.407484716256,-28.08856416301,0
153.407484716256,-28.08856416301,0
153.407484716256,-28.08856416301,0
153.407484771102,-28.0885641683001,0
153.407484771102,-28.0885641683001,0
153.407484771102,-28.0885641683001,0
153.407484771102,-28.0885641683001,0
153.407484771102,-28.0885641683001,0
153.407484884833,-28.0885641372064,0
153.407484884833,-28.0885641372064,0
153.407484884833,-28.0885641372064,0
153.407484884833,-28.0885641372064,0
153.407484884833,-28.0885641372064,0
153.407484988038,-28.0885641183548,0
153.407484988038,-28.0885641183548,0
153.407484988038,-28.0885641183548,0
153.407484988038,-28.0885641183548,0
153.407485008741,-28.0885640688465,0
153.407485008741,-28.0885640688465,0
153.407485008741,-28.0885640688465,0
153.407485008741,-28.0885640688465,0
153.407485008741,-28.0885640688465,0
153.407484962829,-28.0885640651927,0
153.407484962829,-28.0885640651927,0
153.407484962829,-28.0885640651927,0
153.407484962829,-28.0885640651927,0
153.407484962829,-28.0885640651927,0
153.407484962829,-28.0885640651927,0
153.407484832978,-28.0885640960508,0
153.407484832978,-28.0885640960508,0
153.407484832978,-28.0885640960508,0
153.407484832978,-28.0885640960508,0
153.407484677064,-28.0885641334626,0
153.407484677064,-28.0885641334626,0
153.407484677064,-28.0885641334626,0
153.407484677064,-28.0885641334626,0
153.407484677064,-28.0885641334626,0
153.407484572383,-28.088564148262,0
153.407484572383,-28.088564148262,0
153.407484572383,-28.088564148262,0
153.407484572383,-28.088564148262,0
153.407484572383,-28.088564148262,0
153.407484572383,-28.088564148262,0
153.407484396038,-28.0885642033646,0
153.407484396038,-28.0885642033646,0
153.407484396038,-28.0885642033646,0
153.407484396038,-28.0885642033646,0
153.407484396038,-28.0885642033646,0
153.407484371179,-28.0885642035702,0
153.407484371179,-28.0885642035702,0
153.407484371179,-28.0885642035702,0
153.407484371179,-28.0885642035702,0
153.407484356962,-28.0885642830158,0
153.407484356962,-28.0885642830158,0
153.407484356962,-28.0885642830158,0
153.407484356962,-28.0885642830158,0
153.407484356962,-28.0885642830158,0
153.40748428724,-28.0885642977467,0
153.40748428724,-28.0885642977467,0
153.40748428724,-28.0885642977467,0
153.40748428724,-28.0885642977467,0
153.40748428724,-28.0885642977467,0
153.40748428724,-28.0885642977467,0
153.40748433591,-28.0885643545198,0
153.40748433591,-28.0885643545198,0
153.40748433591,-28.0885643545198,0
153.40748433591,-28.0885643545198,0
153.407484426258,-28.0885643111753,0
153.407484426258,-28.0885643111753,0
153.407484426258,-28.0885643111753,0
153.407484426258,-28.0885643111753,0
153.407484426258,-28.0885643111753,0
153.407484426258,-28.0885643111753,0
153.407484677025,-28.0885643532348,0
153.407484677025,-28.0885643532348,0
153.407484677025,-28.0885643532348,0
153.407484677025,-28.0885643532348,0
153.407484677025,-28.0885643532348,0
153.407484677142,-28.0885643586962,0
153.407484677142,-28.0885643586962,0
153.407484677142,-28.0885643586962,0
153.407484677142,-28.0885643586962,0
153.407484677142,-28.0885643586962,0
153.407485884914,-28.0885645792393,0
153.407485884914,-28.0885645792393,0
153.407485884914,-28.0885645792393,0
153.407485884914,-28.0885645792393,0
153.407485884914,-28.0885645792393,0
153.407499797714,-28.0885665272554,0
153.407499797714,-28.0885665272554,0
153.407499797714,-28.0885665272554,0
153.407499797714,-28.0885665272554,0
153.407522812892,-28.0885688858937,0
153.407522812892,-28.0885688858937,0
153.407522812892,-28.0885688858937,0
153.407522812892,-28.0885688858937,0
153.407522812892,-28.0885688858937,0
153.407538981904,-28.088570312033,0
153.407538981904,-28.088570312033,0
153.407538981904,-28.088570312033,0
153.407538981904,-28.088570312033,0
153.407538981904,-28.088570312033,0
153.407538981904,-28.088570312033,0
153.407557144047,-28.0885718165855,0
153.407557144047,-28.0885718165855,0
153.407557144047,-28.0885718165855,0
153.407557144047,-28.0885718165855,0
153.40755958612,-28.0885722725996,0
153.40755958612,-28.0885722725996,0
153.40755958612,-28.0885722725996,0
153.40755958612,-28.0885722725996,0
153.40755958612,-28.0885722725996,0
153.40755958612,-28.0885722725996,0
153.40755966229,-28.0885721710342,0
153.40755966229,-28.0885721710342,0
153.40755966229,-28.0885721710342,0
153.40755966229,-28.0885721710342,0
153.40755966229,-28.0885721710342,0
153.407559601191,-28.0885724326002,0
153.407559601191,-28.0885724326002,0
153.407559601191,-28.0885724326002,0
153.407559601191,-28.0885724326002,0
153.407559601191,-28.0885724326002,0
153.4075597331,-28.0885726652955,0
153.4075597331,-28.0885726652955,0
153.4075597331,-28.0885726652955,0
153.4075597331,-28.0885726652955,0
153.407559864816,-28.088572704168,0
153.407559864816,-28.088572704168,0
153.407559864816,-28.088572704168,0
153.407559864816,-28.088572704168,0
153.407559864816,-28.088572704168,0
153.407559954503,-28.0885724996622,0
153.407559954503,-28.0885724996622,0
153.407559954503,-28.0885724996622,0
153.407559954503,-28.0885724996622,0
153.407559954503,-28.0885724996622,0
153.407559954503,-28.0885724996622,0
153.407559942773,-28.0885724236691,0
153.407559942773,-28.0885724236691,0
153.407559942773,-28.0885724236691,0
153.407559942773,-28.0885724236691,0
153.407559942773,-28.0885724236691,0
153.407560053086,-28.0885723372072,0
153.407560053086,-28.0885723372072,0
153.407560053086,-28.0885723372072,0
153.407560053086,-28.0885723372072,0
153.407560053086,-28.0885723372072,0
153.407560061864,-28.0885721926144,0
153.407560061864,-28.0885721926144,0
153.407560061864,-28.0885721926144,0
153.407560061864,-28.0885721926144,0
153.407559973264,-28.0885720591885,0
153.407559973264,-28.0885720591885,0
153.407559973264,-28.0885720591885,0
153.407559973264,-28.0885720591885,0
153.407559973264,-28.0885720591885,0
153.407559973692,-28.0885720137237,0
153.407559973692,-28.0885720137237,0
153.407559973692,-28.0885720137237,0
153.407559973692,-28.0885720137237,0
153.407559973692,-28.0885720137237,0
153.407559973692,-28.0885720137237,0
153.407559970817,-28.0885720820494,0
153.407559970817,-28.0885720820494,0
153.407559970817,-28.0885720820494,0
153.407559970817,-28.0885720820494,0
153.407559809038,-28.0885720584774,0
153.407559809038,-28.0885720584774,0
153.407559809038,-28.0885720584774,0
153.407559809038,-28.0885720584774,0
153.407559809038,-28.0885720584774,0
153.407559809038,-28.0885720584774,0
153.407560032422,-28.0885731164608,0
153.407560032422,-28.0885731164608,0
153.407560032422,-28.0885731164608,0
153.407560032422,-28.0885731164608,0
153.407561290301,-28.0885769587311,0
153.407561290301,-28.0885769587311,0
153.407561290301,-28.0885769587311,0
153.407561290301,-28.0885769587311,0
153.407561290301,-28.0885769587311,0
153.407561290301,-28.0885769587311,0
153.407562634488,-28.0885810555811,0
153.407562634488,-28.0885810555811,0
153.407562634488,-28.0885810555811,0
153.407562634488,-28.0885810555811,0
153.407562634488,-28.0885810555811,0
153.40756341301,-28.0885834835988,0
153.40756341301,-28.0885834835988,0
153.40756341301,-28.0885834835988,0
153.40756341301,-28.0885834835988,0
153.40756341301,-28.0885834835988,0
153.407564365353,-28.0885866947637,0
153.407564365353,-28.0885866947637,0
153.407564365353,-28.0885866947637,0
153.407564365353,-28.0885866947637,0
153.407565324843,-28.0885896547972,0
153.407565324843,-28.0885896547972,0
153.407565324843,-28.0885896547972,0
153.407565324843,-28.0885896547972,0
153.407565324843,-28.0885896547972,0
153.407565324843,-28.0885896547972,0
153.407565854928,-28.0885915158803,0
153.407565854928,-28.0885915158803,0
153.407565854928,-28.0885915158803,0
153.407565854928,-28.0885915158803,0
153.407565854928,-28.0885915158803,0
153.407566602221,-28.0885940338766,0
153.407566602221,-28.0885940338766,0
153.407566602221,-28.0885940338766,0
153.407566602221,-28.0885940338766,0
153.407566602221,-28.0885940338766,0
153.407567254622,-28.0885962475751,0
153.407567254622,-28.0885962475751,0
153.407567254622,-28.0885962475751,0
153.407567254622,-28.0885962475751,0
153.407567254622,-28.0885962475751,0
153.407567548544,-28.0885974981605,0
153.407567548544,-28.0885974981605,0
153.407567548544,-28.0885974981605,0
153.407567548544,-28.0885974981605,0
153.407567548544,-28.0885974981605,0
153.407567925473,-28.0885990956558,0
153.407567925473,-28.0885990956558,0
153.407567925473,-28.0885990956558,0
153.407567925473,-28.0885990956558,0
153.407567925473,-28.0885990956558,0
153.407568235165,-28.0886004259566,0
153.407568235165,-28.0886004259566,0
153.407568235165,-28.0886004259566,0
153.407568235165,-28.0886004259566,0
153.407568721785,-28.0886018394682,0
153.407568721785,-28.0886018394682,0
153.407568721785,-28.0886018394682,0
153.407568721785,-28.0886018394682,0
153.407568721785,-28.0886018394682,0
153.407568721785,-28.0886018394682,0
153.407570227985,-28.0886047469092,0
153.407570227985,-28.0886047469092,0
153.407570227985,-28.0886047469092,0
153.407570227985,-28.0886047469092,0
153.407571606897,-28.0886076767957,0
153.407571606897,-28.0886076767957,0
153.407571606897,-28.0886076767957,0
153.407571606897,-28.0886076767957,0
153.407571606897,-28.0886076767957,0
153.407571606897,-28.0886076767957,0
153.407572318028,-28.0886095138656,0
153.407572318028,-28.0886095138656,0
153.407572318028,-28.0886095138656,0
153.407572318028,-28.0886095138656,0
153.407572318028,-28.0886095138656,0
153.407572946229,-28.0886118569677,0
153.407572946229,-28.0886118569677,0
153.407572946229,-28.0886118569677,0
153.407572946229,-28.0886118569677,0
153.407572946229,-28.0886118569677,0
153.40757319086,-28.0886142339436,0
153.40757319086,-28.0886142339436,0
153.40757319086,-28.0886142339436,0
153.40757319086,-28.0886142339436,0
153.407573350231,-28.0886155982381,0
153.407573350231,-28.0886155982381,0
153.407573350231,-28.0886155982381,0
153.407573350231,-28.0886155982381,0
153.407573350231,-28.0886155982381,0
153.407573450717,-28.0886174643584,0
153.407573450717,-28.0886174643584,0
153.407573450717,-28.0886174643584,0
153.407573450717,-28.0886174643584,0
153.407573450717,-28.0886174643584,0
153.407573450717,-28.0886174643584,0
153.407573250522,-28.08861877415,0
153.407573250522,-28.08861877415,0
153.407573250522,-28.08861877415,0
153.407573250522,-28.08861877415,0
153.407573017894,-28.0886191015615,0
153.407573017894,-28.0886191015615,0
153.407573017894,-28.0886191015615,0
153.407573017894,-28.0886191015615,0
153.407573017894,-28.0886191015615,0
153.407573017894,-28.0886191015615,0
153.407572792063,-28.0886193048551,0
153.407572792063,-28.0886193048551,0
153.407572792063,-28.0886193048551,0
153.407572792063,-28.0886193048551,0
153.407572792063,-28.0886193048551,0
153.407572522223,-28.0886193631532,0
153.407572522223,-28.0886193631532,0
153.407572522223,-28.0886193631532,0
153.407572522223,-28.0886193631532,0
153.407572522223,-28.0886193631532,0
153.407572386429,-28.0886194001709,0
153.407572386429,-28.0886194001709,0
153.407572386429,-28.0886194001709,0
153.407572386429,-28.0886194001709,0
153.407572386429,-28.0886194001709,0
153.40757225755,-28.0886193455652,0
153.40757225755,-28.0886193455652,0
153.40757225755,-28.0886193455652,0
153.40757225755,-28.0886193455652,0
153.407572233545,-28.0886192616263,0
153.407572233545,-28.0886192616263,0
153.407572233545,-28.0886192616263,0
153.407572233545,-28.0886192616263,0
153.407572233545,-28.0886192616263,0
153.407572233545,-28.0886192616263,0
153.40757214747,-28.0886191251292,0
153.40757214747,-28.0886191251292,0
153.40757214747,-28.0886191251292,0
153.40757214747,-28.0886191251292,0
153.40757214747,-28.0886191251292,0
153.407572111579,-28.0886197564187,0
153.407572111579,-28.0886197564187,0
153.407572111579,-28.0886197564187,0
153.407572111579,-28.0886197564187,0
153.407572111579,-28.0886197564187,0
153.407572831838,-28.0886229024663,0
153.407572831838,-28.0886229024663,0
153.407572831838,-28.0886229024663,0
153.407572831838,-28.0886229024663,0
153.407572831838,-28.0886229024663,0
153.407573282295,-28.0886249518594,0
153.407573282295,-28.0886249518594,0
153.407573282295,-28.0886249518594,0
153.407573282295,-28.0886249518594,0
153.407574068819,-28.0886279952236,0
153.407574068819,-28.0886279952236,0
153.407574068819,-28.0886279952236,0
153.407574068819,-28.0886279952236,0
153.407574068819,-28.0886279952236,0
153.407574068819,-28.0886279952236,0
153.407574926736,-28.0886310254461,0
153.407574926736,-28.0886310254461,0
153.407574926736,-28.0886310254461,0
153.407574926736,-28.0886310254461,0
153.407574926736,-28.0886310254461,0
153.407575593353,-28.0886327507002,0
153.407575593353,-28.0886327507002,0
153.407575593353,-28.0886327507002,0
153.407575593353,-28.0886327507002,0
153.407576492326,-28.0886349349969,0
153.407576492326,-28.0886349349969,0
153.407576492326,-28.0886349349969,0
153.407576492326,-28.0886349349969,0
153.407576492326,-28.0886349349969,0
153.407576492326,-28.0886349349969,0
153.407576981821,-28.0886369900698,0
153.407576981821,-28.0886369900698,0
153.407576981821,-28.0886369900698,0
153.407576981821,-28.0886369900698,0
153.407576981821,-28.0886369900698,0
153.407577292367,-28.0886382660648,0
153.407577292367,-28.0886382660648,0
153.407577292367,-28.0886382660648,0
153.407577292367,-28.0886382660648,0
153.407577830609,-28.08864000016,0
153.407577830609,-28.08864000016,0
153.407577830609,-28.08864000016,0
153.407577830609,-28.08864000016,0
153.407577830609,-28.08864000016,0
153.407577830609,-28.08864000016,0
153.407578197439,-28.0886409994941,0
153.407578197439,-28.0886409994941,0
153.407578197439,-28.0886409994941,0
153.407578197439,-28.0886409994941,0
153.407579702124,-28.0886461653445,0
153.407579702124,-28.0886461653445,0
153.407579702124,-28.0886461653445,0
153.407579702124,-28.0886461653445,0
153.407579702124,-28.0886461653445,0
153.407583119963,-28.0886556193618,0
153.407583119963,-28.0886556193618,0
153.407583119963,-28.0886556193618,0
153.407583119963,-28.0886556193618,0
153.407583119963,-28.0886556193618,0
153.407585068851,-28.0886616529238,0
153.407585068851,-28.0886616529238,0
153.407585068851,-28.0886616529238,0
153.407585068851,-28.0886616529238,0
153.407585068851,-28.0886616529238,0
153.407585068851,-28.0886616529238,0
153.407587413391,-28.0886697337113,0
153.407587413391,-28.0886697337113,0
153.407587413391,-28.0886697337113,0
153.407587413391,-28.0886697337113,0
153.407587413391,-28.0886697337113,0
153.407589424351,-28.0886770040487,0
153.407589424351,-28.0886770040487,0
153.407589424351,-28.0886770040487,0
153.407589424351,-28.0886770040487,0
153.407589424351,-28.0886770040487,0
153.407590668013,-28.088681187699,0
153.407590668013,-28.088681187699,0
153.407590668013,-28.088681187699,0
153.407590668013,-28.088681187699,0
153.407592169824,-28.0886864993416,0
153.407592169824,-28.0886864993416,0
153.407592169824,-28.0886864993416,0
153.407592169824,-28.0886864993416,0
153.407592169824,-28.0886864993416,0
153.407593613604,-28.0886909375329,0
153.407593613604,-28.0886909375329,0
153.407593613604,-28.0886909375329,0
153.407593613604,-28.0886909375329,0
153.407593613604,-28.0886909375329,0
153.407593613604,-28.0886909375329,0
153.407594546409,-28.0886934583734,0
153.407594546409,-28.0886934583734,0
153.407594546409,-28.0886934583734,0
153.407594546409,-28.0886934583734,0
153.407594546409,-28.0886934583734,0
153.407595692479,-28.0886963446456,0
153.407595692479,-28.0886963446456,0
153.407595692479,-28.0886963446456,0
153.407595692479,-28.0886963446456,0
153.407596619633,-28.0886988762291,0
153.407596619633,-28.0886988762291,0
153.407596619633,-28.0886988762291,0
153.407596619633,-28.0886988762291,0
153.407596619633,-28.0886988762291,0
153.407596619633,-28.0886988762291,0
153.407597279627,-28.0887002741831,0
153.407597279627,-28.0887002741831,0
153.407597279627,-28.0887002741831,0
153.407597279627,-28.0887002741831,0
153.407598186505,-28.0887020850124,0
153.407598186505,-28.0887020850124,0
153.407598186505,-28.0887020850124,0
153.407598186505,-28.0887020850124,0
153.407598186505,-28.0887020850124,0
153.407598621134,-28.0887031248167,0
153.407598621134,-28.0887031248167,0
153.407598621134,-28.0887031248167,0
153.407598621134,-28.0887031248167,0
153.407598621134,-28.0887031248167,0
153.407599123175,-28.0887045314062,0
153.407599123175,-28.0887045314062,0
153.407599123175,-28.0887045314062,0
153.407599123175,-28.0887045314062,0
153.407599123175,-28.0887045314062,0
153.407599395054,-28.0887057850415,0
153.407599395054,-28.0887057850415,0
153.407599395054,-28.0887057850415,0
153.407599395054,-28.0887057850415,0
153.407599395054,-28.0887057850415,0
153.407599395054,-28.0887057850415,0
153.407599524846,-28.0887067968319,0
153.407599524846,-28.0887067968319,0
153.407599524846,-28.0887067968319,0
153.407599524846,-28.0887067968319,0
153.407599524846,-28.0887067968319,0
153.407600639707,-28.088710960761,0
153.407600639707,-28.088710960761,0
153.407600639707,-28.088710960761,0
153.407600639707,-28.088710960761,0
153.407603536647,-28.0887204614682,0
153.407603536647,-28.0887204614682,0
153.407603536647,-28.0887204614682,0
153.407603536647,-28.0887204614682,0
153.407603536647,-28.0887204614682,0
153.407603536647,-28.0887204614682,0
153.40760613211,-28.0887297808474,0
153.40760613211,-28.0887297808474,0
153.40760613211,-28.0887297808474,0
153.40760613211,-28.0887297808474,0
153.40760613211,-28.0887297808474,0
153.407607502283,-28.088735030928,0
153.407607502283,-28.088735030928,0
153.407607502283,-28.088735030928,0
153.407607502283,-28.088735030928,0
153.407608940314,-28.0887415592139,0
153.407608940314,-28.0887415592139,0
153.407608940314,-28.0887415592139,0
153.407608940314,-28.0887415592139,0
153.407608940314,-28.0887415592139,0
153.407608940314,-28.0887415592139,0
153.407609832762,-28.0887458178762,0
153.407609832762,-28.0887458178762,0
153.407609832762,-28.0887458178762,0
153.407609832762,-28.0887458178762,0
153.407611250109,-28.0887513855335,0
153.407611250109,-28.0887513855335,0
153.407611250109,-28.0887513855335,0
153.407611250109,-28.0887513855335,0
153.407611250109,-28.0887513855335,0
153.407612711212,-28.0887563625341,0
153.407612711212,-28.0887563625341,0
153.407612711212,-28.0887563625341,0
153.407612711212,-28.0887563625341,0
153.407612711212,-28.0887563625341,0
153.407613642775,-28.0887593651283,0
153.407613642775,-28.0887593651283,0
153.407613642775,-28.0887593651283,0
153.407613642775,-28.0887593651283,0
153.407613642775,-28.0887593651283,0
153.407613642775,-28.0887593651283,0
153.407614876998,-28.0887632944259,0
153.407614876998,-28.0887632944259,0
153.407614876998,-28.0887632944259,0
153.407614876998,-28.0887632944259,0
153.407614876998,-28.0887632944259,0
153.407615767931,-28.0887667883343,0
153.407615767931,-28.0887667883343,0
153.407615767931,-28.0887667883343,0
153.407615767931,-28.0887667883343,0
153.407616282771,-28.0887688795254,0
153.407616282771,-28.0887688795254,0
153.407616282771,-28.0887688795254,0
153.407616282771,-28.0887688795254,0
153.407616282771,-28.0887688795254,0
153.407616282771,-28.0887688795254,0
153.407617073451,-28.0887715108282,0
153.407617073451,-28.0887715108282,0
153.407617073451,-28.0887715108282,0
153.407617073451,-28.0887715108282,0
153.407617702274,-28.0887734767363,0
153.407617702274,-28.0887734767363,0
153.407617702274,-28.0887734767363,0
153.407617702274,-28.0887734767363,0
153.407617702274,-28.0887734767363,0
153.407618075474,-28.0887746745494,0
153.407618075474,-28.0887746745494,0
153.407618075474,-28.0887746745494,0
153.407618075474,-28.0887746745494,0
153.407618075474,-28.0887746745494,0
153.407618547877,-28.0887761838051,0
153.407618547877,-28.0887761838051,0
153.407618547877,-28.0887761838051,0
153.407618547877,-28.0887761838051,0
153.407618547877,-28.0887761838051,0
153.40761896495,-28.0887772865765,0
153.40761896495,-28.0887772865765,0
153.40761896495,-28.0887772865765,0
153.40761896495,-28.0887772865765,0
153.40761896495,-28.0887772865765,0
153.40761896495,-28.0887772865765,0
153.407619065164,-28.0887775459321,0
153.407619065164,-28.0887775459321,0
153.407619065164,-28.0887775459321,0
153.407619065164,-28.0887775459321,0
153.407619185906,-28.0887779244369,0
153.407619185906,-28.0887779244369,0
153.407619185906,-28.0887779244369,0
153.407619185906,-28.0887779244369,0
153.407619185906,-28.0887779244369,0
153.407620223081,-28.0887811995112,0
153.407620223081,-28.0887811995112,0
153.407620223081,-28.0887811995112,0
153.407620223081,-28.0887811995112,0
153.407620223081,-28.0887811995112,0
153.407620223081,-28.0887811995112,0
153.407621132736,-28.0887836859469,0
153.407621132736,-28.0887836859469,0
153.407621132736,-28.0887836859469,0
153.407621132736,-28.0887836859469,0
153.407621132736,-28.0887836859469,0
153.407622299743,-28.0887867990889,0
153.407622299743,-28.0887867990889,0
153.407622299743,-28.0887867990889,0
153.407622299743,-28.0887867990889,0
153.407622299743,-28.0887867990889,0
153.407622863233,-28.0887886576532,0
153.407622863233,-28.0887886576532,0
153.407622863233,-28.0887886576532,0
153.407622863233,-28.0887886576532,0
153.407623590095,-28.0887910544787,0
153.407623590095,-28.0887910544787,0
153.407623590095,-28.0887910544787,0
153.407623590095,-28.0887910544787,0
153.407623590095,-28.0887910544787,0
153.407624076132,-28.088793422108,0
153.407624076132,-28.088793422108,0
153.407624076132,-28.088793422108,0
153.407624076132,-28.088793422108,0
153.407624076132,-28.088793422108,0
153.407624338048,-28.0887949507593,0
153.407624338048,-28.0887949507593,0
153.407624338048,-28.0887949507593,0
153.407624338048,-28.0887949507593,0
153.407624338048,-28.0887949507593,0
153.407624338048,-28.0887949507593,0
153.407624935719,-28.0887969059417,0
153.407624935719,-28.0887969059417,0
153.407624935719,-28.0887969059417,0
153.407624935719,-28.0887969059417,0
153.407624935719,-28.0887969059417,0
153.407625585653,-28.0887985606641,0
153.407625585653,-28.0887985606641,0
153.407625585653,-28.0887985606641,0
153.407625585653,-28.0887985606641,0
153.407626459437,-28.088801041617,0
153.407626459437,-28.088801041617,0
153.407626459437,-28.088801041617,0
153.407626459437,-28.088801041617,0
153.407626459437,-28.088801041617,0
153.407626459437,-28.088801041617,0
153.407628731535,-28.0888082187632,0
153.407628731535,-28.0888082187632,0
153.407628731535,-28.0888082187632,0
153.407628731535,-28.0888082187632,0
153.407630838921,-28.0888154107131,0
153.407630838921,-28.0888154107131,0
153.407630838921,-28.0888154107131,0
153.407630838921,-28.0888154107131,0
153.407630838921,-28.0888154107131,0
153.407630838921,-28.0888154107131,0
153.407632006181,-28.088819652927,0
153.407632006181,-28.088819652927,0
153.407632006181,-28.088819652927,0
153.407632006181,-28.088819652927,0
153.407632006181,-28.088819652927,0
153.407633334132,-28.0888249490121,0
153.407633334132,-28.0888249490121,0
153.407633334132,-28.0888249490121,0
153.407633334132,-28.0888249490121,0
153.40763455076,-28.0888292910822,0
153.40763455076,-28.0888292910822,0
153.40763455076,-28.0888292910822,0
153.40763455076,-28.0888292910822,0
153.40763455076,-28.0888292910822,0
153.40763455076,-28.0888292910822,0
153.407635309142,-28.0888317674432,0
153.407635309142,-28.0888317674432,0
153.407635309142,-28.0888317674432,0
153.407635309142,-28.0888317674432,0
153.407635309142,-28.0888317674432,0
153.407636354843,-28.0888352052895,0
153.407636354843,-28.0888352052895,0
153.407636354843,-28.0888352052895,0
153.407636354843,-28.0888352052895,0
153.407637263916,-28.0888381380287,0
153.407637263916,-28.0888381380287,0
153.407637263916,-28.0888381380287,0
153.407637263916,-28.0888381380287,0
153.407637263916,-28.0888381380287,0
153.407637720938,-28.088839873212,0
153.407637720938,-28.088839873212,0
153.407637720938,-28.088839873212,0
153.407637720938,-28.088839873212,0
153.407637720938,-28.088839873212,0
153.407638382136,-28.0888421672683,0
153.407638382136,-28.0888421672683,0
153.407638382136,-28.0888421672683,0
153.407638382136,-28.0888421672683,0
153.407638382136,-28.0888421672683,0
153.407639015523,-28.0888441357809,0
153.407639015523,-28.0888441357809,0
153.407639015523,-28.0888441357809,0
153.407639015523,-28.0888441357809,0
153.407639015523,-28.0888441357809,0
153.407639015523,-28.0888441357809,0
153.40763959389,-28.0888458172322,0
153.40763959389,-28.0888458172322,0
153.40763959389,-28.0888458172322,0
153.40763959389,-28.0888458172322,0
153.40763959389,-28.0888458172322,0
153.407639888045,-28.0888467824184,0
153.407639888045,-28.0888467824184,0
153.407639888045,-28.0888467824184,0
153.407639888045,-28.0888467824184,0
153.407640800924,-28.0888499180229,0
153.407640800924,-28.0888499180229,0
153.407640800924,-28.0888499180229,0
153.407640800924,-28.0888499180229,0
153.407640800924,-28.0888499180229,0
153.407641944644,-28.0888532889785,0
153.407641944644,-28.0888532889785,0
153.407641944644,-28.0888532889785,0
153.407641944644,-28.0888532889785,0
153.407641944644,-28.0888532889785,0
153.407641944644,-28.0888532889785,0
153.407643443775,-28.0888581832054,0
153.407643443775,-28.0888581832054,0
153.407643443775,-28.0888581832054,0
153.407643443775,-28.0888581832054,0
153.40764460111,-28.0888624522166,0
153.40764460111,-28.0888624522166,0
153.40764460111,-28.0888624522166,0
153.40764460111,-28.0888624522166,0
153.40764460111,-28.0888624522166,0
153.40764460111,-28.0888624522166,0
153.407645244149,-28.0888650211349,0
153.407645244149,-28.0888650211349,0
153.407645244149,-28.0888650211349,0
153.407645244149,-28.0888650211349,0
153.407645244149,-28.0888650211349,0
153.407646081654,-28.0888684150156,0
153.407646081654,-28.0888684150156,0
153.407646081654,-28.0888684150156,0
153.407646081654,-28.0888684150156,0
153.407646706554,-28.0888713121163,0
153.407646706554,-28.0888713121163,0
153.407646706554,-28.0888713121163,0
153.407646706554,-28.0888713121163,0
153.407646706554,-28.0888713121163,0
153.407646706554,-28.0888713121163,0
153.40764718727,-28.0888730175894,0
153.40764718727,-28.0888730175894,0
153.40764718727,-28.0888730175894,0
153.40764718727,-28.0888730175894,0
153.407647865617,-28.0888751580576,0
153.407647865617,-28.0888751580576,0
153.407647865617,-28.0888751580576,0
153.407647865617,-28.0888751580576,0
153.407647865617,-28.0888751580576,0
153.407647865617,-28.0888751580576,0
153.407648148721,-28.0888764478968,0
153.407648148721,-28.0888764478968,0
153.407648148721,-28.0888764478968,0
153.407648148721,-28.0888764478968,0
153.407648148721,-28.0888764478968,0
153.407648508579,-28.0888778601062,0
153.407648508579,-28.0888778601062,0
153.407648508579,-28.0888778601062,0
153.407648508579,-28.0888778601062,0
153.407648680457,-28.0888787341401,0
153.407648680457,-28.0888787341401,0
153.407648680457,-28.0888787341401,0
153.407648680457,-28.0888787341401,0
153.407648680457,-28.0888787341401,0
153.407649282867,-28.0888808514776,0
153.407649282867,-28.0888808514776,0
153.407649282867,-28.0888808514776,0
153.407649282867,-28.0888808514776,0
153.407649282867,-28.0888808514776,0
153.407650516955,-28.0888844456535,0
153.407650516955,-28.0888844456535,0
153.407650516955,-28.0888844456535,0
153.407650516955,-28.0888844456535,0
153.407650516955,-28.0888844456535,0
153.407650516955,-28.0888844456535,0
153.407651513016,-28.0888876900924,0
153.407651513016,-28.0888876900924,0
153.407651513016,-28.0888876900924,0
153.407651513016,-28.0888876900924,0
153.407651513016,-28.0888876900924,0
153.407651995829,-28.0888896534648,0
153.407651995829,-28.0888896534648,0
153.407651995829,-28.0888896534648,0
153.407651995829,-28.0888896534648,0
153.407652563883,-28.0888920512497,0
153.407652563883,-28.0888920512497,0
153.407652563883,-28.0888920512497,0
153.407652563883,-28.0888920512497,0
153.407652563883,-28.0888920512497,0
153.407653018244,-28.0888941282883,0
153.407653018244,-28.0888941282883,0
153.407653018244,-28.0888941282883,0
153.407653018244,-28.0888941282883,0
153.407653018244,-28.0888941282883,0
153.407653389832,-28.0888953766292,0
153.407653389832,-28.0888953766292,0
153.407653389832,-28.0888953766292,0
153.407653389832,-28.0888953766292,0
153.407653389832,-28.0888953766292,0
153.407653389832,-28.0888953766292,0
153.407653882997,-28.0888970852891,0
153.407653882997,-28.0888970852891,0
153.407653882997,-28.0888970852891,0
153.407653882997,-28.0888970852891,0
153.407654118597,-28.0888983358574,0
153.407654118597,-28.0888983358574,0
153.407654118597,-28.0888983358574,0
153.407654118597,-28.0888983358574,0
153.407654118597,-28.0888983358574,0
153.407654118597,-28.0888983358574,0
153.40765540151,-28.0889026327284,0
153.40765540151,-28.0889026327284,0
153.40765540151,-28.0889026327284,0
153.40765540151,-28.0889026327284,0
153.40765698489,-28.0889072942427,0
153.40765698489,-28.0889072942427,0
153.40765698489,-28.0889072942427,0
153.40765698489,-28.0889072942427,0
153.40765698489,-28.0889072942427,0
153.40765698489,-28.0889072942427,0
153.407658918514,-28.0889140072319,0
153.407658918514,-28.0889140072319,0
153.407658918514,-28.0889140072319,0
153.407658918514,-28.0889140072319,0
153.407659931995,-28.0889179228396,0
153.407659931995,-28.0889179228396,0
153.407659931995,-28.0889179228396,0
153.407659931995,-28.0889179228396,0
153.407659931995,-28.0889179228396,0
153.407659931995,-28.0889179228396,0
153.40766127694,-28.0889229096922,0
153.40766127694,-28.0889229096922,0
153.40766127694,-28.0889229096922,0
153.40766127694,-28.0889229096922,0
153.40766127694,-28.0889229096922,0
153.407662431362,-28.0889272053981,0
153.407662431362,-28.0889272053981,0
153.407662431362,-28.0889272053981,0
153.407662431362,-28.0889272053981,0
153.407663196678,-28.0889297738023,0
153.407663196678,-28.0889297738023,0
153.407663196678,-28.0889297738023,0
153.407663196678,-28.0889297738023,0
153.407663196678,-28.0889297738023,0
153.407663196678,-28.0889297738023,0
153.407664248361,-28.0889332791219,0
153.407664248361,-28.0889332791219,0
153.407664248361,-28.0889332791219,0
153.407664248361,-28.0889332791219,0
153.407665071921,-28.0889360669427,0
153.407665071921,-28.0889360669427,0
153.407665071921,-28.0889360669427,0
153.407665071921,-28.0889360669427,0
153.407665071921,-28.0889360669427,0
153.407665071921,-28.0889360669427,0
153.407665472019,-28.0889376709488,0
153.407665472019,-28.0889376709488,0
153.407665472019,-28.0889376709488,0
153.407665472019,-28.0889376709488,0
153.407666145939,-28.0889395981687,0
153.407666145939,-28.0889395981687,0
153.407666145939,-28.0889395981687,0
153.407666145939,-28.0889395981687,0
153.407666145939,-28.0889395981687,0
153.407666901505,-28.088941257997,0
153.407666901505,-28.088941257997,0
153.407666901505,-28.088941257997,0
153.407666901505,-28.088941257997,0
153.407666901505,-28.088941257997,0
153.407666901505,-28.088941257997,0
153.407667354332,-28.0889422686566,0
153.407667354332,-28.0889422686566,0
153.407667354332,-28.0889422686566,0
153.407667354332,-28.0889422686566,0
153.407667811063,-28.0889435653836,0
153.407667811063,-28.0889435653836,0
153.407667811063,-28.0889435653836,0
153.407667811063,-28.0889435653836,0
153.407667811063,-28.0889435653836,0
153.407667811063,-28.0889435653836,0
153.407668061637,-28.0889448158491,0
153.407668061637,-28.0889448158491,0
153.407668061637,-28.0889448158491,0
153.407668061637,-28.0889448158491,0
153.407668061637,-28.0889448158491,0
153.407668208345,-28.0889455207373,0
153.407668208345,-28.0889455207373,0
153.407668208345,-28.0889455207373,0
153.407668208345,-28.0889455207373,0
153.407668961173,-28.0889483672245,0
153.407668961173,-28.0889483672245,0
153.407668961173,-28.0889483672245,0
153.407668961173,-28.0889483672245,0
153.407668961173,-28.0889483672245,0
153.407670892855,-28.0889544897113,0
153.407670892855,-28.0889544897113,0
153.407670892855,-28.0889544897113,0
153.407670892855,-28.0889544897113,0
153.407670892855,-28.0889544897113,0
153.407670892855,-28.0889544897113,0
153.407671975437,-28.0889584808795,0
153.407671975437,-28.0889584808795,0
153.407671975437,-28.0889584808795,0
153.407671975437,-28.0889584808795,0
153.407673061729,-28.0889636764914,0
153.407673061729,-28.0889636764914,0
153.407673061729,-28.0889636764914,0
153.407673061729,-28.0889636764914,0
153.407673061729,-28.0889636764914,0
153.407673061729,-28.0889636764914,0
153.407673768256,-28.0889668384136,0
153.407673768256,-28.0889668384136,0
153.407673768256,-28.0889668384136,0
153.407673768256,-28.0889668384136,0
153.407673768256,-28.0889668384136,0
153.407674885933,-28.0889709260797,0
153.407674885933,-28.0889709260797,0
153.407674885933,-28.0889709260797,0
153.407674885933,-28.0889709260797,0
153.407675774827,-28.088974385172,0
153.407675774827,-28.088974385172,0
153.407675774827,-28.088974385172,0
153.407675774827,-28.088974385172,0
153.407675774827,-28.088974385172,0
153.407675774827,-28.088974385172,0
153.407676610254,-28.0889775426394,0
153.407676610254,-28.0889775426394,0
153.407676610254,-28.0889775426394,0
153.407676610254,-28.0889775426394,0
153.407676610254,-28.0889775426394,0
153.407677246884,-28.088979524482,0
153.407677246884,-28.088979524482,0
153.407677246884,-28.088979524482,0
153.407677246884,-28.088979524482,0
153.407677246884,-28.088979524482,0
153.407677994604,-28.0889820063601,0
153.407677994604,-28.0889820063601,0
153.407677994604,-28.0889820063601,0
153.407677994604,-28.0889820063601,0
153.407678517969,-28.0889841279125,0
153.407678517969,-28.0889841279125,0
153.407678517969,-28.0889841279125,0
153.407678517969,-28.0889841279125,0
153.407678517969,-28.0889841279125,0
153.407678884682,-28.0889853140574,0
153.407678884682,-28.0889853140574,0
153.407678884682,-28.0889853140574,0
153.407678884682,-28.0889853140574,0
153.407678884682,-28.0889853140574,0
153.407678884682,-28.0889853140574,0
153.407679462855,-28.0889868747491,0
153.407679462855,-28.0889868747491,0
153.407679462855,-28.0889868747491,0
153.407679462855,-28.0889868747491,0
153.407679462855,-28.0889868747491,0
153.407679773751,-28.0889878642997,0
153.407679773751,-28.0889878642997,0
153.407679773751,-28.0889878642997,0
153.407679773751,-28.0889878642997,0
153.407679773751,-28.0889878642997,0
153.407679704106,-28.0889884264283,0
153.407679704106,-28.0889884264283,0
153.407679704106,-28.0889884264283,0
153.407679704106,-28.0889884264283,0
153.407679578994,-28.0889883956902,0
153.407679578994,-28.0889883956902,0
153.407679578994,-28.0889883956902,0
153.407679578994,-28.0889883956902,0
153.407679578994,-28.0889883956902,0
153.407679578994,-28.0889883956902,0
153.407679587559,-28.0889883060114,0
153.407679587559,-28.0889883060114,0
153.407679587559,-28.0889883060114,0
153.407679587559,-28.0889883060114,0
153.407679587559,-28.0889883060114,0
153.407679518458,-28.088988139607,0
153.407679518458,-28.088988139607,0
153.407679518458,-28.088988139607,0
153.407679518458,-28.088988139607,0
153.407679613564,-28.088988404497,0
153.407679613564,-28.088988404497,0
153.407679613564,-28.088988404497,0
153.407679613564,-28.088988404497,0
153.407679613564,-28.088988404497,0
153.407680070858,-28.0889905386599,0
153.407680070858,-28.0889905386599,0
153.407680070858,-28.0889905386599,0
153.407680070858,-28.0889905386599,0
153.407680070858,-28.0889905386599,0
153.407680689485,-28.0889940332194,0
153.407680689485,-28.0889940332194,0
153.407680689485,-28.0889940332194,0
153.407680689485,-28.0889940332194,0
153.407680689485,-28.0889940332194,0
153.407680689485,-28.0889940332194,0
153.407681271192,-28.0889973163809,0
153.407681271192,-28.0889973163809,0
153.407681271192,-28.0889973163809,0
153.407681271192,-28.0889973163809,0
153.407681271192,-28.0889973163809,0
153.407681567483,-28.0889991295233,0
153.407681567483,-28.0889991295233,0
153.407681567483,-28.0889991295233,0
153.407681567483,-28.0889991295233,0
153.407682029691,-28.0890012777361,0
153.407682029691,-28.0890012777361,0
153.407682029691,-28.0890012777361,0
153.407682029691,-28.0890012777361,0
153.407682029691,-28.0890012777361,0
153.407682029691,-28.0890012777361,0
153.407682628682,-28.0890035450293,0
153.407682628682,-28.0890035450293,0
153.407682628682,-28.0890035450293,0
153.407682628682,-28.0890035450293,0
153.407682628682,-28.0890035450293,0
153.40768287576,-28.0890048723574,0
153.40768287576,-28.0890048723574,0
153.40768287576,-28.0890048723574,0
153.40768287576,-28.0890048723574,0
153.407683290988,-28.0890064522048,0
153.407683290988,-28.0890064522048,0
153.407683290988,-28.0890064522048,0
153.407683290988,-28.0890064522048,0
153.407683290988,-28.0890064522048,0
153.407683290988,-28.0890064522048,0
153.407683900836,-28.089007933361,0
153.407683900836,-28.089007933361,0
153.407683900836,-28.089007933361,0
153.407683900836,-28.089007933361,0
153.407683900836,-28.089007933361,0
153.407684177939,-28.0890086718316,0
153.407684177939,-28.0890086718316,0
153.407684177939,-28.0890086718316,0
153.407684177939,-28.0890086718316,0
153.407685125408,-28.0890120818525,0
153.407685125408,-28.0890120818525,0
153.407685125408,-28.0890120818525,0
153.407685125408,-28.0890120818525,0
153.407685125408,-28.0890120818525,0
153.407686603951,-28.0890170235059,0
153.407686603951,-28.0890170235059,0
153.407686603951,-28.0890170235059,0
153.407686603951,-28.0890170235059,0
153.407686603951,-28.0890170235059,0
153.407686603951,-28.0890170235059,0
153.407688554394,-28.0890244136264,0
153.407688554394,-28.0890244136264,0
153.407688554394,-28.0890244136264,0
153.407688554394,-28.0890244136264,0
153.407688554394,-28.0890244136264,0
153.407690289688,-28.089031076893,0
153.407690289688,-28.089031076893,0
153.407690289688,-28.089031076893,0
153.407690289688,-28.089031076893,0
153.407691210024,-28.089034903096,0
153.407691210024,-28.089034903096,0
153.407691210024,-28.089034903096,0
153.407691210024,-28.089034903096,0
153.407691210024,-28.089034903096,0
153.407692168951,-28.0890398128462,0
153.407692168951,-28.0890398128462,0
153.407692168951,-28.0890398128462,0
153.407692168951,-28.0890398128462,0
153.407692168951,-28.0890398128462,0
153.407693579734,-28.0890440501255,0
153.407693579734,-28.0890440501255,0
153.407693579734,-28.0890440501255,0
153.407693579734,-28.0890440501255,0
153.407693579734,-28.0890440501255,0
153.407693579734,-28.0890440501255,0
153.407694613142,-28.0890465652776,0
153.407694613142,-28.0890465652776,0
153.407694613142,-28.0890465652776,0
153.407694613142,-28.0890465652776,0
153.407695856824,-28.089049814377,0
153.407695856824,-28.089049814377,0
153.407695856824,-28.089049814377,0
153.407695856824,-28.089049814377,0
153.407695856824,-28.089049814377,0
153.407696938804,-28.0890526651477,0
153.407696938804,-28.0890526651477,0
153.407696938804,-28.0890526651477,0
153.407696938804,-28.0890526651477,0
153.407696938804,-28.0890526651477,0
153.407697563238,-28.0890540963414,0
153.407697563238,-28.0890540963414,0
153.407697563238,-28.0890540963414,0
153.407697563238,-28.0890540963414,0
153.407697563238,-28.0890540963414,0
153.407698175145,-28.0890546882488,0
153.407698175145,-28.0890546882488,0
153.407698175145,-28.0890546882488,0
153.407698175145,-28.0890546882488,0
153.407698175145,-28.0890546882488,0
153.407698557162,-28.0890546858843,0
153.407698557162,-28.0890546858843,0
153.407698557162,-28.0890546858843,0
153.407698557162,-28.0890546858843,0
153.407698557162,-28.0890546858843,0
153.407698557162,-28.0890546858843,0
153.407698714474,-28.0890545756791,0
153.407698714474,-28.0890545756791,0
153.407698714474,-28.0890545756791,0
153.407698714474,-28.0890545756791,0
153.407698714474,-28.0890545756791,0
153.407698705385,-28.0890545176295,0
153.407698705385,-28.0890545176295,0
153.407698705385,-28.0890545176295,0
153.407698705385,-28.0890545176295,0
153.407698768349,-28.0890544451874,0
153.407698768349,-28.0890544451874,0
153.407698768349,-28.0890544451874,0
153.407698768349,-28.0890544451874,0
153.407698768349,-28.0890544451874,0
153.407698768349,-28.0890544451874,0
153.407698761338,-28.0890544226735,0
153.407698761338,-28.0890544226735,0
153.407698761338,-28.0890544226735,0
153.407698761338,-28.0890544226735,0
153.407699048035,-28.0890543061973,0
153.407699048035,-28.0890543061973,0
153.407699048035,-28.0890543061973,0
153.407699048035,-28.0890543061973,0
153.407699048035,-28.0890543061973,0
153.407699048035,-28.0890543061973,0
153.407699228479,-28.0890543759322,0
153.407699228479,-28.0890543759322,0
153.407699228479,-28.0890543759322,0
153.407699228479,-28.0890543759322,0
153.407699193443,-28.08905444834,0
153.407699193443,-28.08905444834,0
153.407699193443,-28.08905444834,0
153.407699193443,-28.08905444834,0
153.407699193443,-28.08905444834,0
153.407699140209,-28.0890545441527,0
153.407699140209,-28.0890545441527,0
153.407699140209,-28.0890545441527,0
153.407699140209,-28.0890545441527,0
153.407699140209,-28.0890545441527,0
153.407699140209,-28.0890545441527,0
153.407699270137,-28.0890547527064,0
153.407699270137,-28.0890547527064,0
153.407699270137,-28.0890547527064,0
153.407699270137,-28.0890547527064,0
153.407699270137,-28.0890547527064,0
153.407699231722,-28.0890548730549,0
153.407699231722,-28.0890548730549,0
153.407699231722,-28.0890548730549,0
153.407699231722,-28.0890548730549,0
153.407699231722,-28.0890548730549,0
153.407699412903,-28.0890549592383,0
153.407699412903,-28.0890549592383,0
153.407699412903,-28.0890549592383,0
153.407699412903,-28.0890549592383,0
153.407699664914,-28.0890549376154,0
153.407699664914,-28.0890549376154,0
153.407699664914,-28.0890549376154,0
153.407699664914,-28.0890549376154,0
153.407699664914,-28.0890549376154,0
153.407699664914,-28.0890549376154,0
153.407699990862,-28.089054975961,0
153.407699990862,-28.089054975961,0
153.407699990862,-28.089054975961,0
153.407699990862,-28.089054975961,0
153.407700232152,-28.0890550126275,0
153.407700232152,-28.0890550126275,0
153.407700232152,-28.0890550126275,0
153.407700232152,-28.0890550126275,0
153.407700232152,-28.0890550126275,0
153.407700232152,-28.0890550126275,0
153.407699768896,-28.089053659907,0
153.407699768896,-28.089053659907,0
153.407699768896,-28.089053659907,0
153.407699768896,-28.089053659907,0
153.407697781824,-28.0890466023896,0
153.407697781824,-28.0890466023896,0
153.407697781824,-28.0890466023896,0
153.407697781824,-28.0890466023896,0
153.407697781824,-28.0890466023896,0
153.407697781824,-28.0890466023896,0
153.407692320923,-28.0890282577857,0
153.407692320923,-28.0890282577857,0
153.407692320923,-28.0890282577857,0
153.407692320923,-28.0890282577857,0
153.407692320923,-28.0890282577857,0
153.40768621671,-28.0890080196815,0
153.40768621671,-28.0890080196815,0
153.40768621671,-28.0890080196815,0
153.40768621671,-28.0890080196815,0
153.407682165601,-28.0889943452275,0
153.407682165601,-28.0889943452275,0
153.407682165601,-28.0889943452275,0
153.407682165601,-28.0889943452275,0
153.407682165601,-28.0889943452275,0
153.407675965039,-28.088973755296,0
153.407675965039,-28.088973755296,0
153.407675965039,-28.088973755296,0
153.407675965039,-28.088973755296,0
153.407675965039,-28.088973755296,0
153.407675965039,-28.088973755296,0
153.40767184178,-28.0889599996959,0
153.40767184178,-28.0889599996959,0
153.40767184178,-28.0889599996959,0
153.40767184178,-28.0889599996959,0
153.407665658095,-28.0889393061044,0
153.407665658095,-28.0889393061044,0
153.407665658095,-28.0889393061044,0
153.407665658095,-28.0889393061044,0
153.407665658095,-28.0889393061044,0
153.407659825605,-28.0889188258641,0
153.407659825605,-28.0889188258641,0
153.407659825605,-28.0889188258641,0
153.407659825605,-28.0889188258641,0
153.407659825605,-28.0889188258641,0
153.407659825605,-28.0889188258641,0
153.407656419536,-28.0889060592663,0
153.407656419536,-28.0889060592663,0
153.407656419536,-28.0889060592663,0
153.407656419536,-28.0889060592663,0
153.407651559141,-28.0888891176195,0
153.407651559141,-28.0888891176195,0
153.407651559141,-28.0888891176195,0
153.407651559141,-28.0888891176195,0
153.407651559141,-28.0888891176195,0
153.407647182473,-28.0888741460616,0
153.407647182473,-28.0888741460616,0
153.407647182473,-28.0888741460616,0
153.407647182473,-28.0888741460616,0
153.407647182473,-28.0888741460616,0
153.407647182473,-28.0888741460616,0
153.407644002059,-28.0888654159682,0
153.407644002059,-28.0888654159682,0
153.407644002059,-28.0888654159682,0
153.407644002059,-28.0888654159682,0
153.407644002059,-28.0888654159682,0
153.40763976536,-28.0888542535822,0
153.40763976536,-28.0888542535822,0
153.40763976536,-28.0888542535822,0
153.40763976536,-28.0888542535822,0
153.40763976536,-28.0888542535822,0
153.407636207319,-28.0888449869239,0
153.407636207319,-28.0888449869239,0
153.407636207319,-28.0888449869239,0
153.407636207319,-28.0888449869239,0
153.407636207319,-28.0888449869239,0
153.407633875326,-28.0888395724094,0
153.407633875326,-28.0888395724094,0
153.407633875326,-28.0888395724094,0
153.407633875326,-28.0888395724094,0
153.407633875326,-28.0888395724094,0
153.407631420997,-28.0888322506531,0
153.407631420997,-28.0888322506531,0
153.407631420997,-28.0888322506531,0
153.407631420997,-28.0888322506531,0
153.407631420997,-28.0888322506531,0
153.407629199996,-28.0888261882377,0
153.407629199996,-28.0888261882377,0
153.407629199996,-28.0888261882377,0
153.407629199996,-28.0888261882377,0
153.407629199996,-28.0888261882377,0
153.407627823861,-28.0888226186318,0
153.407627823861,-28.0888226186318,0
153.407627823861,-28.0888226186318,0
153.407627823861,-28.0888226186318,0
153.407627823861,-28.0888226186318,0
153.407625810299,-28.088817988027,0
153.407625810299,-28.088817988027,0
153.407625810299,-28.088817988027,0
153.407625810299,-28.088817988027,0
153.407624039542,-28.0888138591367,0
153.407624039542,-28.0888138591367,0
153.407624039542,-28.0888138591367,0
153.407624039542,-28.0888138591367,0
153.407624039542,-28.0888138591367,0
153.407623015166,-28.0888114455543,0
153.407623015166,-28.0888114455543,0
153.407623015166,-28.0888114455543,0
153.407623015166,-28.0888114455543,0
153.407623015166,-28.0888114455543,0
153.407621794207,-28.0888082102991,0
153.407621794207,-28.0888082102991,0
153.407621794207,-28.0888082102991,0
153.407621794207,-28.0888082102991,0
153.407621794207,-28.0888082102991,0
153.407621794207,-28.0888082102991,0
153.407621063616,-28.0888061937774,0
153.407621063616,-28.0888061937774,0
153.407621063616,-28.0888061937774,0
153.407621063616,-28.0888061937774,0
153.407620225237,-28.0888033802215,0
153.407620225237,-28.0888033802215,0
153.407620225237,-28.0888033802215,0
153.407620225237,-28.0888033802215,0
153.407620225237,-28.0888033802215,0
153.407619274312,-28.0888008902562,0
153.407619274312,-28.0888008902562,0
153.407619274312,-28.0888008902562,0
153.407619274312,-28.0888008902562,0
153.407619274312,-28.0888008902562,0
153.407619274312,-28.0888008902562,0
153.40761877668,-28.08879954295,0
153.40761877668,-28.08879954295,0
153.40761877668,-28.08879954295,0
153.40761877668,-28.08879954295,0
153.40761877668,-28.08879954295,0
153.407618237078,-28.0887976477363,0
153.407618237078,-28.0887976477363,0
153.407618237078,-28.0887976477363,0
153.407618237078,-28.0887976477363,0
153.407618232767,-28.0887958552573,0
153.407618232767,-28.0887958552573,0
153.407618232767,-28.0887958552573,0
153.407618232767,-28.0887958552573,0
153.407618232767,-28.0887958552573,0
153.407618232767,-28.0887958552573,0
153.407618199867,-28.088794853336,0
153.407618199867,-28.088794853336,0
153.407618199867,-28.088794853336,0
153.407618199867,-28.088794853336,0
153.407618147196,-28.08879341289,0
153.407618147196,-28.08879341289,0
153.407618147196,-28.08879341289,0
153.407618147196,-28.08879341289,0
153.407618147196,-28.08879341289,0
153.407618147196,-28.08879341289,0
153.407618091904,-28.0887919316996,0
153.407618091904,-28.0887919316996,0
153.407618091904,-28.0887919316996,0
153.407618091904,-28.0887919316996,0
153.407618091904,-28.0887919316996,0
153.407618018336,-28.0887909421489,0
153.407618018336,-28.0887909421489,0
153.407618018336,-28.0887909421489,0
153.407618018336,-28.0887909421489,0
153.407618018336,-28.0887909421489,0
153.4076181887,-28.0887895484613,0
153.4076181887,-28.0887895484613,0
153.4076181887,-28.0887895484613,0
153.4076181887,-28.0887895484613,0
153.4076181887,-28.0887895484613,0
153.407618190467,-28.0887883430922,0
153.407618190467,-28.0887883430922,0
153.407618190467,-28.0887883430922,0
153.407618190467,-28.0887883430922,0
153.407618084602,-28.0887876264673,0
153.407618084602,-28.0887876264673,0
153.407618084602,-28.0887876264673,0
153.407618084602,-28.0887876264673,0
153.407618084602,-28.0887876264673,0
153.407618084602,-28.0887876264673,0
153.407617924609,-28.088786645278,0
153.407617924609,-28.088786645278,0
153.407617924609,-28.088786645278,0
153.407617924609,-28.088786645278,0
153.407617924609,-28.088786645278,0
153.407617741408,-28.0887857290947,0
153.407617741408,-28.0887857290947,0
153.407617741408,-28.0887857290947,0
153.407617741408,-28.0887857290947,0
153.407617741408,-28.0887857290947,0
153.407617793709,-28.0887852742756,0
153.407617793709,-28.0887852742756,0
153.407617793709,-28.0887852742756,0
153.407617793709,-28.0887852742756,0
153.407617793709,-28.0887852742756,0
153.407618904006,-28.0887880230654,0
153.407618904006,-28.0887880230654,0
153.407618904006,-28.0887880230654,0
153.407618904006,-28.0887880230654,0
153.407619993191,-28.0887916201712,0
153.407619993191,-28.0887916201712,0
153.407619993191,-28.0887916201712,0
153.407619993191,-28.0887916201712,0
153.407619993191,-28.0887916201712,0
153.407619993191,-28.0887916201712,0
153.407621487641,-28.0887974545345,0
153.407621487641,-28.0887974545345,0
153.407621487641,-28.0887974545345,0
153.407621487641,-28.0887974545345,0
153.407621487641,-28.0887974545345,0
153.407622217028,-28.0888027911927,0
153.407622217028,-28.0888027911927,0
153.407622217028,-28.0888027911927,0
153.407622217028,-28.0888027911927,0
153.407622559522,-28.0888058471588,0
153.407622559522,-28.0888058471588,0
153.407622559522,-28.0888058471588,0
153.407622559522,-28.0888058471588,0
153.407622559522,-28.0888058471588,0
153.407623266031,-28.0888101808334,0
153.407623266031,-28.0888101808334,0
153.407623266031,-28.0888101808334,0
153.407623266031,-28.0888101808334,0
153.407623266031,-28.0888101808334,0
153.407624002195,-28.0888141233413,0
153.407624002195,-28.0888141233413,0
153.407624002195,-28.0888141233413,0
153.407624002195,-28.0888141233413,0
153.407624002195,-28.0888141233413,0
153.407624651139,-28.0888163811766,0
153.407624651139,-28.0888163811766,0
153.407624651139,-28.0888163811766,0
153.407624651139,-28.0888163811766,0
153.407624651139,-28.0888163811766,0
153.407625663688,-28.0888191028606,0
153.407625663688,-28.0888191028606,0
153.407625663688,-28.0888191028606,0
153.407625663688,-28.0888191028606,0
153.407625663688,-28.0888191028606,0
153.407626426032,-28.0888212275657,0
153.407626426032,-28.0888212275657,0
153.407626426032,-28.0888212275657,0
153.407626426032,-28.0888212275657,0
153.407626426032,-28.0888212275657,0
153.407626426032,-28.0888212275657,0
153.407626895057,-28.0888222290757,0
153.407626895057,-28.0888222290757,0
153.407626895057,-28.0888222290757,0
153.407626895057,-28.0888222290757,0
153.407627238697,-28.0888197010389,0
153.407627238697,-28.0888197010389,0
153.407627238697,-28.0888197010389,0
153.407627238697,-28.0888197010389,0
153.407627238697,-28.0888197010389,0
153.407627051767,-28.0888133513225,0
153.407627051767,-28.0888133513225,0
153.407627051767,-28.0888133513225,0
153.407627051767,-28.0888133513225,0
153.407627051767,-28.0888133513225,0
153.40762693421,-28.0888086247336,0
153.40762693421,-28.0888086247336,0
153.40762693421,-28.0888086247336,0
153.40762693421,-28.0888086247336,0
153.40762693421,-28.0888086247336,0
153.40762693421,-28.0888086247336,0
153.407626810807,-28.0888027516819,0
153.407626810807,-28.0888027516819,0
153.407626810807,-28.0888027516819,0
153.407626810807,-28.0888027516819,0
153.40762585221,-28.0887972910087,0
153.40762585221,-28.0887972910087,0
153.40762585221,-28.0887972910087,0
153.40762585221,-28.0887972910087,0
153.40762585221,-28.0887972910087,0
153.40762585221,-28.0887972910087,0
153.407624920182,-28.0887936837082,0
153.407624920182,-28.0887936837082,0
153.407624920182,-28.0887936837082,0
153.407624920182,-28.0887936837082,0
153.407623482617,-28.0887888992411,0
153.407623482617,-28.0887888992411,0
153.407623482617,-28.0887888992411,0
153.407623482617,-28.0887888992411,0
153.407623482617,-28.0887888992411,0
153.407621716075,-28.0887847441531,0
153.407621716075,-28.0887847441531,0
153.407621716075,-28.0887847441531,0
153.407621716075,-28.0887847441531,0
153.407621716075,-28.0887847441531,0
153.407620399835,-28.0887823442435,0
153.407620399835,-28.0887823442435,0
153.407620399835,-28.0887823442435,0
153.407620399835,-28.0887823442435,0
153.407620399835,-28.0887823442435,0
153.407620399835,-28.0887823442435,0
153.40761866155,-28.0887791934584,0
153.40761866155,-28.0887791934584,0
153.40761866155,-28.0887791934584,0
153.40761866155,-28.0887791934584,0
153.407617093416,-28.0887767597951,0
153.407617093416,-28.0887767597951,0
153.407617093416,-28.0887767597951,0
153.407617093416,-28.0887767597951,0
153.407617093416,-28.0887767597951,0
153.407615901841,-28.088775384098,0
153.407615901841,-28.088775384098,0
153.407615901841,-28.088775384098,0
153.407615901841,-28.088775384098,0
153.407615901841,-28.088775384098,0
153.407614245864,-28.0887732717636,0
153.407614245864,-28.0887732717636,0
153.407614245864,-28.0887732717636,0
153.407614245864,-28.0887732717636,0
153.407614245864,-28.0887732717636,0
153.407614245864,-28.0887732717636,0
153.407613073128,-28.0887718958438,0
153.407613073128,-28.0887718958438,0
153.407613073128,-28.0887718958438,0
153.407613073128,-28.0887718958438,0
153.407613073128,-28.0887718958438,0
153.407611752596,-28.0887700652591,0
153.407611752596,-28.0887700652591,0
153.407611752596,-28.0887700652591,0
153.407611752596,-28.0887700652591,0
153.407610679297,-28.0887686805324,0
153.407610679297,-28.0887686805324,0
153.407610679297,-28.0887686805324,0
153.407610679297,-28.0887686805324,0
153.407610679297,-28.0887686805324,0
153.407610129131,-28.0887679241398,0
153.407610129131,-28.0887679241398,0
153.407610129131,-28.0887679241398,0
153.407610129131,-28.0887679241398,0
153.407610129131,-28.0887679241398,0
153.407610129131,-28.0887679241398,0
153.407609485081,-28.0887670544236,0
153.407609485081,-28.0887670544236,0
153.407609485081,-28.0887670544236,0
153.407609485081,-28.0887670544236,0
153.407609485081,-28.0887670544236,0
153.407608838896,-28.0887662919141,0
153.407608838896,-28.0887662919141,0
153.407608838896,-28.0887662919141,0
153.407608838896,-28.0887662919141,0
153.407608838896,-28.0887662919141,0
153.407608591177,-28.0887657722432,0
153.407608591177,-28.0887657722432,0
153.407608591177,-28.0887657722432,0
153.407608591177,-28.0887657722432,0
153.407608591177,-28.0887657722432,0
153.407607494514,-28.088763043363,0
153.407607494514,-28.088763043363,0
153.407607494514,-28.088763043363,0
153.407607494514,-28.088763043363,0
153.407607494514,-28.088763043363,0
153.407604510645,-28.0887544468797,0
153.407604510645,-28.0887544468797,0
153.407604510645,-28.0887544468797,0
153.407604510645,-28.0887544468797,0
153.407604510645,-28.0887544468797,0
153.407602894909,-28.0887477281678,0
153.407602894909,-28.0887477281678,0
153.407602894909,-28.0887477281678,0
153.407602894909,-28.0887477281678,0
153.407600813741,-28.0887387186378,0
153.407600813741,-28.0887387186378,0
153.407600813741,-28.0887387186378,0
153.407600813741,-28.0887387186378,0
153.407600813741,-28.0887387186378,0
153.407598781982,-28.0887309008041,0
153.407598781982,-28.0887309008041,0
153.407598781982,-28.0887309008041,0
153.407598781982,-28.0887309008041,0
153.407598781982,-28.0887309008041,0
153.407597463217,-28.0887262879842,0
153.407597463217,-28.0887262879842,0
153.407597463217,-28.0887262879842,0
153.407597463217,-28.0887262879842,0
153.407597463217,-28.0887262879842,0
153.407597463217,-28.0887262879842,0
153.407595182923,-28.0887204355446,0
153.407595182923,-28.0887204355446,0
153.407595182923,-28.0887204355446,0
153.407595182923,-28.0887204355446,0
153.407593405407,-28.0887163611915,0
153.407593405407,-28.0887163611915,0
153.407593405407,-28.0887163611915,0
153.407593405407,-28.0887163611915,0
153.407593405407,-28.0887163611915,0
153.407593405407,-28.0887163611915,0
153.407592111948,-28.0887143785778,0
153.407592111948,-28.0887143785778,0
153.407592111948,-28.0887143785778,0
153.407592111948,-28.0887143785778,0
153.407590045755,-28.0887115698022,0
153.407590045755,-28.0887115698022,0
153.407590045755,-28.0887115698022,0
153.407590045755,-28.0887115698022,0
153.407590045755,-28.0887115698022,0
153.407590045755,-28.0887115698022,0
153.407588360102,-28.0887090156362,0
153.407588360102,-28.0887090156362,0
153.407588360102,-28.0887090156362,0
153.407588360102,-28.0887090156362,0
153.407587495155,-28.0887071080518,0
153.407587495155,-28.0887071080518,0
153.407587495155,-28.0887071080518,0
153.407587495155,-28.0887071080518,0
153.407587495155,-28.0887071080518,0
153.407587495155,-28.0887071080518,0
153.407586359242,-28.0887044978238,0
153.407586359242,-28.0887044978238,0
153.407586359242,-28.0887044978238,0
153.407586359242,-28.0887044978238,0
153.407586359242,-28.0887044978238,0
153.407585391051,-28.0887020290531,0
153.407585391051,-28.0887020290531,0
153.407585391051,-28.0887020290531,0
153.407585391051,-28.0887020290531,0
153.407584910879,-28.0887005091915,0
153.407584910879,-28.0887005091915,0
153.407584910879,-28.0887005091915,0
153.407584910879,-28.0887005091915,0
153.407584910879,-28.0887005091915,0
153.407584910879,-28.0887005091915,0
153.407584449545,-28.0886984631653,0
153.407584449545,-28.0886984631653,0
153.407584449545,-28.0886984631653,0
153.407584449545,-28.0886984631653,0
153.407584449545,-28.0886984631653,0
153.407584234318,-28.0886966609714,0
153.407584234318,-28.0886966609714,0
153.407584234318,-28.0886966609714,0
153.407584234318,-28.0886966609714,0
153.407584025228,-28.08869574669,0
153.407584025228,-28.08869574669,0
153.407584025228,-28.08869574669,0
153.407584025228,-28.08869574669,0
153.407584025228,-28.08869574669,0
153.407584025228,-28.08869574669,0
153.407583593299,-28.0886946197941,0
153.407583593299,-28.0886946197941,0
153.407583593299,-28.0886946197941,0
153.407583593299,-28.0886946197941,0
153.407583111456,-28.088694053896,0
153.407583111456,-28.088694053896,0
153.407583111456,-28.088694053896,0
153.407583111456,-28.088694053896,0
153.407583111456,-28.088694053896,0
153.407582655444,-28.0886935287766,0
153.407582655444,-28.0886935287766,0
153.407582655444,-28.0886935287766,0
153.407582655444,-28.0886935287766,0
153.407582655444,-28.0886935287766,0
153.407582140352,-28.0886923394277,0
153.407582140352,-28.0886923394277,0
153.407582140352,-28.0886923394277,0
153.407582140352,-28.0886923394277,0
153.407582140352,-28.0886923394277,0
153.407581683174,-28.0886910917207,0
153.407581683174,-28.0886910917207,0
153.407581683174,-28.0886910917207,0
153.407581683174,-28.0886910917207,0
153.407581683174,-28.0886910917207,0
153.407581286358,-28.0886902221245,0
153.407581286358,-28.0886902221245,0
153.407581286358,-28.0886902221245,0
153.407581286358,-28.0886902221245,0
153.407581286358,-28.0886902221245,0
153.407581286358,-28.0886902221245,0
153.407581149865,-28.0886889728584,0
153.407581149865,-28.0886889728584,0
153.407581149865,-28.0886889728584,0
153.407581149865,-28.0886889728584,0
153.407581149865,-28.0886889728584,0
153.40758096179,-28.088688129991,0
153.40758096179,-28.088688129991,0
153.40758096179,-28.088688129991,0
153.40758096179,-28.088688129991,0
153.407580610963,-28.0886869863039,0
153.407580610963,-28.0886869863039,0
153.407580610963,-28.0886869863039,0
153.407580610963,-28.0886869863039,0
153.407580610963,-28.0886869863039,0
153.407580557088,-28.0886860938167,0
153.407580557088,-28.0886860938167,0
153.407580557088,-28.0886860938167,0
153.407580557088,-28.0886860938167,0
153.407580557088,-28.0886860938167,0
153.407580557088,-28.0886860938167,0
153.407576830024,-28.0886792468577,0
153.407576830024,-28.0886792468577,0
153.407576830024,-28.0886792468577,0
153.407576830024,-28.0886792468577,0
153.407576830024,-28.0886792468577,0
153.407573509486,-28.0886679591201,0
153.407573509486,-28.0886679591201,0
153.407573509486,-28.0886679591201,0
153.407573509486,-28.0886679591201,0
153.407573509486,-28.0886679591201,0
153.407569222116,-28.0886510864201,0
153.407569222116,-28.0886510864201,0
153.407569222116,-28.0886510864201,0
153.407569222116,-28.0886510864201,0
153.407569222116,-28.0886510864201,0
153.407564224782,-28.0886363394018,0
153.407564224782,-28.0886363394018,0
153.407564224782,-28.0886363394018,0
153.407564224782,-28.0886363394018,0
153.407561575638,-28.088627487041,0
153.407561575638,-28.088627487041,0
153.407561575638,-28.088627487041,0
153.407561575638,-28.088627487041,0
153.407561575638,-28.088627487041,0
153.407561575638,-28.088627487041,0
153.407557667373,-28.0886165439002,0
153.407557667373,-28.0886165439002,0
153.407557667373,-28.0886165439002,0
153.407557667373,-28.0886165439002,0
153.40755527494,-28.0886088293067,0
153.40755527494,-28.0886088293067,0
153.40755527494,-28.0886088293067,0
153.40755527494,-28.0886088293067,0
153.40755527494,-28.0886088293067,0
153.407552090701,-28.088598467219,0
153.407552090701,-28.088598467219,0
153.407552090701,-28.088598467219,0
153.407552090701,-28.088598467219,0
153.407552090701,-28.088598467219,0
153.407549299005,-28.0885897389589,0
153.407549299005,-28.0885897389589,0
153.407549299005,-28.0885897389589,0
153.407549299005,-28.0885897389589,0
153.407549299005,-28.0885897389589,0
153.407547546349,-28.0885847303291,0
153.407547546349,-28.0885847303291,0
153.407547546349,-28.0885847303291,0
153.407547546349,-28.0885847303291,0
153.407547546349,-28.0885847303291,0
153.407545102294,-28.088578449448,0
153.407545102294,-28.088578449448,0
153.407545102294,-28.088578449448,0
153.407545102294,-28.088578449448,0
153.407545102294,-28.088578449448,0
153.407542608327,-28.0885729510117,0
153.407542608327,-28.0885729510117,0
153.407542608327,-28.0885729510117,0
153.407542608327,-28.0885729510117,0
153.407542608327,-28.0885729510117,0
153.407542608327,-28.0885729510117,0
153.407541558567,-28.0885698535601,0
153.407541558567,-28.0885698535601,0
153.407541558567,-28.0885698535601,0
153.407541558567,-28.0885698535601,0
153.407541558567,-28.0885698535601,0
153.407540173517,-28.0885658433305,0
153.407540173517,-28.0885658433305,0
153.407540173517,-28.0885658433305,0
153.407540173517,-28.0885658433305,0
153.4075392787,-28.0885629206617,0
153.4075392787,-28.0885629206617,0
153.4075392787,-28.0885629206617,0
153.4075392787,-28.0885629206617,0
153.4075392787,-28.0885629206617,0
153.407538978486,-28.0885612031007,0
153.407538978486,-28.0885612031007,0
153.407538978486,-28.0885612031007,0
153.407538978486,-28.0885612031007,0
153.407538978486,-28.0885612031007,0
153.407538978486,-28.0885612031007,0
153.4075386914,-28.0885581607303,0
153.4075386914,-28.0885581607303,0
153.4075386914,-28.0885581607303,0
153.4075386914,-28.0885581607303,0
153.407538132066,-28.0885553046438,0
153.407538132066,-28.0885553046438,0
153.407538132066,-28.0885553046438,0
153.407538132066,-28.0885553046438,0
153.407538132066,-28.0885553046438,0
153.40753768425,-28.0885534993658,0
153.40753768425,-28.0885534993658,0
153.40753768425,-28.0885534993658,0
153.40753768425,-28.0885534993658,0
153.40753768425,-28.0885534993658,0
153.407536828897,-28.0885508442213,0
153.407536828897,-28.0885508442213,0
153.407536828897,-28.0885508442213,0
153.407536828897,-28.0885508442213,0
153.407536828897,-28.0885508442213,0
153.407535949267,-28.0885483411272,0
153.407535949267,-28.0885483411272,0
153.407535949267,-28.0885483411272,0
153.407535949267,-28.0885483411272,0
153.407535949267,-28.0885483411272,0
153.407535949267,-28.0885483411272,0
153.40753541557,-28.0885468576322,0
153.40753541557,-28.0885468576322,0
153.40753541557,-28.0885468576322,0
153.40753541557,-28.0885468576322,0
153.40753541557,-28.0885468576322,0
153.407534677249,-28.0885451532472,0
153.407534677249,-28.0885451532472,0
153.407534677249,-28.0885451532472,0
153.407534677249,-28.0885451532472,0
153.407534234832,-28.0885439850201,0
153.407534234832,-28.0885439850201,0
153.407534234832,-28.0885439850201,0
153.407534234832,-28.0885439850201,0
153.407534234832,-28.0885439850201,0
153.407533600571,-28.0885423279974,0
153.407533600571,-28.0885423279974,0
153.407533600571,-28.0885423279974,0
153.407533600571,-28.0885423279974,0
153.407533600571,-28.0885423279974,0
153.407533600571,-28.0885423279974,0
153.40753311399,-28.0885410748633,0
153.40753311399,-28.0885410748633,0
153.40753311399,-28.0885410748633,0
153.40753311399,-28.0885410748633,0
153.407532835216,-28.0885402616418,0
153.407532835216,-28.0885402616418,0
153.407532835216,-28.0885402616418,0
153.407532835216,-28.0885402616418,0
153.407532835216,-28.0885402616418,0
153.407532835216,-28.0885402616418,0
153.407532558385,-28.0885391739868,0
153.407532558385,-28.0885391739868,0
153.407532558385,-28.0885391739868,0
153.407532558385,-28.0885391739868,0
153.407532558385,-28.0885391739868,0
153.407532374388,-28.0885385367197,0
153.407532374388,-28.0885385367197,0
153.407532374388,-28.0885385367197,0
153.407532374388,-28.0885385367197,0
153.407531489942,-28.088536735586,0
153.407531489942,-28.088536735586,0
153.407531489942,-28.088536735586,0
153.407531489942,-28.088536735586,0
153.407531489942,-28.088536735586,0
153.407531489942,-28.088536735586,0
153.40752862697,-28.0885284678934,0
153.40752862697,-28.0885284678934,0
153.40752862697,-28.0885284678934,0
153.40752862697,-28.0885284678934,0
153.407526332614,-28.0885199599762,0
153.407526332614,-28.0885199599762,0
153.407526332614,-28.0885199599762,0
153.407526332614,-28.0885199599762,0
153.407526332614,-28.0885199599762,0
153.407526332614,-28.0885199599762,0
153.407524953624,-28.0885148817774,0
153.407524953624,-28.0885148817774,0
153.407524953624,-28.0885148817774,0
153.407524953624,-28.0885148817774,0
153.407524953624,-28.0885148817774,0
153.407523016466,-28.0885091578854,0
153.407523016466,-28.0885091578854,0
153.407523016466,-28.0885091578854,0
153.407523016466,-28.0885091578854,0
153.407523016466,-28.0885091578854,0
153.407520731705,-28.0885053091639,0
153.407520731705,-28.0885053091639,0
153.407520731705,-28.0885053091639,0
153.407520731705,-28.0885053091639,0
153.407520731705,-28.0885053091639,0
153.407519486605,-28.0885027043464,0
153.407519486605,-28.0885027043464,0
153.407519486605,-28.0885027043464,0
153.407519486605,-28.0885027043464,0
153.407519486605,-28.0885027043464,0
153.407517936979,-28.0884989968708,0
153.407517936979,-28.0884989968708,0
153.407517936979,-28.0884989968708,0
153.407517936979,-28.0884989968708,0
153.407517936979,-28.0884989968708,0
153.407516887646,-28.0884968639666,0
153.407516887646,-28.0884968639666,0
153.407516887646,-28.0884968639666,0
153.407516887646,-28.0884968639666,0
153.407516887646,-28.0884968639666,0
153.407515452179,-28.088493379688,0
153.407515452179,-28.088493379688,0
153.407515452179,-28.088493379688,0
153.407515452179,-28.088493379688,0
153.407515452179,-28.088493379688,0
153.40751414295,-28.0884902250746,0
153.40751414295,-28.0884902250746,0
153.40751414295,-28.0884902250746,0
153.40751414295,-28.0884902250746,0
153.40751414295,-28.0884902250746,0
153.407513463592,-28.0884883071916,0
153.407513463592,-28.0884883071916,0
153.407513463592,-28.0884883071916,0
153.407513463592,-28.0884883071916,0
153.407513463592,-28.0884883071916,0
153.40751251292,-28.0884856983889,0
153.40751251292,-28.0884856983889,0
153.40751251292,-28.0884856983889,0
153.40751251292,-28.0884856983889,0
153.407511937389,-28.0884834464455,0
153.407511937389,-28.0884834464455,0
153.407511937389,-28.0884834464455,0
153.407511937389,-28.0884834464455,0
153.407511937389,-28.0884834464455,0
153.407511575725,-28.0884821740293,0
153.407511575725,-28.0884821740293,0
153.407511575725,-28.0884821740293,0
153.407511575725,-28.0884821740293,0
153.407511575725,-28.0884821740293,0
153.407511078967,-28.0884802996825,0
153.407511078967,-28.0884802996825,0
153.407511078967,-28.0884802996825,0
153.407511078967,-28.0884802996825,0
153.407511078967,-28.0884802996825,0
153.407511078967,-28.0884802996825,0
153.407510607884,-28.0884785399293,0
153.407510607884,-28.0884785399293,0
153.407510607884,-28.0884785399293,0
153.407510607884,-28.0884785399293,0
153.407510366594,-28.0884776455189,0
153.407510366594,-28.0884776455189,0
153.407510366594,-28.0884776455189,0
153.407510366594,-28.0884776455189,0
153.407510366594,-28.0884776455189,0
153.407510028236,-28.0884767010133,0
153.407510028236,-28.0884767010133,0
153.407510028236,-28.0884767010133,0
153.407510028236,-28.0884767010133,0
153.407510028236,-28.0884767010133,0
153.407510028236,-28.0884767010133,0
153.40750970895,-28.0884757377075,0
153.40750970895,-28.0884757377075,0
153.40750970895,-28.0884757377075,0
153.40750970895,-28.0884757377075,0
153.407509538159,-28.0884753071778,0
153.407509538159,-28.0884753071778,0
153.407509538159,-28.0884753071778,0
153.407509538159,-28.0884753071778,0
153.407509538159,-28.0884753071778,0
153.407509194635,-28.0884746133067,0
153.407509194635,-28.0884746133067,0
153.407509194635,-28.0884746133067,0
153.407509194635,-28.0884746133067,0
153.407509194635,-28.0884746133067,0
153.407509194635,-28.0884746133067,0
153.407508668706,-28.0884733232727,0
153.407508668706,-28.0884733232727,0
153.407508668706,-28.0884733232727,0
153.407508668706,-28.0884733232727,0
153.407508473871,-28.0884724508322,0
153.407508473871,-28.0884724508322,0
153.407508473871,-28.0884724508322,0
153.407508473871,-28.0884724508322,0
153.407508473871,-28.0884724508322,0
153.407508473871,-28.0884724508322,0
153.407508221666,-28.088472036841,0
153.407508221666,-28.088472036841,0
153.407508221666,-28.088472036841,0
153.407508221666,-28.088472036841,0
153.407508221666,-28.088472036841,0
153.407506297598,-28.0884675992516,0
153.407506297598,-28.0884675992516,0
153.407506297598,-28.0884675992516,0
153.407506297598,-28.0884675992516,0
153.407506297598,-28.0884675992516,0
153.407504192755,-28.0884617110321,0
153.407504192755,-28.0884617110321,0
153.407504192755,-28.0884617110321,0
153.407504192755,-28.0884617110321,0
153.407501017295,-28.0884527057471,0
153.407501017295,-28.0884527057471,0
153.407501017295,-28.0884527057471,0
153.407501017295,-28.0884527057471,0
153.407501017295,-28.0884527057471,0
153.407498387301,-28.0884447824028,0
153.407498387301,-28.0884447824028,0
153.407498387301,-28.0884447824028,0
153.407498387301,-28.0884447824028,0
153.407498387301,-28.0884447824028,0
153.407496707591,-28.0884403002203,0
153.407496707591,-28.0884403002203,0
153.407496707591,-28.0884403002203,0
153.407496707591,-28.0884403002203,0
153.407496707591,-28.0884403002203,0
153.407494284589,-28.0884346028981,0
153.407494284589,-28.0884346028981,0
153.407494284589,-28.0884346028981,0
153.407494284589,-28.0884346028981,0
153.407494284589,-28.0884346028981,0
153.407494284589,-28.0884346028981,0
153.407491980989,-28.0884294954956,0
153.407491980989,-28.0884294954956,0
153.407491980989,-28.0884294954956,0
153.407491980989,-28.0884294954956,0
153.407491980989,-28.0884294954956,0
153.407490592172,-28.0884267003929,0
153.407490592172,-28.0884267003929,0
153.407490592172,-28.0884267003929,0
153.407490592172,-28.0884267003929,0
153.407490592172,-28.0884267003929,0
153.407488559499,-28.0884233552581,0
153.407488559499,-28.0884233552581,0
153.407488559499,-28.0884233552581,0
153.407488559499,-28.0884233552581,0
153.407487686007,-28.0884210393132,0
153.407487686007,-28.0884210393132,0
153.407487686007,-28.0884210393132,0
153.407487686007,-28.0884210393132,0
153.407487686007,-28.0884210393132,0
153.407486683013,-28.0884177661236,0
153.407486683013,-28.0884177661236,0
153.407486683013,-28.0884177661236,0
153.407486683013,-28.0884177661236,0
153.407486683013,-28.0884177661236,0
153.407486683013,-28.0884177661236,0
153.40748608942,-28.0884149352024,0
153.40748608942,-28.0884149352024,0
153.40748608942,-28.0884149352024,0
153.40748608942,-28.0884149352024,0
153.407485876912,-28.0884130468337,0
153.407485876912,-28.0884130468337,0
153.407485876912,-28.0884130468337,0
153.407485876912,-28.0884130468337,0
153.407485876912,-28.0884130468337,0
153.407486055045,-28.0884119154402,0
153.407486055045,-28.0884119154402,0
153.407486055045,-28.0884119154402,0
153.407486055045,-28.0884119154402,0
153.407486055045,-28.0884119154402,0
153.407486055045,-28.0884119154402,0
153.407486299287,-28.0884104808882,0
153.407486299287,-28.0884104808882,0
153.407486299287,-28.0884104808882,0
153.407486299287,-28.0884104808882,0
153.407486366523,-28.0884096771375,0
153.407486366523,-28.0884096771375,0
153.407486366523,-28.0884096771375,0
153.407486366523,-28.0884096771375,0
153.407486366523,-28.0884096771375,0
153.407486366523,-28.0884096771375,0
153.407486644947,-28.0884086591788,0
153.407486644947,-28.0884086591788,0
153.407486644947,-28.0884086591788,0
153.407486644947,-28.0884086591788,0
153.407486644947,-28.0884086591788,0
153.407487140618,-28.0884077539784,0
153.407487140618,-28.0884077539784,0
153.407487140618,-28.0884077539784,0
153.407487140618,-28.0884077539784,0
153.407487140618,-28.0884077539784,0
153.407487429646,-28.0884071351537,0
153.407487429646,-28.0884071351537,0
153.407487429646,-28.0884071351537,0
153.407487429646,-28.0884071351537,0
153.407487764935,-28.0884061534846,0
153.407487764935,-28.0884061534846,0
153.407487764935,-28.0884061534846,0
153.407487764935,-28.0884061534846,0
153.407487764935,-28.0884061534846,0
153.407487883871,-28.0884050217142,0
153.407487883871,-28.0884050217142,0
153.407487883871,-28.0884050217142,0
153.407487883871,-28.0884050217142,0
153.407487883871,-28.0884050217142,0
153.407487883871,-28.0884050217142,0
153.407487732851,-28.088404207289,0
153.407487732851,-28.088404207289,0
153.407487732851,-28.088404207289,0
153.407487732851,-28.088404207289,0
153.40748732143,-28.088403227993,0
153.40748732143,-28.088403227993,0
153.40748732143,-28.088403227993,0
153.40748732143,-28.088403227993,0
153.40748732143,-28.088403227993,0
153.40748732143,-28.088403227993,0
153.407486797599,-28.0884023901202,0
153.407486797599,-28.0884023901202,0
153.407486797599,-28.0884023901202,0
153.407486797599,-28.0884023901202,0
153.407486797599,-28.0884023901202,0
153.407485527329,-28.088399274331,0
153.407485527329,-28.088399274331,0
153.407485527329,-28.088399274331,0
153.407485527329,-28.088399274331,0
153.40748342105,-28.0883923866961,0
153.40748342105,-28.0883923866961,0
153.40748342105,-28.0883923866961,0
153.40748342105,-28.0883923866961,0
153.40748342105,-28.0883923866961,0
153.407481800575,-28.0883880430239,0
153.407481800575,-28.0883880430239,0
153.407481800575,-28.0883880430239,0
153.407481800575,-28.0883880430239,0
153.407481800575,-28.0883880430239,0
153.407479734537,-28.0883823420736,0
153.407479734537,-28.0883823420736,0
153.407479734537,-28.0883823420736,0
153.407479734537,-28.0883823420736,0
153.407479734537,-28.0883823420736,0
153.407477971354,-28.0883773634367,0
153.407477971354,-28.0883773634367,0
153.407477971354,-28.0883773634367,0
153.407477971354,-28.0883773634367,0
153.407477971354,-28.0883773634367,0
153.407477971354,-28.0883773634367,0
153.407476537518,-28.0883730053892,0
153.407476537518,-28.0883730053892,0
153.407476537518,-28.0883730053892,0
153.407476537518,-28.0883730053892,0
153.407475597216,-28.0883704105559,0
153.407475597216,-28.0883704105559,0
153.407475597216,-28.0883704105559,0
153.407475597216,-28.0883704105559,0
153.407475597216,-28.0883704105559,0
153.407474402495,-28.0883672207055,0
153.407474402495,-28.0883672207055,0
153.407474402495,-28.0883672207055,0
153.407474402495,-28.0883672207055,0
153.407474402495,-28.0883672207055,0
153.407474402495,-28.0883672207055,0
153.407473410339,-28.0883643752463,0
153.407473410339,-28.0883643752463,0
153.407473410339,-28.0883643752463,0
153.407473410339,-28.0883643752463,0
153.407473410339,-28.0883643752463,0
153.407472581049,-28.0883628159939,0
153.407472581049,-28.0883628159939,0
153.407472581049,-28.0883628159939,0
153.407472581049,-28.0883628159939,0
153.407471666655,-28.0883607564747,0
153.407471666655,-28.0883607564747,0
153.407471666655,-28.0883607564747,0
153.407471666655,-28.0883607564747,0
153.407471666655,-28.0883607564747,0
153.407471666655,-28.0883607564747,0
153.4074711678,-28.08835919885,0
153.4074711678,-28.08835919885,0
153.4074711678,-28.08835919885,0
153.4074711678,-28.08835919885,0
153.4074711678,-28.08835919885,0
153.407470623071,-28.0883570127714,0
153.407470623071,-28.0883570127714,0
153.407470623071,-28.0883570127714,0
153.407470623071,-28.0883570127714,0
153.407470623071,-28.0883570127714,0
153.407470314039,-28.0883552448796,0
153.407470314039,-28.0883552448796,0
153.407470314039,-28.0883552448796,0
153.407470314039,-28.0883552448796,0
153.407470314039,-28.0883552448796,0
153.407470134664,-28.0883543037493,0
153.407470134664,-28.0883543037493,0
153.407470134664,-28.0883543037493,0
153.407470134664,-28.0883543037493,0
153.407470134664,-28.0883543037493,0
153.407469764494,-28.0883530753009,0
153.407469764494,-28.0883530753009,0
153.407469764494,-28.0883530753009,0
153.407469764494,-28.0883530753009,0
153.40746963406,-28.0883521507905,0
153.40746963406,-28.0883521507905,0
153.40746963406,-28.0883521507905,0
153.40746963406,-28.0883521507905,0
153.40746963406,-28.0883521507905,0
153.40746963406,-28.0883521507905,0
153.407469665406,-28.088351733032,0
153.407469665406,-28.088351733032,0
153.407469665406,-28.088351733032,0
153.407469665406,-28.088351733032,0
153.407469665406,-28.088351733032,0
153.407467802321,-28.0883466908369,0
153.407467802321,-28.0883466908369,0
153.407467802321,-28.0883466908369,0
153.407467802321,-28.0883466908369,0
153.407467802321,-28.0883466908369,0
153.407464741096,-28.0883368132869,0
153.407464741096,-28.0883368132869,0
153.407464741096,-28.0883368132869,0
153.407464741096,-28.0883368132869,0
153.407462638351,-28.0883309752227,0
153.407462638351,-28.0883309752227,0
153.407462638351,-28.0883309752227,0
153.407462638351,-28.0883309752227,0
153.407462638351,-28.0883309752227,0
153.407462638351,-28.0883309752227,0
153.407459578797,-28.0883242107633,0
153.407459578797,-28.0883242107633,0
153.407459578797,-28.0883242107633,0
153.407459578797,-28.0883242107633,0
153.407459578797,-28.0883242107633,0
153.40745703449,-28.0883168005962,0
153.40745703449,-28.0883168005962,0
153.40745703449,-28.0883168005962,0
153.40745703449,-28.0883168005962,0
153.40745703449,-28.0883168005962,0
153.40745540108,-28.0883123236138,0
153.40745540108,-28.0883123236138,0
153.40745540108,-28.0883123236138,0
153.40745540108,-28.0883123236138,0
153.40745540108,-28.0883123236138,0
153.407453166659,-28.0883064664624,0
153.407453166659,-28.0883064664624,0
153.407453166659,-28.0883064664624,0
153.407453166659,-28.0883064664624,0
153.407453166659,-28.0883064664624,0
153.407451787591,-28.0883018901548,0
153.407451787591,-28.0883018901548,0
153.407451787591,-28.0883018901548,0
153.407451787591,-28.0883018901548,0
153.407455789662,-28.0883016842569,0
153.407455789662,-28.0883016842569,0
153.407455789662,-28.0883016842569,0
153.407455789662,-28.0883016842569,0
153.407455789662,-28.0883016842569,0
153.407455789662,-28.0883016842569,0
153.407473694628,-28.0883036935994,0
153.407473694628,-28.0883036935994,0
153.407473694628,-28.0883036935994,0
153.407473694628,-28.0883036935994,0
153.407496999221,-28.0883057660975,0
153.407496999221,-28.0883057660975,0
153.407496999221,-28.0883057660975,0
153.407496999221,-28.0883057660975,0
153.407496999221,-28.0883057660975,0
153.407511816044,-28.0883068092772,0
153.407511816044,-28.0883068092772,0
153.407511816044,-28.0883068092772,0
153.407511816044,-28.0883068092772,0
153.407511816044,-28.0883068092772,0
153.407511816044,-28.0883068092772,0
153.407519752793,-28.0883081716613,0
153.407519752793,-28.0883081716613,0
153.407519752793,-28.0883081716613,0
153.407519752793,-28.0883081716613,0
153.407519752793,-28.0883081716613,0
153.407519190896,-28.088309235453,0
153.407519190896,-28.088309235453,0
153.407519190896,-28.088309235453,0
153.407519190896,-28.088309235453,0
153.4075187397,-28.0883097777235,0
153.4075187397,-28.0883097777235,0
153.4075187397,-28.0883097777235,0
153.4075187397,-28.0883097777235,0
153.4075187397,-28.0883097777235,0
153.4075187397,-28.0883097777235,0
153.407518505207,-28.0883101882172,0
153.407518505207,-28.0883101882172,0
153.407518505207,-28.0883101882172,0
153.407518505207,-28.0883101882172,0
153.407518505207,-28.0883101882172,0
153.407518642244,-28.0883103047962,0
153.407518642244,-28.0883103047962,0
153.407518642244,-28.0883103047962,0
153.407518642244,-28.0883103047962,0
153.407518887341,-28.0883103084971,0
153.407518887341,-28.0883103084971,0
153.407518887341,-28.0883103084971,0
153.407518887341,-28.0883103084971,0
153.407518887341,-28.0883103084971,0
153.407519170232,-28.0883104210839,0
153.407519170232,-28.0883104210839,0
153.407519170232,-28.0883104210839,0
153.407519170232,-28.0883104210839,0
153.407519170232,-28.0883104210839,0
153.407519170232,-28.0883104210839,0
153.407519488236,-28.0883105799493,0
153.407519488236,-28.0883105799493,0
153.407519488236,-28.0883105799493,0
153.407519488236,-28.0883105799493,0
153.407519740053,-28.0883105877624,0
153.407519740053,-28.0883105877624,0
153.407519740053,-28.0883105877624,0
153.407519740053,-28.0883105877624,0
153.407519740053,-28.0883105877624,0
153.407519740053,-28.0883105877624,0
153.407518690992,-28.088308286801,0
153.407518690992,-28.088308286801,0
153.407518690992,-28.088308286801,0
153.407518690992,-28.088308286801,0
153.407516491762,-28.0883029207068,0
153.407516491762,-28.0883029207068,0
153.407516491762,-28.0883029207068,0
153.407516491762,-28.0883029207068,0
153.407516491762,-28.0883029207068,0
153.407516491762,-28.0883029207068,0
153.407515014694,-28.0882994676285,0
153.407515014694,-28.0882994676285,0
153.407515014694,-28.0882994676285,0
153.407515014694,-28.0882994676285,0
153.407515014694,-28.0882994676285,0
153.40751294617,-28.0882948185876,0
153.40751294617,-28.0882948185876,0
153.40751294617,-28.0882948185876,0
153.40751294617,-28.0882948185876,0
153.40751294617,-28.0882948185876,0
153.407511056671,-28.0882905031264,0
153.407511056671,-28.0882905031264,0
153.407511056671,-28.0882905031264,0
153.407511056671,-28.0882905031264,0
153.407509911941,-28.0882879408047,0
153.407509911941,-28.0882879408047,0
153.407509911941,-28.0882879408047,0
153.407509911941,-28.0882879408047,0
153.407509911941,-28.0882879408047,0
153.407509911941,-28.0882879408047,0
153.407508539942,-28.0882846955776,0
153.407508539942,-28.0882846955776,0
153.407508539942,-28.0882846955776,0
153.407508539942,-28.0882846955776,0
153.407508539942,-28.0882846955776,0
153.407507250018,-28.0882818480623,0
153.407507250018,-28.0882818480623,0
153.407507250018,-28.0882818480623,0
153.407507250018,-28.0882818480623,0
153.40750664656,-28.088280417434,0
153.40750664656,-28.088280417434,0
153.40750664656,-28.088280417434,0
153.40750664656,-28.088280417434,0
153.40750664656,-28.088280417434,0
153.407506201268,-28.0882787014578,0
153.407506201268,-28.0882787014578,0
153.407506201268,-28.0882787014578,0
153.407506201268,-28.0882787014578,0
153.407506201268,-28.0882787014578,0
153.407506201268,-28.0882787014578,0
153.407505812143,-28.0882769282374,0
153.407505812143,-28.0882769282374,0
153.407505812143,-28.0882769282374,0
153.407505812143,-28.0882769282374,0
153.407505637856,-28.0882758731154,0
153.407505637856,-28.0882758731154,0
153.407505637856,-28.0882758731154,0
153.407505637856,-28.0882758731154,0
153.407505637856,-28.0882758731154,0
153.40750553469,-28.0882744607861,0
153.40750553469,-28.0882744607861,0
153.40750553469,-28.0882744607861,0
153.40750553469,-28.0882744607861,0
153.40750553469,-28.0882744607861,0
153.407505314608,-28.0882730395471,0
153.407505314608,-28.0882730395471,0
153.407505314608,-28.0882730395471,0
153.407505314608,-28.0882730395471,0
153.407505314608,-28.0882730395471,0
153.407505164093,-28.0882722138307,0
153.407505164093,-28.0882722138307,0
153.407505164093,-28.0882722138307,0
153.407505164093,-28.0882722138307,0
153.407505164093,-28.0882722138307,0
153.407505164093,-28.0882722138307,0
153.40750498666,-28.0882711764594,0
153.40750498666,-28.0882711764594,0
153.40750498666,-28.0882711764594,0
153.40750498666,-28.0882711764594,0
153.40750498666,-28.0882711764594,0
153.407504603477,-28.0882704251384,0
153.407504603477,-28.0882704251384,0
153.407504603477,-28.0882704251384,0
153.407504603477,-28.0882704251384,0
153.407504603477,-28.0882704251384,0
153.407504754225,-28.0882717923199,0
153.407504754225,-28.0882717923199,0
153.407504754225,-28.0882717923199,0
153.407504754225,-28.0882717923199,0
153.407505990624,-28.0882760439745,0
153.407505990624,-28.0882760439745,0
153.407505990624,-28.0882760439745,0
153.407505990624,-28.0882760439745,0
153.407505990624,-28.0882760439745,0
153.407505990624,-28.0882760439745,0
153.40750739494,-28.0882806483303,0
153.40750739494,-28.0882806483303,0
153.40750739494,-28.0882806483303,0
153.40750739494,-28.0882806483303,0
153.407508025084,-28.0882835507596,0
153.407508025084,-28.0882835507596,0
153.407508025084,-28.0882835507596,0
153.407508025084,-28.0882835507596,0
153.407508025084,-28.0882835507596,0
153.407508025084,-28.0882835507596,0
153.407508699508,-28.0882872155614,0
153.407508699508,-28.0882872155614,0
153.407508699508,-28.0882872155614,0
153.407508699508,-28.0882872155614,0
153.40750920151,-28.0882899124698,0
153.40750920151,-28.0882899124698,0
153.40750920151,-28.0882899124698,0
153.40750920151,-28.0882899124698,0
153.40750920151,-28.0882899124698,0
153.40750920151,-28.0882899124698,0
153.407509459386,-28.0882915273046,0
153.407509459386,-28.0882915273046,0
153.407509459386,-28.0882915273046,0
153.407509459386,-28.0882915273046,0
153.407509800268,-28.0882936508959,0
153.407509800268,-28.0882936508959,0
153.407509800268,-28.0882936508959,0
153.407509800268,-28.0882936508959,0
153.407509800268,-28.0882936508959,0
153.407509800268,-28.0882936508959,0
153.407510586171,-28.0882953560948,0
153.407510586171,-28.0882953560948,0
153.407510586171,-28.0882953560948,0
153.407510586171,-28.0882953560948,0
153.407511044048,-28.0882963660862,0
153.407511044048,-28.0882963660862,0
153.407511044048,-28.0882963660862,0
153.407511044048,-28.0882963660862,0
153.407511044048,-28.0882963660862,0
153.407511044048,-28.0882963660862,0
153.407512018453,-28.0883005040575,0
153.407512018453,-28.0883005040575,0
153.407512018453,-28.0883005040575,0
153.407512018453,-28.0883005040575,0
153.407514719452,-28.0883092724794,0
153.407514719452,-28.0883092724794,0
153.407514719452,-28.0883092724794,0
153.407514719452,-28.0883092724794,0
153.407514719452,-28.0883092724794,0
153.407514719452,-28.0883092724794,0
153.407516445928,-28.0883149480458,0
153.407516445928,-28.0883149480458,0
153.407516445928,-28.0883149480458,0
153.407516445928,-28.0883149480458,0
153.407516445928,-28.0883149480458,0
153.407518476658,-28.0883221923398,0
153.407518476658,-28.0883221923398,0
153.407518476658,-28.0883221923398,0
153.407518476658,-28.0883221923398,0
153.407520119312,-28.0883284760394,0
153.407520119312,-28.0883284760394,0
153.407520119312,-28.0883284760394,0
153.407520119312,-28.0883284760394,0
153.407520119312,-28.0883284760394,0
153.407520119312,-28.0883284760394,0
153.40752128964,-28.0883324463898,0
153.40752128964,-28.0883324463898,0
153.40752128964,-28.0883324463898,0
153.40752128964,-28.0883324463898,0
153.40752128964,-28.0883324463898,0
153.40752280489,-28.088337692204,0
153.40752280489,-28.088337692204,0
153.40752280489,-28.088337692204,0
153.40752280489,-28.088337692204,0
153.40752280489,-28.088337692204,0
153.407524441717,-28.0883423336032,0
153.407524441717,-28.0883423336032,0
153.407524441717,-28.0883423336032,0
153.407524441717,-28.0883423336032,0
153.407525511171,-28.0883449761801,0
153.407525511171,-28.0883449761801,0
153.407525511171,-28.0883449761801,0
153.407525511171,-28.0883449761801,0
153.407525511171,-28.0883449761801,0
153.407525511171,-28.0883449761801,0
153.407526931295,-28.0883483500484,0
153.407526931295,-28.0883483500484,0
153.407526931295,-28.0883483500484,0
153.407526931295,-28.0883483500484,0
153.407526931295,-28.0883483500484,0
153.407528021957,-28.0883512617986,0
153.407528021957,-28.0883512617986,0
153.407528021957,-28.0883512617986,0
153.407528021957,-28.0883512617986,0
153.407528581912,-28.0883528340214,0
153.407528581912,-28.0883528340214,0
153.407528581912,-28.0883528340214,0
153.407528581912,-28.0883528340214,0
153.407528581912,-28.0883528340214,0
153.407528581912,-28.0883528340214,0
153.407529296888,-28.088354825322,0
153.407529296888,-28.088354825322,0
153.407529296888,-28.088354825322,0
153.407529296888,-28.088354825322,0
153.407531259721,-28.0883555061885,0
153.407531259721,-28.0883555061885,0
153.407531259721,-28.0883555061885,0
153.407531259721,-28.0883555061885,0
153.407531259721,-28.0883555061885,0
153.407531259721,-28.0883555061885,0
153.407538506082,-28.0883523041902,0
153.407538506082,-28.0883523041902,0
153.407538506082,-28.0883523041902,0
153.407538506082,-28.0883523041902,0
153.407538506082,-28.0883523041902,0
153.407557133132,-28.0883433991255,0
153.407557133132,-28.0883433991255,0
153.407557133132,-28.0883433991255,0
153.407557133132,-28.0883433991255,0
153.407557133132,-28.0883433991255,0
153.407570795786,-28.0883369972878,0
153.407570795786,-28.0883369972878,0
153.407570795786,-28.0883369972878,0
153.407570795786,-28.0883369972878,0
153.407591757587,-28.0883270195903,0
153.407591757587,-28.0883270195903,0
153.407591757587,-28.0883270195903,0
153.407591757587,-28.0883270195903,0
153.407591757587,-28.0883270195903,0
153.407613136248,-28.0883169260848,0
153.407613136248,-28.0883169260848,0
153.407613136248,-28.0883169260848,0
153.407613136248,-28.0883169260848,0
153.407613136248,-28.0883169260848,0
153.407613136248,-28.0883169260848,0
153.407634706227,-28.088306772645,0
153.407634706227,-28.088306772645,0
153.407634706227,-28.088306772645,0
153.407634706227,-28.088306772645,0
153.407634706227,-28.088306772645,0
153.407649402444,-28.0882999533057,0
153.407649402444,-28.0882999533057,0
153.407649402444,-28.0882999533057,0
153.407649402444,-28.0882999533057,0
153.407649402444,-28.0882999533057,0
153.407664294642,-28.0882931867218,0
153.407664294642,-28.0882931867218,0
153.407664294642,-28.0882931867218,0
153.407664294642,-28.0882931867218,0
153.407664294642,-28.0882931867218,0
153.407665850307,-28.0882925396604,0
153.407665850307,-28.0882925396604,0
153.407665850307,-28.0882925396604,0
153.407665850307,-28.0882925396604,0
153.407665898569,-28.0882925272726,0
153.407665898569,-28.0882925272726,0
153.407665898569,-28.0882925272726,0
153.407665898569,-28.0882925272726,0
153.407665898569,-28.0882925272726,0
153.407665898569,-28.0882925272726,0
153.407665734654,-28.0882926279342,0
153.407665734654,-28.0882926279342,0
153.407665734654,-28.0882926279342,0
153.407665734654,-28.0882926279342,0
153.407665781945,-28.0882925139767,0
153.407665781945,-28.0882925139767,0
153.407665781945,-28.0882925139767,0
153.407665781945,-28.0882925139767,0
153.407665781945,-28.0882925139767,0
153.407665781945,-28.0882925139767,0
153.407665864815,-28.0882923712514,0
153.407665864815,-28.0882923712514,0
153.407665864815,-28.0882923712514,0
153.407665864815,-28.0882923712514,0
153.407665864815,-28.0882923712514,0
153.407666019253,-28.0882923809492,0
153.407666019253,-28.0882923809492,0
153.407666019253,-28.0882923809492,0
153.407666019253,-28.0882923809492,0
153.407666112359,-28.0882924295923,0
153.407666112359,-28.0882924295923,0
153.407666112359,-28.0882924295923,0
153.407666112359,-28.0882924295923,0
153.407666112359,-28.0882924295923,0
153.407666283869,-28.0882926734418,0
153.407666283869,-28.0882926734418,0
153.407666283869,-28.0882926734418,0
153.407666283869,-28.0882926734418,0
153.407666283869,-28.0882926734418,0
153.407666283869,-28.0882926734418,0
153.407666250561,-28.0882931844258,0
153.407666250561,-28.0882931844258,0
153.407666250561,-28.0882931844258,0
153.407666250561,-28.0882931844258,0
153.407666250561,-28.0882931844258,0
153.407667420112,-28.088298940967,0
153.407667420112,-28.088298940967,0
153.407667420112,-28.088298940967,0
153.407667420112,-28.088298940967,0
153.407672441937,-28.0883125972763,0
153.407672441937,-28.0883125972763,0
153.407672441937,-28.0883125972763,0
153.407672441937,-28.0883125972763,0
153.407672441937,-28.0883125972763,0
153.407672441937,-28.0883125972763,0
153.407675411376,-28.0883216376987,0
153.407675411376,-28.0883216376987,0
153.407675411376,-28.0883216376987,0
153.407675411376,-28.0883216376987,0
153.407679212747,-28.0883335983868,0
153.407679212747,-28.0883335983868,0
153.407679212747,-28.0883335983868,0
153.407679212747,-28.0883335983868,0
153.407679212747,-28.0883335983868,0
153.407679212747,-28.0883335983868,0
153.407681897956,-28.0883438628885,0
153.407681897956,-28.0883438628885,0
153.407681897956,-28.0883438628885,0
153.407681897956,-28.0883438628885,0
153.407684091728,-28.0883528866739,0
153.407684091728,-28.0883528866739,0
153.407684091728,-28.0883528866739,0
153.407684091728,-28.0883528866739,0
153.407684091728,-28.0883528866739,0
153.407684091728,-28.0883528866739,0
153.407685384915,-28.0883581600908,0
153.407685384915,-28.0883581600908,0
153.407685384915,-28.0883581600908,0
153.407685384915,-28.0883581600908,0
153.407685384915,-28.0883581600908,0
153.40768734099,-28.0883651196024,0
153.40768734099,-28.0883651196024,0
153.40768734099,-28.0883651196024,0
153.40768734099,-28.0883651196024,0
153.407688374747,-28.0883690523011,0
153.407688374747,-28.0883690523011,0
153.407688374747,-28.0883690523011,0
153.407688374747,-28.0883690523011,0
153.407688374747,-28.0883690523011,0
153.407688374747,-28.0883690523011,0
153.407689262437,-28.0883739171605,0
153.407689262437,-28.0883739171605,0
153.407689262437,-28.0883739171605,0
153.407689262437,-28.0883739171605,0
153.407690056496,-28.0883781382654,0
153.407690056496,-28.0883781382654,0
153.407690056496,-28.0883781382654,0
153.407690056496,-28.0883781382654,0
153.407690056496,-28.0883781382654,0
153.407690762674,-28.088380576255,0
153.407690762674,-28.088380576255,0
153.407690762674,-28.088380576255,0
153.407690762674,-28.088380576255,0
153.407690762674,-28.088380576255,0
153.407690762674,-28.088380576255,0
153.407691638672,-28.0883841236126,0
153.407691638672,-28.0883841236126,0
153.407691638672,-28.0883841236126,0
153.407691638672,-28.0883841236126,0
153.407692310144,-28.0883875354924,0
153.407692310144,-28.0883875354924,0
153.407692310144,-28.0883875354924,0
153.407692310144,-28.0883875354924,0
153.407692310144,-28.0883875354924,0
153.407692310144,-28.0883875354924,0
153.407692998047,-28.0883894804373,0
153.407692998047,-28.0883894804373,0
153.407692998047,-28.0883894804373,0
153.407692998047,-28.0883894804373,0
153.407692998047,-28.0883894804373,0
153.407693920928,-28.0883916696857,0
153.407693920928,-28.0883916696857,0
153.407693920928,-28.0883916696857,0
153.407693920928,-28.0883916696857,0
153.407694707762,-28.0883935180639,0
153.407694707762,-28.0883935180639,0
153.407694707762,-28.0883935180639,0
153.407694707762,-28.0883935180639,0
153.407694707762,-28.0883935180639,0
153.407694707762,-28.0883935180639,0
153.40769515084,-28.0883946090472,0
153.40769515084,-28.0883946090472,0
153.40769515084,-28.0883946090472,0
153.40769515084,-28.0883946090472,0
153.40769515084,-28.0883946090472,0
153.407695854979,-28.0883960658047,0
153.407695854979,-28.0883960658047,0
153.407695854979,-28.0883960658047,0
153.407695854979,-28.0883960658047,0
153.407695854979,-28.0883960658047,0
153.407696545678,-28.088397437561,0
153.407696545678,-28.088397437561,0
153.407696545678,-28.088397437561,0
153.407696545678,-28.088397437561,0
153.40769690503,-28.0883982166989,0
153.40769690503,-28.0883982166989,0
153.40769690503,-28.0883982166989,0
153.40769690503,-28.0883982166989,0
153.40769690503,-28.0883982166989,0
153.40769690503,-28.0883982166989,0
153.407697902586,-28.0884011317902,0
153.407697902586,-28.0884011317902,0
153.407697902586,-28.0884011317902,0
153.407697902586,-28.0884011317902,0
153.407697902586,-28.0884011317902,0
153.40769929756,-28.0884047071103,0
153.40769929756,-28.0884047071103,0
153.40769929756,-28.0884047071103,0
153.40769929756,-28.0884047071103,0
153.40769929756,-28.0884047071103,0
153.407701131222,-28.0884098870362,0
153.407701131222,-28.0884098870362,0
153.407701131222,-28.0884098870362,0
153.407701131222,-28.0884098870362,0
153.407702767933,-28.0884149535357,0
153.407702767933,-28.0884149535357,0
153.407702767933,-28.0884149535357,0
153.407702767933,-28.0884149535357,0
153.407702767933,-28.0884149535357,0
153.407703726763,-28.0884180330695,0
153.407703726763,-28.0884180330695,0
153.407703726763,-28.0884180330695,0
153.407703726763,-28.0884180330695,0
153.407703726763,-28.0884180330695,0
153.407704617269,-28.0884219794668,0
153.407704617269,-28.0884219794668,0
153.407704617269,-28.0884219794668,0
153.407704617269,-28.0884219794668,0
153.407704617269,-28.0884219794668,0
153.407704617269,-28.0884219794668,0
153.407705388935,-28.0884254254089,0
153.407705388935,-28.0884254254089,0
153.407705388935,-28.0884254254089,0
153.407705388935,-28.0884254254089,0
153.407705388935,-28.0884254254089,0
153.407705904047,-28.0884272726049,0
153.407705904047,-28.0884272726049,0
153.407705904047,-28.0884272726049,0
153.407705904047,-28.0884272726049,0
153.407706497931,-28.0884294629327,0
153.407706497931,-28.0884294629327,0
153.407706497931,-28.0884294629327,0
153.407706497931,-28.0884294629327,0
153.407706497931,-28.0884294629327,0
153.407706822888,-28.0884315616413,0
153.407706822888,-28.0884315616413,0
153.407706822888,-28.0884315616413,0
153.407706822888,-28.0884315616413,0
153.407706822888,-28.0884315616413,0
153.407707075365,-28.0884329835571,0
153.407707075365,-28.0884329835571,0
153.407707075365,-28.0884329835571,0
153.407707075365,-28.0884329835571,0
153.407707075365,-28.0884329835571,0
153.407707389485,-28.0884347936411,0
153.407707389485,-28.0884347936411,0
153.407707389485,-28.0884347936411,0
153.407707389485,-28.0884347936411,0
153.407707389485,-28.0884347936411,0
153.407707389485,-28.0884347936411,0
153.407707281017,-28.0884361226783,0
153.407707281017,-28.0884361226783,0
153.407707281017,-28.0884361226783,0
153.407707281017,-28.0884361226783,0
153.407707281017,-28.0884361226783,0
153.407706996301,-28.0884365020483,0
153.407706996301,-28.0884365020483,0
153.407706996301,-28.0884365020483,0
153.407706996301,-28.0884365020483,0
153.407706484977,-28.0884367178025,0
153.407706484977,-28.0884367178025,0
153.407706484977,-28.0884367178025,0
153.407706484977,-28.0884367178025,0
153.407706484977,-28.0884367178025,0
153.407706484977,-28.0884367178025,0
153.40770770881,-28.0884362963303,0
153.40770770881,-28.0884362963303,0
153.40770770881,-28.0884362963303,0
153.40770770881,-28.0884362963303,0
153.40770770881,-28.0884362963303,0
153.40771505451,-28.0884339567834,0
153.40771505451,-28.0884339567834,0
153.40771505451,-28.0884339567834,0
153.40771505451,-28.0884339567834,0
153.407734586108,-28.0884277622229,0
153.407734586108,-28.0884277622229,0
153.407734586108,-28.0884277622229,0
153.407734586108,-28.0884277622229,0
153.407734586108,-28.0884277622229,0
153.407734586108,-28.0884277622229,0
153.407756654244,-28.0884212665942,0
153.407756654244,-28.0884212665942,0
153.407756654244,-28.0884212665942,0
153.407756654244,-28.0884212665942,0
153.407756654244,-28.0884212665942,0
153.407769362059,-28.0884177922956,0
153.407769362059,-28.0884177922956,0
153.407769362059,-28.0884177922956,0
153.407769362059,-28.0884177922956,0
153.407769362059,-28.0884177922956,0
153.407773904129,-28.0884168906418,0
153.407773904129,-28.0884168906418,0
153.407773904129,-28.0884168906418,0
153.407773904129,-28.0884168906418,0
153.407773904129,-28.0884168906418,0
153.407773116537,-28.0884171395801,0
153.407773116537,-28.0884171395801,0
153.407773116537,-28.0884171395801,0
153.407773116537,-28.0884171395801,0
153.407773116537,-28.0884171395801,0
153.407772109251,-28.0884176068812,0
153.407772109251,-28.0884176068812,0
153.407772109251,-28.0884176068812,0
153.407772109251,-28.0884176068812,0
153.407771942296,-28.0884177717092,0
153.407771942296,-28.0884177717092,0
153.407771942296,-28.0884177717092,0
153.407771942296,-28.0884177717092,0
153.407771942296,-28.0884177717092,0
153.407771911678,-28.0884178853583,0
153.407771911678,-28.0884178853583,0
153.407771911678,-28.0884178853583,0
153.407771911678,-28.0884178853583,0
153.407771911678,-28.0884178853583,0
153.407771873593,-28.0884180387237,0
153.407771873593,-28.0884180387237,0
153.407771873593,-28.0884180387237,0
153.407771873593,-28.0884180387237,0
153.407771873593,-28.0884180387237,0
153.407771873593,-28.0884180387237,0
153.407771858376,-28.0884181105062,0
153.407771858376,-28.0884181105062,0
153.407771858376,-28.0884181105062,0
153.407771858376,-28.0884181105062,0
153.407771858376,-28.0884181105062,0
153.407771857211,-28.0884181005085,0
153.407771857211,-28.0884181005085,0
153.407771857211,-28.0884181005085,0
153.407771857211,-28.0884181005085,0
153.407772506009,-28.0884180327354,0
153.407772506009,-28.0884180327354,0
153.407772506009,-28.0884180327354,0
153.407772506009,-28.0884180327354,0
153.407772506009,-28.0884180327354,0
153.407772506009,-28.0884180327354,0
153.407784210656,-28.0884156122224,0
153.407784210656,-28.0884156122224,0
153.407784210656,-28.0884156122224,0
153.407784210656,-28.0884156122224,0
153.407798225923,-28.0884123242376,0
153.407798225923,-28.0884123242376,0
153.407798225923,-28.0884123242376,0
153.407798225923,-28.0884123242376,0
153.407798225923,-28.0884123242376,0
153.407798225923,-28.0884123242376,0
153.4078205954,-28.0884065630703,0
153.4078205954,-28.0884065630703,0
153.4078205954,-28.0884065630703,0
153.4078205954,-28.0884065630703,0
153.407838899479,-28.0884014996034,0
153.407838899479,-28.0884014996034,0
153.407838899479,-28.0884014996034,0
153.407838899479,-28.0884014996034,0
153.407838899479,-28.0884014996034,0
153.407838899479,-28.0884014996034,0
153.407841420116,-28.0884008566285,0
153.407841420116,-28.0884008566285,0
153.407841420116,-28.0884008566285,0
153.407841420116,-28.0884008566285,0
153.407841420116,-28.0884008566285,0
153.407840658995,-28.0884010374339,0
153.407840658995,-28.0884010374339,0
153.407840658995,-28.0884010374339,0
153.407840658995,-28.0884010374339,0
153.407840658995,-28.0884010374339,0
153.40783983712,-28.0884013520207,0
153.40783983712,-28.0884013520207,0
153.40783983712,-28.0884013520207,0
153.40783983712,-28.0884013520207,0
153.40783983712,-28.0884013520207,0
153.407839532278,-28.0884014219269,0
153.407839532278,-28.0884014219269,0
153.407839532278,-28.0884014219269,0
153.407839532278,-28.0884014219269,0
153.407839268809,-28.0884013573921,0
153.407839268809,-28.0884013573921,0
153.407839268809,-28.0884013573921,0
153.407839268809,-28.0884013573921,0
153.407839268809,-28.0884013573921,0
153.407839268809,-28.0884013573921,0
153.407839195488,-28.0884014038164,0
153.407839195488,-28.0884014038164,0
153.407839195488,-28.0884014038164,0
153.407839195488,-28.0884014038164,0
153.407839272766,-28.0884014643076,0
153.407839272766,-28.0884014643076,0
153.407839272766,-28.0884014643076,0
153.407839272766,-28.0884014643076,0
153.407839272766,-28.0884014643076,0
153.407839272766,-28.0884014643076,0
153.407839342129,-28.0884016333334,0
153.407839342129,-28.0884016333334,0
153.407839342129,-28.0884016333334,0
153.407839342129,-28.0884016333334,0
153.407839342129,-28.0884016333334,0
153.407839404928,-28.0884018654548,0
153.407839404928,-28.0884018654548,0
153.407839404928,-28.0884018654548,0
153.407839404928,-28.0884018654548,0
153.407839404928,-28.0884018654548,0
153.407839411172,-28.0884019544311,0
153.407839411172,-28.0884019544311,0
153.407839411172,-28.0884019544311,0
153.407839411172,-28.0884019544311,0
153.407839524985,-28.0884020364596,0
153.407839524985,-28.0884020364596,0
153.407839524985,-28.0884020364596,0
153.407839524985,-28.0884020364596,0
153.407839524985,-28.0884020364596,0
153.407839696806,-28.0884021891996,0
153.407839696806,-28.0884021891996,0
153.407839696806,-28.0884021891996,0
153.407839696806,-28.0884021891996,0
153.407839696806,-28.0884021891996,0
153.407839726695,-28.0884023153736,0
153.407839726695,-28.0884023153736,0
153.407839726695,-28.0884023153736,0
153.407839726695,-28.0884023153736,0
153.407839726695,-28.0884023153736,0
153.407839726695,-28.0884023153736,0
153.40783989233,-28.0884025548539,0
153.40783989233,-28.0884025548539,0
153.40783989233,-28.0884025548539,0
153.40783989233,-28.0884025548539,0
153.407840174259,-28.0884027532644,0
153.407840174259,-28.0884027532644,0
153.407840174259,-28.0884027532644,0
153.407840174259,-28.0884027532644,0
153.407840174259,-28.0884027532644,0
153.40784030461,-28.088402802747,0
153.40784030461,-28.088402802747,0
153.40784030461,-28.088402802747,0
153.40784030461,-28.088402802747,0
153.40784030461,-28.088402802747,0
153.40784030461,-28.088402802747,0
153.407839993121,-28.0884013525004,0
153.407839993121,-28.0884013525004,0
153.407839993121,-28.0884013525004,0
153.407839993121,-28.0884013525004,0
153.407839057141,-28.0883982352378,0
153.407839057141,-28.0883982352378,0
153.407839057141,-28.0883982352378,0
153.407839057141,-28.0883982352378,0
153.407839057141,-28.0883982352378,0
153.407838465602,-28.0883960664558,0
153.407838465602,-28.0883960664558,0
153.407838465602,-28.0883960664558,0
153.407838465602,-28.0883960664558,0
153.407838465602,-28.0883960664558,0
153.407837536865,-28.0883927275063,0
153.407837536865,-28.0883927275063,0
153.407837536865,-28.0883927275063,0
153.407837536865,-28.0883927275063,0
153.407837536865,-28.0883927275063,0
153.407837536865,-28.0883927275063,0
153.407836727055,-28.0883902184539,0
153.407836727055,-28.0883902184539,0
153.407836727055,-28.0883902184539,0
153.407836727055,-28.0883902184539,0
153.407836263906,-28.0883886178231,0
153.407836263906,-28.0883886178231,0
153.407836263906,-28.0883886178231,0
153.407836263906,-28.0883886178231,0
153.407836263906,-28.0883886178231,0
153.407836263906,-28.0883886178231,0
153.407835714195,-28.0883862068793,0
153.407835714195,-28.0883862068793,0
153.407835714195,-28.0883862068793,0
153.407835714195,-28.0883862068793,0
153.407835410077,-28.0883845854394,0
153.407835410077,-28.0883845854394,0
153.407835410077,-28.0883845854394,0
153.407835410077,-28.0883845854394,0
153.407835410077,-28.0883845854394,0
153.407835060707,-28.088383600849,0
153.407835060707,-28.088383600849,0
153.407835060707,-28.088383600849,0
153.407835060707,-28.088383600849,0
153.407835060707,-28.088383600849,0
153.40783452969,-28.0883820687881,0
153.40783452969,-28.0883820687881,0
153.40783452969,-28.0883820687881,0
153.40783452969,-28.0883820687881,0
153.40783452969,-28.0883820687881,0
153.40783452969,-28.0883820687881,0
153.407834178466,-28.0883810708847,0
153.407834178466,-28.0883810708847,0
153.407834178466,-28.0883810708847,0
153.407834178466,-28.0883810708847,0
153.407833856965,-28.0883797715876,0
153.407833856965,-28.0883797715876,0
153.407833856965,-28.0883797715876,0
153.407833856965,-28.0883797715876,0
153.407833856965,-28.0883797715876,0
153.407833856965,-28.0883797715876,0
153.407833565636,-28.0883784729416,0
153.407833565636,-28.0883784729416,0
153.407833565636,-28.0883784729416,0
153.407833565636,-28.0883784729416,0
153.407833565636,-28.0883784729416,0
153.407833322423,-28.0883776561777,0
153.407833322423,-28.0883776561777,0
153.407833322423,-28.0883776561777,0
153.407833322423,-28.0883776561777,0
153.407833322423,-28.0883776561777,0
153.407832958128,-28.0883765322717,0
153.407832958128,-28.0883765322717,0
153.407832958128,-28.0883765322717,0
153.407832958128,-28.0883765322717,0
153.407832501048,-28.0883755065172,0
153.407832501048,-28.0883755065172,0
153.407832501048,-28.0883755065172,0
153.407832501048,-28.0883755065172,0
153.407832501048,-28.0883755065172,0
153.407832501048,-28.0883755065172,0
153.407832265797,-28.088375046318,0
153.407832265797,-28.088375046318,0
153.407832265797,-28.088375046318,0
153.407832265797,-28.088375046318,0
153.407830342826,-28.0883707898831,0
153.407830342826,-28.0883707898831,0
153.407830342826,-28.0883707898831,0
153.407830342826,-28.0883707898831,0
153.407830342826,-28.0883707898831,0
153.407827255693,-28.0883616026661,0
153.407827255693,-28.0883616026661,0
153.407827255693,-28.0883616026661,0
153.407827255693,-28.0883616026661,0
153.407827255693,-28.0883616026661,0
153.407827255693,-28.0883616026661,0
153.407825258426,-28.0883552681816,0
153.407825258426,-28.0883552681816,0
153.407825258426,-28.0883552681816,0
153.407825258426,-28.0883552681816,0
153.40782259223,-28.0883466682887,0
153.40782259223,-28.0883466682887,0
153.40782259223,-28.0883466682887,0
153.40782259223,-28.0883466682887,0
153.40782259223,-28.0883466682887,0
153.40782259223,-28.0883466682887,0
153.407820313441,-28.0883392109862,0
153.407820313441,-28.0883392109862,0
153.407820313441,-28.0883392109862,0
153.407820313441,-28.0883392109862,0
153.407820313441,-28.0883392109862,0
153.407819106689,-28.0883353759764,0
153.407819106689,-28.0883353759764,0
153.407819106689,-28.0883353759764,0
153.407819106689,-28.0883353759764,0
153.407819106689,-28.0883353759764,0
153.407817313627,-28.0883309568894,0
153.407817313627,-28.0883309568894,0
153.407817313627,-28.0883309568894,0
153.407817313627,-28.0883309568894,0
153.407815744123,-28.0883268140521,0
153.407815744123,-28.0883268140521,0
153.407815744123,-28.0883268140521,0
153.407815744123,-28.0883268140521,0
153.407815744123,-28.0883268140521,0
153.407815744123,-28.0883268140521,0
153.407814907308,-28.0883245195502,0
153.407814907308,-28.0883245195502,0
153.407814907308,-28.0883245195502,0
153.407814907308,-28.0883245195502,0
153.407813716879,-28.0883215651024,0
153.407813716879,-28.0883215651024,0
153.407813716879,-28.0883215651024,0
153.407813716879,-28.0883215651024,0
153.407813716879,-28.0883215651024,0
153.407813716879,-28.0883215651024,0
153.407812223614,-28.0883189115084,0
153.407812223614,-28.0883189115084,0
153.407812223614,-28.0883189115084,0
153.407812223614,-28.0883189115084,0
153.407812223614,-28.0883189115084,0
153.407811304025,-28.0883172461972,0
153.407811304025,-28.0883172461972,0
153.407811304025,-28.0883172461972,0
153.407811304025,-28.0883172461972,0
153.407810163082,-28.0883148899105,0
153.407810163082,-28.0883148899105,0
153.407810163082,-28.0883148899105,0
153.407810163082,-28.0883148899105,0
153.407810163082,-28.0883148899105,0
153.407809130237,-28.0883123347508,0
153.407809130237,-28.0883123347508,0
153.407809130237,-28.0883123347508,0
153.407809130237,-28.0883123347508,0
153.407809130237,-28.0883123347508,0
153.407808524963,-28.0883107922553,0
153.407808524963,-28.0883107922553,0
153.407808524963,-28.0883107922553,0
153.407808524963,-28.0883107922553,0
153.407808524963,-28.0883107922553,0
153.407808524963,-28.0883107922553,0
153.407807778553,-28.0883086515986,0
153.407807778553,-28.0883086515986,0
153.407807778553,-28.0883086515986,0
153.407807778553,-28.0883086515986,0
153.407807778553,-28.0883086515986,0
153.407807340215,-28.088307249087,0
153.407807340215,-28.088307249087,0
153.407807340215,-28.088307249087,0
153.407807340215,-28.088307249087,0
153.407807340215,-28.088307249087,0
153.407806930843,-28.0883053859822,0
153.407806930843,-28.0883053859822,0
153.407806930843,-28.0883053859822,0
153.407806930843,-28.0883053859822,0
153.407806812237,-28.0883036123848,0
153.407806812237,-28.0883036123848,0
153.407806812237,-28.0883036123848,0
153.407806812237,-28.0883036123848,0
153.407806812237,-28.0883036123848,0
153.40780673797,-28.0883025005496,0
153.40780673797,-28.0883025005496,0
153.40780673797,-28.0883025005496,0
153.40780673797,-28.0883025005496,0
153.40780673797,-28.0883025005496,0
153.407806746952,-28.0883010807842,0
153.407806746952,-28.0883010807842,0
153.407806746952,-28.0883010807842,0
153.407806746952,-28.0883010807842,0
153.407806746952,-28.0883010807842,0
153.407806825055,-28.0882996935902,0
153.407806825055,-28.0882996935902,0
153.407806825055,-28.0882996935902,0
153.407806825055,-28.0882996935902,0
153.407806825055,-28.0882996935902,0
153.40780672352,-28.0882991083651,0
153.40780672352,-28.0882991083651,0
153.40780672352,-28.0882991083651,0
153.40780672352,-28.0882991083651,0
153.40780672352,-28.0882991083651,0
153.407806589639,-28.0882990138203,0
153.407806589639,-28.0882990138203,0
153.407806589639,-28.0882990138203,0
153.407806589639,-28.0882990138203,0
153.407806589639,-28.0882990138203,0
153.407806734212,-28.0882990814478,0
153.407806734212,-28.0882990814478,0
153.407806734212,-28.0882990814478,0
153.407806734212,-28.0882990814478,0
153.407806734212,-28.0882990814478,0
153.407806734212,-28.0882990814478,0
153.407806810945,-28.0882991154243,0
153.407806810945,-28.0882991154243,0
153.407806810945,-28.0882991154243,0
153.407806810945,-28.0882991154243,0
153.407806810945,-28.0882991154243,0
153.407806753526,-28.0882990169901,0
153.407806753526,-28.0882990169901,0
153.407806753526,-28.0882990169901,0
153.407806753526,-28.0882990169901,0
153.407806665169,-28.0882987059415,0
153.407806665169,-28.0882987059415,0
153.407806665169,-28.0882987059415,0
153.407806665169,-28.0882987059415,0
153.407806665169,-28.0882987059415,0
153.407806665169,-28.0882987059415,0
153.407806792398,-28.0882984804081,0
153.407806792398,-28.0882984804081,0
153.407806792398,-28.0882984804081,0
153.407806792398,-28.0882984804081,0
153.407807038058,-28.0882981083457,0
153.407807038058,-28.0882981083457,0
153.407807038058,-28.0882981083457,0
153.407807038058,-28.0882981083457,0
153.407807038058,-28.0882981083457,0
153.407807038058,-28.0882981083457,0
153.407807310859,-28.0882977740635,0
153.407807310859,-28.0882977740635,0
153.407807310859,-28.0882977740635,0
153.407807310859,-28.0882977740635,0
153.407807310859,-28.0882977740635,0
153.407807536535,-28.088297674567,0
153.407807536535,-28.088297674567,0
153.407807536535,-28.088297674567,0
153.407807536535,-28.088297674567,0
153.407807909443,-28.0882975110241,0
153.407807909443,-28.0882975110241,0
153.407807909443,-28.0882975110241,0
153.407807909443,-28.0882975110241,0
153.407807909443,-28.0882975110241,0
153.407807909443,-28.0882975110241,0
153.407808070349,-28.0882973319064,0
153.407808070349,-28.0882973319064,0
153.407808070349,-28.0882973319064,0
153.407808070349,-28.0882973319064,0
153.407808344782,-28.0882970845444,0
153.407808344782,-28.0882970845444,0
153.407808344782,-28.0882970845444,0
153.407808344782,-28.0882970845444,0
153.407808344782,-28.0882970845444,0
153.407808421447,-28.0882969155186,0
153.407808421447,-28.0882969155186,0
153.407808421447,-28.0882969155186,0
153.407808421447,-28.0882969155186,0
153.407808421447,-28.0882969155186,0
153.407808421447,-28.0882969155186,0
153.4078080881,-28.0882957090701,0
153.4078080881,-28.0882957090701,0
153.4078080881,-28.0882957090701,0
153.4078080881,-28.0882957090701,0
153.40780697692,-28.0882926418298,0
153.40780697692,-28.0882926418298,0
153.40780697692,-28.0882926418298,0
153.40780697692,-28.0882926418298,0
153.40780697692,-28.0882926418298,0
153.407806339862,-28.0882898294047,0
153.407806339862,-28.0882898294047,0
153.407806339862,-28.0882898294047,0
153.407806339862,-28.0882898294047,0
153.407806339862,-28.0882898294047,0
153.407805960787,-28.0882882093099,0
153.407805960787,-28.0882882093099,0
153.407805960787,-28.0882882093099,0
153.407805960787,-28.0882882093099,0
153.407805960787,-28.0882882093099,0
153.407805391889,-28.0882861001453,0
153.407805391889,-28.0882861001453,0
153.407805391889,-28.0882861001453,0
153.407805391889,-28.0882861001453,0
153.407805391889,-28.0882861001453,0
153.407805391889,-28.0882861001453,0
153.407804973991,-28.088284179779,0
153.407804973991,-28.088284179779,0
153.407804973991,-28.088284179779,0
153.407804973991,-28.088284179779,0
153.407804960454,-28.0882830194892,0
153.407804960454,-28.0882830194892,0
153.407804960454,-28.0882830194892,0
153.407804960454,-28.0882830194892,0
153.407804960454,-28.0882830194892,0
153.407804811503,-28.0882812485989,0
153.407804811503,-28.0882812485989,0
153.407804811503,-28.0882812485989,0
153.407804811503,-28.0882812485989,0
153.407804811503,-28.0882812485989,0
153.407804673825,-28.0882796493046,0
153.407804673825,-28.0882796493046,0
153.407804673825,-28.0882796493046,0
153.407804673825,-28.0882796493046,0
153.407804673825,-28.0882796493046,0
153.407804519406,-28.0882788266552,0
153.407804519406,-28.0882788266552,0
153.407804519406,-28.0882788266552,0
153.407804519406,-28.0882788266552,0
153.407804519406,-28.0882788266552,0
153.407803942331,-28.0882780083578,0
153.407803942331,-28.0882780083578,0
153.407803942331,-28.0882780083578,0
153.407803942331,-28.0882780083578,0
153.407803942331,-28.0882780083578,0
153.407803942331,-28.0882780083578,0
153.407803218053,-28.0882771716757,0
153.407803218053,-28.0882771716757,0
153.407803218053,-28.0882771716757,0
153.407803218053,-28.0882771716757,0
153.407801841898,-28.088273507268,0
153.407801841898,-28.088273507268,0
153.407801841898,-28.088273507268,0
153.407801841898,-28.088273507268,0
153.407801841898,-28.088273507268,0
153.407798990977,-28.0882643633569,0
153.407798990977,-28.0882643633569,0
153.407798990977,-28.0882643633569,0
153.407798990977,-28.0882643633569,0
153.407798990977,-28.0882643633569,0
153.407798990977,-28.0882643633569,0
153.407795995648,-28.0882557089953,0
153.407795995648,-28.0882557089953,0
153.407795995648,-28.0882557089953,0
153.407795995648,-28.0882557089953,0
153.407795995648,-28.0882557089953,0
153.407794148527,-28.0882505800684,0
153.407794148527,-28.0882505800684,0
153.407794148527,-28.0882505800684,0
153.407794148527,-28.0882505800684,0
153.407791690645,-28.0882437093447,0
153.407791690645,-28.0882437093447,0
153.407791690645,-28.0882437093447,0
153.407791690645,-28.0882437093447,0
153.407791690645,-28.0882437093447,0
153.407791690645,-28.0882437093447,0
153.407789507593,-28.0882378710063,0
153.407789507593,-28.0882378710063,0
153.407789507593,-28.0882378710063,0
153.407789507593,-28.0882378710063,0
153.407788169902,-28.0882344361584,0
153.407788169902,-28.0882344361584,0
153.407788169902,-28.0882344361584,0
153.407788169902,-28.0882344361584,0
153.407788169902,-28.0882344361584,0
153.407786461235,-28.0882302250597,0
153.407786461235,-28.0882302250597,0
153.407786461235,-28.0882302250597,0
153.407786461235,-28.0882302250597,0
153.407786461235,-28.0882302250597,0
153.407786461235,-28.0882302250597,0
153.407785488442,-28.0882276411493,0
153.407785488442,-28.0882276411493,0
153.407785488442,-28.0882276411493,0
153.407785488442,-28.0882276411493,0
153.407784202887,-28.0882243595127,0
153.407784202887,-28.0882243595127,0
153.407784202887,-28.0882243595127,0
153.407784202887,-28.0882243595127,0
153.407784202887,-28.0882243595127,0
153.407784202887,-28.0882243595127,0
153.407783022897,-28.0882218112236,0
153.407783022897,-28.0882218112236,0
153.407783022897,-28.0882218112236,0
153.407783022897,-28.0882218112236,0
153.407782442705,-28.0882202094963,0
153.407782442705,-28.0882202094963,0
153.407782442705,-28.0882202094963,0
153.407782442705,-28.0882202094963,0
153.407782442705,-28.0882202094963,0
153.407782442705,-28.0882202094963,0
153.407781974128,-28.0882179167078,0
153.407781974128,-28.0882179167078,0
153.407781974128,-28.0882179167078,0
153.407781974128,-28.0882179167078,0
153.407781256549,-28.0882161951803,0
153.407781256549,-28.0882161951803,0
153.407781256549,-28.0882161951803,0
153.407781256549,-28.0882161951803,0
153.407781256549,-28.0882161951803,0
153.407780827241,-28.0882151009245,0
153.407780827241,-28.0882151009245,0
153.407780827241,-28.0882151009245,0
153.407780827241,-28.0882151009245,0
153.407780827241,-28.0882151009245,0
153.407780112227,-28.08821354013,0
153.407780112227,-28.08821354013,0
153.407780112227,-28.08821354013,0
153.407780112227,-28.08821354013,0
153.407780112227,-28.08821354013,0
153.407780112227,-28.08821354013,0
153.407779562079,-28.0882121245966,0
153.407779562079,-28.0882121245966,0
153.407779562079,-28.0882121245966,0
153.407779562079,-28.0882121245966,0
153.407779562079,-28.0882121245966,0
153.40777927747,-28.0882111761331,0
153.40777927747,-28.0882111761331,0
153.40777927747,-28.0882111761331,0
153.40777927747,-28.0882111761331,0
153.407778946162,-28.088210072882,0
153.407778946162,-28.088210072882,0
153.407778946162,-28.088210072882,0
153.407778946162,-28.088210072882,0
153.407778946162,-28.088210072882,0
153.407778946162,-28.088210072882,0
153.407779079887,-28.0882094235418,0
153.407779079887,-28.0882094235418,0
153.407779079887,-28.0882094235418,0
153.407779079887,-28.0882094235418,0
153.407779169885,-28.088209007531,0
153.407779169885,-28.088209007531,0
153.407779169885,-28.088209007531,0
153.407779169885,-28.088209007531,0
153.407779169885,-28.088209007531,0
153.407779368866,-28.0882085371372,0
153.407779368866,-28.0882085371372,0
153.407779368866,-28.0882085371372,0
153.407779368866,-28.0882085371372,0
153.407779368866,-28.0882085371372,0
153.407779368866,-28.0882085371372,0
153.407779354213,-28.0882082249578,0
153.407779354213,-28.0882082249578,0
153.407779354213,-28.0882082249578,0
153.407779354213,-28.0882082249578,0
153.407778572807,-28.0882067976363,0
153.407778572807,-28.0882067976363,0
153.407778572807,-28.0882067976363,0
153.407778572807,-28.0882067976363,0
153.407778572807,-28.0882067976363,0
153.407777501693,-28.0882040591611,0
153.407777501693,-28.0882040591611,0
153.407777501693,-28.0882040591611,0
153.407777501693,-28.0882040591611,0
153.407777501693,-28.0882040591611,0
153.407776886503,-28.0882022351215,0
153.407776886503,-28.0882022351215,0
153.407776886503,-28.0882022351215,0
153.407776886503,-28.0882022351215,0
153.407776886503,-28.0882022351215,0
153.407775855679,-28.0881996875178,0
153.407775855679,-28.0881996875178,0
153.407775855679,-28.0881996875178,0
153.407775855679,-28.0881996875178,0
153.407775855679,-28.0881996875178,0
153.407775855679,-28.0881996875178,0
153.407775105113,-28.0881971860386,0
153.407775105113,-28.0881971860386,0
153.407775105113,-28.0881971860386,0
153.407775105113,-28.0881971860386,0
153.407775105113,-28.0881971860386,0
153.407774539002,-28.0881956608483,0
153.407774539002,-28.0881956608483,0
153.407774539002,-28.0881956608483,0
153.407774539002,-28.0881956608483,0
153.407774539002,-28.0881956608483,0
153.407773900886,-28.088193594844,0
153.407773900886,-28.088193594844,0
153.407773900886,-28.088193594844,0
153.407773900886,-28.088193594844,0
153.407773380531,-28.0881923884468,0
153.407773380531,-28.0881923884468,0
153.407773380531,-28.0881923884468,0
153.407773380531,-28.0881923884468,0
153.407773380531,-28.0881923884468,0
153.407773380531,-28.0881923884468,0
153.407773082822,-28.0881914891575,0
153.407773082822,-28.0881914891575,0
153.407773082822,-28.0881914891575,0
153.407773082822,-28.0881914891575,0
153.407772537335,-28.0881902904707,0
153.407772537335,-28.0881902904707,0
153.407772537335,-28.0881902904707,0
153.407772537335,-28.0881902904707,0
153.407772537335,-28.0881902904707,0
153.407771972244,-28.0881893170602,0
153.407771972244,-28.0881893170602,0
153.407771972244,-28.0881893170602,0
153.407771972244,-28.0881893170602,0
153.407771972244,-28.0881893170602,0
153.407771972244,-28.0881893170602,0
153.407771635643,-28.0881887513677,0
153.407771635643,-28.0881887513677,0
153.407771635643,-28.0881887513677,0
153.407771635643,-28.0881887513677,0
153.407771268717,-28.0881882294009,0
153.407771268717,-28.0881882294009,0
153.407771268717,-28.0881882294009,0
153.407771268717,-28.0881882294009,0
153.407771268717,-28.0881882294009,0
153.407771158986,-28.0881886341719,0
153.407771158986,-28.0881886341719,0
153.407771158986,-28.0881886341719,0
153.407771158986,-28.0881886341719,0
153.407771158986,-28.0881886341719,0
153.407771158986,-28.0881886341719,0
153.407771143779,-28.0881888971085,0
153.407771143779,-28.0881888971085,0
153.407771143779,-28.0881888971085,0
153.407771143779,-28.0881888971085,0
153.407770966045,-28.0881889290461,0
153.407770966045,-28.0881889290461,0
153.407770966045,-28.0881889290461,0
153.407770966045,-28.0881889290461,0
153.407770966045,-28.0881889290461,0
153.407770966045,-28.0881889290461,0
153.407770738612,-28.0881889211302,0
153.407770738612,-28.0881889211302,0
153.407770738612,-28.0881889211302,0
153.407770738612,-28.0881889211302,0
153.407770738612,-28.0881889211302,0
153.40777051281,-28.0881889366878,0
153.40777051281,-28.0881889366878,0
153.40777051281,-28.0881889366878,0
153.40777051281,-28.0881889366878,0
153.407770316412,-28.0881888495449,0
153.407770316412,-28.0881888495449,0
153.407770316412,-28.0881888495449,0
153.407770316412,-28.0881888495449,0
153.407770316412,-28.0881888495449,0
153.407770316412,-28.0881888495449,0
153.407770114159,-28.08818871686,0
153.407770114159,-28.08818871686,0
153.407770114159,-28.08818871686,0
153.407770114159,-28.08818871686,0
153.407770046932,-28.0881886149477,0
153.407770046932,-28.0881886149477,0
153.407770046932,-28.0881886149477,0
153.407770046932,-28.0881886149477,0
153.407770046932,-28.0881886149477,0
153.407769825393,-28.0881885686862,0
153.407769825393,-28.0881885686862,0
153.407769825393,-28.0881885686862,0
153.407769825393,-28.0881885686862,0
153.407769825393,-28.0881885686862,0
153.407769658836,-28.0881884613595,0
153.407769658836,-28.0881884613595,0
153.407769658836,-28.0881884613595,0
153.407769658836,-28.0881884613595,0
153.407769658836,-28.0881884613595,0
153.407769658836,-28.0881884613595,0
153.407769546697,-28.0881884282911,0
153.407769546697,-28.0881884282911,0
153.407769546697,-28.0881884282911,0
153.407769546697,-28.0881884282911,0
153.407769546697,-28.0881884282911,0
153.40776945434,-28.088188437886,0
153.40776945434,-28.088188437886,0
153.40776945434,-28.088188437886,0
153.40776945434,-28.088188437886,0
153.40776945434,-28.088188437886,0
153.407769452863,-28.0881883471792,0
153.407769452863,-28.0881883471792,0
153.407769452863,-28.0881883471792,0
153.407769452863,-28.0881883471792,0
153.407769496134,-28.0881882167903,0
153.407769496134,-28.0881882167903,0
153.407769496134,-28.0881882167903,0
153.407769496134,-28.0881882167903,0
153.407769496134,-28.0881882167903,0
153.407769609894,-28.0881881903699,0
153.407769609894,-28.0881881903699,0
153.407769609894,-28.0881881903699,0
153.407769609894,-28.0881881903699,0
153.407769609894,-28.0881881903699,0
153.407769609894,-28.0881881903699,0
153.407769730802,-28.0881882972168,0
153.407769730802,-28.0881882972168,0
153.407769730802,-28.0881882972168,0
153.407769730802,-28.0881882972168,0
153.407769730802,-28.0881882972168,0
153.407769745407,-28.0881884684529,0
153.407769745407,-28.0881884684529,0
153.407769745407,-28.0881884684529,0
153.407769745407,-28.0881884684529,0
153.407769745407,-28.0881884684529,0
153.407769629733,-28.088188618443,0
153.407769629733,-28.088188618443,0
153.407769629733,-28.088188618443,0
153.407769629733,-28.088188618443,0
153.407769629733,-28.088188618443,0
153.407769589677,-28.0881887194301,0
153.407769589677,-28.0881887194301,0
153.407769589677,-28.0881887194301,0
153.407769589677,-28.0881887194301,0
153.407769589677,-28.0881887194301,0
153.407769718294,-28.0881888949497,0
153.407769718294,-28.0881888949497,0
153.407769718294,-28.0881888949497,0
153.407769718294,-28.0881888949497,0
153.407769718294,-28.0881888949497,0
153.407770393233,-28.0881889205477,0
153.407770393233,-28.0881889205477,0
153.407770393233,-28.0881889205477,0
153.407770393233,-28.0881889205477,0
153.407770393233,-28.0881889205477,0
153.407776531132,-28.0881874110521,0
153.407776531132,-28.0881874110521,0
153.407776531132,-28.0881874110521,0
153.407776531132,-28.0881874110521,0
153.407776531132,-28.0881874110521,0
153.407796040094,-28.0881816899437,0
153.407796040094,-28.0881816899437,0
153.407796040094,-28.0881816899437,0
153.407796040094,-28.0881816899437,0
153.407796040094,-28.0881816899437,0
153.407818280254,-28.0881744741777,0
153.407818280254,-28.0881744741777,0
153.407818280254,-28.0881744741777,0
153.407818280254,-28.0881744741777,0
153.407818280254,-28.0881744741777,0
153.407832205446,-28.0881697556075,0
153.407832205446,-28.0881697556075,0
153.407832205446,-28.0881697556075,0
153.407832205446,-28.0881697556075,0
153.407832205446,-28.0881697556075,0
153.407839295697,-28.0881674294765,0
153.407839295697,-28.0881674294765,0
153.407839295697,-28.0881674294765,0
153.407839295697,-28.0881674294765,0
153.407839295697,-28.0881674294765,0
153.407839550743,-28.0881673142339,0
153.407839550743,-28.0881673142339,0
153.407839550743,-28.0881673142339,0
153.407839550743,-28.0881673142339,0
153.407839359992,-28.0881677151326,0
153.407839359992,-28.0881677151326,0
153.407839359992,-28.0881677151326,0
153.407839359992,-28.0881677151326,0
153.407839359992,-28.0881677151326,0
153.407839359992,-28.0881677151326,0
153.407839352369,-28.0881677341513,0
153.407839352369,-28.0881677341513,0
153.407839352369,-28.0881677341513,0
153.407839352369,-28.0881677341513,0
153.407839509162,-28.08816780488,0
153.407839509162,-28.08816780488,0
153.407839509162,-28.08816780488,0
153.407839509162,-28.08816780488,0
153.407839509162,-28.08816780488,0
153.40783955955,-28.0881679931814,0
153.40783955955,-28.0881679931814,0
153.40783955955,-28.0881679931814,0
153.40783955955,-28.0881679931814,0
153.40783955955,-28.0881679931814,0
153.407839451626,-28.0881682090341,0
153.407839451626,-28.0881682090341,0
153.407839451626,-28.0881682090341,0
153.407839451626,-28.0881682090341,0
153.407839451626,-28.0881682090341,0
153.407839493766,-28.0881688308915,0
153.407839493766,-28.0881688308915,0
153.407839493766,-28.0881688308915,0
153.407839493766,-28.0881688308915,0
153.407839493766,-28.0881688308915,0
153.407839493766,-28.0881688308915,0
153.407839774758,-28.0881692870642,0
153.407839774758,-28.0881692870642,0
153.407839774758,-28.0881692870642,0
153.407839774758,-28.0881692870642,0
153.407839774758,-28.0881692870642,0
153.40784009418,-28.0881706300869,0
153.40784009418,-28.0881706300869,0
153.40784009418,-28.0881706300869,0
153.40784009418,-28.0881706300869,0
153.40784009418,-28.0881706300869,0
153.407841265819,-28.0881789504748,0
153.407841265819,-28.0881789504748,0
153.407841265819,-28.0881789504748,0
153.407841265819,-28.0881789504748,0
153.407841265819,-28.0881789504748,0
153.407842974835,-28.0881876868392,0
153.407842974835,-28.0881876868392,0
153.407842974835,-28.0881876868392,0
153.407842974835,-28.0881876868392,0
153.407842974835,-28.0881876868392,0
153.407844215696,-28.0881930339832,0
153.407844215696,-28.0881930339832,0
153.407844215696,-28.0881930339832,0
153.407844215696,-28.0881930339832,0
153.407845575557,-28.0882000161458,0
153.407845575557,-28.0882000161458,0
153.407845575557,-28.0882000161458,0
153.407845575557,-28.0882000161458,0
153.407845575557,-28.0882000161458,0
153.407849513124,-28.0882008147221,0
153.407849513124,-28.0882008147221,0
153.407849513124,-28.0882008147221,0
153.407849513124,-28.0882008147221,0
153.407849513124,-28.0882008147221,0
153.407849513124,-28.0882008147221,0
153.407857399659,-28.0881963368487,0
153.407857399659,-28.0881963368487,0
153.407857399659,-28.0881963368487,0
153.407857399659,-28.0881963368487,0
153.407875521007,-28.0881852354251,0
153.407875521007,-28.0881852354251,0
153.407875521007,-28.0881852354251,0
153.407875521007,-28.0881852354251,0
153.407875521007,-28.0881852354251,0
153.407875521007,-28.0881852354251,0
153.40789345102,-28.0881739494695,0
153.40789345102,-28.0881739494695,0
153.40789345102,-28.0881739494695,0
153.40789345102,-28.0881739494695,0
153.40789345102,-28.0881739494695,0
153.407897923758,-28.0881715308155,0
153.407897923758,-28.0881715308155,0
153.407897923758,-28.0881715308155,0
153.407897923758,-28.0881715308155,0
153.407897690814,-28.0881717249424,0
153.407897690814,-28.0881717249424,0
153.407897690814,-28.0881717249424,0
153.407897690814,-28.0881717249424,0
153.407897690814,-28.0881717249424,0
153.407897690814,-28.0881717249424,0
153.407896543675,-28.0881722293984,0
153.407896543675,-28.0881722293984,0
153.407896543675,-28.0881722293984,0
153.407896543675,-28.0881722293984,0
153.407896180829,-28.088172298962,0
153.407896180829,-28.088172298962,0
153.407896180829,-28.088172298962,0
153.407896180829,-28.088172298962,0
153.407896180829,-28.088172298962,0
153.407896066222,-28.0881723249712,0
153.407896066222,-28.0881723249712,0
153.407896066222,-28.0881723249712,0
153.407896066222,-28.0881723249712,0
153.407896066222,-28.0881723249712,0
153.407896059985,-28.0881723832607,0
153.407896059985,-28.0881723832607,0
153.407896059985,-28.0881723832607,0
153.407896059985,-28.0881723832607,0
153.407896059985,-28.0881723832607,0
153.407896059985,-28.0881723832607,0
153.407896262581,-28.0881726925959,0
153.407896262581,-28.0881726925959,0
153.407896262581,-28.0881726925959,0
153.407896262581,-28.0881726925959,0
153.407896634057,-28.0881729473083,0
153.407896634057,-28.0881729473083,0
153.407896634057,-28.0881729473083,0
153.407896634057,-28.0881729473083,0
153.407896634057,-28.0881729473083,0
153.407896975615,-28.0881731341705,0
153.407896975615,-28.0881731341705,0
153.407896975615,-28.0881731341705,0
153.407896975615,-28.0881731341705,0
153.407896975615,-28.0881731341705,0
153.407896975615,-28.0881731341705,0
153.40789738454,-28.0881743420754,0
153.40789738454,-28.0881743420754,0
153.40789738454,-28.0881743420754,0
153.40789738454,-28.0881743420754,0
153.40789738454,-28.0881743420754,0
153.407898790477,-28.0881820357056,0
153.407898790477,-28.0881820357056,0
153.407898790477,-28.0881820357056,0
153.407898790477,-28.0881820357056,0
153.407900310016,-28.0881881232393,0
153.407900310016,-28.0881881232393,0
153.407900310016,-28.0881881232393,0
153.407900310016,-28.0881881232393,0
153.407900310016,-28.0881881232393,0
153.407902207858,-28.0881960181584,0
153.407902207858,-28.0881960181584,0
153.407902207858,-28.0881960181584,0
153.407902207858,-28.0881960181584,0
153.407902207858,-28.0881960181584,0
153.407903891371,-28.0882027349513,0
153.407903891371,-28.0882027349513,0
153.407903891371,-28.0882027349513,0
153.407903891371,-28.0882027349513,0
153.407903891371,-28.0882027349513,0
153.407903891371,-28.0882027349513,0
153.407904776951,-28.0882065788022,0
153.407904776951,-28.0882065788022,0
153.407904776951,-28.0882065788022,0
153.407904776951,-28.0882065788022,0
153.407905773504,-28.0882110726786,0
153.407905773504,-28.0882110726786,0
153.407905773504,-28.0882110726786,0
153.407905773504,-28.0882110726786,0
153.407905773504,-28.0882110726786,0
153.407906510619,-28.0882152081826,0
153.407906510619,-28.0882152081826,0
153.407906510619,-28.0882152081826,0
153.407906510619,-28.0882152081826,0
153.407906510619,-28.0882152081826,0
153.407906510619,-28.0882152081826,0
153.407907064778,-28.0882177098675,0
153.407907064778,-28.0882177098675,0
153.407907064778,-28.0882177098675,0
153.407907064778,-28.0882177098675,0
153.407908187246,-28.0882211385472,0
153.407908187246,-28.0882211385472,0
153.407908187246,-28.0882211385472,0
153.407908187246,-28.0882211385472,0
153.407908187246,-28.0882211385472,0
153.407908187246,-28.0882211385472,0
153.407909526057,-28.0882245837782,0
153.407909526057,-28.0882245837782,0
153.407909526057,-28.0882245837782,0
153.407909526057,-28.0882245837782,0
153.407909526057,-28.0882245837782,0
153.407910492264,-28.088226652661,0
153.407910492264,-28.088226652661,0
153.407910492264,-28.088226652661,0
153.407910492264,-28.088226652661,0
153.407910492264,-28.088226652661,0
153.40791168402,-28.0882292471773,0
153.40791168402,-28.0882292471773,0
153.40791168402,-28.0882292471773,0
153.40791168402,-28.0882292471773,0
153.40791168402,-28.0882292471773,0
153.407912491217,-28.0882313234448,0
153.407912491217,-28.0882313234448,0
153.407912491217,-28.0882313234448,0
153.407912491217,-28.0882313234448,0
153.407912491217,-28.0882313234448,0
153.40791290732,-28.0882324858078,0
153.40791290732,-28.0882324858078,0
153.40791290732,-28.0882324858078,0
153.40791290732,-28.0882324858078,0
153.40791290732,-28.0882324858078,0
153.407913262063,-28.0882336492674,0
153.407913262063,-28.0882336492674,0
153.407913262063,-28.0882336492674,0
153.407913262063,-28.0882336492674,0
153.407913262063,-28.0882336492674,0
153.407914168064,-28.0882384951253,0
153.407914168064,-28.0882384951253,0
153.407914168064,-28.0882384951253,0
153.407914168064,-28.0882384951253,0
153.407914168064,-28.0882384951253,0
153.407916116577,-28.088244350769,0
153.407916116577,-28.088244350769,0
153.407916116577,-28.088244350769,0
153.407916116577,-28.088244350769,0
153.407918822628,-28.0882533641541,0
153.407918822628,-28.0882533641541,0
153.407918822628,-28.0882533641541,0
153.407918822628,-28.0882533641541,0
153.407918822628,-28.0882533641541,0
153.407918822628,-28.0882533641541,0
153.40792025148,-28.0882588809579,0
153.40792025148,-28.0882588809579,0
153.40792025148,-28.0882588809579,0
153.40792025148,-28.0882588809579,0
153.40792025148,-28.0882588809579,0
153.407921986601,-28.0882660740215,0
153.407921986601,-28.0882660740215,0
153.407921986601,-28.0882660740215,0
153.407921986601,-28.0882660740215,0
153.407921986601,-28.0882660740215,0
153.407923278402,-28.0882723547227,0
153.407923278402,-28.0882723547227,0
153.407923278402,-28.0882723547227,0
153.407923278402,-28.0882723547227,0
153.407923278402,-28.0882723547227,0
153.407924858303,-28.0882775737909,0
153.407924858303,-28.0882775737909,0
153.407924858303,-28.0882775737909,0
153.407924858303,-28.0882775737909,0
153.407924858303,-28.0882775737909,0
153.407925707195,-28.0882806632196,0
153.407925707195,-28.0882806632196,0
153.407925707195,-28.0882806632196,0
153.407925707195,-28.0882806632196,0
153.407925707195,-28.0882806632196,0
153.407926405373,-28.0882841882945,0
153.407926405373,-28.0882841882945,0
153.407926405373,-28.0882841882945,0
153.407926405373,-28.0882841882945,0
153.407926789984,-28.0882862458005,0
153.407926789984,-28.0882862458005,0
153.407926789984,-28.0882862458005,0
153.407926789984,-28.0882862458005,0
153.407926789984,-28.0882862458005,0
153.407927422415,-28.0882891013687,0
153.407927422415,-28.0882891013687,0
153.407927422415,-28.0882891013687,0
153.407927422415,-28.0882891013687,0
153.407927422415,-28.0882891013687,0
153.407927422415,-28.0882891013687,0
153.407928127021,-28.0882916940516,0
153.407928127021,-28.0882916940516,0
153.407928127021,-28.0882916940516,0
153.407928127021,-28.0882916940516,0
153.407928684622,-28.0882932540579,0
153.407928684622,-28.0882932540579,0
153.407928684622,-28.0882932540579,0
153.407928684622,-28.0882932540579,0
153.407928684622,-28.0882932540579,0
153.407929372589,-28.0882954080962,0
153.407929372589,-28.0882954080962,0
153.407929372589,-28.0882954080962,0
153.407929372589,-28.0882954080962,0
153.407929372589,-28.0882954080962,0
153.407929964652,-28.0882971595052,0
153.407929964652,-28.0882971595052,0
153.407929964652,-28.0882971595052,0
153.407929964652,-28.0882971595052,0
153.407929964652,-28.0882971595052,0
153.407930220999,-28.0882982191334,0
153.407930220999,-28.0882982191334,0
153.407930220999,-28.0882982191334,0
153.407930220999,-28.0882982191334,0
153.407930220999,-28.0882982191334,0
153.407930220999,-28.0882982191334,0
153.407930229801,-28.0882997148534,0
153.407930229801,-28.0882997148534,0
153.407930229801,-28.0882997148534,0
153.407930229801,-28.0882997148534,0
153.407930229801,-28.0882997148534,0
153.407930129135,-28.0883005342474,0
153.407930129135,-28.0883005342474,0
153.407930129135,-28.0883005342474,0
153.407930129135,-28.0883005342474,0
153.407930129135,-28.0883005342474,0
153.407929747513,-28.0883009479109,0
153.407929747513,-28.0883009479109,0
153.407929747513,-28.0883009479109,0
153.407929747513,-28.0883009479109,0
153.407929747513,-28.0883009479109,0
153.407929578948,-28.0883011447964,0
153.407929578948,-28.0883011447964,0
153.407929578948,-28.0883011447964,0
153.407929578948,-28.0883011447964,0
153.407929581539,-28.088301162787,0
153.407929581539,-28.088301162787,0
153.407929581539,-28.088301162787,0
153.407929581539,-28.088301162787,0
153.407929581539,-28.088301162787,0
153.407929575297,-28.0883009879699,0
153.407929575297,-28.0883009879699,0
153.407929575297,-28.0883009879699,0
153.407929575297,-28.0883009879699,0
153.407929575297,-28.0883009879699,0
153.407929575297,-28.0883009879699,0
153.407929209487,-28.0883010428326,0
153.407929209487,-28.0883010428326,0
153.407929209487,-28.0883010428326,0
153.407929209487,-28.0883010428326,0
153.407929186155,-28.0883012275702,0
153.407929186155,-28.0883012275702,0
153.407929186155,-28.0883012275702,0
153.407929186155,-28.0883012275702,0
153.407929186155,-28.0883012275702,0
153.407929049952,-28.0883015838694,0
153.407929049952,-28.0883015838694,0
153.407929049952,-28.0883015838694,0
153.407929049952,-28.0883015838694,0
153.407929049952,-28.0883015838694,0
153.407929049952,-28.0883015838694,0
153.407928722806,-28.0883018235383,0
153.407928722806,-28.0883018235383,0
153.407928722806,-28.0883018235383,0
153.407928722806,-28.0883018235383,0
153.407928722806,-28.0883018235383,0
153.407928568329,-28.0883019749676,0
153.407928568329,-28.0883019749676,0
153.407928568329,-28.0883019749676,0
153.407928568329,-28.0883019749676,0
153.407928443865,-28.0883021142147,0
153.407928443865,-28.0883021142147,0
153.407928443865,-28.0883021142147,0
153.407928443865,-28.0883021142147,0
153.407928443865,-28.0883021142147,0
153.407928292029,-28.0883022107127,0
153.407928292029,-28.0883022107127,0
153.407928292029,-28.0883022107127,0
153.407928292029,-28.0883022107127,0
153.407928292029,-28.0883022107127,0
153.407928348081,-28.0883022298684,0
153.407928348081,-28.0883022298684,0
153.407928348081,-28.0883022298684,0
153.407928348081,-28.0883022298684,0
153.407928348081,-28.0883022298684,0
153.407928348081,-28.0883022298684,0
153.407928460241,-28.0883021533142,0
153.407928460241,-28.0883021533142,0
153.407928460241,-28.0883021533142,0
153.407928460241,-28.0883021533142,0
153.407928426238,-28.0883020314066,0
153.407928426238,-28.0883020314066,0
153.407928426238,-28.0883020314066,0
153.407928426238,-28.0883020314066,0
153.407928426238,-28.0883020314066,0
153.407928383448,-28.0883019789598,0
153.407928383448,-28.0883019789598,0
153.407928383448,-28.0883019789598,0
153.407928383448,-28.0883019789598,0
153.407928383448,-28.0883019789598,0
153.407928383448,-28.0883019789598,0
153.407928359418,-28.0883018809882,0
153.407928359418,-28.0883018809882,0
153.407928359418,-28.0883018809882,0
153.407928359418,-28.0883018809882,0
153.407928448065,-28.0883018230242,0
153.407928448065,-28.0883018230242,0
153.407928448065,-28.0883018230242,0
153.407928448065,-28.0883018230242,0
153.407928448065,-28.0883018230242,0
153.407928448065,-28.0883018230242,0
153.407928665668,-28.0883018004589,0
153.407928665668,-28.0883018004589,0
153.407928665668,-28.0883018004589,0
153.407928665668,-28.0883018004589,0
153.407928665668,-28.0883018004589,0
153.407929053671,-28.0883018884243,0
153.407929053671,-28.0883018884243,0
153.407929053671,-28.0883018884243,0
153.407929053671,-28.0883018884243,0
153.407929053671,-28.0883018884243,0
153.407929489379,-28.0883020618878,0
153.407929489379,-28.0883020618878,0
153.407929489379,-28.0883020618878,0
153.407929489379,-28.0883020618878,0
153.407929543104,-28.0883021126384,0
153.407929543104,-28.0883021126384,0
153.407929543104,-28.0883021126384,0
153.407929543104,-28.0883021126384,0
153.407929543104,-28.0883021126384,0
153.407929543104,-28.0883021126384,0
153.407929710322,-28.0883021884901,0
153.407929710322,-28.0883021884901,0
153.407929710322,-28.0883021884901,0
153.407929710322,-28.0883021884901,0
153.407929710322,-28.0883021884901,0
153.407929930923,-28.0883022555521,0
153.407929930923,-28.0883022555521,0
153.407929930923,-28.0883022555521,0
153.407929930923,-28.0883022555521,0
153.407929879173,-28.088302305189,0
153.407929879173,-28.088302305189,0
153.407929879173,-28.088302305189,0
153.407929879173,-28.088302305189,0
153.407929879173,-28.088302305189,0
153.407929879173,-28.088302305189,0
153.407929811072,-28.0883023760376,0
153.407929811072,-28.0883023760376,0
153.407929811072,-28.0883023760376,0
153.407929811072,-28.0883023760376,0
153.407929703103,-28.0883024693145,0
153.407929703103,-28.0883024693145,0
153.407929703103,-28.0883024693145,0
153.407929703103,-28.0883024693145,0
153.407929703103,-28.0883024693145,0
153.407929703103,-28.0883024693145,0
153.407929609328,-28.0883025863733,0
153.407929609328,-28.0883025863733,0
153.407929609328,-28.0883025863733,0
153.407929609328,-28.0883025863733,0
153.407929609328,-28.0883025863733,0
153.407929653991,-28.0883027599567,0
153.407929653991,-28.0883027599567,0
153.407929653991,-28.0883027599567,0
153.407929653991,-28.0883027599567,0
153.407929653991,-28.0883027599567,0
153.407929573068,-28.0883028940979,0
153.407929573068,-28.0883028940979,0
153.407929573068,-28.0883028940979,0
153.407929573068,-28.0883028940979,0
153.407929573068,-28.0883028940979,0
153.407929380428,-28.0883028286464,0
153.407929380428,-28.0883028286464,0
153.407929380428,-28.0883028286464,0
153.407929380428,-28.0883028286464,0
153.407929380428,-28.0883028286464,0
153.407929319081,-28.0883029379264,0
153.407929319081,-28.0883029379264,0
153.407929319081,-28.0883029379264,0
153.407929319081,-28.0883029379264,0
153.407929179954,-28.0883030223793,0
153.407929179954,-28.0883030223793,0
153.407929179954,-28.0883030223793,0
153.407929179954,-28.0883030223793,0
153.407929179954,-28.0883030223793,0
153.407929179954,-28.0883030223793,0
153.407929125634,-28.08830298292,0
153.407929125634,-28.08830298292,0
153.407929125634,-28.08830298292,0
153.407929125634,-28.08830298292,0
153.407929129809,-28.0883029331118,0
153.407929129809,-28.0883029331118,0
153.407929129809,-28.0883029331118,0
153.407929129809,-28.0883029331118,0
153.407929129809,-28.0883029331118,0
153.407929108945,-28.0883027962291,0
153.407929108945,-28.0883027962291,0
153.407929108945,-28.0883027962291,0
153.407929108945,-28.0883027962291,0
153.407929108945,-28.0883027962291,0
153.407929108945,-28.0883027962291,0
153.407929211355,-28.0883029749527,0
153.407929211355,-28.0883029749527,0
153.407929211355,-28.0883029749527,0
153.407929211355,-28.0883029749527,0
153.407929327458,-28.0883028524968,0
153.407929327458,-28.0883028524968,0
153.407929327458,-28.0883028524968,0
153.407929327458,-28.0883028524968,0
153.407929327458,-28.0883028524968,0
153.407929148314,-28.0883026367983,0
153.407929148314,-28.0883026367983,0
153.407929148314,-28.0883026367983,0
153.407929148314,-28.0883026367983,0
153.407929148314,-28.0883026367983,0
153.407928901187,-28.0883024680295,0
153.407928901187,-28.0883024680295,0
153.407928901187,-28.0883024680295,0
153.407928901187,-28.0883024680295,0
153.407928901187,-28.0883024680295,0
153.407928901187,-28.0883024680295,0
153.407928925047,-28.0883023255269,0
153.407928925047,-28.0883023255269,0
153.407928925047,-28.0883023255269,0
153.407928925047,-28.0883023255269,0
153.407928811485,-28.0883022694306,0
153.407928811485,-28.0883022694306,0
153.407928811485,-28.0883022694306,0
153.407928811485,-28.0883022694306,0
153.407928811485,-28.0883022694306,0
153.407928811485,-28.0883022694306,0
153.407928668696,-28.0883022103015,0
153.407928668696,-28.0883022103015,0
153.407928668696,-28.0883022103015,0
153.407928668696,-28.0883022103015,0
153.40792882157,-28.0883021897066,0
153.40792882157,-28.0883021897066,0
153.40792882157,-28.0883021897066,0
153.40792882157,-28.0883021897066,0
153.40792882157,-28.0883021897066,0
153.407929101423,-28.088302320027,0
153.407929101423,-28.088302320027,0
153.407929101423,-28.088302320027,0
153.407929101423,-28.088302320027,0
153.407929101423,-28.088302320027,0
153.407929101423,-28.088302320027,0
153.40792937576,-28.088302215613,0
153.40792937576,-28.088302215613,0
153.40792937576,-28.088302215613,0
153.40792937576,-28.088302215613,0
153.40792937576,-28.088302215613,0
153.407929532551,-28.0883021778157,0
153.407929532551,-28.0883021778157,0
153.407929532551,-28.0883021778157,0
153.407929532551,-28.0883021778157,0
153.407929532551,-28.0883021778157,0
153.407929554911,-28.0883020086014,0
153.407929554911,-28.0883020086014,0
153.407929554911,-28.0883020086014,0
153.407929554911,-28.0883020086014,0
153.407929554911,-28.0883020086014,0
153.407929546994,-28.0883018666814,0
153.407929546994,-28.0883018666814,0
153.407929546994,-28.0883018666814,0
153.407929546994,-28.0883018666814,0
153.407929503139,-28.0883017821942,0
153.407929503139,-28.0883017821942,0
153.407929503139,-28.0883017821942,0
153.407929503139,-28.0883017821942,0
153.407929503139,-28.0883017821942,0
153.407929503139,-28.0883017821942,0
153.407929702773,-28.0883019319786,0
153.407929702773,-28.0883019319786,0
153.407929702773,-28.0883019319786,0
153.407929702773,-28.0883019319786,0
153.407929702773,-28.0883019319786,0
153.407929865026,-28.0883018336644,0
153.407929865026,-28.0883018336644,0
153.407929865026,-28.0883018336644,0
153.407929865026,-28.0883018336644,0
153.407929726671,-28.0883016736853,0
153.407929726671,-28.0883016736853,0
153.407929726671,-28.0883016736853,0
153.407929726671,-28.0883016736853,0
153.407929726671,-28.0883016736853,0
153.407929726671,-28.0883016736853,0
153.407929673549,-28.0883015972681,0
153.407929673549,-28.0883015972681,0
153.407929673549,-28.0883015972681,0
153.407929673549,-28.0883015972681,0
153.407929673549,-28.0883015972681,0
153.407929672258,-28.0883015294693,0
153.407929672258,-28.0883015294693,0
153.407929672258,-28.0883015294693,0
153.407929672258,-28.0883015294693,0
153.407929847256,-28.0883015173214,0
153.407929847256,-28.0883015173214,0
153.407929847256,-28.0883015173214,0
153.407929847256,-28.0883015173214,0
153.407929847256,-28.0883015173214,0
153.407929847256,-28.0883015173214,0
153.407930129776,-28.0883015563524,0
153.407930129776,-28.0883015563524,0
153.407930129776,-28.0883015563524,0
153.407930129776,-28.0883015563524,0
153.407930261729,-28.0883015517605,0
153.407930261729,-28.0883015517605,0
153.407930261729,-28.0883015517605,0
153.407930261729,-28.0883015517605,0
153.407930261729,-28.0883015517605,0
153.407930261729,-28.0883015517605,0
153.407930232751,-28.0883015065784,0
153.407930232751,-28.0883015065784,0
153.407930232751,-28.0883015065784,0
153.407930232751,-28.0883015065784,0
153.407930324122,-28.0883014812031,0
153.407930324122,-28.0883014812031,0
153.407930324122,-28.0883014812031,0
153.407930324122,-28.0883014812031,0
153.407930324122,-28.0883014812031,0
153.407930322553,-28.0883014366893,0
153.407930322553,-28.0883014366893,0
153.407930322553,-28.0883014366893,0
153.407930322553,-28.0883014366893,0
153.407930322553,-28.0883014366893,0
153.407930322553,-28.0883014366893,0
153.407930336355,-28.0883014083327,0
153.407930336355,-28.0883014083327,0
153.407930336355,-28.0883014083327,0
153.407930336355,-28.0883014083327,0
153.407930444991,-28.088301076278,0
153.407930444991,-28.088301076278,0
153.407930444991,-28.088301076278,0
153.407930444991,-28.088301076278,0
153.407930444991,-28.088301076278,0
153.407930444991,-28.088301076278,0
153.407936460089,-28.0882936388337,0
153.407936460089,-28.0882936388337,0
153.407936460089,-28.0882936388337,0
153.407936460089,-28.0882936388337,0
153.407936460089,-28.0882936388337,0
153.407948453771,-28.0882774598677,0
153.407948453771,-28.0882774598677,0
153.407948453771,-28.0882774598677,0
153.407948453771,-28.0882774598677,0
153.407956367488,-28.0882654139727,0
153.407956367488,-28.0882654139727,0
153.407956367488,-28.0882654139727,0
153.407956367488,-28.0882654139727,0
153.407956367488,-28.0882654139727,0
153.407965768941,-28.0882493787087,0
153.407965768941,-28.0882493787087,0
153.407965768941,-28.0882493787087,0
153.407965768941,-28.0882493787087,0
153.407965768941,-28.0882493787087,0
153.407965768941,-28.0882493787087,0
153.407966965434,-28.0882467939416,0
153.407966965434,-28.0882467939416,0
153.407966965434,-28.0882467939416,0
153.407966965434,-28.0882467939416,0
153.407966965434,-28.0882467939416,0
153.407966826339,-28.0882473196093,0
153.407966826339,-28.0882473196093,0
153.407966826339,-28.0882473196093,0
153.407966826339,-28.0882473196093,0
153.407966826339,-28.0882473196093,0
153.407966108183,-28.0882479472408,0
153.407966108183,-28.0882479472408,0
153.407966108183,-28.0882479472408,0
153.407966108183,-28.0882479472408,0
153.407966108183,-28.0882479472408,0
153.407965359142,-28.0882480131549,0
153.407965359142,-28.0882480131549,0
153.407965359142,-28.0882480131549,0
153.407965359142,-28.0882480131549,0
153.40796526673,-28.0882479548825,0
153.40796526673,-28.0882479548825,0
153.40796526673,-28.0882479548825,0
153.40796526673,-28.0882479548825,0
153.40796526673,-28.0882479548825,0
153.40796526673,-28.0882479548825,0
153.407965464264,-28.0882480512435,0
153.407965464264,-28.0882480512435,0
153.407965464264,-28.0882480512435,0
153.407965464264,-28.0882480512435,0
153.407965464264,-28.0882480512435,0
153.40796591009,-28.088248285361,0
153.40796591009,-28.088248285361,0
153.40796591009,-28.088248285361,0
153.40796591009,-28.088248285361,0
153.40796591009,-28.088248285361,0
153.407966263966,-28.0882485241217,0
153.407966263966,-28.0882485241217,0
153.407966263966,-28.0882485241217,0
153.407966263966,-28.0882485241217,0
153.407966263966,-28.0882485241217,0
153.407966803494,-28.0882489181155,0
153.407966803494,-28.0882489181155,0
153.407966803494,-28.0882489181155,0
153.407966803494,-28.0882489181155,0
153.407966951829,-28.088249241569,0
153.407966951829,-28.088249241569,0
153.407966951829,-28.088249241569,0
153.407966951829,-28.088249241569,0
153.407966951829,-28.088249241569,0
153.407967045508,-28.0882494799014,0
153.407967045508,-28.0882494799014,0
153.407967045508,-28.0882494799014,0
153.407967045508,-28.0882494799014,0
153.407967045508,-28.0882494799014,0
153.407967045508,-28.0882494799014,0
153.407967204544,-28.0882498059936,0
153.407967204544,-28.0882498059936,0
153.407967204544,-28.0882498059936,0
153.407967204544,-28.0882498059936,0
153.407967192425,-28.0882500265068,0
153.407967192425,-28.0882500265068,0
153.407967192425,-28.0882500265068,0
153.407967192425,-28.0882500265068,0
153.407967192425,-28.0882500265068,0
153.407967144688,-28.0882502178923,0
153.407967144688,-28.0882502178923,0
153.407967144688,-28.0882502178923,0
153.407967144688,-28.0882502178923,0
153.407967144688,-28.0882502178923,0
153.407967056622,-28.0882504943305,0
153.407967056622,-28.0882504943305,0
153.407967056622,-28.0882504943305,0
153.407967056622,-28.0882504943305,0
153.407967056622,-28.0882504943305,0
153.407967056622,-28.0882504943305,0
153.407966991284,-28.0882506759326,0
153.407966991284,-28.0882506759326,0
153.407966991284,-28.0882506759326,0
153.407966991284,-28.0882506759326,0
153.407967092192,-28.0882508498073,0
153.407967092192,-28.0882508498073,0
153.407967092192,-28.0882508498073,0
153.407967092192,-28.0882508498073,0
153.407967092192,-28.0882508498073,0
153.407967255044,-28.0882510410386,0
153.407967255044,-28.0882510410386,0
153.407967255044,-28.0882510410386,0
153.407967255044,-28.0882510410386,0
153.407967255044,-28.0882510410386,0
153.407967422845,-28.0882511867109,0
153.407967422845,-28.0882511867109,0
153.407967422845,-28.0882511867109,0
153.407967422845,-28.0882511867109,0
153.407967422845,-28.0882511867109,0
153.407967422845,-28.0882511867109,0
153.407967614979,-28.0882514007303,0
153.407967614979,-28.0882514007303,0
153.407967614979,-28.0882514007303,0
153.407967614979,-28.0882514007303,0
153.407967725263,-28.0882515344946,0
153.407967725263,-28.0882515344946,0
153.407967725263,-28.0882515344946,0
153.407967725263,-28.0882515344946,0
153.407967725263,-28.0882515344946,0
153.407967725263,-28.0882515344946,0
153.407967815917,-28.0882517269424,0
153.407967815917,-28.0882517269424,0
153.407967815917,-28.0882517269424,0
153.407967815917,-28.0882517269424,0
153.407967826138,-28.0882518799481,0
153.407967826138,-28.0882518799481,0
153.407967826138,-28.0882518799481,0
153.407967826138,-28.0882518799481,0
153.407967826138,-28.0882518799481,0
153.407967738858,-28.0882518857051,0
153.407967738858,-28.0882518857051,0
153.407967738858,-28.0882518857051,0
153.407967738858,-28.0882518857051,0
153.407967738858,-28.0882518857051,0
153.407967738858,-28.0882518857051,0
153.407967510109,-28.0882518954542,0
153.407967510109,-28.0882518954542,0
153.407967510109,-28.0882518954542,0
153.407967510109,-28.0882518954542,0
153.407967504608,-28.0882520103712,0
153.407967504608,-28.0882520103712,0
153.407967504608,-28.0882520103712,0
153.407967504608,-28.0882520103712,0
153.407967504608,-28.0882520103712,0
153.407967504608,-28.0882520103712,0
153.407967474097,-28.088252134352,0
153.407967474097,-28.088252134352,0
153.407967474097,-28.088252134352,0
153.407967474097,-28.088252134352,0
153.407967077607,-28.0882521538333,0
153.407967077607,-28.0882521538333,0
153.407967077607,-28.0882521538333,0
153.407967077607,-28.0882521538333,0
153.407967077607,-28.0882521538333,0
153.407966897022,-28.0882522701553,0
153.407966897022,-28.0882522701553,0
153.407966897022,-28.0882522701553,0
153.407966897022,-28.0882522701553,0
153.407966897022,-28.0882522701553,0
153.407966897022,-28.0882522701553,0
153.407966877154,-28.0882524507293,0
153.407966877154,-28.0882524507293,0
153.407966877154,-28.0882524507293,0
153.407966877154,-28.0882524507293,0
153.407966877154,-28.0882524507293,0
153.407966695949,-28.0882526211601,0
153.407966695949,-28.0882526211601,0
153.407966695949,-28.0882526211601,0
153.407966695949,-28.0882526211601,0
153.407966845901,-28.088252676691,0
153.407966845901,-28.088252676691,0
153.407966845901,-28.088252676691,0
153.407966845901,-28.088252676691,0
153.407966845901,-28.088252676691,0
153.407966845901,-28.088252676691,0
153.40796691104,-28.0882527938183,0
153.40796691104,-28.0882527938183,0
153.40796691104,-28.0882527938183,0
153.40796691104,-28.0882527938183,0
153.407967013744,-28.0882528624909,0
153.407967013744,-28.0882528624909,0
153.407967013744,-28.0882528624909,0
153.407967013744,-28.0882528624909,0
153.407967013744,-28.0882528624909,0
153.407966961909,-28.088252812974,0
153.407966961909,-28.088252812974,0
153.407966961909,-28.088252812974,0
153.407966961909,-28.088252812974,0
153.407966961909,-28.088252812974,0
153.407967023499,-28.08825279327,0
153.407967023499,-28.08825279327,0
153.407967023499,-28.08825279327,0
153.407967023499,-28.08825279327,0
153.407967023499,-28.08825279327,0
153.407966928601,-28.0882528449116,0
153.407966928601,-28.0882528449116,0
153.407966928601,-28.0882528449116,0
153.407966928601,-28.0882528449116,0
153.407966928601,-28.0882528449116,0
153.407966797449,-28.0882529323629,0
153.407966797449,-28.0882529323629,0
153.407966797449,-28.0882529323629,0
153.407966797449,-28.0882529323629,0
153.407966797449,-28.0882529323629,0
153.407966675348,-28.0882529834562,0
153.407966675348,-28.0882529834562,0
153.407966675348,-28.0882529834562,0
153.407966675348,-28.0882529834562,0
153.407966675348,-28.0882529834562,0
153.407966627338,-28.0882530625291,0
153.407966627338,-28.0882530625291,0
153.407966627338,-28.0882530625291,0
153.407966627338,-28.0882530625291,0
153.407966627338,-28.0882530625291,0
153.407966627338,-28.0882530625291,0
153.407966493346,-28.0882533314969,0
153.407966493346,-28.0882533314969,0
153.407966493346,-28.0882533314969,0
153.407966493346,-28.0882533314969,0
153.407966493346,-28.0882533314969,0
153.407966435849,-28.0882536324708,0
153.407966435849,-28.0882536324708,0
153.407966435849,-28.0882536324708,0
153.407966435849,-28.0882536324708,0
153.407966435849,-28.0882536324708,0
153.40796633431,-28.0882539311316,0
153.40796633431,-28.0882539311316,0
153.40796633431,-28.0882539311316,0
153.40796633431,-28.0882539311316,0
153.40796633431,-28.0882539311316,0
153.407966332348,-28.0882541818347,0
153.407966332348,-28.0882541818347,0
153.407966332348,-28.0882541818347,0
153.407966332348,-28.0882541818347,0
153.407966332348,-28.0882541818347,0
153.407966291529,-28.0882542233843,0
153.407966291529,-28.0882542233843,0
153.407966291529,-28.0882542233843,0
153.407966291529,-28.0882542233843,0
153.407966291529,-28.0882542233843,0
153.407966121302,-28.0882540835889,0
153.407966121302,-28.0882540835889,0
153.407966121302,-28.0882540835889,0
153.407966121302,-28.0882540835889,0
153.407966121302,-28.0882540835889,0
153.407966034571,-28.0882539707109,0
153.407966034571,-28.0882539707109,0
153.407966034571,-28.0882539707109,0
153.407966034571,-28.0882539707109,0
153.407966034571,-28.0882539707109,0
153.40796603543,-28.088253710567,0
153.40796603543,-28.088253710567,0
153.40796603543,-28.088253710567,0
153.40796603543,-28.088253710567,0
153.40796603543,-28.088253710567,0
153.40796566998,-28.0882540505034,0
153.40796566998,-28.0882540505034,0
153.40796566998,-28.0882540505034,0
153.40796566998,-28.0882540505034,0
153.40796566998,-28.0882540505034,0
153.407961366311,-28.088259287151,0
153.407961366311,-28.088259287151,0
153.407961366311,-28.088259287151,0
153.407961366311,-28.088259287151,0
153.407961366311,-28.088259287151,0
153.407948324697,-28.088275407896,0
153.407948324697,-28.088275407896,0
153.407948324697,-28.088275407896,0
153.407948324697,-28.088275407896,0
153.407948324697,-28.088275407896,0
153.407934034341,-28.0882938833343,0
153.407934034341,-28.0882938833343,0
153.407934034341,-28.0882938833343,0
153.407934034341,-28.0882938833343,0
153.407934034341,-28.0882938833343,0
153.407924549912,-28.0883063262215,0
153.407924549912,-28.0883063262215,0
153.407924549912,-28.0883063262215,0
153.407924549912,-28.0883063262215,0
153.407924549912,-28.0883063262215,0
153.40791039625,-28.088325033704,0
153.40791039625,-28.088325033704,0
153.40791039625,-28.088325033704,0
153.40791039625,-28.088325033704,0
153.407896267677,-28.0883436035842,0
153.407896267677,-28.0883436035842,0
153.407896267677,-28.0883436035842,0
153.407896267677,-28.0883436035842,0
153.407896267677,-28.0883436035842,0
153.407886467126,-28.0883561540208,0
153.407886467126,-28.0883561540208,0
153.407886467126,-28.0883561540208,0
153.407886467126,-28.0883561540208,0
153.407886467126,-28.0883561540208,0
153.407886467126,-28.0883561540208,0
153.407871624904,-28.0883746033128,0
153.407871624904,-28.0883746033128,0
153.407871624904,-28.0883746033128,0
153.407871624904,-28.0883746033128,0
153.407861638106,-28.0883868774826,0
153.407861638106,-28.0883868774826,0
153.407861638106,-28.0883868774826,0
153.407861638106,-28.0883868774826,0
153.407861638106,-28.0883868774826,0
153.407861638106,-28.0883868774826,0
153.407846517563,-28.0884049340144,0
153.407846517563,-28.0884049340144,0
153.407846517563,-28.0884049340144,0
153.407846517563,-28.0884049340144,0
153.407846517563,-28.0884049340144,0
153.407831431779,-28.0884228783192,0
153.407831431779,-28.0884228783192,0
153.407831431779,-28.0884228783192,0
153.407831431779,-28.0884228783192,0
153.407831431779,-28.0884228783192,0
153.407821291712,-28.0884347174767,0
153.407821291712,-28.0884347174767,0
153.407821291712,-28.0884347174767,0
153.407821291712,-28.0884347174767,0
153.407821291712,-28.0884347174767,0
153.407806097979,-28.088452115189,0
153.407806097979,-28.088452115189,0
153.407806097979,-28.088452115189,0
153.407806097979,-28.088452115189,0
153.407806097979,-28.088452115189,0
153.40779605399,-28.0884636626635,0
153.40779605399,-28.0884636626635,0
153.40779605399,-28.0884636626635,0
153.40779605399,-28.0884636626635,0
153.40779605399,-28.0884636626635,0
153.407781132156,-28.0884809542335,0
153.407781132156,-28.0884809542335,0
153.407781132156,-28.0884809542335,0
153.407781132156,-28.0884809542335,0
153.407765894463,-28.0884980347665,0
153.407765894463,-28.0884980347665,0
153.407765894463,-28.0884980347665,0
153.407765894463,-28.0884980347665,0
153.407765894463,-28.0884980347665,0
153.407765894463,-28.0884980347665,0
153.407755418233,-28.0885097574189,0
153.407755418233,-28.0885097574189,0
153.407755418233,-28.0885097574189,0
153.407755418233,-28.0885097574189,0
153.407740080297,-28.0885277022592,0
153.407740080297,-28.0885277022592,0
153.407740080297,-28.0885277022592,0
153.407740080297,-28.0885277022592,0
153.407740080297,-28.0885277022592,0
153.407724951529,-28.088545437644,0
153.407724951529,-28.088545437644,0
153.407724951529,-28.088545437644,0
153.407724951529,-28.088545437644,0
153.407724951529,-28.088545437644,0
153.407724951529,-28.088545437644,0
153.4077150334,-28.0885573232644,0
153.4077150334,-28.0885573232644,0
153.4077150334,-28.0885573232644,0
153.4077150334,-28.0885573232644,0
153.407700290164,-28.0885750974168,0
153.407700290164,-28.0885750974168,0
153.407700290164,-28.0885750974168,0
153.407700290164,-28.0885750974168,0
153.407700290164,-28.0885750974168,0
153.407685835431,-28.0885929535421,0
153.407685835431,-28.0885929535421,0
153.407685835431,-28.0885929535421,0
153.407685835431,-28.0885929535421,0
153.407685835431,-28.0885929535421,0
153.407685835431,-28.0885929535421,0
153.40767641775,-28.0886045918732,0
153.40767641775,-28.0886045918732,0
153.40767641775,-28.0886045918732,0
153.40767641775,-28.0886045918732,0
153.40767641775,-28.0886045918732,0
153.407663423518,-28.0886203873913,0
153.407663423518,-28.0886203873913,0
153.407663423518,-28.0886203873913,0
153.407663423518,-28.0886203873913,0
153.407663423518,-28.0886203873913,0
153.407651593653,-28.0886344733757,0
153.407651593653,-28.0886344733757,0
153.407651593653,-28.0886344733757,0
153.407651593653,-28.0886344733757,0
153.407651593653,-28.0886344733757,0
153.407644643836,-28.0886426803543,0
153.407644643836,-28.0886426803543,0
153.407644643836,-28.0886426803543,0
153.407644643836,-28.0886426803543,0
153.407644643836,-28.0886426803543,0
153.407635616523,-28.0886533540903,0
153.407635616523,-28.0886533540903,0
153.407635616523,-28.0886533540903,0
153.407635616523,-28.0886533540903,0
153.407627625861,-28.0886625163176,0
153.407627625861,-28.0886625163176,0
153.407627625861,-28.0886625163176,0
153.407627625861,-28.0886625163176,0
153.407627625861,-28.0886625163176,0
153.40762296502,-28.0886677155105,0
153.40762296502,-28.0886677155105,0
153.40762296502,-28.0886677155105,0
153.40762296502,-28.0886677155105,0
153.40762296502,-28.0886677155105,0
153.40762296502,-28.0886677155105,0
153.407616754029,-28.088674196147,0
153.407616754029,-28.088674196147,0
153.407616754029,-28.088674196147,0
153.407616754029,-28.088674196147,0
153.407616754029,-28.088674196147,0
153.407611260072,-28.0886800707579,0
153.407611260072,-28.0886800707579,0
153.407611260072,-28.0886800707579,0
153.407611260072,-28.0886800707579,0
153.407611260072,-28.0886800707579,0
153.407608078338,-28.0886834713893,0
153.407608078338,-28.0886834713893,0
153.407608078338,-28.0886834713893,0
153.407608078338,-28.0886834713893,0
153.407603996349,-28.0886879579153,0
153.407603996349,-28.0886879579153,0
153.407603996349,-28.0886879579153,0
153.407603996349,-28.0886879579153,0
153.407603996349,-28.0886879579153,0
153.407603996349,-28.0886879579153,0
153.407601639574,-28.0886906266042,0
153.407601639574,-28.0886906266042,0
153.407601639574,-28.0886906266042,0
153.407601639574,-28.0886906266042,0
153.407598744207,-28.0886940760159,0
153.407598744207,-28.0886940760159,0
153.407598744207,-28.0886940760159,0
153.407598744207,-28.0886940760159,0
153.407598744207,-28.0886940760159,0
153.407598744207,-28.0886940760159,0
153.407596547502,-28.0886969651665,0
153.407596547502,-28.0886969651665,0
153.407596547502,-28.0886969651665,0
153.407596547502,-28.0886969651665,0
153.407595152004,-28.0886988567307,0
153.407595152004,-28.0886988567307,0
153.407595152004,-28.0886988567307,0
153.407595152004,-28.0886988567307,0
153.407595152004,-28.0886988567307,0
153.407593171614,-28.0887016439861,0
153.407593171614,-28.0887016439861,0
153.407593171614,-28.0887016439861,0
153.407593171614,-28.0887016439861,0
153.407593171614,-28.0887016439861,0
153.407591478853,-28.0887039754458,0
153.407591478853,-28.0887039754458,0
153.407591478853,-28.0887039754458,0
153.407591478853,-28.0887039754458,0
153.407591478853,-28.0887039754458,0
153.4075903805,-28.0887052674952,0
153.4075903805,-28.0887052674952,0
153.4075903805,-28.0887052674952,0
153.4075903805,-28.0887052674952,0
153.4075903805,-28.0887052674952,0
153.407588861754,-28.0887070865488,0
153.407588861754,-28.0887070865488,0
153.407588861754,-28.0887070865488,0
153.407588861754,-28.0887070865488,0
153.407588861754,-28.0887070865488,0
153.407587677871,-28.0887087663724,0
153.407587677871,-28.0887087663724,0
153.407587677871,-28.0887087663724,0
153.407587677871,-28.0887087663724,0
153.407587677871,-28.0887087663724,0
153.407587677871,-28.0887087663724,0
153.407586983209,-28.0887097020541,0
153.407586983209,-28.0887097020541,0
153.407586983209,-28.0887097020541,0
153.407586983209,-28.0887097020541,0
153.407586983209,-28.0887097020541,0
153.407586264738,-28.0887111628552,0
153.407586264738,-28.0887111628552,0
153.407586264738,-28.0887111628552,0
153.407586264738,-28.0887111628552,0
153.407586264738,-28.0887111628552,0
153.407585921214,-28.0887121098281,0
153.407585921214,-28.0887121098281,0
153.407585921214,-28.0887121098281,0
153.407585921214,-28.0887121098281,0
153.407585921214,-28.0887121098281,0
153.407585548946,-28.0887132418642,0
153.407585548946,-28.0887132418642,0
153.407585548946,-28.0887132418642,0
153.407585548946,-28.0887132418642,0
153.407585548946,-28.0887132418642,0
153.407585049275,-28.0887142342762,0
153.407585049275,-28.0887142342762,0
153.407585049275,-28.0887142342762,0
153.407585049275,-28.0887142342762,0
153.407585049275,-28.0887142342762,0
153.407584779901,-28.0887148116539,0
153.407584779901,-28.0887148116539,0
153.407584779901,-28.0887148116539,0
153.407584779901,-28.0887148116539,0
153.407584779901,-28.0887148116539,0
153.407584962578,-28.0887149937529,0
153.407584962578,-28.0887149937529,0
153.407584962578,-28.0887149937529,0
153.407584962578,-28.0887149937529,0
153.407584962578,-28.0887149937529,0
153.407585066948,-28.0887150129257,0
153.407585066948,-28.0887150129257,0
153.407585066948,-28.0887150129257,0
153.407585066948,-28.0887150129257,0
153.407585066948,-28.0887150129257,0
153.407585147469,-28.0887150073915,0
153.407585147469,-28.0887150073915,0
153.407585147469,-28.0887150073915,0
153.407585147469,-28.0887150073915,0
153.407585147469,-28.0887150073915,0
153.407585136826,-28.0887151047977,0
153.407585136826,-28.0887151047977,0
153.407585136826,-28.0887151047977,0
153.407585136826,-28.0887151047977,0
153.407585009733,-28.0887152044483,0
153.407585009733,-28.0887152044483,0
153.407585009733,-28.0887152044483,0
153.407585009733,-28.0887152044483,0
153.407585009733,-28.0887152044483,0
153.407585009733,-28.0887152044483,0
153.40758490346,-28.0887153295257,0
153.40758490346,-28.0887153295257,0
153.40758490346,-28.0887153295257,0
153.40758490346,-28.0887153295257,0
153.407584970541,-28.0887153413824,0
153.407584970541,-28.0887153413824,0
153.407584970541,-28.0887153413824,0
153.407584970541,-28.0887153413824,0
153.407584970541,-28.0887153413824,0
153.407585109869,-28.0887152837954,0
153.407585109869,-28.0887152837954,0
153.407585109869,-28.0887152837954,0
153.407585109869,-28.0887152837954,0
153.407585109869,-28.0887152837954,0
153.407585136049,-28.0887152328906,0
153.407585136049,-28.0887152328906,0
153.407585136049,-28.0887152328906,0
153.407585136049,-28.0887152328906,0
153.407585136049,-28.0887152328906,0
153.407585353645,-28.0887151939795,0
153.407585353645,-28.0887151939795,0
153.407585353645,-28.0887151939795,0
153.407585353645,-28.0887151939795,0
153.407585353645,-28.0887151939795,0
153.407585457977,-28.0887151773425,0
153.407585457977,-28.0887151773425,0
153.407585457977,-28.0887151773425,0
153.407585457977,-28.0887151773425,0
153.407585457977,-28.0887151773425,0
153.407585638517,-28.0887150382325,0
153.407585638517,-28.0887150382325,0
153.407585638517,-28.0887150382325,0
153.407585638517,-28.0887150382325,0
153.407585638517,-28.0887150382325,0
153.407585638517,-28.0887150382325,0
153.407585786003,-28.0887148863063,0
153.407585786003,-28.0887148863063,0
153.407585786003,-28.0887148863063,0
153.407585786003,-28.0887148863063,0
153.407585784138,-28.0887148280682,0
153.407585784138,-28.0887148280682,0
153.407585784138,-28.0887148280682,0
153.407585784138,-28.0887148280682,0
153.407585784138,-28.0887148280682,0
153.407585784138,-28.0887148280682,0
153.407585864309,-28.0887147739423,0
153.407585864309,-28.0887147739423,0
153.407585864309,-28.0887147739423,0
153.407585864309,-28.0887147739423,0
153.407585990237,-28.0887149316597,0
153.407585990237,-28.0887149316597,0
153.407585990237,-28.0887149316597,0
153.407585990237,-28.0887149316597,0
153.407585990237,-28.0887149316597,0
153.407585990237,-28.0887149316597,0
153.407586066563,-28.0887150915018,0
153.407586066563,-28.0887150915018,0
153.407586066563,-28.0887150915018,0
153.407586066563,-28.0887150915018,0
153.407586066563,-28.0887150915018,0
153.407586071418,-28.0887150624255,0
153.407586071418,-28.0887150624255,0
153.407586071418,-28.0887150624255,0
153.407586071418,-28.0887150624255,0
153.407586071418,-28.0887150624255,0
153.407586147161,-28.0887149872934,0
153.407586147161,-28.0887149872934,0
153.407586147161,-28.0887149872934,0
153.407586147161,-28.0887149872934,0
153.407586147161,-28.0887149872934,0
153.40758637878,-28.0887150094818,0
153.40758637878,-28.0887150094818,0
153.40758637878,-28.0887150094818,0
153.40758637878,-28.0887150094818,0
153.407586547395,-28.0887150045815,0
153.407586547395,-28.0887150045815,0
153.407586547395,-28.0887150045815,0
153.407586547395,-28.0887150045815,0
153.407586547395,-28.0887150045815,0
153.407586547395,-28.0887150045815,0
153.407586627722,-28.0887150044102,0
153.407586627722,-28.0887150044102,0
153.407586627722,-28.0887150044102,0
153.407586627722,-28.0887150044102,0
153.40758670766,-28.0887150157528,0
153.40758670766,-28.0887150157528,0
153.40758670766,-28.0887150157528,0
153.40758670766,-28.0887150157528,0
153.40758670766,-28.0887150157528,0
153.407586835724,-28.0887150681825,0
153.407586835724,-28.0887150681825,0
153.407586835724,-28.0887150681825,0
153.407586835724,-28.0887150681825,0
153.407586835724,-28.0887150681825,0
153.407586835724,-28.0887150681825,0
153.407586872586,-28.088715107659,0
153.407586872586,-28.088715107659,0
153.407586872586,-28.088715107659,0
153.407586872586,-28.088715107659,0
153.40758700667,-28.0887152211368,0
153.40758700667,-28.0887152211368,0
153.40758700667,-28.0887152211368,0
153.40758700667,-28.0887152211368,0
153.40758700667,-28.0887152211368,0
153.407587007369,-28.0887153036022,0
153.407587007369,-28.0887153036022,0
153.407587007369,-28.0887153036022,0
153.407587007369,-28.0887153036022,0
153.407587007369,-28.0887153036022,0
153.407587007369,-28.0887153036022,0
153.407587019372,-28.0887154540891,0
153.407587019372,-28.0887154540891,0
153.407587019372,-28.0887154540891,0
153.407587019372,-28.0887154540891,0
153.407587019372,-28.0887154540891,0
153.407587086531,-28.0887156435385,0
153.407587086531,-28.0887156435385,0
153.407587086531,-28.0887156435385,0
153.407587086531,-28.0887156435385,0
153.407586936637,-28.0887157678963,0
153.407586936637,-28.0887157678963,0
153.407586936637,-28.0887157678963,0
153.407586936637,-28.0887157678963,0
153.407586936637,-28.0887157678963,0
153.407586818866,-28.0887159077431,0
153.407586818866,-28.0887159077431,0
153.407586818866,-28.0887159077431,0
153.407586818866,-28.0887159077431,0
153.407586818866,-28.0887159077431,0
153.407586766468,-28.0887159736058,0
153.407586766468,-28.0887159736058,0
153.407586766468,-28.0887159736058,0
153.407586766468,-28.0887159736058,0
153.407586766468,-28.0887159736058,0
153.407586766468,-28.0887159736058,0
153.407586691618,-28.0887160777455,0
153.407586691618,-28.0887160777455,0
153.407586691618,-28.0887160777455,0
153.407586691618,-28.0887160777455,0
153.407586582004,-28.0887161591486,0
153.407586582004,-28.0887161591486,0
153.407586582004,-28.0887161591486,0
153.407586582004,-28.0887161591486,0
153.407586582004,-28.0887161591486,0
153.407586421351,-28.0887161807887,0
153.407586421351,-28.0887161807887,0
153.407586421351,-28.0887161807887,0
153.407586421351,-28.0887161807887,0
153.407586421351,-28.0887161807887,0
153.407586421351,-28.0887161807887,0
153.407586249744,-28.0887161951127,0
153.407586249744,-28.0887161951127,0
153.407586249744,-28.0887161951127,0
153.407586249744,-28.0887161951127,0
153.407586051375,-28.0887162005613,0
153.407586051375,-28.0887162005613,0
153.407586051375,-28.0887162005613,0
153.407586051375,-28.0887162005613,0
153.407586051375,-28.0887162005613,0
153.407586051375,-28.0887162005613,0
153.407585810901,-28.0887162307512,0
153.407585810901,-28.0887162307512,0
153.407585810901,-28.0887162307512,0
153.407585810901,-28.0887162307512,0
153.407585810901,-28.0887162307512,0
153.40758579214,-28.0887162477309,0
153.40758579214,-28.0887162477309,0
153.40758579214,-28.0887162477309,0
153.40758579214,-28.0887162477309,0
153.40758579214,-28.0887162477309,0
153.407585662289,-28.0887162986528,0
153.407585662289,-28.0887162986528,0
153.407585662289,-28.0887162986528,0
153.407585662289,-28.0887162986528,0
153.407585662289,-28.0887162986528,0
153.407585490294,-28.0887163946711,0
153.407585490294,-28.0887163946711,0
153.407585490294,-28.0887163946711,0
153.407585490294,-28.0887163946711,0
153.407585490294,-28.0887163946711,0
153.40758532059,-28.0887165324276,0
153.40758532059,-28.0887165324276,0
153.40758532059,-28.0887165324276,0
153.40758532059,-28.0887165324276,0
153.407585130844,-28.0887165511035,0
153.407585130844,-28.0887165511035,0
153.407585130844,-28.0887165511035,0
153.407585130844,-28.0887165511035,0
153.407585130844,-28.0887165511035,0
153.407585130844,-28.0887165511035,0
153.407585019444,-28.0887166066173,0
153.407585019444,-28.0887166066173,0
153.407585019444,-28.0887166066173,0
153.407585019444,-28.0887166066173,0
153.407585019444,-28.0887166066173,0
153.407584816025,-28.0887166379209,0
153.407584816025,-28.0887166379209,0
153.407584816025,-28.0887166379209,0
153.407584816025,-28.0887166379209,0
153.407584816025,-28.0887166379209,0
153.40758472727,-28.0887167083241,0
153.40758472727,-28.0887167083241,0
153.40758472727,-28.0887167083241,0
153.40758472727,-28.0887167083241,0
153.407584547972,-28.0887170258322,0
153.407584547972,-28.0887170258322,0
153.407584547972,-28.0887170258322,0
153.407584547972,-28.0887170258322,0
153.407584547972,-28.0887170258322,0
153.407584518374,-28.0887172255962,0
153.407584518374,-28.0887172255962,0
153.407584518374,-28.0887172255962,0
153.407584518374,-28.0887172255962,0
153.407584518374,-28.0887172255962,0
153.407584518374,-28.0887172255962,0
153.407584522414,-28.0887173978774,0
153.407584522414,-28.0887173978774,0
153.407584522414,-28.0887173978774,0
153.407584522414,-28.0887173978774,0
153.407585177883,-28.0887177071784,0
153.407585177883,-28.0887177071784,0
153.407585177883,-28.0887177071784,0
153.407585177883,-28.0887177071784,0
153.407585177883,-28.0887177071784,0
153.407586527003,-28.088716545792,0
153.407586527003,-28.088716545792,0
153.407586527003,-28.088716545792,0
153.407586527003,-28.088716545792,0
153.407586527003,-28.088716545792,0
153.407591350323,-28.0887134038822,0
153.407591350323,-28.0887134038822,0
153.407591350323,-28.0887134038822,0
153.407591350323,-28.0887134038822,0
153.407591350323,-28.0887134038822,0
153.407596310349,-28.0887103758786,0
153.407596310349,-28.0887103758786,0
153.407596310349,-28.0887103758786,0
153.407596310349,-28.0887103758786,0
153.407596310349,-28.0887103758786,0
153.407606442423,-28.088704421064,0
153.407606442423,-28.088704421064,0
153.407606442423,-28.088704421064,0
153.407606442423,-28.088704421064,0
153.407606442423,-28.088704421064,0
153.407614891603,-28.0886992976542,0
153.407614891603,-28.0886992976542,0
153.407614891603,-28.0886992976542,0
153.407614891603,-28.0886992976542,0
153.407614891603,-28.0886992976542,0
153.407614891603,-28.0886992976542,0
153.407629304483,-28.08868991673,0
153.407629304483,-28.08868991673,0
153.407629304483,-28.08868991673,0
153.407629304483,-28.08868991673,0
153.40764391748,-28.0886801193324,0
153.40764391748,-28.0886801193324,0
153.40764391748,-28.0886801193324,0
153.40764391748,-28.0886801193324,0
153.40764391748,-28.0886801193324,0
153.40764391748,-28.0886801193324,0
153.407653536385,-28.0886734951825,0
153.407653536385,-28.0886734951825,0
153.407653536385,-28.0886734951825,0
153.407653536385,-28.0886734951825,0
153.407653536385,-28.0886734951825,0
153.40766763664,-28.0886631648695,0
153.40766763664,-28.0886631648695,0
153.40766763664,-28.0886631648695,0
153.40766763664,-28.0886631648695,0
153.407681559268,-28.0886525532524,0
153.407681559268,-28.0886525532524,0
153.407681559268,-28.0886525532524,0
153.407681559268,-28.0886525532524,0
153.407681559268,-28.0886525532524,0
153.407681559268,-28.0886525532524,0
153.407690994992,-28.0886455325814,0
153.407690994992,-28.0886455325814,0
153.407690994992,-28.0886455325814,0
153.407690994992,-28.0886455325814,0
153.407705010104,-28.0886351596736,0
153.407705010104,-28.0886351596736,0
153.407705010104,-28.0886351596736,0
153.407705010104,-28.0886351596736,0
153.407705010104,-28.0886351596736,0
153.407705010104,-28.0886351596736,0
153.407714498051,-28.088628434862,0
153.407714498051,-28.088628434862,0
153.407714498051,-28.088628434862,0
153.407714498051,-28.088628434862,0
153.407714498051,-28.088628434862,0
153.407728940762,-28.0886184976005,0
153.407728940762,-28.0886184976005,0
153.407728940762,-28.0886184976005,0
153.407728940762,-28.0886184976005,0
153.407738397092,-28.0886120118238,0
153.407738397092,-28.0886120118238,0
153.407738397092,-28.0886120118238,0
153.407738397092,-28.0886120118238,0
153.407738397092,-28.0886120118238,0
153.407738397092,-28.0886120118238,0
153.407752914109,-28.0886023110185,0
153.407752914109,-28.0886023110185,0
153.407752914109,-28.0886023110185,0
153.407752914109,-28.0886023110185,0
153.40776254154,-28.0885957844118,0
153.40776254154,-28.0885957844118,0
153.40776254154,-28.0885957844118,0
153.40776254154,-28.0885957844118,0
153.40776254154,-28.0885957844118,0
153.407776942738,-28.0885859142979,0
153.407776942738,-28.0885859142979,0
153.407776942738,-28.0885859142979,0
153.407776942738,-28.0885859142979,0
153.407776942738,-28.0885859142979,0
153.407776942738,-28.0885859142979,0
153.407791627875,-28.0885762559161,0
153.407791627875,-28.0885762559161,0
153.407791627875,-28.0885762559161,0
153.407791627875,-28.0885762559161,0
153.407801911883,-28.0885700963516,0
153.407801911883,-28.0885700963516,0
153.407801911883,-28.0885700963516,0
153.407801911883,-28.0885700963516,0
153.407801911883,-28.0885700963516,0
153.407801911883,-28.0885700963516,0
153.407817212743,-28.0885607098375,0
153.407817212743,-28.0885607098375,0
153.407817212743,-28.0885607098375,0
153.407817212743,-28.0885607098375,0
153.407832287928,-28.0885509197089,0
153.407832287928,-28.0885509197089,0
153.407832287928,-28.0885509197089,0
153.407832287928,-28.0885509197089,0
153.407832287928,-28.0885509197089,0
153.407841971069,-28.0885442692927,0
153.407841971069,-28.0885442692927,0
153.407841971069,-28.0885442692927,0
153.407841971069,-28.0885442692927,0
153.407841971069,-28.0885442692927,0
153.407841971069,-28.0885442692927,0
153.407856936262,-28.0885344739747,0
153.407856936262,-28.0885344739747,0
153.407856936262,-28.0885344739747,0
153.407856936262,-28.0885344739747,0
153.407866882208,-28.0885282305848,0
153.407866882208,-28.0885282305848,0
153.407866882208,-28.0885282305848,0
153.407866882208,-28.0885282305848,0
153.407866882208,-28.0885282305848,0
153.407881682037,-28.0885186595365,0
153.407881682037,-28.0885186595365,0
153.407881682037,-28.0885186595365,0
153.407881682037,-28.0885186595365,0
153.407881682037,-28.0885186595365,0
153.407881682037,-28.0885186595365,0
153.407891615728,-28.0885122763715,0
153.407891615728,-28.0885122763715,0
153.407891615728,-28.0885122763715,0
153.407891615728,-28.0885122763715,0
153.407904321899,-28.0885040516335,0
153.407904321899,-28.0885040516335,0
153.407904321899,-28.0885040516335,0
153.407904321899,-28.0885040516335,0
153.407904321899,-28.0885040516335,0
153.407909063214,-28.0885013039686,0
153.407909063214,-28.0885013039686,0
153.407909063214,-28.0885013039686,0
153.407909063214,-28.0885013039686,0
153.407909063214,-28.0885013039686,0
153.407911372275,-28.0884993206336,0
153.407911372275,-28.0884993206336,0
153.407911372275,-28.0884993206336,0
153.407911372275,-28.0884993206336,0
153.407911372275,-28.0884993206336,0
153.407911098403,-28.0884977094025,0
153.407911098403,-28.0884977094025,0
153.407911098403,-28.0884977094025,0
153.407911098403,-28.0884977094025,0
153.407911098403,-28.0884977094025,0
153.407911098403,-28.0884977094025,0
153.407910572621,-28.0884967659661,0
153.407910572621,-28.0884967659661,0
153.407910572621,-28.0884967659661,0
153.407910572621,-28.0884967659661,0
153.407910572621,-28.0884967659661,0
153.407911144386,-28.088496622178,0
153.407911144386,-28.088496622178,0
153.407911144386,-28.088496622178,0
153.407911144386,-28.088496622178,0
153.407911563686,-28.0884976039584,0
153.407911563686,-28.0884976039584,0
153.407911563686,-28.0884976039584,0
153.407911563686,-28.0884976039584,0
153.407911563686,-28.0884976039584,0
153.407911781351,-28.0884982900888,0
153.407911781351,-28.0884982900888,0
153.407911781351,-28.0884982900888,0
153.407911781351,-28.0884982900888,0
153.407911781351,-28.0884982900888,0
153.407911967721,-28.0884993332074,0
153.407911967721,-28.0884993332074,0
153.407911967721,-28.0884993332074,0
153.407911967721,-28.0884993332074,0
153.407911967721,-28.0884993332074,0
153.407911967721,-28.0884993332074,0
153.407911948888,-28.088500134931,0
153.407911948888,-28.088500134931,0
153.407911948888,-28.088500134931,0
153.407911948888,-28.088500134931,0
153.407911948888,-28.088500134931,0
153.407911956286,-28.0885006810733,0
153.407911956286,-28.0885006810733,0
153.407911956286,-28.0885006810733,0
153.407911956286,-28.0885006810733,0
153.407911956286,-28.0885006810733,0
153.407912008254,-28.0885006876976,0
153.407912008254,-28.0885006876976,0
153.407912008254,-28.0885006876976,0
153.407912008254,-28.0885006876976,0
153.407912017868,-28.0885006511085,0
153.407912017868,-28.0885006511085,0
153.407912017868,-28.0885006511085,0
153.407912017868,-28.0885006511085,0
153.407912017868,-28.0885006511085,0
153.407912025649,-28.0885007024529,0
153.407912025649,-28.0885007024529,0
153.407912025649,-28.0885007024529,0
153.407912025649,-28.0885007024529,0
153.407912025649,-28.0885007024529,0
153.407912068905,-28.0885006917475,0
153.407912068905,-28.0885006917475,0
153.407912068905,-28.0885006917475,0
153.407912068905,-28.0885006917475,0
153.407912068905,-28.0885006917475,0
153.407912068905,-28.0885006917475,0
153.407912015537,-28.0885007184208,0
153.407912015537,-28.0885007184208,0
153.407912015537,-28.0885007184208,0
153.407912015537,-28.0885007184208,0
153.407912015537,-28.0885007184208,0
153.407911966743,-28.0885006950137,0
153.407911966743,-28.0885006950137,0
153.407911966743,-28.0885006950137,0
153.407911966743,-28.0885006950137,0
153.407911966743,-28.0885006950137,0
153.407912044977,-28.0885008931476,0
153.407912044977,-28.0885008931476,0
153.407912044977,-28.0885008931476,0
153.407912044977,-28.0885008931476,0
153.407912143464,-28.0885011712102,0
153.407912143464,-28.0885011712102,0
153.407912143464,-28.0885011712102,0
153.407912143464,-28.0885011712102,0
153.407912143464,-28.0885011712102,0
153.407912011099,-28.088501242098,0
153.407912011099,-28.088501242098,0
153.407912011099,-28.088501242098,0
153.407912011099,-28.088501242098,0
153.407912011099,-28.088501242098,0
153.407911936709,-28.0885011868529,0
153.407911936709,-28.0885011868529,0
153.407911936709,-28.0885011868529,0
153.407911936709,-28.0885011868529,0
153.407911936709,-28.0885011868529,0
153.407911936709,-28.0885011868529,0
153.407912139211,-28.0885011184819,0
153.407912139211,-28.0885011184819,0
153.407912139211,-28.0885011184819,0
153.407912139211,-28.0885011184819,0
153.407912082574,-28.0885009315167,0
153.407912082574,-28.0885009315167,0
153.407912082574,-28.0885009315167,0
153.407912082574,-28.0885009315167,0
153.407912082574,-28.0885009315167,0
153.407912082574,-28.0885009315167,0
153.407911963817,-28.0885006267729,0
153.407911963817,-28.0885006267729,0
153.407911963817,-28.0885006267729,0
153.407911963817,-28.0885006267729,0
153.407911936049,-28.088500411238,0
153.407911936049,-28.088500411238,0
153.407911936049,-28.088500411238,0
153.407911936049,-28.088500411238,0
153.407911936049,-28.088500411238,0
153.407911936049,-28.088500411238,0
153.407912007408,-28.088500230197,0
153.407912007408,-28.088500230197,0
153.407912007408,-28.088500230197,0
153.407912007408,-28.088500230197,0
153.407912007408,-28.088500230197,0
153.407911888213,-28.0885003835759,0
153.407911888213,-28.0885003835759,0
153.407911888213,-28.0885003835759,0
153.407911888213,-28.0885003835759,0
153.407911736506,-28.0885004063307,0
153.407911736506,-28.0885004063307,0
153.407911736506,-28.0885004063307,0
153.407911736506,-28.0885004063307,0
153.407911736506,-28.0885004063307,0
153.407911736506,-28.0885004063307,0
153.407911648479,-28.0885003984965,0
153.407911648479,-28.0885003984965,0
153.407911648479,-28.0885003984965,0
153.407911648479,-28.0885003984965,0
153.407911426158,-28.0885003636004,0
153.407911426158,-28.0885003636004,0
153.407911426158,-28.0885003636004,0
153.407911426158,-28.0885003636004,0
153.407911426158,-28.0885003636004,0
153.4079114177,-28.088500281441,0
153.4079114177,-28.088500281441,0
153.4079114177,-28.088500281441,0
153.4079114177,-28.088500281441,0
153.4079114177,-28.088500281441,0
153.407911685746,-28.0885002849069,0
153.407911685746,-28.0885002849069,0
153.407911685746,-28.0885002849069,0
153.407911685746,-28.0885002849069,0
153.407911685746,-28.0885002849069,0
153.407911685746,-28.0885002849069,0
153.407912061747,-28.0885001299231,0
153.407912061747,-28.0885001299231,0
153.407912061747,-28.0885001299231,0
153.407912061747,-28.0885001299231,0
153.407912255507,-28.0885000024437,0
153.407912255507,-28.0885000024437,0
153.407912255507,-28.0885000024437,0
153.407912255507,-28.0885000024437,0
153.407912255507,-28.0885000024437,0
153.407912255507,-28.0885000024437,0
153.407912209473,-28.0884999356869,0
153.407912209473,-28.0884999356869,0
153.407912209473,-28.0884999356869,0
153.407912209473,-28.0884999356869,0
153.407912209473,-28.0884999356869,0
153.407912273103,-28.0884998981184,0
153.407912273103,-28.0884998981184,0
153.407912273103,-28.0884998981184,0
153.407912273103,-28.0884998981184,0
153.407912346581,-28.0884997392763,0
153.407912346581,-28.0884997392763,0
153.407912346581,-28.0884997392763,0
153.407912346581,-28.0884997392763,0
153.407912346581,-28.0884997392763,0
153.407912314911,-28.0884995499476,0
153.407912314911,-28.0884995499476,0
153.407912314911,-28.0884995499476,0
153.407912314911,-28.0884995499476,0
153.407912314911,-28.0884995499476,0
153.407912345234,-28.0884996122992,0
153.407912345234,-28.0884996122992,0
153.407912345234,-28.0884996122992,0
153.407912345234,-28.0884996122992,0
153.407912345234,-28.0884996122992,0
153.407912517469,-28.088499862145,0
153.407912517469,-28.088499862145,0
153.407912517469,-28.088499862145,0
153.407912517469,-28.088499862145,0
153.407912517469,-28.088499862145,0
153.407912489525,-28.088499949371,0
153.407912489525,-28.088499949371,0
153.407912489525,-28.088499949371,0
153.407912489525,-28.088499949371,0
153.407912489525,-28.088499949371,0
153.407912489525,-28.088499949371,0
153.407912373017,-28.0884999261918,0
153.407912373017,-28.0884999261918,0
153.407912373017,-28.0884999261918,0
153.407912373017,-28.0884999261918,0
153.407912333165,-28.0884999983498,0
153.407912333165,-28.0884999983498,0
153.407912333165,-28.0884999983498,0
153.407912333165,-28.0884999983498,0
153.407912333165,-28.0884999983498,0
153.40791224495,-28.0885001821922,0
153.40791224495,-28.0885001821922,0
153.40791224495,-28.0885001821922,0
153.40791224495,-28.0885001821922,0
153.40791224495,-28.0885001821922,0
153.407912190748,-28.0885003141301,0
153.407912190748,-28.0885003141301,0
153.407912190748,-28.0885003141301,0
153.407912190748,-28.0885003141301,0
153.407912190748,-28.0885003141301,0
153.407912190748,-28.0885003141301,0
153.407912157168,-28.0885004393092,0
153.407912157168,-28.0885004393092,0
153.407912157168,-28.0885004393092,0
153.407912157168,-28.0885004393092,0
153.407912117918,-28.0885003875241,0
153.407912117918,-28.0885003875241,0
153.407912117918,-28.0885003875241,0
153.407912117918,-28.0885003875241,0
153.407912117918,-28.0885003875241,0
153.407912259321,-28.0885002399832,0
153.407912259321,-28.0885002399832,0
153.407912259321,-28.0885002399832,0
153.407912259321,-28.0885002399832,0
153.407912259321,-28.0885002399832,0
153.407912745112,-28.0885002677904,0
153.407912745112,-28.0885002677904,0
153.407912745112,-28.0885002677904,0
153.407912745112,-28.0885002677904,0
153.407912745112,-28.0885002677904,0
153.407912745112,-28.0885002677904,0
153.407912747744,-28.088500403547,0
153.407912747744,-28.088500403547,0
153.407912747744,-28.088500403547,0
153.407912747744,-28.088500403547,0
153.407912747744,-28.088500403547,0
153.407912787306,-28.0885004134916,0
153.407912787306,-28.0885004134916,0
153.407912787306,-28.0885004134916,0
153.407912787306,-28.0885004134916,0
153.407912787306,-28.0885004134916,0
153.407912829869,-28.0885004248833,0
153.407912829869,-28.0885004248833,0
153.407912829869,-28.0885004248833,0
153.407912829869,-28.0885004248833,0
153.407912804318,-28.08850044722,0
153.407912804318,-28.08850044722,0
153.407912804318,-28.08850044722,0
153.407912804318,-28.08850044722,0
153.407912804318,-28.08850044722,0
153.407912755598,-28.0885004668439,0
153.407912755598,-28.0885004668439,0
153.407912755598,-28.0885004668439,0
153.407912755598,-28.0885004668439,0
153.407912755598,-28.0885004668439,0
153.40791269659,-28.0885005465039,0
153.40791269659,-28.0885005465039,0
153.40791269659,-28.0885005465039,0
153.40791269659,-28.0885005465039,0
153.40791269659,-28.0885005465039,0
153.40791269659,-28.0885005465039,0
153.407912631814,-28.0885006067701,0
153.407912631814,-28.0885006067701,0
153.407912631814,-28.0885006067701,0
153.407912631814,-28.0885006067701,0
153.407912631814,-28.0885006067701,0
153.407912631814,-28.0885006067701,0
153.407912631814,-28.0885006067701,0
153.407912631814,-28.0885006067701,0
153.407912631814,-28.0885006067701,0
153.407912631814,-28.0885006067701,0
153.407912631814,-28.0885006067701,0
153.407912631814,-28.0885006067701,0
153.407912631814,-28.0885006067701,0
</coordinates></LineString></Placemark>
<Placemark><name>surfer GPS track</name><styleUrl>#surfer</styleUrl><LineString><tessellate>1</tessellate><coordinates>
153.40792,-28.08847,0
153.40792,-28.08847,0
153.40792,-28.08847,0
153.40792,-28.08847,0
153.40792,-28.08847,0
153.40792,-28.08847,0
153.40792,-28.08847,0
153.40792,-28.08847,0
153.40792,-28.08847,0
153.40792,-28.08847,0
153.40792,-28.08847,0
153.40792,-28.08847,0
153.40792,-28.08847,0
153.40792,-28.08847,0
153.40792,-28.08847,0
153.40792,-28.08847,0
153.40792,-28.08847,0
153.40792,-28.08847,0
153.40792,-28.08847,0
153.40792,-28.08847,0
153.40792,-28.08847,0
153.40792,-28.08847,0
153.40792,-28.08847,0
153.40792,-28.08847,0
153.40792,-28.08847,0
153.40792,-28.08847,0
153.40792,-28.08847,0
153.40792,-28.08847,0
153.40792,-28.08847,0
153.40792,-28.08847,0
153.40792,-28.08847,0
153.40792,-28.08847,0
153.40792,-28.08847,0
153.40792,-28.08847,0
153.40792,-28.08847,0
153.40792,-28.08847,0
153.40792,-28.08847,0
153.40792,-28.08847,0
153.40792,-28.08847,0
153.40792,-28.08847,0
153.40792,-28.08847,0
153.40792,-28.08847,0
153.40792,-28.08847,0
153.40792,-28.08847,0
153.40792,-28.08847,0
153.40792,-28.08847,0
153.40792,-28.08847,0
153.40792,-28.08847,0
153.40792,-28.08847,0
153.40792,-28.08847,0
153.40792,-28.08847,0
153.40792,-28.08847,0
153.40792,-28.08847,0
153.40792,-28.08847,0
153.40792,-28.08847,0
153.40792,-28.08847,0
153.40792,-28.08847,0
153.40792,-28.08847,0
153.40792,-28.08847,0
153.40792,-28.08847,0
153.40792,-28.08847,0
153.40792,-28.08847,0
153.40792,-28.08847,0
153.40792,-28.08847,0
153.40792,-28.08847,0
153.40792,-28.08847,0
153.40792,-28.08847,0
153.40792,-28.08847,0
153.40792,-28.08847,0
153.40792,-28.08847,0
153.40792,-28.08847,0
153.40792,-28.08847,0
153.40792,-28.08847,0
153.40792,-28.08847,0
153.40792,-28.08847,0
153.40792,-28.08847,0
153.40792,-28.08847,0
153.40792,-28.08847,0
153.40792,-28.08847,0
153.40792,-28.08847,0
153.40792,-28.08847,0
153.40792,-28.08847,0
153.40792,-28.08847,0
153.40792,-28.08847,0
153.40792,-28.08847,0
153.40792,-28.08847,0
153.40792,-28.08847,0
153.40792,-28.08847,0
153.40792,-28.08847,0
153.40792,-28.08847,0
153.40792,-28.08847,0
153.40792,-28.08847,0
153.40792,-28.08847,0
153.40792,-28.08847,0
153.40792,-28.08847,0
153.40792,-28.08847,0
153.40792,-28.08847,0
153.40792,-28.08847,0
153.40792,-28.08847,0
153.40792,-28.08847,0
153.40792,-28.08847,0
153.40792,-28.08847,0
153.40792,-28.08847,0
153.40792,-28.08847,0
153.40792,-28.08847,0
153.40792,-28.08847,0
153.40792,-28.08847,0
153.40792,-28.08847,0
153.40792,-28.08847,0
153.40792,-28.08847,0
153.40792,-28.08847,0
153.40792,-28.08847,0
153.40792,-28.08847,0
153.40792,-28.08847,0
153.40792,-28.08847,0
153.40792,-28.08847,0
153.40792,-28.08847,0
153.40792,-28.08847,0
153.40792,-28.08847,0
153.40792,-28.08847,0
153.40792,-28.08847,0
153.40792,-28.08847,0
153.40792,-28.08847,0
153.40792,-28.08847,0
153.40792,-28.08847,0
153.40792,-28.08847,0
153.40792,-28.08847,0
153.40792,-28.08847,0
153.40792,-28.08847,0
153.40792,-28.08847,0
153.40792,-28.08847,0
153.40792,-28.08847,0
153.40792,-28.08847,0
153.40792,-28.08847,0
153.40792,-28.08847,0
153.40792,-28.08847,0
153.40792,-28.08847,0
153.40792,-28.08847,0
153.40792,-28.08847,0
153.40792,-28.08847,0
153.40792,-28.08847,0
153.40792,-28.08847,0
153.40792,-28.08847,0
153.40792,-28.08847,0
153.40792,-28.08847,0
153.40792,-28.08847,0
153.40792,-28.08847,0
153.40792,-28.08847,0
153.40792,-28.08847,0
153.40792,-28.08847,0
153.40792,-28.08847,0
153.40792,-28.08847,0
153.40792,-28.08847,0
153.40792,-28.08847,0
153.40792,-28.08847,0
153.40792,-28.08847,0
153.40792,-28.08847,0
153.40792,-28.08847,0
153.40792,-28.08847,0
153.40792,-28.08847,0
153.40792,-28.08847,0
153.40792,-28.08847,0
153.40792,-28.08847,0
153.40792,-28.08847,0
153.40792,-28.08847,0
153.40792,-28.08847,0
153.40792,-28.08847,0
153.40792,-28.08847,0
153.40792,-28.08847,0
153.40792,-28.08847,0
153.40792,-28.08847,0
153.40792,-28.08847,0
153.40792,-28.08847,0
153.40792,-28.08847,0
153.40792,-28.08847,0
153.40792,-28.08847,0
153.40792,-28.08847,0
153.40792,-28.08847,0
153.40792,-28.08847,0
153.40792,-28.08847,0
153.40792,-28.08847,0
153.40792,-28.08847,0
153.40792,-28.08847,0
153.40792,-28.08847,0
153.40792,-28.08847,0
153.40792,-28.08847,0
153.40792,-28.08847,0
153.40792,-28.08847,0
153.40792,-28.08847,0
153.40792,-28.08847,0
153.40792,-28.08847,0
153.40792,-28.08847,0
153.40792,-28.08847,0
153.40792,-28.08847,0
153.40792,-28.08847,0
153.40792,-28.08847,0
153.40792,-28.08847,0
153.40792,-28.08847,0
153.40792,-28.08847,0
153.40792,-28.08847,0
153.40792,-28.08847,0
153.40792,-28.08847,0
153.40792,-28.08847,0
153.40792,-28.08847,0
153.40792,-28.08847,0
153.40792,-28.08847,0
153.40792,-28.08847,0
153.40792,-28.08847,0
153.40792,-28.08847,0
153.40792,-28.08847,0
153.40792,-28.08847,0
153.40792,-28.08847,0
153.40792,-28.08847,0
153.40792,-28.08847,0
153.40792,-28.08847,0
153.40792,-28.08847,0
153.40792,-28.08847,0
153.40792,-28.08847,0
153.40792,-28.08847,0
153.40792,-28.08847,0
153.40792,-28.08847,0
153.40792,-28.08847,0
153.40792,-28.08847,0
153.40792,-28.08847,0
153.40792,-28.08847,0
153.40792,-28.08847,0
153.40792,-28.08847,0
153.40792,-28.08847,0
153.40792,-28.08847,0
153.40792,-28.08847,0
153.40792,-28.08847,0
153.40792,-28.08847,0
153.40792,-28.08847,0
153.40792,-28.08847,0
153.40792,-28.08847,0
153.40792,-28.08847,0
153.40792,-28.08847,0
153.40792,-28.08847,0
153.40792,-28.08847,0
153.40792,-28.08847,0
153.40792,-28.08847,0
153.40792,-28.08847,0
153.40792,-28.08847,0
153.40792,-28.08847,0
153.40792,-28.08847,0
153.40792,-28.08847,0
153.40792,-28.08847,0
153.40792,-28.08847,0
153.40792,-28.08847,0
153.40792,-28.08847,0
153.40792,-28.08847,0
153.40792,-28.08847,0
153.40792,-28.08847,0
153.40792,-28.08847,0
153.40792,-28.08847,0
153.40792,-28.08847,0
153.40792,-28.08847,0
153.40792,-28.08847,0
153.40792,-28.08847,0
153.40792,-28.08847,0
153.40792,-28.08847,0
153.40792,-28.08847,0
153.40792,-28.08847,0
153.40792,-28.08847,0
153.40792,-28.08847,0
153.40792,-28.08847,0
153.40792,-28.08847,0
153.40792,-28.08847,0
153.40792,-28.08847,0
153.40792,-28.08847,0
153.40792,-28.08847,0
153.40792,-28.08847,0
153.40792,-28.08847,0
153.40792,-28.08847,0
153.40792,-28.08847,0
153.40792,-28.08847,0
153.40792,-28.08847,0
153.40792,-28.08847,0
153.40792,-28.08847,0
153.40791,-28.08848,0
153.40791,-28.08848,0
153.40791,-28.08848,0
153.40791,-28.08848,0
153.40791,-28.08848,0
153.40791,-28.08848,0
153.40791,-28.08848,0
153.40791,-28.08848,0
153.40791,-28.08848,0
153.40791,-28.08848,0
153.40791,-28.08848,0
153.40791,-28.08848,0
153.40791,-28.08848,0
153.40791,-28.08848,0
153.40791,-28.08848,0
153.40791,-28.08848,0
153.40791,-28.08848,0
153.40791,-28.08848,0
153.40791,-28.08849,0
153.40791,-28.08849,0
153.40791,-28.08849,0
153.40791,-28.08849,0
153.40791,-28.08849,0
153.40791,-28.08849,0
153.40791,-28.08849,0
153.40791,-28.08849,0
153.40791,-28.08849,0
153.40792,-28.0885,0
153.40792,-28.0885,0
153.40792,-28.0885,0
153.40792,-28.0885,0
153.40792,-28.0885,0
153.40792,-28.0885,0
153.40792,-28.0885,0
153.40792,-28.0885,0
153.40792,-28.0885,0
153.40792,-28.0885,0
153.40792,-28.0885,0
153.40792,-28.0885,0
153.40792,-28.0885,0
153.40792,-28.0885,0
153.40792,-28.0885,0
153.40792,-28.0885,0
153.40792,-28.0885,0
153.40792,-28.0885,0
153.40792,-28.0885,0
153.40792,-28.0885,0
153.40792,-28.0885,0
153.40792,-28.0885,0
153.40792,-28.0885,0
153.40792,-28.0885,0
153.40792,-28.0885,0
153.40792,-28.08852,0
153.40792,-28.08852,0
153.40792,-28.08852,0
153.40792,-28.08853,0
153.40792,-28.08853,0
153.40792,-28.08853,0
153.40792,-28.08853,0
153.40792,-28.08853,0
153.40792,-28.08853,0
153.40792,-28.08853,0
153.40792,-28.08853,0
153.40792,-28.08853,0
153.40792,-28.08853,0
153.40792,-28.08853,0
153.40792,-28.08853,0
153.40792,-28.08853,0
153.40792,-28.08853,0
153.40792,-28.08853,0
153.40792,-28.08853,0
153.40792,-28.08853,0
153.40792,-28.08853,0
153.40792,-28.08853,0
153.40792,-28.08853,0
153.40792,-28.08853,0
153.40792,-28.08853,0
153.40792,-28.08853,0
153.40792,-28.08853,0
153.40792,-28.08853,0
153.40792,-28.08853,0
153.40792,-28.08853,0
153.40792,-28.08853,0
153.40792,-28.08853,0
153.40792,-28.08853,0
153.40792,-28.08853,0
153.40792,-28.08853,0
153.40792,-28.08853,0
153.40792,-28.08853,0
153.40792,-28.08853,0
153.40792,-28.08853,0
153.40792,-28.08853,0
153.40792,-28.08853,0
153.40792,-28.08853,0
153.40792,-28.08853,0
153.40792,-28.08853,0
153.40792,-28.08853,0
153.40792,-28.08853,0
153.40792,-28.08853,0
153.40792,-28.08853,0
153.40792,-28.08853,0
153.40792,-28.08853,0
153.40792,-28.08853,0
153.40792,-28.08853,0
153.40792,-28.08853,0
153.40792,-28.08853,0
153.40792,-28.08853,0
153.40792,-28.08853,0
153.40792,-28.08853,0
153.40792,-28.08853,0
153.40792,-28.08853,0
153.40792,-28.08853,0
153.40792,-28.08853,0
153.40792,-28.08853,0
153.40792,-28.08853,0
153.40792,-28.08853,0
153.40792,-28.08853,0
153.40792,-28.08853,0
153.40792,-28.08853,0
153.40792,-28.08853,0
153.40792,-28.08853,0
153.40792,-28.08853,0
153.40793,-28.0886,0
153.40793,-28.0886,0
153.40793,-28.0886,0
153.40793,-28.0886,0
153.40793,-28.0886,0
153.40793,-28.0886,0
153.40793,-28.0886,0
153.40793,-28.0886,0
153.40793,-28.0886,0
153.40794,-28.08861,0
153.40794,-28.08861,0
153.40794,-28.08861,0
153.40794,-28.08861,0
153.40794,-28.08861,0
153.40794,-28.08861,0
153.40794,-28.08861,0
153.40794,-28.08861,0
153.40794,-28.08861,0
153.40794,-28.08862,0
153.40794,-28.08862,0
153.40794,-28.08862,0
153.40794,-28.08862,0
153.40794,-28.08862,0
153.40794,-28.08862,0
153.40794,-28.08862,0
153.40794,-28.08862,0
153.40794,-28.08862,0
153.40794,-28.08863,0
153.40794,-28.08863,0
153.40794,-28.08863,0
153.40794,-28.08863,0
153.40794,-28.08863,0
153.40794,-28.08863,0
153.40794,-28.08863,0
153.40794,-28.08863,0
153.40794,-28.08863,0
153.40794,-28.08863,0
153.40794,-28.08864,0
153.40794,-28.08864,0
153.40794,-28.08864,0
153.40794,-28.08864,0
153.40794,-28.08864,0
153.40795,-28.08864,0
153.40795,-28.08864,0
153.40795,-28.08864,0
153.40795,-28.08864,0
153.40795,-28.08865,0
153.40795,-28.08865,0
153.40795,-28.08865,0
153.40795,-28.08865,0
153.40795,-28.08865,0
153.40795,-28.08865,0
153.40795,-28.08865,0
153.40795,-28.08865,0
153.40795,-28.08865,0
153.40795,-28.08865,0
153.40794,-28.08866,0
153.40794,-28.08866,0
153.40794,-28.08866,0
153.40794,-28.08866,0
153.40794,-28.08866,0
153.40794,-28.08866,0
153.40794,-28.08866,0
153.40794,-28.08866,0
153.40794,-28.08866,0
153.40794,-28.08866,0
153.40794,-28.08866,0
153.40794,-28.08866,0
153.40794,-28.08866,0
153.40794,-28.08866,0
153.40794,-28.08867,0
153.40794,-28.08867,0
153.40794,-28.08867,0
153.40794,-28.08867,0
153.40794,-28.08867,0
153.40794,-28.08867,0
153.40794,-28.08867,0
153.40794,-28.08867,0
153.40794,-28.08867,0
153.40794,-28.08867,0
153.40794,-28.08867,0
153.40794,-28.08867,0
153.40794,-28.08867,0
153.40794,-28.08867,0
153.40793,-28.08868,0
153.40793,-28.08868,0
153.40793,-28.08868,0
153.40793,-28.08868,0
153.40793,-28.08868,0
153.40793,-28.08868,0
153.40793,-28.08868,0
153.40793,-28.08868,0
153.40793,-28.08868,0
153.40793,-28.08868,0
153.40793,-28.08868,0
153.40793,-28.08868,0
153.40793,-28.08868,0
153.40793,-28.08868,0
153.40793,-28.08868,0
153.40793,-28.08868,0
153.40793,-28.08868,0
153.40793,-28.08868,0
153.40792,-28.08868,0
153.40792,-28.08868,0
153.40792,-28.08868,0
153.40792,-28.08868,0
153.40792,-28.08868,0
153.40791,-28.08869,0
153.40791,-28.08869,0
153.40791,-28.08869,0
153.40791,-28.08869,0
153.40791,-28.08869,0
153.40791,-28.08869,0
153.40791,-28.08869,0
153.40791,-28.08869,0
153.40791,-28.08869,0
153.40791,-28.08869,0
153.4079,-28.08869,0
153.4079,-28.08869,0
153.4079,-28.08869,0
153.4079,-28.08869,0
153.4079,-28.08869,0
153.4079,-28.08869,0
153.4079,-28.08869,0
153.4079,-28.08869,0
153.4079,-28.08869,0
153.40789,-28.08869,0
153.40789,-28.08869,0
153.40789,-28.08869,0
153.40789,-28.08869,0
153.40789,-28.08869,0
153.40788,-28.08869,0
153.40788,-28.08869,0
153.40788,-28.08869,0
153.40788,-28.08869,0
153.40788,-28.08869,0
153.40788,-28.0887,0
153.40788,-28.0887,0
153.40788,-28.0887,0
153.40788,-28.0887,0
153.40787,-28.0887,0
153.40787,-28.0887,0
153.40787,-28.0887,0
153.40787,-28.0887,0
153.40787,-28.0887,0
153.40787,-28.0887,0
153.40787,-28.0887,0
153.40787,-28.0887,0
153.40787,-28.0887,0
153.40787,-28.0887,0
153.40787,-28.0887,0
153.40787,-28.0887,0
153.40787,-28.0887,0
153.40787,-28.0887,0
153.40787,-28.0887,0
153.40787,-28.0887,0
153.40787,-28.0887,0
153.40787,-28.0887,0
153.40787,-28.0887,0
153.40785,-28.0887,0
153.40785,-28.0887,0
153.40785,-28.0887,0
153.40785,-28.0887,0
153.40785,-28.0887,0
153.40784,-28.0887,0
153.40784,-28.0887,0
153.40784,-28.0887,0
153.40784,-28.0887,0
153.40783,-28.08871,0
153.40783,-28.08871,0
153.40783,-28.08871,0
153.40783,-28.08871,0
153.40783,-28.08871,0
153.40783,-28.08871,0
153.40783,-28.08871,0
153.40783,-28.08871,0
153.40783,-28.08871,0
153.40783,-28.08871,0
153.40783,-28.08871,0
153.40783,-28.08871,0
153.40783,-28.08871,0
153.40783,-28.08871,0
153.40783,-28.08871,0
153.40783,-28.08871,0
153.40782,-28.08871,0
153.40782,-28.08871,0
153.40782,-28.08871,0
153.40782,-28.08871,0
153.40782,-28.08871,0
153.40782,-28.08871,0
153.40782,-28.08871,0
153.40782,-28.08871,0
153.40782,-28.08871,0
153.40782,-28.08871,0
153.40782,-28.08871,0
153.40782,-28.08871,0
153.40782,-28.08871,0
153.40782,-28.08871,0
153.4078,-28.08871,0
153.4078,-28.08871,0
153.4078,-28.08871,0
153.4078,-28.08871,0
153.4078,-28.08871,0
153.4078,-28.08871,0
153.4078,-28.08871,0
153.4078,-28.08871,0
153.4078,-28.08871,0
153.4078,-28.08871,0
153.4078,-28.08871,0
153.4078,-28.08871,0
153.4078,-28.08871,0
153.40778,-28.08872,0
153.40778,-28.08872,0
153.40778,-28.08872,0
153.40778,-28.08872,0
153.40778,-28.08872,0
153.40778,-28.08872,0
153.40778,-28.08872,0
153.40778,-28.08872,0
153.40778,-28.08872,0
153.40778,-28.08872,0
153.40778,-28.08872,0
153.40778,-28.08872,0
153.40778,-28.08872,0
153.40778,-28.08872,0
153.40778,-28.08872,0
153.40778,-28.08872,0
153.40778,-28.08872,0
153.40778,-28.08872,0
153.40778,-28.08872,0
153.40778,-28.08872,0
153.40778,-28.08872,0
153.40778,-28.08872,0
153.40778,-28.08872,0
153.40778,-28.08872,0
153.40778,-28.08872,0
153.40778,-28.08872,0
153.40778,-28.08872,0
153.40778,-28.08872,0
153.40778,-28.08872,0
153.40778,-28.08872,0
153.40778,-28.08872,0
153.40778,-28.08872,0
153.40778,-28.08872,0
153.40778,-28.08872,0
153.40778,-28.08872,0
153.40778,-28.08872,0
153.40778,-28.08872,0
153.40778,-28.08872,0
153.40778,-28.08872,0
153.40773,-28.08874,0
153.40773,-28.08874,0
153.40773,-28.08874,0
153.40773,-28.08874,0
153.40773,-28.08874,0
153.40773,-28.08874,0
153.40773,-28.08874,0
153.40773,-28.08874,0
153.40773,-28.08874,0
153.40771,-28.08874,0
153.40771,-28.08874,0
153.40771,-28.08874,0
153.40771,-28.08874,0
153.40771,-28.08874,0
153.40771,-28.08874,0
153.40771,-28.08874,0
153.40771,-28.08874,0
153.40771,-28.08874,0
153.40771,-28.08874,0
153.40771,-28.08874,0
153.40771,-28.08874,0
153.40771,-28.08874,0
153.40771,-28.08874,0
153.4077,-28.08875,0
153.4077,-28.08875,0
153.4077,-28.08875,0
153.4077,-28.08875,0
153.4077,-28.08875,0
153.4077,-28.08875,0
153.4077,-28.08875,0
153.4077,-28.08875,0
153.4077,-28.08875,0
153.4077,-28.08875,0
153.4077,-28.08875,0
153.4077,-28.08875,0
153.4077,-28.08875,0
153.4077,-28.08875,0
153.40768,-28.08876,0
153.40768,-28.08876,0
153.40768,-28.08876,0
153.40768,-28.08876,0
153.40767,-28.08876,0
153.40767,-28.08876,0
153.40767,-28.08876,0
153.40767,-28.08876,0
153.40767,-28.08876,0
153.40767,-28.08876,0
153.40767,-28.08876,0
153.40767,-28.08876,0
153.40767,-28.08876,0
153.40767,-28.08876,0
153.40767,-28.08876,0
153.40767,-28.08876,0
153.40767,-28.08876,0
153.40767,-28.08876,0
153.40767,-28.08876,0
153.40767,-28.08876,0
153.40767,-28.08876,0
153.40767,-28.08876,0
153.40767,-28.08876,0
153.40767,-28.08876,0
153.40767,-28.08876,0
153.40767,-28.08876,0
153.40767,-28.08876,0
153.40767,-28.08876,0
153.40767,-28.08876,0
153.40767,-28.08876,0
153.40767,-28.08876,0
153.40767,-28.08876,0
153.40767,-28.08876,0
153.40767,-28.08876,0
153.40767,-28.08876,0
153.40767,-28.08876,0
153.40767,-28.08876,0
153.40767,-28.08876,0
153.40767,-28.08876,0
153.40767,-28.08876,0
153.40767,-28.08876,0
153.40767,-28.08876,0
153.40767,-28.08876,0
153.40767,-28.08876,0
153.40767,-28.08876,0
153.40767,-28.08876,0
153.40767,-28.08876,0
153.40767,-28.08876,0
153.40767,-28.08876,0
153.40767,-28.08876,0
153.40767,-28.08876,0
153.40767,-28.08876,0
153.40767,-28.08876,0
153.40767,-28.08876,0
153.40767,-28.08876,0
153.40767,-28.08876,0
153.40767,-28.08876,0
153.40767,-28.08876,0
153.40767,-28.08876,0
153.40767,-28.08876,0
153.40767,-28.08876,0
153.40767,-28.08876,0
153.40767,-28.08876,0
153.40767,-28.08876,0
153.40767,-28.08876,0
153.40767,-28.08876,0
153.40767,-28.08876,0
153.40767,-28.08876,0
153.40767,-28.08876,0
153.40767,-28.08876,0
153.40767,-28.08876,0
153.40767,-28.08876,0
153.40767,-28.08876,0
153.40767,-28.08876,0
153.40767,-28.08876,0
153.40767,-28.08876,0
153.40767,-28.08876,0
153.40767,-28.08876,0
153.40767,-28.08876,0
153.40767,-28.08876,0
153.40767,-28.08876,0
153.40767,-28.08876,0
153.40767,-28.08876,0
153.40767,-28.08876,0
153.40767,-28.08876,0
153.40767,-28.08876,0
153.40767,-28.08876,0
153.40767,-28.08876,0
153.40767,-28.08876,0
153.40767,-28.08876,0
153.40767,-28.08876,0
153.40767,-28.08876,0
153.40767,-28.08876,0
153.40767,-28.08876,0
153.40767,-28.08876,0
153.40769,-28.08856,0
153.40769,-28.08856,0
153.40769,-28.08856,0
153.40769,-28.08856,0
153.40769,-28.08856,0
153.40769,-28.08856,0
153.40769,-28.08856,0
153.40769,-28.08856,0
153.40769,-28.08856,0
153.40769,-28.08856,0
153.40767,-28.08856,0
153.40767,-28.08856,0
153.40767,-28.08856,0
153.40767,-28.08856,0
153.40767,-28.08856,0
153.40767,-28.08856,0
153.40767,-28.08856,0
153.40767,-28.08856,0
153.40767,-28.08856,0
153.40767,-28.08856,0
153.40766,-28.08857,0
153.40766,-28.08857,0
153.40766,-28.08857,0
153.40766,-28.08857,0
153.40766,-28.08857,0
153.40766,-28.08857,0
153.40766,-28.08857,0
153.40766,-28.08857,0
153.40766,-28.08857,0
153.40766,-28.08857,0
153.40766,-28.08857,0
153.40766,-28.08857,0
153.40766,-28.08857,0
153.40766,-28.08857,0
153.40764,-28.08857,0
153.40764,-28.08857,0
153.40764,-28.08857,0
153.40764,-28.08857,0
153.40764,-28.08857,0
153.40764,-28.08857,0
153.40764,-28.08857,0
153.40764,-28.08857,0
153.40764,-28.08857,0
153.40763,-28.08858,0
153.40763,-28.08858,0
153.40763,-28.08858,0
153.40763,-28.08858,0
153.40763,-28.08858,0
153.40762,-28.08858,0
153.40762,-28.08858,0
153.40762,-28.08858,0
153.40762,-28.08858,0
153.40762,-28.08858,0
153.40762,-28.08858,0
153.40762,-28.08858,0
153.40762,-28.08858,0
153.40762,-28.08858,0
153.40761,-28.08858,0
153.40761,-28.08858,0
153.40761,-28.08858,0
153.40761,-28.08858,0
153.40761,-28.08858,0
153.4076,-28.08858,0
153.4076,-28.08858,0
153.4076,-28.08858,0
153.4076,-28.08858,0
153.4076,-28.08858,0
153.4076,-28.08858,0
153.4076,-28.08858,0
153.4076,-28.08858,0
153.4076,-28.08858,0
153.4076,-28.08858,0
153.4076,-28.08858,0
153.4076,-28.08858,0
153.4076,-28.08858,0
153.4076,-28.08858,0
153.40759,-28.08859,0
153.40759,-28.08859,0
153.40759,-28.08859,0
153.40759,-28.08859,0
153.40759,-28.08859,0
153.40759,-28.08859,0
153.40759,-28.08859,0
153.40759,-28.08859,0
153.40759,-28.08859,0
153.40758,-28.08859,0
153.40758,-28.08859,0
153.40758,-28.08859,0
153.40758,-28.08859,0
153.40758,-28.08859,0
153.40758,-28.08859,0
153.40758,-28.08859,0
153.40758,-28.08859,0
153.40758,-28.08859,0
153.40758,-28.08859,0
153.40756,-28.0886,0
153.40756,-28.0886,0
153.40756,-28.0886,0
153.40756,-28.0886,0
153.40755,-28.0886,0
153.40755,-28.0886,0
153.40755,-28.0886,0
153.40755,-28.0886,0
153.40755,-28.0886,0
153.40755,-28.0886,0
153.40755,-28.0886,0
153.40755,-28.0886,0
153.40755,-28.0886,0
153.40755,-28.0886,0
153.40754,-28.08861,0
153.40754,-28.08861,0
153.40754,-28.08861,0
153.40754,-28.08861,0
153.40754,-28.08861,0
153.40753,-28.08861,0
153.40753,-28.08861,0
153.40753,-28.08861,0
153.40753,-28.08861,0
153.40753,-28.08861,0
153.40753,-28.08861,0
153.40753,-28.08861,0
153.40753,-28.08861,0
153.40753,-28.08861,0
153.40753,-28.08861,0
153.40753,-28.08861,0
153.40753,-28.08861,0
153.40753,-28.08861,0
153.40752,-28.08862,0
153.40752,-28.08862,0
153.40752,-28.08862,0
153.40752,-28.08862,0
153.40752,-28.08862,0
153.40752,-28.08862,0
153.40752,-28.08862,0
153.40752,-28.08862,0
153.40752,-28.08862,0
153.40752,-28.08862,0
153.4075,-28.08863,0
153.4075,-28.08863,0
153.4075,-28.08863,0
153.4075,-28.08863,0
153.4075,-28.08863,0
153.40749,-28.08863,0
153.40749,-28.08863,0
153.40749,-28.08863,0
153.40749,-28.08863,0
153.40749,-28.08864,0
153.40749,-28.08864,0
153.40749,-28.08864,0
153.40749,-28.08864,0
153.40749,-28.08864,0
153.40748,-28.08864,0
153.40748,-28.08864,0
153.40748,-28.08864,0
153.40748,-28.08864,0
153.40748,-28.08864,0
153.40747,-28.08864,0
153.40747,-28.08864,0
153.40747,-28.08864,0
153.40747,-28.08864,0
153.40747,-28.08865,0
153.40747,-28.08865,0
153.40747,-28.08865,0
153.40747,-28.08865,0
153.40747,-28.08865,0
153.40746,-28.08865,0
153.40746,-28.08865,0
153.40746,-28.08865,0
153.40746,-28.08865,0
153.40746,-28.08865,0
153.40745,-28.08865,0
153.40745,-28.08865,0
153.40745,-28.08865,0
153.40745,-28.08865,0
153.40745,-28.08865,0
153.40745,-28.08865,0
153.40745,-28.08865,0
153.40745,-28.08865,0
153.40745,-28.08865,0
153.40744,-28.08866,0
153.40744,-28.08866,0
153.40744,-28.08866,0
153.40744,-28.08866,0
153.40744,-28.08866,0
153.40743,-28.08866,0
153.40743,-28.08866,0
153.40743,-28.08866,0
153.40743,-28.08866,0
153.40742,-28.08866,0
153.40742,-28.08866,0
153.40742,-28.08866,0
153.40742,-28.08866,0
153.40742,-28.08866,0
153.40742,-28.08866,0
153.40742,-28.08866,0
153.40742,-28.08866,0
153.40742,-28.08866,0
153.40742,-28.08866,0
153.40741,-28.08867,0
153.40741,-28.08867,0
153.40741,-28.08867,0
153.40741,-28.08867,0
153.4074,-28.08867,0
153.4074,-28.08867,0
153.4074,-28.08867,0
153.4074,-28.08867,0
153.4074,-28.08867,0
153.40739,-28.08867,0
153.40739,-28.08867,0
153.40739,-28.08867,0
153.40739,-28.08867,0
153.40739,-28.08867,0
153.40739,-28.08867,0
153.40739,-28.08867,0
153.40739,-28.08867,0
153.40739,-28.08867,0
153.40739,-28.08867,0
153.40739,-28.08867,0
153.40739,-28.08867,0
153.40739,-28.08867,0
153.40739,-28.08867,0
153.40738,-28.08868,0
153.40738,-28.08868,0
153.40738,-28.08868,0
153.40738,-28.08868,0
153.40738,-28.08868,0
153.40737,-28.08868,0
153.40737,-28.08868,0
153.40737,-28.08868,0
153.40737,-28.08868,0
153.40737,-28.08868,0
153.40737,-28.08868,0
153.40737,-28.08868,0
153.40737,-28.08868,0
153.40737,-28.08868,0
153.40737,-28.08868,0
153.40737,-28.08868,0
153.40737,-28.08868,0
153.40737,-28.08868,0
153.40737,-28.08868,0
153.40735,-28.08869,0
153.40735,-28.08869,0
153.40735,-28.08869,0
153.40735,-28.08869,0
153.40735,-28.08869,0
153.40735,-28.08869,0
153.40735,-28.08869,0
153.40735,-28.08869,0
153.40735,-28.08869,0
153.40734,-28.08869,0
153.40734,-28.08869,0
153.40734,-28.08869,0
153.40734,-28.08869,0
153.40734,-28.08869,0
153.40733,-28.08869,0
153.40733,-28.08869,0
153.40733,-28.08869,0
153.40733,-28.08869,0
153.40733,-28.0887,0
153.40733,-28.0887,0
153.40733,-28.0887,0
153.40733,-28.0887,0
153.40733,-28.0887,0
153.40732,-28.0887,0
153.40732,-28.0887,0
153.40732,-28.0887,0
153.40732,-28.0887,0
153.40732,-28.0887,0
153.40731,-28.0887,0
153.40731,-28.0887,0
153.40731,-28.0887,0
153.40731,-28.0887,0
153.4073,-28.0887,0
153.4073,-28.0887,0
153.4073,-28.0887,0
153.4073,-28.0887,0
153.4073,-28.0887,0
153.4073,-28.0887,0
153.4073,-28.0887,0
153.4073,-28.0887,0
153.4073,-28.0887,0
153.4073,-28.0887,0
153.4073,-28.0887,0
153.4073,-28.0887,0
153.4073,-28.0887,0
153.4073,-28.0887,0
153.4073,-28.0887,0
153.4073,-28.0887,0
153.4073,-28.0887,0
153.4073,-28.0887,0
153.4073,-28.0887,0
153.40729,-28.08871,0
153.40729,-28.08871,0
153.40729,-28.08871,0
153.40729,-28.08871,0
153.40729,-28.08871,0
153.40729,-28.08871,0
153.40729,-28.08871,0
153.40729,-28.08871,0
153.40729,-28.08871,0
153.40729,-28.08871,0
153.40729,-28.08871,0
153.40729,-28.08871,0
153.40729,-28.08871,0
153.40729,-28.08871,0
153.40729,-28.08871,0
153.40729,-28.08871,0
153.40729,-28.08871,0
153.40729,-28.08871,0
153.40729,-28.08871,0
153.40729,-28.08871,0
153.40729,-28.08871,0
153.40729,-28.08871,0
153.40729,-28.08871,0
153.40729,-28.0887,0
153.40729,-28.0887,0
153.40729,-28.0887,0
153.40729,-28.0887,0
153.40729,-28.0887,0
153.40729,-28.0887,0
153.40729,-28.0887,0
153.40729,-28.0887,0
153.40729,-28.0887,0
153.40729,-28.0887,0
153.40729,-28.0887,0
153.40729,-28.0887,0
153.40729,-28.0887,0
153.40729,-28.0887,0
153.40729,-28.0887,0
153.40729,-28.0887,0
153.40729,-28.0887,0
153.40729,-28.0887,0
153.40729,-28.0887,0
153.40729,-28.0887,0
153.40729,-28.0887,0
153.40729,-28.0887,0
153.40729,-28.0887,0
153.40729,-28.0887,0
153.40729,-28.0887,0
153.40729,-28.0887,0
153.40729,-28.0887,0
153.40729,-28.0887,0
153.40729,-28.0887,0
153.40729,-28.0887,0
153.40729,-28.0887,0
153.40729,-28.0887,0
153.40729,-28.0887,0
153.40729,-28.0887,0
153.40729,-28.0887,0
153.40729,-28.0887,0
153.40729,-28.0887,0
153.40729,-28.0887,0
153.40729,-28.0887,0
153.40729,-28.0887,0
153.40729,-28.0887,0
153.40729,-28.0887,0
153.40729,-28.0887,0
153.40729,-28.0887,0
153.40729,-28.0887,0
153.40729,-28.0887,0
153.40729,-28.0887,0
153.40729,-28.0887,0
153.40729,-28.0887,0
153.40729,-28.0887,0
153.40729,-28.0887,0
153.40729,-28.0887,0
153.40729,-28.0887,0
153.40729,-28.0887,0
153.40729,-28.0887,0
153.40729,-28.0887,0
153.40729,-28.0887,0
153.40729,-28.0887,0
153.40729,-28.0887,0
153.40729,-28.0887,0
153.40729,-28.0887,0
153.40729,-28.0887,0
153.40729,-28.0887,0
153.40729,-28.0887,0
153.40729,-28.0887,0
153.40729,-28.0887,0
153.40729,-28.0887,0
153.40729,-28.0887,0
153.40729,-28.0887,0
153.40729,-28.0887,0
153.40729,-28.0887,0
153.40729,-28.0887,0
153.40729,-28.0887,0
153.40729,-28.0887,0
153.40729,-28.0887,0
153.40729,-28.0887,0
153.40729,-28.0887,0
153.40729,-28.0887,0
153.40729,-28.0887,0
153.40729,-28.0887,0
153.40729,-28.0887,0
153.40729,-28.0887,0
153.40729,-28.0887,0
153.40729,-28.0887,0
153.40729,-28.0887,0
153.40729,-28.0887,0
153.40729,-28.0887,0
153.40729,-28.0887,0
153.40729,-28.0887,0
153.40729,-28.0887,0
153.40729,-28.0887,0
153.40729,-28.0887,0
153.40729,-28.0887,0
153.40729,-28.0887,0
153.40729,-28.0887,0
153.40729,-28.0887,0
153.40729,-28.0887,0
153.40729,-28.0887,0
153.40729,-28.0887,0
153.40729,-28.0887,0
153.40729,-28.0887,0
153.40729,-28.0887,0
153.40729,-28.0887,0
153.40729,-28.0887,0
153.40729,-28.0887,0
153.40729,-28.0887,0
153.40729,-28.0887,0
153.40729,-28.0887,0
153.40729,-28.0887,0
153.40729,-28.0887,0
153.40729,-28.0887,0
153.40729,-28.0887,0
153.40729,-28.0887,0
153.40729,-28.0887,0
153.40729,-28.0887,0
153.40729,-28.0887,0
153.40729,-28.0887,0
153.40729,-28.0887,0
153.40729,-28.0887,0
153.40729,-28.0887,0
153.40729,-28.0887,0
153.40729,-28.0887,0
153.40729,-28.0887,0
153.40729,-28.0887,0
153.40729,-28.0887,0
153.40729,-28.0887,0
153.40729,-28.0887,0
153.40729,-28.08871,0
153.40729,-28.08871,0
153.40729,-28.08871,0
153.40729,-28.08871,0
153.40729,-28.08871,0
153.4073,-28.08871,0
153.4073,-28.08871,0
153.4073,-28.08871,0
153.4073,-28.08871,0
153.4073,-28.08871,0
153.4073,-28.08872,0
153.4073,-28.08872,0
153.4073,-28.08872,0
153.4073,-28.08872,0
153.4073,-28.08872,0
153.4073,-28.08872,0
153.4073,-28.08872,0
153.4073,-28.08872,0
153.4073,-28.08872,0
153.4073,-28.08872,0
153.4073,-28.08872,0
153.4073,-28.08872,0
153.4073,-28.08872,0
153.4073,-28.08872,0
153.40731,-28.08873,0
153.40731,-28.08873,0
153.40731,-28.08873,0
153.40731,-28.08873,0
153.40731,-28.08873,0
153.40731,-28.08874,0
153.40731,-28.08874,0
153.40731,-28.08874,0
153.40731,-28.08874,0
153.40731,-28.08874,0
153.40731,-28.08874,0
153.40731,-28.08874,0
153.40731,-28.08874,0
153.40731,-28.08874,0
153.40732,-28.08875,0
153.40732,-28.08875,0
153.40732,-28.08875,0
153.40732,-28.08875,0
153.40732,-28.08875,0
153.40732,-28.08875,0
153.40732,-28.08875,0
153.40732,-28.08875,0
153.40732,-28.08875,0
153.40732,-28.08875,0
153.40732,-28.08875,0
153.40732,-28.08875,0
153.40732,-28.08875,0
153.40732,-28.08875,0
153.40732,-28.08876,0
153.40732,-28.08876,0
153.40732,-28.08876,0
153.40732,-28.08876,0
153.40732,-28.08876,0
153.40732,-28.08876,0
153.40732,-28.08876,0
153.40732,-28.08876,0
153.40732,-28.08876,0
153.40732,-28.08876,0
153.40732,-28.08876,0
153.40732,-28.08876,0
153.40732,-28.08876,0
153.40732,-28.08876,0
153.40733,-28.08877,0
153.40733,-28.08877,0
153.40733,-28.08877,0
153.40733,-28.08877,0
153.40733,-28.08877,0
153.40733,-28.08878,0
153.40733,-28.08878,0
153.40733,-28.08878,0
153.40733,-28.08878,0
153.40733,-28.08878,0
153.40733,-28.08878,0
153.40733,-28.08878,0
153.40733,-28.08878,0
153.40733,-28.08878,0
153.40734,-28.08879,0
153.40734,-28.08879,0
153.40734,-28.08879,0
153.40734,-28.08879,0
153.40734,-28.08879,0
153.40734,-28.08879,0
153.40734,-28.08879,0
153.40734,-28.08879,0
153.40734,-28.08879,0
153.40734,-28.08879,0
153.40734,-28.0888,0
153.40734,-28.0888,0
153.40734,-28.0888,0
153.40734,-28.0888,0
153.40734,-28.0888,0
153.40734,-28.0888,0
153.40734,-28.0888,0
153.40734,-28.0888,0
153.40734,-28.0888,0
153.40734,-28.08881,0
153.40734,-28.08881,0
153.40734,-28.08881,0
153.40734,-28.08881,0
153.40734,-28.08881,0
153.40735,-28.08881,0
153.40735,-28.08881,0
153.40735,-28.08881,0
153.40735,-28.08881,0
153.40735,-28.08882,0
153.40735,-28.08882,0
153.40735,-28.08882,0
153.40735,-28.08882,0
153.40735,-28.08882,0
153.40735,-28.08882,0
153.40735,-28.08882,0
153.40735,-28.08882,0
153.40735,-28.08882,0
153.40735,-28.08882,0
153.40735,-28.08883,0
153.40735,-28.08883,0
153.40735,-28.08883,0
153.40735,-28.08883,0
153.40735,-28.08883,0
153.40735,-28.08883,0
153.40735,-28.08883,0
153.40735,-28.08883,0
153.40735,-28.08883,0
153.40735,-28.08883,0
153.40735,-28.08883,0
153.40735,-28.08883,0
153.40735,-28.08883,0
153.40735,-28.08883,0
153.40735,-28.08883,0
153.40735,-28.08883,0
153.40735,-28.08883,0
153.40735,-28.08883,0
153.40735,-28.08883,0
153.40735,-28.08883,0
153.40735,-28.08883,0
153.40735,-28.08883,0
153.40735,-28.08883,0
153.40735,-28.08883,0
153.40735,-28.08883,0
153.40735,-28.08883,0
153.40735,-28.08883,0
153.40735,-28.08883,0
153.40735,-28.08883,0
153.40735,-28.08883,0
153.40735,-28.08883,0
153.40735,-28.08883,0
153.40735,-28.08883,0
153.40735,-28.08883,0
153.40735,-28.08883,0
153.40735,-28.08883,0
153.40735,-28.08883,0
153.40735,-28.08883,0
153.40735,-28.08883,0
153.40735,-28.08883,0
153.40735,-28.08883,0
153.40735,-28.08883,0
153.40735,-28.08883,0
153.40735,-28.08883,0
153.40735,-28.08883,0
153.40735,-28.08883,0
153.40735,-28.08883,0
153.40735,-28.08883,0
153.40735,-28.08883,0
153.40735,-28.08883,0
153.40735,-28.08883,0
153.40735,-28.08883,0
153.40735,-28.08883,0
153.40735,-28.08883,0
153.40735,-28.08883,0
153.40735,-28.08883,0
153.40735,-28.08883,0
153.40735,-28.08883,0
153.40735,-28.08883,0
153.40735,-28.08883,0
153.40735,-28.08883,0
153.40735,-28.08883,0
153.40735,-28.08883,0
153.40735,-28.08883,0
153.40735,-28.08883,0
153.40735,-28.08883,0
153.40735,-28.08883,0
153.40735,-28.08883,0
153.40735,-28.08883,0
153.40735,-28.08883,0
153.40735,-28.08884,0
153.40735,-28.08884,0
153.40735,-28.08884,0
153.40735,-28.08884,0
153.40736,-28.08885,0
153.40736,-28.08885,0
153.40736,-28.08885,0
153.40736,-28.08885,0
153.40736,-28.08885,0
153.40736,-28.08885,0
153.40736,-28.08885,0
153.40736,-28.08885,0
153.40736,-28.08885,0
153.40736,-28.08885,0
153.40736,-28.08886,0
153.40736,-28.08886,0
153.40736,-28.08886,0
153.40736,-28.08886,0
153.40736,-28.08886,0
153.40736,-28.08887,0
153.40736,-28.08887,0
153.40736,-28.08887,0
153.40736,-28.08887,0
153.40736,-28.08887,0
153.40736,-28.08887,0
153.40736,-28.08887,0
153.40736,-28.08887,0
153.40736,-28.08887,0
153.40737,-28.08888,0
153.40737,-28.08888,0
153.40737,-28.08888,0
153.40737,-28.08888,0
153.40737,-28.08888,0
153.40737,-28.08888,0
153.40737,-28.08888,0
153.40737,-28.08888,0
153.40737,-28.08888,0
153.40737,-28.08888,0
153.40737,-28.08889,0
153.40737,-28.08889,0
153.40737,-28.08889,0
153.40737,-28.08889,0
153.40737,-28.0889,0
153.40737,-28.0889,0
153.40737,-28.0889,0
153.40737,-28.0889,0
153.40737,-28.0889,0
153.40737,-28.0889,0
153.40737,-28.0889,0
153.40737,-28.0889,0
153.40737,-28.0889,0
153.40737,-28.08891,0
153.40737,-28.08891,0
153.40737,-28.08891,0
153.40737,-28.08891,0
153.40737,-28.08891,0
153.40737,-28.08891,0
153.40737,-28.08891,0
153.40737,-28.08891,0
153.40737,-28.08891,0
153.40737,-28.08891,0
153.40737,-28.08892,0
153.40737,-28.08892,0
153.40737,-28.08892,0
153.40737,-28.08892,0
153.40737,-28.08892,0
153.40737,-28.08892,0
153.40737,-28.08892,0
153.40737,-28.08892,0
153.40737,-28.08892,0
153.40737,-28.08892,0
153.40737,-28.08892,0
153.40737,-28.08892,0
153.40737,-28.08892,0
153.40737,-28.08892,0
153.40737,-28.08892,0
153.40737,-28.08892,0
153.40737,-28.08892,0
153.40737,-28.08892,0
153.40737,-28.08892,0
153.40737,-28.08892,0
153.40737,-28.08892,0
153.40737,-28.08892,0
153.40737,-28.08892,0
153.40737,-28.08892,0
153.40737,-28.08892,0
153.40737,-28.08892,0
153.40737,-28.08892,0
153.40737,-28.08892,0
153.40737,-28.08892,0
153.40737,-28.08892,0
153.40737,-28.08892,0
153.40737,-28.08892,0
153.40737,-28.08892,0
153.40737,-28.08892,0
153.40737,-28.08892,0
153.40737,-28.08892,0
153.40737,-28.08892,0
153.40737,-28.08892,0
153.40738,-28.08892,0
153.40738,-28.08892,0
153.40738,-28.08892,0
153.40738,-28.08892,0
153.40738,-28.08892,0
153.40738,-28.08892,0
153.40738,-28.08892,0
153.40738,-28.08892,0
153.40738,-28.08892,0
153.40738,-28.08892,0
153.40738,-28.08892,0
153.40738,-28.08892,0
153.40738,-28.08892,0
153.40738,-28.08892,0
153.40738,-28.08892,0
153.40738,-28.08892,0
153.40738,-28.08892,0
153.40738,-28.08892,0
153.40738,-28.08892,0
153.40738,-28.08892,0
153.40738,-28.08892,0
153.40738,-28.08892,0
153.40738,-28.08892,0
153.40738,-28.08892,0
153.40738,-28.08892,0
153.40738,-28.08892,0
153.40738,-28.08892,0
153.40738,-28.08892,0
153.40738,-28.08892,0
153.40738,-28.08892,0
153.40738,-28.08892,0
153.40738,-28.08892,0
153.40738,-28.08892,0
153.40738,-28.08892,0
153.40738,-28.08892,0
153.40738,-28.08892,0
153.40738,-28.08892,0
153.40738,-28.08892,0
153.40738,-28.08892,0
153.40738,-28.08892,0
153.40738,-28.08892,0
153.40738,-28.08892,0
153.40738,-28.08893,0
153.40738,-28.08893,0
153.40738,-28.08893,0
153.40738,-28.08893,0
153.40738,-28.08893,0
153.40738,-28.08893,0
153.40738,-28.08893,0
153.40738,-28.08893,0
153.40738,-28.08893,0
153.40738,-28.08894,0
153.40738,-28.08894,0
153.40738,-28.08894,0
153.40738,-28.08894,0
153.40738,-28.08894,0
153.40739,-28.08895,0
153.40739,-28.08895,0
153.40739,-28.08895,0
153.40739,-28.08895,0
153.40739,-28.08895,0
153.40739,-28.08895,0
153.40739,-28.08895,0
153.40739,-28.08895,0
153.40739,-28.08895,0
153.40739,-28.08896,0
153.40739,-28.08896,0
153.40739,-28.08896,0
153.40739,-28.08896,0
153.40739,-28.08896,0
153.4074,-28.08896,0
153.4074,-28.08896,0
153.4074,-28.08896,0
153.4074,-28.08896,0
153.4074,-28.08896,0
153.4074,-28.08897,0
153.4074,-28.08897,0
153.4074,-28.08897,0
153.4074,-28.08897,0
153.4074,-28.08897,0
153.4074,-28.08897,0
153.4074,-28.08897,0
153.4074,-28.08897,0
153.4074,-28.08897,0
153.4074,-28.08898,0
153.4074,-28.08898,0
153.4074,-28.08898,0
153.4074,-28.08898,0
153.4074,-28.08898,0
153.40741,-28.08898,0
153.40741,-28.08898,0
153.40741,-28.08898,0
153.40741,-28.08898,0
153.40741,-28.08898,0
153.40741,-28.08898,0
153.40741,-28.08898,0
153.40741,-28.08898,0
153.40741,-28.08898,0
153.40741,-28.08898,0
153.40741,-28.08898,0
153.40741,-28.08898,0
153.40741,-28.08898,0
153.40741,-28.08898,0
153.40741,-28.08898,0
153.40741,-28.08898,0
153.40741,-28.08898,0
153.40741,-28.08898,0
153.40741,-28.08898,0
153.40741,-28.08898,0
153.40741,-28.08898,0
153.40741,-28.08898,0
153.40741,-28.08898,0
153.40741,-28.08898,0
153.40741,-28.08898,0
153.40741,-28.08898,0
153.40741,-28.08898,0
153.40741,-28.08898,0
153.40741,-28.08898,0
153.40741,-28.08898,0
153.40741,-28.08898,0
153.40741,-28.08898,0
153.40741,-28.08898,0
153.40741,-28.08898,0
153.40741,-28.08898,0
153.40741,-28.08898,0
153.40741,-28.08898,0
153.40741,-28.08898,0
153.40741,-28.08898,0
153.40741,-28.08898,0
153.40741,-28.08898,0
153.40741,-28.08898,0
153.40741,-28.08898,0
153.40741,-28.08898,0
153.40741,-28.08898,0
153.40741,-28.08898,0
153.40741,-28.08898,0
153.40741,-28.08898,0
153.40741,-28.08898,0
153.40741,-28.08898,0
153.40741,-28.08898,0
153.40741,-28.08898,0
153.40741,-28.08898,0
153.40741,-28.08898,0
153.40741,-28.08898,0
153.40741,-28.08898,0
153.40741,-28.08898,0
153.40741,-28.08898,0
153.40741,-28.08898,0
153.40741,-28.08898,0
153.40741,-28.08898,0
153.40741,-28.08898,0
153.40741,-28.08898,0
153.40741,-28.08898,0
153.40741,-28.08898,0
153.40741,-28.08898,0
153.4074,-28.08897,0
153.4074,-28.08897,0
153.4074,-28.08897,0
153.4074,-28.08897,0
153.4074,-28.08896,0
153.4074,-28.08896,0
153.4074,-28.08896,0
153.4074,-28.08896,0
153.4074,-28.08896,0
153.4074,-28.08896,0
153.4074,-28.08896,0
153.4074,-28.08896,0
153.4074,-28.08896,0
153.4074,-28.08896,0
153.4074,-28.08895,0
153.4074,-28.08895,0
153.4074,-28.08895,0
153.4074,-28.08895,0
153.4074,-28.08895,0
153.40739,-28.08894,0
153.40739,-28.08894,0
153.40739,-28.08894,0
153.40739,-28.08894,0
153.40739,-28.08894,0
153.40739,-28.08894,0
153.40739,-28.08894,0
153.40739,-28.08894,0
153.40739,-28.08894,0
153.40739,-28.08893,0
153.40739,-28.08893,0
153.40739,-28.08893,0
153.40739,-28.08893,0
153.40739,-28.08892,0
153.40739,-28.08892,0
153.40739,-28.08892,0
153.40739,-28.08892,0
153.40739,-28.08892,0
153.40739,-28.08892,0
153.40739,-28.08892,0
153.40739,-28.08892,0
153.40739,-28.08892,0
153.40739,-28.08892,0
153.40739,-28.08892,0
153.40739,-28.08892,0
153.40739,-28.08892,0
153.40739,-28.08892,0
153.40738,-28.08891,0
153.40738,-28.08891,0
153.40738,-28.08891,0
153.40738,-28.08891,0
153.40738,-28.08891,0
153.40738,-28.0889,0
153.40738,-28.0889,0
153.40738,-28.0889,0
153.40738,-28.0889,0
153.40738,-28.0889,0
153.40738,-28.08889,0
153.40738,-28.08889,0
153.40738,-28.08889,0
153.40738,-28.08889,0
153.40738,-28.08889,0
153.40738,-28.08889,0
153.40738,-28.08889,0
153.40738,-28.08889,0
153.40738,-28.08889,0
153.40738,-28.08888,0
153.40738,-28.08888,0
153.40738,-28.08888,0
153.40738,-28.08888,0
153.40738,-28.08888,0
153.40738,-28.08887,0
153.40738,-28.08887,0
153.40738,-28.08887,0
153.40738,-28.08887,0
153.40738,-28.08887,0
153.40738,-28.08887,0
153.40738,-28.08887,0
153.40738,-28.08887,0
153.40738,-28.08887,0
153.40738,-28.08886,0
153.40738,-28.08886,0
153.40738,-28.08886,0
153.40738,-28.08886,0
153.40738,-28.08886,0
153.40738,-28.08885,0
153.40738,-28.08885,0
153.40738,-28.08885,0
153.40738,-28.08885,0
153.40738,-28.08885,0
153.40738,-28.08885,0
153.40738,-28.08885,0
153.40738,-28.08885,0
153.40738,-28.08885,0
153.40738,-28.08885,0
153.40738,-28.08885,0
153.40738,-28.08885,0
153.40738,-28.08885,0
153.40738,-28.08885,0
153.40737,-28.08884,0
153.40737,-28.08884,0
153.40737,-28.08884,0
153.40737,-28.08884,0
153.40737,-28.08884,0
153.40737,-28.08883,0
153.40737,-28.08883,0
153.40737,-28.08883,0
153.40737,-28.08883,0
153.40737,-28.08882,0
153.40737,-28.08882,0
153.40737,-28.08882,0
153.40737,-28.08882,0
153.40737,-28.08882,0
153.40737,-28.08882,0
153.40737,-28.08882,0
153.40737,-28.08882,0
153.40737,-28.08882,0
153.40737,-28.08882,0
153.40737,-28.08881,0
153.40737,-28.08881,0
153.40737,-28.08881,0
153.40737,-28.08881,0
153.40737,-28.0888,0
153.40737,-28.0888,0
153.40737,-28.0888,0
153.40737,-28.0888,0
153.40737,-28.0888,0
153.40736,-28.0888,0
153.40736,-28.0888,0
153.40736,-28.0888,0
153.40736,-28.0888,0
153.40736,-28.0888,0
153.40736,-28.08879,0
153.40736,-28.08879,0
153.40736,-28.08879,0
153.40736,-28.08879,0
153.40736,-28.08879,0
153.40736,-28.08879,0
153.40736,-28.08879,0
153.40736,-28.08879,0
153.40736,-28.08879,0
153.40736,-28.08878,0
153.40736,-28.08878,0
153.40736,-28.08878,0
153.40736,-28.08878,0
153.40735,-28.08878,0
153.40735,-28.08878,0
153.40735,-28.08878,0
153.40735,-28.08878,0
153.40735,-28.08878,0
153.40735,-28.08877,0
153.40735,-28.08877,0
153.40735,-28.08877,0
153.40735,-28.08877,0
153.40735,-28.08877,0
153.40735,-28.08876,0
153.40735,-28.08876,0
153.40735,-28.08876,0
153.40735,-28.08876,0
153.40735,-28.08876,0
153.40735,-28.08876,0
153.40735,-28.08876,0
153.40735,-28.08876,0
153.40735,-28.08876,0
153.40735,-28.08875,0
153.40735,-28.08875,0
153.40735,-28.08875,0
153.40735,-28.08875,0
153.40735,-28.08875,0
153.40735,-28.08875,0
153.40735,-28.08875,0
153.40735,-28.08875,0
153.40735,-28.08875,0
153.40735,-28.08875,0
153.40734,-28.08874,0
153.40734,-28.08874,0
153.40734,-28.08874,0
153.40734,-28.08874,0
153.40734,-28.08873,0
153.40734,-28.08873,0
153.40734,-28.08873,0
153.40734,-28.08873,0
153.40734,-28.08873,0
153.40734,-28.08873,0
153.40734,-28.08873,0
153.40734,-28.08873,0
153.40734,-28.08873,0
153.40734,-28.08873,0
153.40734,-28.08872,0
153.40734,-28.08872,0
153.40734,-28.08872,0
153.40734,-28.08872,0
153.40734,-28.08872,0
153.40734,-28.08872,0
153.40734,-28.08872,0
153.40734,-28.08872,0
153.40734,-28.08872,0
153.40734,-28.08871,0
153.40734,-28.08871,0
153.40734,-28.08871,0
153.40734,-28.08871,0
153.40733,-28.0887,0
153.40733,-28.0887,0
153.40733,-28.0887,0
153.40733,-28.0887,0
153.40733,-28.0887,0
153.40733,-28.0887,0
153.40733,-28.0887,0
153.40733,-28.0887,0
153.40733,-28.0887,0
153.40733,-28.0887,0
153.40733,-28.08869,0
153.40733,-28.08869,0
153.40733,-28.08869,0
153.40733,-28.08869,0
153.40733,-28.08868,0
153.40733,-28.08868,0
153.40733,-28.08868,0
153.40733,-28.08868,0
153.40733,-28.08868,0
153.40733,-28.08868,0
153.40733,-28.08868,0
153.40733,-28.08868,0
153.40733,-28.08868,0
153.40733,-28.08868,0
153.40732,-28.08867,0
153.40732,-28.08867,0
153.40732,-28.08867,0
153.40732,-28.08867,0
153.40732,-28.08867,0
153.40732,-28.08867,0
153.40732,-28.08867,0
153.40732,-28.08867,0
153.40732,-28.08867,0
153.40732,-28.08866,0
153.40732,-28.08866,0
153.40732,-28.08866,0
153.40732,-28.08866,0
153.40732,-28.08866,0
153.40732,-28.08865,0
153.40732,-28.08865,0
153.40732,-28.08865,0
153.40732,-28.08865,0
153.40731,-28.08865,0
153.40731,-28.08865,0
153.40731,-28.08865,0
153.40731,-28.08865,0
153.40731,-28.08865,0
153.40731,-28.08864,0
153.40731,-28.08864,0
153.40731,-28.08864,0
153.40731,-28.08864,0
153.40731,-28.08864,0
153.40731,-28.08864,0
153.40731,-28.08864,0
153.40731,-28.08864,0
153.40731,-28.08864,0
153.40731,-28.08863,0
153.40731,-28.08863,0
153.40731,-28.08863,0
153.40731,-28.08863,0
153.40731,-28.08863,0
153.40731,-28.08862,0
153.40731,-28.08862,0
153.40731,-28.08862,0
153.40731,-28.08862,0
153.40731,-28.08862,0
153.40731,-28.08862,0
153.40731,-28.08862,0
153.40731,-28.08862,0
153.40731,-28.08862,0
153.40731,-28.08861,0
153.40731,-28.08861,0
153.40731,-28.08861,0
153.40731,-28.08861,0
153.40731,-28.08861,0
153.40731,-28.08861,0
153.40731,-28.08861,0
153.40731,-28.08861,0
153.40731,-28.08861,0
153.40731,-28.08861,0
153.40731,-28.0886,0
153.40731,-28.0886,0
153.40731,-28.0886,0
153.40731,-28.0886,0
153.40731,-28.0886,0
153.40731,-28.0886,0
153.40731,-28.0886,0
153.40731,-28.0886,0
153.40731,-28.0886,0
153.40731,-28.0886,0
153.40731,-28.0886,0
153.40731,-28.0886,0
153.40731,-28.0886,0
153.40731,-28.0886,0
153.4073,-28.0886,0
153.4073,-28.0886,0
153.4073,-28.0886,0
153.4073,-28.0886,0
153.4073,-28.0886,0
153.4073,-28.0886,0
153.4073,-28.0886,0
153.4073,-28.0886,0
153.4073,-28.0886,0
153.4073,-28.0886,0
153.4073,-28.0886,0
153.4073,-28.0886,0
153.4073,-28.0886,0
153.4073,-28.0886,0
153.4073,-28.0886,0
153.4073,-28.0886,0
153.4073,-28.0886,0
153.4073,-28.0886,0
153.4073,-28.0886,0
153.4073,-28.0886,0
153.4073,-28.0886,0
153.4073,-28.0886,0
153.4073,-28.0886,0
153.4073,-28.0886,0
153.4073,-28.0886,0
153.4073,-28.0886,0
153.4073,-28.0886,0
153.4073,-28.0886,0
153.4073,-28.0886,0
153.4073,-28.0886,0
153.4073,-28.0886,0
153.4073,-28.0886,0
153.4073,-28.0886,0
153.4073,-28.0886,0
153.4073,-28.0886,0
153.4073,-28.0886,0
153.4073,-28.0886,0
153.4073,-28.0886,0
153.4073,-28.0886,0
153.4073,-28.0886,0
153.4073,-28.0886,0
153.4073,-28.0886,0
153.4073,-28.0886,0
153.4073,-28.0886,0
153.4073,-28.0886,0
153.4073,-28.0886,0
153.4073,-28.0886,0
153.4073,-28.0886,0
153.4073,-28.0886,0
153.4073,-28.0886,0
153.4073,-28.0886,0
153.4073,-28.0886,0
153.4073,-28.0886,0
153.4073,-28.0886,0
153.4073,-28.0886,0
153.4073,-28.0886,0
153.4073,-28.0886,0
153.4073,-28.0886,0
153.4073,-28.0886,0
153.4073,-28.0886,0
153.4073,-28.0886,0
153.40731,-28.0886,0
153.40731,-28.0886,0
153.40731,-28.0886,0
153.40731,-28.0886,0
153.40731,-28.0886,0
153.40731,-28.0886,0
153.40731,-28.0886,0
153.40731,-28.0886,0
153.40731,-28.0886,0
153.40731,-28.0886,0
153.40731,-28.0886,0
153.40731,-28.0886,0
153.40731,-28.0886,0
153.40731,-28.0886,0
153.4073,-28.08859,0
153.4073,-28.08859,0
153.4073,-28.08859,0
153.4073,-28.08859,0
153.4073,-28.08859,0
153.4073,-28.08859,0
153.4073,-28.08859,0
153.4073,-28.08859,0
153.4073,-28.08859,0
153.4073,-28.08858,0
153.4073,-28.08858,0
153.4073,-28.08858,0
153.4073,-28.08858,0
153.4073,-28.08858,0
153.4073,-28.08857,0
153.4073,-28.08857,0
153.4073,-28.08857,0
153.4073,-28.08857,0
153.4073,-28.08857,0
153.4073,-28.08857,0
153.4073,-28.08857,0
153.4073,-28.08857,0
153.4073,-28.08857,0
153.4073,-28.08856,0
153.4073,-28.08856,0
153.4073,-28.08856,0
153.4073,-28.08856,0
153.4073,-28.08856,0
153.4073,-28.08856,0
153.4073,-28.08856,0
153.4073,-28.08856,0
153.4073,-28.08856,0
153.4073,-28.08855,0
153.4073,-28.08855,0
153.4073,-28.08855,0
153.4073,-28.08855,0
153.4073,-28.08855,0
153.4073,-28.08854,0
153.4073,-28.08854,0
153.4073,-28.08854,0
153.4073,-28.08854,0
153.4073,-28.08854,0
153.4073,-28.08854,0
153.4073,-28.08854,0
153.4073,-28.08854,0
153.4073,-28.08854,0
153.4073,-28.08854,0
153.4073,-28.08853,0
153.4073,-28.08853,0
153.4073,-28.08853,0
153.4073,-28.08853,0
153.40729,-28.08852,0
153.40729,-28.08852,0
153.40729,-28.08852,0
153.40729,-28.08852,0
153.40729,-28.08852,0
153.40729,-28.08852,0
153.40729,-28.08852,0
153.40729,-28.08852,0
153.40729,-28.08852,0
153.40729,-28.08852,0
153.40729,-28.08851,0
153.40729,-28.08851,0
153.40729,-28.08851,0
153.40729,-28.08851,0
153.40729,-28.0885,0
153.40729,-28.0885,0
153.40729,-28.0885,0
153.40729,-28.0885,0
153.40729,-28.0885,0
153.40729,-28.0885,0
153.40729,-28.0885,0
153.40729,-28.0885,0
153.40729,-28.0885,0
153.40729,-28.0885,0
153.40729,-28.08849,0
153.40729,-28.08849,0
153.40729,-28.08849,0
153.40729,-28.08849,0
153.40729,-28.08849,0
153.40729,-28.08849,0
153.40729,-28.08849,0
153.40729,-28.08849,0
153.40729,-28.08849,0
153.40729,-28.08848,0
153.40729,-28.08848,0
153.40729,-28.08848,0
153.40729,-28.08848,0
153.40729,-28.08848,0
153.40729,-28.08848,0
153.40729,-28.08848,0
153.40729,-28.08848,0
153.40729,-28.08848,0
153.40729,-28.08848,0
153.40729,-28.08847,0
153.40729,-28.08847,0
153.40729,-28.08847,0
153.40729,-28.08847,0
153.40728,-28.08846,0
153.40728,-28.08846,0
153.40728,-28.08846,0
153.40728,-28.08846,0
153.40728,-28.08846,0
153.40728,-28.08846,0
153.40728,-28.08846,0
153.40728,-28.08846,0
153.40728,-28.08846,0
153.40728,-28.08846,0
153.40728,-28.08845,0
153.40728,-28.08845,0
153.40728,-28.08845,0
153.40728,-28.08845,0
153.40728,-28.08845,0
153.40728,-28.08845,0
153.40728,-28.08845,0
153.40728,-28.08845,0
153.40728,-28.08845,0
153.40728,-28.08844,0
153.40728,-28.08844,0
153.40728,-28.08844,0
153.40728,-28.08844,0
153.40728,-28.08844,0
153.40728,-28.08843,0
153.40728,-28.08843,0
153.40728,-28.08843,0
153.40728,-28.08843,0
153.40728,-28.08843,0
153.40728,-28.08843,0
153.40728,-28.08843,0
153.40728,-28.08843,0
153.40728,-28.08843,0
153.40727,-28.08842,0
153.40727,-28.08842,0
153.40727,-28.08842,0
153.40727,-28.08842,0
153.40727,-28.08842,0
153.40727,-28.08842,0
153.40727,-28.08842,0
153.40727,-28.08842,0
153.40727,-28.08842,0
153.40727,-28.08842,0
153.40727,-28.08841,0
153.40727,-28.08841,0
153.40727,-28.08841,0
153.40727,-28.08841,0
153.40727,-28.08841,0
153.40727,-28.08841,0
153.40727,-28.08841,0
153.40727,-28.08841,0
153.40727,-28.08841,0
153.40727,-28.0884,0
153.40727,-28.0884,0
153.40727,-28.0884,0
153.40727,-28.0884,0
153.40727,-28.0884,0
153.40727,-28.08839,0
153.40727,-28.08839,0
153.40727,-28.08839,0
153.40727,-28.08839,0
153.40727,-28.08839,0
153.40727,-28.08839,0
153.40727,-28.08839,0
153.40727,-28.08839,0
153.40727,-28.08839,0
153.40727,-28.08839,0
153.40727,-28.08838,0
153.40727,-28.08838,0
153.40727,-28.08838,0
153.40727,-28.08838,0
153.40727,-28.08838,0
153.40727,-28.08838,0
153.40727,-28.08838,0
153.40727,-28.08838,0
153.40727,-28.08838,0
153.40727,-28.08837,0
153.40727,-28.08837,0
153.40727,-28.08837,0
153.40727,-28.08837,0
153.40727,-28.08837,0
153.40727,-28.08837,0
153.40727,-28.08837,0
153.40727,-28.08837,0
153.40727,-28.08837,0
153.40727,-28.08837,0
153.40727,-28.08837,0
153.40727,-28.08837,0
153.40727,-28.08837,0
153.40727,-28.08837,0
153.40727,-28.08837,0
153.40727,-28.08837,0
153.40727,-28.08837,0
153.40727,-28.08837,0
153.40727,-28.08837,0
153.40727,-28.08837,0
153.40727,-28.08837,0
153.40727,-28.08837,0
153.40727,-28.08837,0
153.40727,-28.08837,0
153.40727,-28.08837,0
153.40727,-28.08837,0
153.40727,-28.08837,0
153.40727,-28.08837,0
153.40727,-28.08837,0
153.40727,-28.08837,0
153.40727,-28.08837,0
153.40727,-28.08837,0
153.40727,-28.08837,0
153.40727,-28.08837,0
153.40727,-28.08837,0
153.40727,-28.08837,0
153.40727,-28.08837,0
153.40727,-28.08837,0
153.40727,-28.08837,0
153.40727,-28.08837,0
153.40727,-28.08837,0
153.40727,-28.08837,0
153.40727,-28.08837,0
153.40727,-28.08837,0
153.40727,-28.08837,0
153.40727,-28.08837,0
153.40727,-28.08837,0
153.40727,-28.08837,0
153.40727,-28.08837,0
153.40727,-28.08837,0
153.40727,-28.08837,0
153.40727,-28.08837,0
153.40727,-28.08837,0
153.40727,-28.08837,0
153.40727,-28.08837,0
153.40727,-28.08837,0
153.40727,-28.08837,0
153.40727,-28.08837,0
153.40727,-28.08837,0
153.40727,-28.08837,0
153.40727,-28.08837,0
153.40727,-28.08837,0
153.40727,-28.08837,0
153.40727,-28.08837,0
153.40727,-28.08837,0
153.40727,-28.08837,0
153.40727,-28.08837,0
153.40727,-28.08837,0
153.40727,-28.08837,0
153.40727,-28.08837,0
153.40727,-28.08837,0
153.40727,-28.08837,0
153.40727,-28.08837,0
153.40727,-28.08837,0
153.40727,-28.08837,0
153.40727,-28.08837,0
153.40727,-28.08837,0
153.40727,-28.08837,0
153.40727,-28.08837,0
153.40727,-28.08837,0
153.40727,-28.08837,0
153.40727,-28.08837,0
153.40727,-28.08837,0
153.40727,-28.08837,0
153.40727,-28.08837,0
153.40727,-28.08837,0
153.40727,-28.08837,0
153.40727,-28.08837,0
153.40727,-28.08837,0
153.40727,-28.08837,0
153.40727,-28.08837,0
153.40727,-28.08837,0
153.40727,-28.08837,0
153.40727,-28.08837,0
153.40727,-28.08837,0
153.40727,-28.08837,0
153.40727,-28.08837,0
153.40727,-28.08837,0
153.40727,-28.08837,0
153.40727,-28.08837,0
153.40727,-28.08837,0
153.40727,-28.08837,0
153.40727,-28.08837,0
153.40727,-28.08837,0
153.40727,-28.08837,0
153.40727,-28.08837,0
153.40727,-28.08837,0
153.40727,-28.08837,0
153.40727,-28.08837,0
153.40727,-28.08837,0
153.40727,-28.08837,0
153.40727,-28.08837,0
153.40727,-28.08837,0
153.40727,-28.08837,0
153.40727,-28.08837,0
153.40727,-28.08837,0
153.40727,-28.08837,0
153.40727,-28.08837,0
153.40727,-28.08837,0
153.40727,-28.08837,0
153.40727,-28.08837,0
153.40727,-28.08837,0
153.40727,-28.08837,0
153.40727,-28.08837,0
153.40727,-28.08837,0
153.40727,-28.08837,0
153.40727,-28.08837,0
153.40727,-28.08837,0
153.40727,-28.08837,0
153.40727,-28.08837,0
153.40727,-28.08837,0
153.40727,-28.08837,0
153.40727,-28.08837,0
153.40727,-28.08837,0
153.40727,-28.08837,0
153.40727,-28.08837,0
153.40727,-28.08837,0
153.40727,-28.08837,0
153.40727,-28.08837,0
153.40727,-28.08837,0
153.40727,-28.08837,0
153.40727,-28.08837,0
153.40727,-28.08837,0
153.40727,-28.08837,0
153.40727,-28.08837,0
153.40727,-28.08837,0
153.40727,-28.08837,0
153.40727,-28.08837,0
153.40727,-28.08837,0
153.40727,-28.08837,0
153.40727,-28.08837,0
153.40727,-28.08837,0
153.40727,-28.08837,0
153.40727,-28.08837,0
153.40727,-28.08837,0
153.40727,-28.08837,0
153.40727,-28.08837,0
153.40727,-28.08837,0
153.40727,-28.08837,0
153.40727,-28.08837,0
153.40727,-28.08837,0
153.40727,-28.08837,0
153.40727,-28.08837,0
153.40727,-28.08837,0
153.40727,-28.08837,0
153.40727,-28.08837,0
153.40727,-28.08837,0
153.40727,-28.08837,0
153.40727,-28.08837,0
153.40727,-28.08837,0
153.40727,-28.08837,0
153.40727,-28.08837,0
153.40727,-28.08837,0
153.40727,-28.08837,0
153.40727,-28.08837,0
153.40727,-28.08837,0
153.40727,-28.08837,0
153.40727,-28.08837,0
153.40727,-28.08837,0
153.40727,-28.08837,0
153.40727,-28.08837,0
153.40727,-28.08837,0
153.40727,-28.08837,0
153.40727,-28.08837,0
153.40727,-28.08837,0
153.40727,-28.08837,0
153.40727,-28.08837,0
153.40727,-28.08837,0
153.40727,-28.08837,0
153.40727,-28.08837,0
153.40727,-28.08837,0
153.40727,-28.08837,0
153.40727,-28.08837,0
153.40727,-28.08837,0
153.40727,-28.08837,0
153.40727,-28.08837,0
153.40727,-28.08837,0
153.40727,-28.08837,0
153.40727,-28.08837,0
153.40727,-28.08837,0
153.40727,-28.08837,0
153.40727,-28.08837,0
153.40727,-28.08837,0
153.40727,-28.08837,0
153.40727,-28.08837,0
153.40727,-28.08837,0
153.40727,-28.08837,0
153.40727,-28.08837,0
153.40727,-28.08837,0
153.40727,-28.08837,0
153.40727,-28.08837,0
153.40727,-28.08837,0
153.40727,-28.08837,0
153.40727,-28.08837,0
153.40727,-28.08837,0
153.40727,-28.08837,0
153.40727,-28.08837,0
153.40727,-28.08837,0
153.40727,-28.08837,0
153.40727,-28.08837,0
153.40727,-28.08837,0
153.40727,-28.08837,0
153.40727,-28.08837,0
153.40727,-28.08837,0
153.40727,-28.08837,0
153.40727,-28.08837,0
153.40727,-28.08837,0
153.40727,-28.08837,0
153.40727,-28.08837,0
153.40727,-28.08837,0
153.40727,-28.08837,0
153.40727,-28.08837,0
153.40727,-28.08837,0
153.40727,-28.08837,0
153.40727,-28.08837,0
153.40727,-28.08837,0
153.40727,-28.08837,0
153.40727,-28.08837,0
153.40727,-28.08837,0
153.40727,-28.08837,0
153.40727,-28.08837,0
153.40727,-28.08837,0
153.40727,-28.08837,0
153.40727,-28.08837,0
153.40727,-28.08837,0
153.40727,-28.08837,0
153.40727,-28.08837,0
153.40727,-28.08837,0
153.40727,-28.08837,0
153.40727,-28.08837,0
153.40727,-28.08837,0
153.40727,-28.08837,0
153.40727,-28.08837,0
153.40727,-28.08837,0
153.40727,-28.08837,0
153.40727,-28.08837,0
153.40727,-28.08837,0
153.40727,-28.08837,0
153.40727,-28.08837,0
153.40727,-28.08837,0
153.40727,-28.08837,0
153.40727,-28.08837,0
153.40727,-28.08837,0
153.40727,-28.08837,0
153.40727,-28.08837,0
153.40727,-28.08837,0
153.40727,-28.08837,0
153.40727,-28.08837,0
153.40727,-28.08837,0
153.40727,-28.08837,0
153.40727,-28.08837,0
153.40727,-28.08837,0
153.40727,-28.08837,0
153.40727,-28.08837,0
153.40727,-28.08837,0
153.40727,-28.08837,0
153.40727,-28.08837,0
153.40727,-28.08837,0
153.40727,-28.08837,0
153.40727,-28.08837,0
153.40727,-28.08837,0
153.40727,-28.08837,0
153.40727,-28.08837,0
153.40727,-28.08837,0
153.40727,-28.08837,0
153.40727,-28.08837,0
153.40727,-28.08837,0
153.40727,-28.08837,0
153.40727,-28.08837,0
153.40727,-28.08837,0
153.40727,-28.08837,0
153.40727,-28.08837,0
153.40727,-28.08837,0
153.40727,-28.08837,0
153.40727,-28.08837,0
153.40727,-28.08837,0
153.40727,-28.08837,0
153.40727,-28.08837,0
153.40727,-28.08837,0
153.40727,-28.08837,0
153.40727,-28.08837,0
153.40727,-28.08837,0
153.40727,-28.08837,0
153.40727,-28.08837,0
153.40727,-28.08837,0
153.40727,-28.08837,0
153.40727,-28.08837,0
153.40727,-28.08837,0
153.40727,-28.08837,0
153.40727,-28.08837,0
153.40727,-28.08837,0
153.40727,-28.08837,0
153.40727,-28.08837,0
153.40727,-28.08837,0
153.40727,-28.08837,0
153.40727,-28.08837,0
153.40727,-28.08837,0
153.40727,-28.08837,0
153.40727,-28.08837,0
153.40727,-28.08837,0
153.40727,-28.08837,0
153.40727,-28.08837,0
153.40727,-28.08837,0
153.40727,-28.08837,0
153.40727,-28.08837,0
153.40727,-28.08837,0
153.40727,-28.08837,0
153.40727,-28.08837,0
153.40727,-28.08837,0
153.40727,-28.08837,0
153.40727,-28.08837,0
153.40727,-28.08837,0
153.40727,-28.08837,0
153.40727,-28.08837,0
153.40727,-28.08837,0
153.40727,-28.08837,0
153.40727,-28.08837,0
153.40727,-28.08837,0
153.40727,-28.08837,0
153.40727,-28.08837,0
153.40727,-28.08837,0
153.40727,-28.08837,0
153.40727,-28.08837,0
153.40727,-28.08838,0
153.40727,-28.08838,0
153.40727,-28.08838,0
153.40727,-28.08838,0
153.40727,-28.08838,0
153.40727,-28.08838,0
153.40727,-28.08838,0
153.40727,-28.08838,0
153.40727,-28.08838,0
153.40727,-28.08838,0
153.40727,-28.08838,0
153.40727,-28.08838,0
153.40727,-28.08838,0
153.40727,-28.08838,0
153.40727,-28.08839,0
153.40727,-28.08839,0
153.40727,-28.08839,0
153.40727,-28.08839,0
153.40727,-28.08839,0
153.40727,-28.08839,0
153.40727,-28.08839,0
153.40727,-28.08839,0
153.40727,-28.08839,0
153.40727,-28.08839,0
153.40727,-28.0884,0
153.40727,-28.0884,0
153.40727,-28.0884,0
153.40727,-28.0884,0
153.40727,-28.08841,0
153.40727,-28.08841,0
153.40727,-28.08841,0
153.40727,-28.08841,0
153.40727,-28.08841,0
153.40727,-28.08841,0
153.40727,-28.08841,0
153.40727,-28.08841,0
153.40727,-28.08841,0
153.40727,-28.08842,0
153.40727,-28.08842,0
153.40727,-28.08842,0
153.40727,-28.08842,0
153.40727,-28.08842,0
153.40727,-28.08842,0
153.40727,-28.08842,0
153.40727,-28.08842,0
153.40727,-28.08842,0
153.40727,-28.08842,0
153.40727,-28.08843,0
153.40727,-28.08843,0
153.40727,-28.08843,0
153.40727,-28.08843,0
153.40727,-28.08843,0
153.40728,-28.08843,0
153.40728,-28.08843,0
153.40728,-28.08843,0
153.40728,-28.08843,0
153.40728,-28.08844,0
153.40728,-28.08844,0
153.40728,-28.08844,0
153.40728,-28.08844,0
153.40728,-28.08844,0
153.40728,-28.08844,0
153.40728,-28.08844,0
153.40728,-28.08844,0
153.40728,-28.08844,0
153.40728,-28.08844,0
153.40728,-28.08845,0
153.40728,-28.08845,0
153.40728,-28.08845,0
153.40728,-28.08845,0
153.40728,-28.08845,0
153.40728,-28.08845,0
153.40728,-28.08845,0
153.40728,-28.08845,0
153.40728,-28.08845,0
153.40728,-28.08845,0
153.40728,-28.08845,0
153.40728,-28.08845,0
153.40728,-28.08845,0
153.40728,-28.08845,0
153.40728,-28.08846,0
153.40728,-28.08846,0
153.40728,-28.08846,0
153.40728,-28.08846,0
153.40728,-28.08846,0
153.40728,-28.08846,0
153.40728,-28.08846,0
153.40728,-28.08846,0
153.40728,-28.08846,0
153.40728,-28.08846,0
153.40728,-28.08846,0
153.40728,-28.08846,0
153.40728,-28.08846,0
153.40728,-28.08846,0
153.40728,-28.08846,0
153.40728,-28.08846,0
153.40728,-28.08846,0
153.40728,-28.08846,0
153.40728,-28.08846,0
153.40728,-28.08846,0
153.40728,-28.08846,0
153.40728,-28.08846,0
153.40728,-28.08846,0
153.40728,-28.08846,0
153.40728,-28.08846,0
153.40728,-28.08846,0
153.40728,-28.08846,0
153.40728,-28.08846,0
153.40728,-28.08846,0
153.40728,-28.08846,0
153.40728,-28.08846,0
153.40728,-28.08846,0
153.40728,-28.08846,0
153.40728,-28.08846,0
153.40728,-28.08846,0
153.40728,-28.08846,0
153.40728,-28.08846,0
153.40728,-28.08846,0
153.40728,-28.08846,0
153.40728,-28.08846,0
153.40728,-28.08846,0
153.40728,-28.08846,0
153.40728,-28.08846,0
153.40728,-28.08846,0
153.40728,-28.08846,0
153.40728,-28.08846,0
153.40728,-28.08846,0
153.40728,-28.08846,0
153.40728,-28.08846,0
153.40728,-28.08846,0
153.40728,-28.08846,0
153.40728,-28.08846,0
153.40728,-28.08846,0
153.40728,-28.08846,0
153.40728,-28.08846,0
153.40728,-28.08846,0
153.40728,-28.08846,0
153.40728,-28.08846,0
153.40728,-28.08846,0
153.40728,-28.08846,0
153.40728,-28.08846,0
153.40728,-28.08846,0
153.40728,-28.08846,0
153.40728,-28.08846,0
153.40728,-28.08846,0
153.40728,-28.08846,0
153.40728,-28.08846,0
153.40728,-28.08846,0
153.40728,-28.08846,0
153.40728,-28.08846,0
153.40728,-28.08846,0
153.40728,-28.08846,0
153.40728,-28.08846,0
153.40728,-28.08846,0
153.40728,-28.08846,0
153.40728,-28.08846,0
153.40728,-28.08846,0
153.40728,-28.08846,0
153.40728,-28.08846,0
153.40728,-28.08846,0
153.40728,-28.08846,0
153.40728,-28.08846,0
153.40728,-28.08846,0
153.40728,-28.08846,0
153.40728,-28.08846,0
153.40728,-28.08846,0
153.40728,-28.08846,0
153.40728,-28.08846,0
153.40728,-28.08846,0
153.40728,-28.08846,0
153.40728,-28.08846,0
153.40728,-28.08846,0
153.40728,-28.08846,0
153.40728,-28.08846,0
153.40728,-28.08846,0
153.40728,-28.08846,0
153.40728,-28.08846,0
153.40728,-28.08846,0
153.40728,-28.08846,0
153.40728,-28.08846,0
153.40728,-28.08846,0
153.40728,-28.08846,0
153.40728,-28.08846,0
153.40728,-28.08846,0
153.40728,-28.08846,0
153.40728,-28.08846,0
153.40728,-28.08846,0
153.40728,-28.08846,0
153.40728,-28.08846,0
153.40728,-28.08846,0
153.40728,-28.08846,0
153.40728,-28.08846,0
153.40728,-28.08846,0
153.40728,-28.08846,0
153.40728,-28.08846,0
153.40728,-28.08846,0
153.40728,-28.08846,0
153.40728,-28.08846,0
153.40728,-28.08846,0
153.40728,-28.08846,0
153.40728,-28.08846,0
153.40728,-28.08846,0
153.40728,-28.08846,0
153.40728,-28.08846,0
153.40728,-28.08846,0
153.40728,-28.08846,0
153.40728,-28.08846,0
153.40728,-28.08846,0
153.40728,-28.08846,0
153.40728,-28.08846,0
153.40728,-28.08846,0
153.40728,-28.08846,0
153.40728,-28.08846,0
153.40728,-28.08846,0
153.40728,-28.08846,0
153.40728,-28.08846,0
153.40728,-28.08846,0
153.40728,-28.08846,0
153.40728,-28.08846,0
153.40728,-28.08846,0
153.40728,-28.08846,0
153.40728,-28.08846,0
153.40728,-28.08846,0
153.40728,-28.08846,0
153.40728,-28.08846,0
153.40728,-28.08846,0
153.40728,-28.08846,0
153.40728,-28.08846,0
153.40728,-28.08846,0
153.40728,-28.08846,0
153.40728,-28.08846,0
153.40728,-28.08846,0
153.40728,-28.08846,0
153.40728,-28.08846,0
153.40728,-28.08846,0
153.40728,-28.08846,0
153.40728,-28.08846,0
153.40728,-28.08846,0
153.40728,-28.08846,0
153.40728,-28.08846,0
153.40728,-28.08846,0
153.40728,-28.08846,0
153.40728,-28.08846,0
153.40728,-28.08846,0
153.40728,-28.08846,0
153.40728,-28.08846,0
153.40728,-28.08846,0
153.40728,-28.08846,0
153.40728,-28.08846,0
153.40728,-28.08846,0
153.40728,-28.08846,0
153.40728,-28.08846,0
153.40728,-28.08846,0
153.40728,-28.08846,0
153.40728,-28.08846,0
153.40728,-28.08846,0
153.40728,-28.08846,0
153.40728,-28.08846,0
153.40728,-28.08846,0
153.40728,-28.08846,0
153.40728,-28.08846,0
153.40728,-28.08846,0
153.40728,-28.08846,0
153.40728,-28.08846,0
153.40728,-28.08846,0
153.40728,-28.08846,0
153.40728,-28.08846,0
153.40728,-28.08846,0
153.40728,-28.08846,0
153.40728,-28.08846,0
153.40728,-28.08846,0
153.40728,-28.08846,0
153.40728,-28.08846,0
153.40728,-28.08846,0
153.40728,-28.08846,0
153.40728,-28.08846,0
153.40728,-28.08846,0
153.40728,-28.08846,0
153.40728,-28.08846,0
153.40728,-28.08846,0
153.40728,-28.08846,0
153.40728,-28.08846,0
153.40729,-28.08846,0
153.40729,-28.08846,0
153.40729,-28.08846,0
153.40729,-28.08846,0
153.40729,-28.08846,0
153.40729,-28.08847,0
153.40729,-28.08847,0
153.40729,-28.08847,0
153.40729,-28.08847,0
153.40729,-28.08847,0
153.40729,-28.08847,0
153.40729,-28.08847,0
153.40729,-28.08847,0
153.40729,-28.08847,0
153.40729,-28.08847,0
153.40729,-28.08847,0
153.40729,-28.08847,0
153.40729,-28.08847,0
153.40729,-28.08847,0
153.40729,-28.08847,0
153.40729,-28.08847,0
153.40729,-28.08847,0
153.40729,-28.08847,0
153.40729,-28.08847,0
153.40729,-28.08847,0
153.40729,-28.08847,0
153.40729,-28.08847,0
153.40729,-28.08847,0
153.40729,-28.08847,0
153.40729,-28.08847,0
153.40729,-28.08847,0
153.40729,-28.08847,0
153.40729,-28.08847,0
153.40729,-28.08847,0
153.40729,-28.08847,0
153.40729,-28.08847,0
153.40729,-28.08847,0
153.40729,-28.08847,0
153.40729,-28.08847,0
153.40729,-28.08847,0
153.40729,-28.08847,0
153.40729,-28.08847,0
153.40729,-28.08847,0
153.40729,-28.08847,0
153.40729,-28.08847,0
153.40729,-28.08847,0
153.40729,-28.08847,0
153.40729,-28.08847,0
153.40729,-28.08847,0
153.40729,-28.08847,0
153.40729,-28.08847,0
153.40729,-28.08847,0
153.40729,-28.08847,0
153.40729,-28.08847,0
153.40729,-28.08847,0
153.40729,-28.08847,0
153.40729,-28.08847,0
153.40729,-28.08847,0
153.40729,-28.08847,0
153.40729,-28.08847,0
153.40729,-28.08847,0
153.40729,-28.08847,0
153.40729,-28.08847,0
153.40729,-28.08847,0
153.40729,-28.08847,0
153.40729,-28.08847,0
153.40729,-28.08847,0
153.40729,-28.08847,0
153.40729,-28.08847,0
153.40729,-28.08847,0
153.40729,-28.08847,0
153.40729,-28.08847,0
153.40729,-28.08847,0
153.40729,-28.08847,0
153.40729,-28.08847,0
153.40729,-28.08847,0
153.40729,-28.08847,0
153.40729,-28.08847,0
153.40729,-28.08847,0
153.40729,-28.08847,0
153.40729,-28.08847,0
153.40729,-28.08847,0
153.40729,-28.08847,0
153.40729,-28.08847,0
153.40729,-28.08847,0
153.40729,-28.08847,0
153.40729,-28.08847,0
153.40729,-28.08847,0
153.40729,-28.08847,0
153.40729,-28.08847,0
153.40729,-28.08847,0
153.40729,-28.08847,0
153.40729,-28.08847,0
153.40729,-28.08847,0
153.40729,-28.08847,0
153.40729,-28.08847,0
153.40729,-28.08847,0
153.40729,-28.08847,0
153.40729,-28.08847,0
153.40729,-28.08847,0
153.40729,-28.08847,0
153.40729,-28.08847,0
153.40729,-28.08847,0
153.40729,-28.08847,0
153.40729,-28.08847,0
153.40729,-28.08847,0
153.40729,-28.08847,0
153.40729,-28.08847,0
153.40729,-28.08847,0
153.40729,-28.08847,0
153.40729,-28.08847,0
153.40729,-28.08847,0
153.40729,-28.08847,0
153.40729,-28.08847,0
153.40729,-28.08847,0
153.40729,-28.08847,0
153.40729,-28.08847,0
153.40729,-28.08847,0
153.40729,-28.08847,0
153.40729,-28.08847,0
153.40729,-28.08847,0
153.40729,-28.08847,0
153.40729,-28.08847,0
153.40729,-28.08847,0
153.40729,-28.08847,0
153.40729,-28.08847,0
153.40729,-28.08847,0
153.40729,-28.08847,0
153.40729,-28.08848,0
153.40729,-28.08848,0
153.40729,-28.08848,0
153.40729,-28.08848,0
153.4073,-28.08848,0
153.4073,-28.08848,0
153.4073,-28.08848,0
153.4073,-28.08848,0
153.4073,-28.08848,0
153.4073,-28.08849,0
153.4073,-28.08849,0
153.4073,-28.08849,0
153.4073,-28.08849,0
153.4073,-28.08849,0
153.4073,-28.0885,0
153.4073,-28.0885,0
153.4073,-28.0885,0
153.4073,-28.0885,0
153.4073,-28.0885,0
153.4073,-28.0885,0
153.4073,-28.0885,0
153.4073,-28.0885,0
153.4073,-28.0885,0
153.4073,-28.08851,0
153.4073,-28.08851,0
153.4073,-28.08851,0
153.4073,-28.08851,0
153.4073,-28.08851,0
153.4073,-28.08851,0
153.4073,-28.08851,0
153.4073,-28.08851,0
153.4073,-28.08851,0
153.4073,-28.08851,0
153.4073,-28.08852,0
153.4073,-28.08852,0
153.4073,-28.08852,0
153.4073,-28.08852,0
153.4073,-28.08852,0
153.4073,-28.08853,0
153.4073,-28.08853,0
153.4073,-28.08853,0
153.4073,-28.08853,0
153.4073,-28.08853,0
153.4073,-28.08853,0
153.4073,-28.08853,0
153.4073,-28.08853,0
153.4073,-28.08853,0
153.4073,-28.08854,0
153.4073,-28.08854,0
153.4073,-28.08854,0
153.4073,-28.08854,0
153.4073,-28.08854,0
153.4073,-28.08854,0
153.4073,-28.08854,0
153.4073,-28.08854,0
153.4073,-28.08854,0
153.4073,-28.08855,0
153.4073,-28.08855,0
153.4073,-28.08855,0
153.4073,-28.08855,0
153.4073,-28.08855,0
153.4073,-28.08855,0
153.4073,-28.08855,0
153.4073,-28.08855,0
153.4073,-28.08855,0
153.4073,-28.08855,0
153.4073,-28.08855,0
153.4073,-28.08855,0
153.4073,-28.08855,0
153.4073,-28.08855,0
153.40731,-28.08856,0
153.40731,-28.08856,0
153.40731,-28.08856,0
153.40731,-28.08856,0
153.40731,-28.08856,0
153.40731,-28.08857,0
153.40731,-28.08857,0
153.40731,-28.08857,0
153.40731,-28.08857,0
153.40731,-28.08857,0
153.40732,-28.08857,0
153.40732,-28.08857,0
153.40732,-28.08857,0
153.40732,-28.08857,0
153.40732,-28.08858,0
153.40732,-28.08858,0
153.40732,-28.08858,0
153.40732,-28.08858,0
153.40732,-28.08858,0
153.40732,-28.08859,0
153.40732,-28.08859,0
153.40732,-28.08859,0
153.40732,-28.08859,0
153.40732,-28.08859,0
153.40732,-28.08859,0
153.40732,-28.08859,0
153.40732,-28.08859,0
153.40732,-28.08859,0
153.40732,-28.08859,0
153.40732,-28.08859,0
153.40732,-28.08859,0
153.40732,-28.08859,0
153.40732,-28.08859,0
153.40732,-28.08859,0
153.40732,-28.08859,0
153.40732,-28.08859,0
153.40732,-28.08859,0
153.40732,-28.08859,0
153.40732,-28.08859,0
153.40732,-28.08859,0
153.40732,-28.08859,0
153.40732,-28.08859,0
153.40732,-28.08859,0
153.40732,-28.0886,0
153.40732,-28.0886,0
153.40732,-28.0886,0
153.40732,-28.0886,0
153.40732,-28.0886,0
153.40732,-28.0886,0
153.40732,-28.0886,0
153.40732,-28.0886,0
153.40732,-28.0886,0
153.40732,-28.08861,0
153.40732,-28.08861,0
153.40732,-28.08861,0
153.40732,-28.08861,0
153.40732,-28.08861,0
153.40732,-28.08861,0
153.40732,-28.08861,0
153.40732,-28.08861,0
153.40732,-28.08861,0
153.40732,-28.08861,0
153.40732,-28.08862,0
153.40732,-28.08862,0
153.40732,-28.08862,0
153.40732,-28.08862,0
153.40732,-28.08863,0
153.40732,-28.08863,0
153.40732,-28.08863,0
153.40732,-28.08863,0
153.40732,-28.08863,0
153.40733,-28.08863,0
153.40733,-28.08863,0
153.40733,-28.08863,0
153.40733,-28.08863,0
153.40733,-28.08864,0
153.40733,-28.08864,0
153.40733,-28.08864,0
153.40733,-28.08864,0
153.40733,-28.08864,0
153.40733,-28.08864,0
153.40733,-28.08864,0
153.40733,-28.08864,0
153.40733,-28.08864,0
153.40733,-28.08864,0
153.40734,-28.08865,0
153.40734,-28.08865,0
153.40734,-28.08865,0
153.40734,-28.08865,0
153.40734,-28.08866,0
153.40734,-28.08866,0
153.40734,-28.08866,0
153.40734,-28.08866,0
153.40734,-28.08866,0
153.40734,-28.08866,0
153.40734,-28.08866,0
153.40734,-28.08866,0
153.40734,-28.08866,0
153.40734,-28.08866,0
153.40734,-28.08866,0
153.40734,-28.08866,0
153.40734,-28.08866,0
153.40734,-28.08866,0
153.40734,-28.08867,0
153.40734,-28.08867,0
153.40734,-28.08867,0
153.40734,-28.08867,0
153.40734,-28.08867,0
153.40734,-28.08867,0
153.40734,-28.08867,0
153.40734,-28.08867,0
153.40734,-28.08867,0
153.40734,-28.08867,0
153.40734,-28.08868,0
153.40734,-28.08868,0
153.40734,-28.08868,0
153.40734,-28.08868,0
153.40734,-28.08868,0
153.40734,-28.08868,0
153.40734,-28.08868,0
153.40734,-28.08868,0
153.40734,-28.08868,0
153.40734,-28.08868,0
153.40734,-28.08868,0
153.40734,-28.08868,0
153.40734,-28.08868,0
153.40734,-28.08868,0
153.40734,-28.08868,0
153.40734,-28.08868,0
153.40734,-28.08868,0
153.40734,-28.08868,0
153.40734,-28.08868,0
153.40734,-28.08868,0
153.40734,-28.08868,0
153.40734,-28.08868,0
153.40734,-28.08868,0
153.40734,-28.08868,0
153.40734,-28.08868,0
153.40734,-28.08868,0
153.40734,-28.08868,0
153.40734,-28.08868,0
153.40734,-28.08868,0
153.40734,-28.08868,0
153.40734,-28.08868,0
153.40734,-28.08868,0
153.40734,-28.08868,0
153.40734,-28.08868,0
153.40734,-28.08868,0
153.40734,-28.08868,0
153.40734,-28.08868,0
153.40734,-28.08868,0
153.40734,-28.08868,0
153.40734,-28.08868,0
153.40734,-28.08868,0
153.40734,-28.08868,0
153.40734,-28.08868,0
153.40734,-28.08868,0
153.40734,-28.08868,0
153.40734,-28.08868,0
153.40734,-28.08868,0
153.40734,-28.08868,0
153.40734,-28.08868,0
153.40734,-28.08868,0
153.40734,-28.08868,0
153.40734,-28.08868,0
153.40734,-28.08868,0
153.40734,-28.08868,0
153.40734,-28.08868,0
153.40734,-28.08868,0
153.40734,-28.08868,0
153.40734,-28.08868,0
153.40734,-28.08868,0
153.40734,-28.08868,0
153.40734,-28.08868,0
153.40734,-28.08868,0
153.40734,-28.08868,0
153.40734,-28.08868,0
153.40734,-28.08868,0
153.40734,-28.08868,0
153.40734,-28.08868,0
153.40734,-28.08868,0
153.40734,-28.08868,0
153.40734,-28.08868,0
153.40734,-28.08868,0
153.40734,-28.08868,0
153.40734,-28.08868,0
153.40734,-28.08868,0
153.40734,-28.08868,0
153.40734,-28.08869,0
153.40734,-28.08869,0
153.40734,-28.08869,0
153.40734,-28.08869,0
153.40734,-28.08869,0
153.40734,-28.08869,0
153.40734,-28.08869,0
153.40734,-28.08869,0
153.40734,-28.08869,0
153.40734,-28.08869,0
153.40734,-28.08869,0
153.40734,-28.08869,0
153.40734,-28.08869,0
153.40734,-28.08869,0
153.40734,-28.08869,0
153.40734,-28.08869,0
153.40734,-28.08869,0
153.40734,-28.08869,0
153.40734,-28.08869,0
153.40734,-28.08869,0
153.40734,-28.08869,0
153.40734,-28.08869,0
153.40734,-28.08869,0
153.40734,-28.08869,0
153.40734,-28.08869,0
153.40734,-28.08869,0
153.40734,-28.08869,0
153.40734,-28.08869,0
153.40734,-28.08869,0
153.40734,-28.08869,0
153.40734,-28.08869,0
153.40734,-28.08869,0
153.40734,-28.08869,0
153.40734,-28.08869,0
153.40734,-28.08869,0
153.40734,-28.08869,0
153.40734,-28.08869,0
153.40734,-28.08869,0
153.40734,-28.08869,0
153.40734,-28.08869,0
153.40734,-28.08869,0
153.40734,-28.08869,0
153.40735,-28.0887,0
153.40735,-28.0887,0
153.40735,-28.0887,0
153.40735,-28.0887,0
153.40735,-28.0887,0
153.40735,-28.0887,0
153.40735,-28.0887,0
153.40735,-28.0887,0
153.40735,-28.0887,0
153.40735,-28.08871,0
153.40735,-28.08871,0
153.40735,-28.08871,0
153.40735,-28.08871,0
153.40735,-28.08871,0
153.40735,-28.08872,0
153.40735,-28.08872,0
153.40735,-28.08872,0
153.40735,-28.08872,0
153.40735,-28.08872,0
153.40735,-28.08872,0
153.40735,-28.08872,0
153.40735,-28.08872,0
153.40735,-28.08872,0
153.40735,-28.08872,0
153.40735,-28.08873,0
153.40735,-28.08873,0
153.40735,-28.08873,0
153.40735,-28.08873,0
153.40735,-28.08874,0
153.40735,-28.08874,0
153.40735,-28.08874,0
153.40735,-28.08874,0
153.40735,-28.08874,0
153.40735,-28.08874,0
153.40735,-28.08874,0
153.40735,-28.08874,0
153.40735,-28.08874,0
153.40735,-28.08874,0
153.40735,-28.08875,0
153.40735,-28.08875,0
153.40735,-28.08875,0
153.40735,-28.08875,0
153.40735,-28.08876,0
153.40735,-28.08876,0
153.40735,-28.08876,0
153.40735,-28.08876,0
153.40735,-28.08876,0
153.40736,-28.08876,0
153.40736,-28.08876,0
153.40736,-28.08876,0
153.40736,-28.08876,0
153.40736,-28.08876,0
153.40736,-28.08877,0
153.40736,-28.08877,0
153.40736,-28.08877,0
153.40736,-28.08877,0
153.40736,-28.08877,0
153.40736,-28.08877,0
153.40736,-28.08877,0
153.40736,-28.08877,0
153.40736,-28.08877,0
153.40737,-28.08878,0
153.40737,-28.08878,0
153.40737,-28.08878,0
153.40737,-28.08878,0
153.40737,-28.08878,0
153.40737,-28.08878,0
153.40737,-28.08878,0
153.40737,-28.08878,0
153.40737,-28.08878,0
153.40737,-28.08878,0
153.40737,-28.08879,0
153.40737,-28.08879,0
153.40737,-28.08879,0
153.40737,-28.08879,0
153.40737,-28.0888,0
153.40737,-28.0888,0
153.40737,-28.0888,0
153.40737,-28.0888,0
153.40737,-28.0888,0
153.40738,-28.0888,0
153.40738,-28.0888,0
153.40738,-28.0888,0
153.40738,-28.0888,0
153.40738,-28.0888,0
153.40738,-28.08881,0
153.40738,-28.08881,0
153.40738,-28.08881,0
153.40738,-28.08881,0
153.40738,-28.08881,0
153.40738,-28.08882,0
153.40738,-28.08882,0
153.40738,-28.08882,0
153.40738,-28.08882,0
153.40738,-28.08882,0
153.40738,-28.08882,0
153.40738,-28.08882,0
153.40738,-28.08882,0
153.40738,-28.08882,0
153.40738,-28.08883,0
153.40738,-28.08883,0
153.40738,-28.08883,0
153.40738,-28.08883,0
153.40738,-28.08883,0
153.40738,-28.08883,0
153.40738,-28.08883,0
153.40738,-28.08883,0
153.40738,-28.08883,0
153.40738,-28.08884,0
153.40738,-28.08884,0
153.40738,-28.08884,0
153.40738,-28.08884,0
153.40738,-28.08884,0
153.40738,-28.08884,0
153.40738,-28.08884,0
153.40738,-28.08884,0
153.40738,-28.08884,0
153.40738,-28.08884,0
153.40738,-28.08884,0
153.40738,-28.08884,0
153.40738,-28.08884,0
153.40738,-28.08884,0
153.40738,-28.08884,0
153.40738,-28.08884,0
153.40738,-28.08884,0
153.40738,-28.08884,0
153.40738,-28.08884,0
153.40738,-28.08884,0
153.40738,-28.08884,0
153.40738,-28.08884,0
153.40738,-28.08884,0
153.40738,-28.08884,0
153.40738,-28.08884,0
153.40738,-28.08884,0
153.40738,-28.08884,0
153.40738,-28.08884,0
153.40738,-28.08884,0
153.40738,-28.08884,0
153.40738,-28.08884,0
153.40738,-28.08884,0
153.40738,-28.08884,0
153.40738,-28.08884,0
153.40738,-28.08884,0
153.40738,-28.08884,0
153.40738,-28.08884,0
153.40738,-28.08884,0
153.40738,-28.08884,0
153.40738,-28.08884,0
153.40738,-28.08884,0
153.40738,-28.08884,0
153.40738,-28.08884,0
153.40738,-28.08884,0
153.40738,-28.08884,0
153.40738,-28.08884,0
153.40738,-28.08884,0
153.40738,-28.08884,0
153.40738,-28.08884,0
153.40738,-28.08884,0
153.40738,-28.08884,0
153.40738,-28.08884,0
153.40738,-28.08884,0
153.40738,-28.08884,0
153.40738,-28.08884,0
153.40738,-28.08884,0
153.40738,-28.08884,0
153.40738,-28.08884,0
153.40738,-28.08884,0
153.40738,-28.08884,0
153.40738,-28.08884,0
153.40738,-28.08884,0
153.40738,-28.08884,0
153.40738,-28.08884,0
153.40738,-28.08884,0
153.40738,-28.08884,0
153.40738,-28.08884,0
153.40738,-28.08884,0
153.40738,-28.08884,0
153.40738,-28.08884,0
153.40738,-28.08884,0
153.40738,-28.08884,0
153.40738,-28.08884,0
153.40738,-28.08884,0
153.40738,-28.08884,0
153.40738,-28.08884,0
153.40738,-28.08884,0
153.40738,-28.08884,0
153.40738,-28.08884,0
153.40738,-28.08884,0
153.40738,-28.08884,0
153.40738,-28.08884,0
153.40738,-28.08884,0
153.40738,-28.08884,0
153.40738,-28.08884,0
153.40738,-28.08884,0
153.40738,-28.08884,0
153.40738,-28.08884,0
153.40738,-28.08884,0
153.40738,-28.08884,0
153.40738,-28.08884,0
153.40738,-28.08884,0
153.40738,-28.08884,0
153.40738,-28.08884,0
153.40738,-28.08884,0
153.40738,-28.08884,0
153.40738,-28.08884,0
153.40738,-28.08884,0
153.40738,-28.08884,0
153.40738,-28.08884,0
153.40738,-28.08884,0
153.40738,-28.08884,0
153.40738,-28.08884,0
153.40738,-28.08884,0
153.40738,-28.08884,0
153.40738,-28.08884,0
153.40738,-28.08884,0
153.40738,-28.08884,0
153.40738,-28.08884,0
153.40738,-28.08884,0
153.40738,-28.08884,0
153.40738,-28.08884,0
153.40738,-28.08884,0
153.40738,-28.08884,0
153.40738,-28.08884,0
153.40738,-28.08884,0
153.40738,-28.08884,0
153.40738,-28.08884,0
153.40739,-28.08885,0
153.40739,-28.08885,0
153.40739,-28.08885,0
153.40739,-28.08885,0
153.40739,-28.08885,0
153.40739,-28.08886,0
153.40739,-28.08886,0
153.40739,-28.08886,0
153.40739,-28.08886,0
153.40739,-28.08886,0
153.40739,-28.08886,0
153.40739,-28.08886,0
153.40739,-28.08886,0
153.40739,-28.08886,0
153.40739,-28.08887,0
153.40739,-28.08887,0
153.40739,-28.08887,0
153.40739,-28.08887,0
153.40739,-28.08887,0
153.40739,-28.08888,0
153.40739,-28.08888,0
153.40739,-28.08888,0
153.40739,-28.08888,0
153.40739,-28.08888,0
153.40739,-28.08888,0
153.40739,-28.08888,0
153.40739,-28.08888,0
153.40739,-28.08888,0
153.40739,-28.08888,0
153.4074,-28.08889,0
153.4074,-28.08889,0
153.4074,-28.08889,0
153.4074,-28.08889,0
153.4074,-28.08889,0
153.4074,-28.08889,0
153.4074,-28.08889,0
153.4074,-28.08889,0
153.4074,-28.08889,0
153.4074,-28.0889,0
153.4074,-28.0889,0
153.4074,-28.0889,0
153.4074,-28.0889,0
153.4074,-28.0889,0
153.4074,-28.08891,0
153.4074,-28.08891,0
153.4074,-28.08891,0
153.4074,-28.08891,0
153.4074,-28.08891,0
153.4074,-28.08891,0
153.4074,-28.08891,0
153.4074,-28.08891,0
153.4074,-28.08891,0
153.4074,-28.08891,0
153.4074,-28.08891,0
153.4074,-28.08891,0
153.4074,-28.08891,0
153.4074,-28.08891,0
153.40741,-28.08892,0
153.40741,-28.08892,0
153.40741,-28.08892,0
153.40741,-28.08892,0
153.40741,-28.08892,0
153.40741,-28.08892,0
153.40741,-28.08892,0
153.40741,-28.08892,0
153.40741,-28.08892,0
153.40741,-28.08892,0
153.40741,-28.08892,0
153.40741,-28.08892,0
153.40741,-28.08892,0
153.40741,-28.08892,0
153.40741,-28.08894,0
153.40741,-28.08894,0
153.40741,-28.08894,0
153.40741,-28.08894,0
153.40741,-28.08894,0
153.40741,-28.08894,0
153.40741,-28.08894,0
153.40741,-28.08894,0
153.40741,-28.08894,0
153.40741,-28.08894,0
153.40741,-28.08894,0
153.40741,-28.08894,0
153.40741,-28.08894,0
153.40741,-28.08894,0
153.40741,-28.08894,0
153.40741,-28.08894,0
153.40741,-28.08894,0
153.40741,-28.08894,0
153.40741,-28.08894,0
153.40741,-28.08894,0
153.40741,-28.08894,0
153.40741,-28.08894,0
153.40741,-28.08894,0
153.40741,-28.08894,0
153.40741,-28.08894,0
153.40741,-28.08894,0
153.40741,-28.08894,0
153.40741,-28.08894,0
153.40741,-28.08894,0
153.40741,-28.08894,0
153.40741,-28.08894,0
153.40741,-28.08894,0
153.40741,-28.08894,0
153.40741,-28.08894,0
153.40741,-28.08894,0
153.40741,-28.08894,0
153.40741,-28.08894,0
153.40741,-28.08894,0
153.40741,-28.08894,0
153.40741,-28.08894,0
153.40741,-28.08894,0
153.40741,-28.08894,0
153.40741,-28.08894,0
153.40741,-28.08894,0
153.40741,-28.08894,0
153.40741,-28.08894,0
153.40741,-28.08894,0
153.40741,-28.08894,0
153.40741,-28.08894,0
153.40741,-28.08894,0
153.40741,-28.08894,0
153.40741,-28.08894,0
153.40741,-28.08894,0
153.40741,-28.08894,0
153.40741,-28.08894,0
153.40741,-28.08894,0
153.40741,-28.08894,0
153.40741,-28.08894,0
153.40741,-28.08894,0
153.40741,-28.08894,0
153.40741,-28.08894,0
153.40741,-28.08894,0
153.40741,-28.08894,0
153.40741,-28.08894,0
153.40741,-28.08894,0
153.40741,-28.08894,0
153.40741,-28.08894,0
153.40741,-28.08894,0
153.40741,-28.08894,0
153.40741,-28.08894,0
153.40741,-28.08894,0
153.40741,-28.08894,0
153.40741,-28.08894,0
153.40741,-28.08894,0
153.40741,-28.08894,0
153.40741,-28.08894,0
153.40741,-28.08894,0
153.40741,-28.08894,0
153.40741,-28.08894,0
153.40741,-28.08894,0
153.40741,-28.08894,0
153.40741,-28.08894,0
153.40741,-28.08894,0
153.40741,-28.08894,0
153.40741,-28.08894,0
153.40741,-28.08894,0
153.40741,-28.08894,0
153.40741,-28.08894,0
153.40741,-28.08894,0
153.40741,-28.08894,0
153.40741,-28.08894,0
153.40741,-28.08894,0
153.40741,-28.08894,0
153.40741,-28.08894,0
153.40741,-28.08894,0
153.40741,-28.08894,0
153.40741,-28.08894,0
153.40741,-28.08894,0
153.40741,-28.08894,0
153.40741,-28.08895,0
153.40741,-28.08895,0
153.40741,-28.08895,0
153.40741,-28.08895,0
153.40741,-28.08895,0
153.40741,-28.08895,0
153.40741,-28.08895,0
153.40741,-28.08895,0
153.40741,-28.08895,0
153.40742,-28.08896,0
153.40742,-28.08896,0
153.40742,-28.08896,0
153.40742,-28.08896,0
153.40742,-28.08896,0
153.40742,-28.08896,0
153.40742,-28.08896,0
153.40742,-28.08896,0
153.40742,-28.08896,0
153.40742,-28.08896,0
153.40742,-28.08897,0
153.40742,-28.08897,0
153.40742,-28.08897,0
153.40742,-28.08897,0
153.40742,-28.08897,0
153.40742,-28.08897,0
153.40742,-28.08897,0
153.40742,-28.08897,0
153.40742,-28.08897,0
153.40742,-28.08898,0
153.40742,-28.08898,0
153.40742,-28.08898,0
153.40742,-28.08898,0
153.40742,-28.08898,0
153.40742,-28.08898,0
153.40742,-28.08898,0
153.40742,-28.08898,0
153.40742,-28.08898,0
153.40742,-28.08898,0
153.40742,-28.08899,0
153.40742,-28.08899,0
153.40742,-28.08899,0
153.40742,-28.08899,0
153.40742,-28.08899,0
153.40742,-28.08899,0
153.40742,-28.08899,0
153.40742,-28.08899,0
153.40742,-28.08899,0
153.40742,-28.089,0
153.40742,-28.089,0
153.40742,-28.089,0
153.40742,-28.089,0
153.40742,-28.089,0
153.40742,-28.089,0
153.40742,-28.089,0
153.40742,-28.089,0
153.40742,-28.089,0
153.40742,-28.08901,0
153.40742,-28.08901,0
153.40742,-28.08901,0
153.40742,-28.08901,0
153.40742,-28.08901,0
153.40743,-28.08901,0
153.40743,-28.08901,0
153.40743,-28.08901,0
153.40743,-28.08901,0
153.40743,-28.08901,0
153.40743,-28.08902,0
153.40743,-28.08902,0
153.40743,-28.08902,0
153.40743,-28.08902,0
153.40743,-28.08903,0
153.40743,-28.08903,0
153.40743,-28.08903,0
153.40743,-28.08903,0
153.40743,-28.08903,0
153.40743,-28.08903,0
153.40743,-28.08903,0
153.40743,-28.08903,0
153.40743,-28.08903,0
153.40743,-28.08903,0
153.40743,-28.08904,0
153.40743,-28.08904,0
153.40743,-28.08904,0
153.40743,-28.08904,0
153.40743,-28.08904,0
153.40743,-28.08904,0
153.40743,-28.08904,0
153.40743,-28.08904,0
153.40743,-28.08904,0
153.40744,-28.08904,0
153.40744,-28.08904,0
153.40744,-28.08904,0
153.40744,-28.08904,0
153.40744,-28.08904,0
153.40744,-28.08904,0
153.40744,-28.08904,0
153.40744,-28.08904,0
153.40744,-28.08904,0
153.40744,-28.08904,0
153.40744,-28.08904,0
153.40744,-28.08904,0
153.40744,-28.08904,0
153.40744,-28.08904,0
153.40744,-28.08904,0
153.40744,-28.08904,0
153.40744,-28.08904,0
153.40744,-28.08904,0
153.40744,-28.08904,0
153.40744,-28.08905,0
153.40744,-28.08905,0
153.40744,-28.08905,0
153.40744,-28.08905,0
153.40744,-28.08905,0
153.40744,-28.08905,0
153.40744,-28.08905,0
153.40744,-28.08905,0
153.40744,-28.08905,0
153.40744,-28.08905,0
153.40744,-28.08905,0
153.40744,-28.08905,0
153.40744,-28.08905,0
153.40744,-28.08905,0
153.40744,-28.08905,0
153.40744,-28.08905,0
153.40744,-28.08905,0
153.40744,-28.08905,0
153.40744,-28.08905,0
153.40744,-28.08905,0
153.40744,-28.08905,0
153.40744,-28.08905,0
153.40744,-28.08905,0
153.40744,-28.08905,0
153.40744,-28.08905,0
153.40744,-28.08905,0
153.40744,-28.08905,0
153.40744,-28.08905,0
153.40744,-28.08905,0
153.40744,-28.08905,0
153.40744,-28.08905,0
153.40744,-28.08905,0
153.40744,-28.08905,0
153.40744,-28.08905,0
153.40744,-28.08905,0
153.40744,-28.08905,0
153.40744,-28.08905,0
153.40744,-28.08905,0
153.40744,-28.08905,0
153.40744,-28.08905,0
153.40744,-28.08905,0
153.40744,-28.08905,0
153.40744,-28.08905,0
153.40744,-28.08905,0
153.40744,-28.08905,0
153.40744,-28.08905,0
153.40744,-28.08905,0
153.40744,-28.08905,0
153.40744,-28.08905,0
153.40744,-28.08905,0
153.40744,-28.08905,0
153.40744,-28.08905,0
153.40744,-28.08905,0
153.40744,-28.08905,0
153.40744,-28.08905,0
153.40744,-28.08905,0
153.40744,-28.08905,0
153.40744,-28.08905,0
153.40744,-28.08905,0
153.40744,-28.08905,0
153.40744,-28.08905,0
153.40744,-28.08905,0
153.40744,-28.08905,0
153.40744,-28.08905,0
153.40744,-28.08905,0
153.40744,-28.08905,0
153.40744,-28.08905,0
153.40744,-28.08905,0
153.40744,-28.08905,0
153.40744,-28.08905,0
153.40744,-28.08905,0
153.40744,-28.08905,0
153.40744,-28.08905,0
153.40744,-28.08905,0
153.40744,-28.08905,0
153.40744,-28.08905,0
153.40744,-28.08905,0
153.40744,-28.08905,0
153.40744,-28.08905,0
153.40744,-28.08905,0
153.40744,-28.08905,0
153.40744,-28.08905,0
153.40744,-28.08905,0
153.40744,-28.08905,0
153.40744,-28.08905,0
153.40744,-28.08905,0
153.40744,-28.08905,0
153.40744,-28.08905,0
153.40744,-28.08905,0
153.40744,-28.08905,0
153.40744,-28.08905,0
153.40744,-28.08905,0
153.40744,-28.08905,0
153.40744,-28.08905,0
153.40744,-28.08905,0
153.40744,-28.08905,0
153.40744,-28.08905,0
153.40744,-28.08905,0
153.40744,-28.08905,0
153.40744,-28.08905,0
153.40744,-28.08905,0
153.40744,-28.08905,0
153.40744,-28.08905,0
153.40744,-28.08905,0
153.40744,-28.08905,0
153.40744,-28.08905,0
153.40744,-28.08905,0
153.40744,-28.08905,0
153.40744,-28.08905,0
153.40744,-28.08905,0
153.40744,-28.08905,0
153.40744,-28.08905,0
153.40744,-28.08905,0
153.40744,-28.08906,0
153.40744,-28.08906,0
153.40744,-28.08906,0
153.40744,-28.08906,0
153.40744,-28.08906,0
153.40745,-28.08906,0
153.40745,-28.08906,0
153.40745,-28.08906,0
153.40745,-28.08906,0
153.40745,-28.08907,0
153.40745,-28.08907,0
153.40745,-28.08907,0
153.40745,-28.08907,0
153.40745,-28.08907,0
153.40745,-28.08907,0
153.40745,-28.08907,0
153.40745,-28.08907,0
153.40745,-28.08907,0
153.40745,-28.08907,0
153.40745,-28.08908,0
153.40745,-28.08908,0
153.40745,-28.08908,0
153.40745,-28.08908,0
153.40745,-28.08908,0
153.40746,-28.08908,0
153.40746,-28.08908,0
153.40746,-28.08908,0
153.40746,-28.08908,0
153.40746,-28.08909,0
153.40746,-28.08909,0
153.40746,-28.08909,0
153.40746,-28.08909,0
153.40746,-28.08909,0
153.40746,-28.08909,0
153.40746,-28.08909,0
153.40746,-28.08909,0
153.40746,-28.08909,0
153.40746,-28.08909,0
153.40746,-28.0891,0
153.40746,-28.0891,0
153.40746,-28.0891,0
153.40746,-28.0891,0
153.40746,-28.0891,0
153.40746,-28.0891,0
153.40746,-28.0891,0
153.40746,-28.0891,0
153.40746,-28.0891,0
153.40747,-28.08911,0
153.40747,-28.08911,0
153.40747,-28.08911,0
153.40747,-28.08911,0
153.40747,-28.08911,0
153.40747,-28.08911,0
153.40747,-28.08911,0
153.40747,-28.08911,0
153.40747,-28.08911,0
153.40747,-28.08911,0
153.40747,-28.08911,0
153.40747,-28.08911,0
153.40747,-28.08911,0
153.40747,-28.08911,0
153.40747,-28.08912,0
153.40747,-28.08912,0
153.40747,-28.08912,0
153.40747,-28.08912,0
153.40747,-28.08912,0
153.40747,-28.08912,0
153.40747,-28.08912,0
153.40747,-28.08912,0
153.40747,-28.08912,0
153.40747,-28.08912,0
153.40747,-28.08912,0
153.40747,-28.08912,0
153.40747,-28.08912,0
153.40747,-28.08912,0
153.40748,-28.08913,0
153.40748,-28.08913,0
153.40748,-28.08913,0
153.40748,-28.08913,0
153.40748,-28.08913,0
153.40748,-28.08913,0
153.40748,-28.08913,0
153.40748,-28.08913,0
153.40748,-28.08913,0
153.40748,-28.08913,0
153.40748,-28.08914,0
153.40748,-28.08914,0
153.40748,-28.08914,0
153.40748,-28.08914,0
153.40749,-28.08914,0
153.40749,-28.08914,0
153.40749,-28.08914,0
153.40749,-28.08914,0
153.40749,-28.08914,0
153.40749,-28.08915,0
153.40749,-28.08915,0
153.40749,-28.08915,0
153.40749,-28.08915,0
153.40749,-28.08915,0
153.40749,-28.08915,0
153.40749,-28.08915,0
153.40749,-28.08915,0
153.40749,-28.08915,0
153.40749,-28.08915,0
153.40749,-28.08915,0
153.40749,-28.08915,0
153.40749,-28.08915,0
153.40749,-28.08915,0
153.40749,-28.08915,0
153.40749,-28.08915,0
153.40749,-28.08915,0
153.40749,-28.08915,0
153.40749,-28.08915,0
153.40749,-28.08915,0
153.40749,-28.08915,0
153.40749,-28.08915,0
153.40749,-28.08915,0
153.40749,-28.08915,0
153.40749,-28.08915,0
153.40749,-28.08915,0
153.40749,-28.08915,0
153.40749,-28.08915,0
153.40749,-28.08915,0
153.40749,-28.08915,0
153.40749,-28.08915,0
153.40749,-28.08915,0
153.40749,-28.08915,0
153.40749,-28.08915,0
153.40749,-28.08915,0
153.40749,-28.08915,0
153.40749,-28.08915,0
153.40749,-28.08915,0
153.40749,-28.08915,0
153.40749,-28.08915,0
153.40749,-28.08915,0
153.40749,-28.08915,0
153.40749,-28.08915,0
153.40749,-28.08915,0
153.40749,-28.08915,0
153.40749,-28.08915,0
153.40749,-28.08915,0
153.40749,-28.08915,0
153.40749,-28.08915,0
153.40749,-28.08915,0
153.40749,-28.08915,0
153.40749,-28.08915,0
153.40749,-28.08915,0
153.40749,-28.08915,0
153.40749,-28.08915,0
153.40749,-28.08915,0
153.40749,-28.08915,0
153.40749,-28.08915,0
153.40749,-28.08915,0
153.40749,-28.08915,0
153.40749,-28.08915,0
153.40749,-28.08915,0
153.40749,-28.08915,0
153.40749,-28.08915,0
153.40749,-28.08915,0
153.40749,-28.08915,0
153.40749,-28.08915,0
153.40749,-28.08915,0
153.40749,-28.08915,0
153.40749,-28.08915,0
153.40749,-28.08915,0
153.40749,-28.08915,0
153.40749,-28.08915,0
153.40749,-28.08915,0
153.40749,-28.08915,0
153.40749,-28.08915,0
153.40749,-28.08915,0
153.40749,-28.08915,0
153.40749,-28.08915,0
153.40749,-28.08915,0
153.40749,-28.08915,0
153.40749,-28.08915,0
153.40749,-28.08915,0
153.40749,-28.08915,0
153.40749,-28.08915,0
153.40749,-28.08915,0
153.40749,-28.08915,0
153.40749,-28.08915,0
153.40749,-28.08915,0
153.40749,-28.08915,0
153.40748,-28.08914,0
153.40748,-28.08914,0
153.40748,-28.08914,0
153.40748,-28.08914,0
153.40748,-28.08914,0
153.40748,-28.08913,0
153.40748,-28.08913,0
153.40748,-28.08913,0
153.40748,-28.08913,0
153.40748,-28.08913,0
153.40748,-28.08913,0
153.40748,-28.08913,0
153.40748,-28.08913,0
153.40748,-28.08913,0
153.40748,-28.08913,0
153.40748,-28.08913,0
153.40748,-28.08913,0
153.40748,-28.08913,0
153.40748,-28.08913,0
153.40747,-28.08912,0
153.40747,-28.08912,0
153.40747,-28.08912,0
153.40747,-28.08912,0
153.40747,-28.08911,0
153.40747,-28.08911,0
153.40747,-28.08911,0
153.40747,-28.08911,0
153.40747,-28.08911,0
153.40747,-28.08911,0
153.40747,-28.08911,0
153.40747,-28.08911,0
153.40747,-28.08911,0
153.40747,-28.08911,0
153.40747,-28.0891,0
153.40747,-28.0891,0
153.40747,-28.0891,0
153.40747,-28.0891,0
153.40747,-28.08909,0
153.40747,-28.08909,0
153.40747,-28.08909,0
153.40747,-28.08909,0
153.40747,-28.08909,0
153.40746,-28.08909,0
153.40746,-28.08909,0
153.40746,-28.08909,0
153.40746,-28.08909,0
153.40746,-28.08909,0
153.40746,-28.08908,0
153.40746,-28.08908,0
153.40746,-28.08908,0
153.40746,-28.08908,0
153.40746,-28.08908,0
153.40746,-28.08908,0
153.40746,-28.08908,0
153.40746,-28.08908,0
153.40746,-28.08908,0
153.40746,-28.08907,0
153.40746,-28.08907,0
153.40746,-28.08907,0
153.40746,-28.08907,0
153.40746,-28.08907,0
153.40746,-28.08906,0
153.40746,-28.08906,0
153.40746,-28.08906,0
153.40746,-28.08906,0
153.40746,-28.08906,0
153.40746,-28.08906,0
153.40746,-28.08906,0
153.40746,-28.08906,0
153.40746,-28.08906,0
153.40745,-28.08905,0
153.40745,-28.08905,0
153.40745,-28.08905,0
153.40745,-28.08905,0
153.40745,-28.08905,0
153.40745,-28.08905,0
153.40745,-28.08905,0
153.40745,-28.08905,0
153.40745,-28.08905,0
153.40745,-28.08905,0
153.40745,-28.08904,0
153.40745,-28.08904,0
153.40745,-28.08904,0
153.40745,-28.08904,0
153.40745,-28.08904,0
153.40745,-28.08903,0
153.40745,-28.08903,0
153.40745,-28.08903,0
153.40745,-28.08903,0
153.40745,-28.08903,0
153.40745,-28.08903,0
153.40745,-28.08903,0
153.40745,-28.08903,0
153.40745,-28.08903,0
153.40745,-28.08902,0
153.40745,-28.08902,0
153.40745,-28.08902,0
153.40745,-28.08902,0
153.40745,-28.08902,0
153.40744,-28.08902,0
153.40744,-28.08902,0
153.40744,-28.08902,0
153.40744,-28.08902,0
153.40744,-28.08902,0
153.40744,-28.08901,0
153.40744,-28.08901,0
153.40744,-28.08901,0
153.40744,-28.08901,0
153.40744,-28.08901,0
153.40744,-28.08901,0
153.40744,-28.08901,0
153.40744,-28.08901,0
153.40744,-28.08901,0
153.40744,-28.08901,0
153.40744,-28.089,0
153.40744,-28.089,0
153.40744,-28.089,0
153.40744,-28.089,0
153.40743,-28.08899,0
153.40743,-28.08899,0
153.40743,-28.08899,0
153.40743,-28.08899,0
153.40743,-28.08899,0
153.40743,-28.08899,0
153.40743,-28.08899,0
153.40743,-28.08899,0
153.40743,-28.08899,0
153.40743,-28.08898,0
153.40743,-28.08898,0
153.40743,-28.08898,0
153.40743,-28.08898,0
153.40743,-28.08898,0
153.40743,-28.08898,0
153.40743,-28.08898,0
153.40743,-28.08898,0
153.40743,-28.08898,0
153.40743,-28.08898,0
153.40743,-28.08897,0
153.40743,-28.08897,0
153.40743,-28.08897,0
153.40743,-28.08897,0
153.40742,-28.08896,0
153.40742,-28.08896,0
153.40742,-28.08896,0
153.40742,-28.08896,0
153.40742,-28.08896,0
153.40742,-28.08896,0
153.40742,-28.08896,0
153.40742,-28.08896,0
153.40742,-28.08896,0
153.40742,-28.08896,0
153.40742,-28.08895,0
153.40742,-28.08895,0
153.40742,-28.08895,0
153.40742,-28.08895,0
153.40742,-28.08894,0
153.40742,-28.08894,0
153.40742,-28.08894,0
153.40742,-28.08894,0
153.40742,-28.08894,0
153.40742,-28.08894,0
153.40742,-28.08894,0
153.40742,-28.08894,0
153.40742,-28.08894,0
153.40742,-28.08894,0
153.40742,-28.08893,0
153.40742,-28.08893,0
153.40742,-28.08893,0
153.40742,-28.08893,0
153.40742,-28.08893,0
153.40741,-28.08893,0
153.40741,-28.08893,0
153.40741,-28.08893,0
153.40741,-28.08893,0
153.40741,-28.08892,0
153.40741,-28.08892,0
153.40741,-28.08892,0
153.40741,-28.08892,0
153.40741,-28.08892,0
153.40741,-28.08891,0
153.40741,-28.08891,0
153.40741,-28.08891,0
153.40741,-28.08891,0
153.40741,-28.08891,0
153.40741,-28.08891,0
153.40741,-28.08891,0
153.40741,-28.08891,0
153.40741,-28.08891,0
153.40741,-28.0889,0
153.40741,-28.0889,0
153.40741,-28.0889,0
153.40741,-28.0889,0
153.40741,-28.0889,0
153.40741,-28.0889,0
153.40741,-28.0889,0
153.40741,-28.0889,0
153.40741,-28.0889,0
153.40741,-28.0889,0
153.40741,-28.08889,0
153.40741,-28.08889,0
153.40741,-28.08889,0
153.40741,-28.08889,0
153.40741,-28.08888,0
153.40741,-28.08888,0
153.40741,-28.08888,0
153.40741,-28.08888,0
153.40741,-28.08888,0
153.40741,-28.08888,0
153.4074,-28.08888,0
153.4074,-28.08888,0
153.4074,-28.08888,0
153.4074,-28.08888,0
153.4074,-28.08887,0
153.4074,-28.08887,0
153.4074,-28.08887,0
153.4074,-28.08887,0
153.4074,-28.08887,0
153.4074,-28.08887,0
153.4074,-28.08887,0
153.4074,-28.08887,0
153.4074,-28.08887,0
153.4074,-28.08886,0
153.4074,-28.08886,0
153.4074,-28.08886,0
153.4074,-28.08886,0
153.4074,-28.08886,0
153.4074,-28.08885,0
153.4074,-28.08885,0
153.4074,-28.08885,0
153.4074,-28.08885,0
153.4074,-28.08885,0
153.4074,-28.08885,0
153.4074,-28.08885,0
153.4074,-28.08885,0
153.4074,-28.08885,0
153.4074,-28.08885,0
153.4074,-28.08885,0
153.4074,-28.08885,0
153.4074,-28.08885,0
153.4074,-28.08885,0
153.40739,-28.08884,0
153.40739,-28.08884,0
153.40739,-28.08884,0
153.40739,-28.08884,0
153.40739,-28.08884,0
153.40739,-28.08883,0
153.40739,-28.08883,0
153.40739,-28.08883,0
153.40739,-28.08883,0
153.40739,-28.08883,0
153.40739,-28.08882,0
153.40739,-28.08882,0
153.40739,-28.08882,0
153.40739,-28.08882,0
153.40739,-28.08882,0
153.40739,-28.08882,0
153.40739,-28.08882,0
153.40739,-28.08882,0
153.40739,-28.08882,0
153.40738,-28.08881,0
153.40738,-28.08881,0
153.40738,-28.08881,0
153.40738,-28.08881,0
153.40738,-28.08881,0
153.40738,-28.08881,0
153.40738,-28.08881,0
153.40738,-28.08881,0
153.40738,-28.08881,0
153.40738,-28.08881,0
153.40738,-28.0888,0
153.40738,-28.0888,0
153.40738,-28.0888,0
153.40738,-28.0888,0
153.40738,-28.0888,0
153.40738,-28.0888,0
153.40738,-28.0888,0
153.40738,-28.0888,0
153.40738,-28.0888,0
153.40737,-28.08879,0
153.40737,-28.08879,0
153.40737,-28.08879,0
153.40737,-28.08879,0
153.40737,-28.08879,0
153.40737,-28.08879,0
153.40737,-28.08879,0
153.40737,-28.08879,0
153.40737,-28.08879,0
153.40737,-28.08878,0
153.40737,-28.08878,0
153.40737,-28.08878,0
153.40737,-28.08878,0
153.40737,-28.08878,0
153.40737,-28.08878,0
153.40737,-28.08878,0
153.40737,-28.08878,0
153.40737,-28.08878,0
153.40737,-28.08878,0
153.40737,-28.08877,0
153.40737,-28.08877,0
153.40737,-28.08877,0
153.40737,-28.08877,0
153.40737,-28.08877,0
153.40737,-28.08877,0
153.40737,-28.08877,0
153.40737,-28.08877,0
153.40737,-28.08877,0
153.40736,-28.08876,0
153.40736,-28.08876,0
153.40736,-28.08876,0
153.40736,-28.08876,0
153.40736,-28.08876,0
153.40736,-28.08876,0
153.40736,-28.08876,0
153.40736,-28.08876,0
153.40736,-28.08876,0
153.40736,-28.08875,0
153.40736,-28.08875,0
153.40736,-28.08875,0
153.40736,-28.08875,0
153.40736,-28.08875,0
153.40736,-28.08875,0
153.40736,-28.08875,0
153.40736,-28.08875,0
153.40736,-28.08875,0
153.40736,-28.08875,0
153.40736,-28.08875,0
153.40736,-28.08875,0
153.40736,-28.08875,0
153.40736,-28.08875,0
153.40736,-28.08875,0
153.40736,-28.08875,0
153.40736,-28.08875,0
153.40736,-28.08875,0
153.40736,-28.08875,0
153.40736,-28.08875,0
153.40736,-28.08875,0
153.40736,-28.08875,0
153.40736,-28.08875,0
153.40736,-28.08875,0
153.40736,-28.08875,0
153.40736,-28.08875,0
153.40736,-28.08875,0
153.40736,-28.08875,0
153.40736,-28.08875,0
153.40736,-28.08875,0
153.40736,-28.08875,0
153.40736,-28.08875,0
153.40736,-28.08875,0
153.40736,-28.08875,0
153.40736,-28.08874,0
153.40736,-28.08874,0
153.40736,-28.08874,0
153.40736,-28.08874,0
153.40736,-28.08873,0
153.40736,-28.08873,0
153.40736,-28.08873,0
153.40736,-28.08873,0
153.40736,-28.08873,0
153.40736,-28.08873,0
153.40736,-28.08873,0
153.40736,-28.08873,0
153.40736,-28.08873,0
153.40736,-28.08873,0
153.40736,-28.08872,0
153.40736,-28.08872,0
153.40736,-28.08872,0
153.40736,-28.08872,0
153.40736,-28.08872,0
153.40736,-28.08872,0
153.40736,-28.08872,0
153.40736,-28.08872,0
153.40736,-28.08872,0
153.40735,-28.08871,0
153.40735,-28.08871,0
153.40735,-28.08871,0
153.40735,-28.08871,0
153.40735,-28.08871,0
153.40735,-28.08871,0
153.40735,-28.08871,0
153.40735,-28.08871,0
153.40735,-28.08871,0
153.40735,-28.0887,0
153.40735,-28.0887,0
153.40735,-28.0887,0
153.40735,-28.0887,0
153.40735,-28.0887,0
153.40735,-28.0887,0
153.40735,-28.0887,0
153.40735,-28.0887,0
153.40735,-28.0887,0
153.40735,-28.0887,0
153.40735,-28.08869,0
153.40735,-28.08869,0
153.40735,-28.08869,0
153.40735,-28.08869,0
153.40735,-28.08869,0
153.40735,-28.08869,0
153.40735,-28.08869,0
153.40735,-28.08869,0
153.40735,-28.08869,0
153.40735,-28.08869,0
153.40735,-28.08868,0
153.40735,-28.08868,0
153.40735,-28.08868,0
153.40735,-28.08868,0
153.40735,-28.08868,0
153.40735,-28.08868,0
153.40735,-28.08868,0
153.40735,-28.08868,0
153.40735,-28.08868,0
153.40735,-28.08867,0
153.40735,-28.08867,0
153.40735,-28.08867,0
153.40735,-28.08867,0
153.40735,-28.08867,0
153.40735,-28.08867,0
153.40735,-28.08867,0
153.40735,-28.08867,0
153.40735,-28.08867,0
153.40734,-28.08866,0
153.40734,-28.08866,0
153.40734,-28.08866,0
153.40734,-28.08866,0
153.40734,-28.08866,0
153.40734,-28.08866,0
153.40734,-28.08866,0
153.40734,-28.08866,0
153.40734,-28.08866,0
153.40734,-28.08866,0
153.40734,-28.08865,0
153.40734,-28.08865,0
153.40734,-28.08865,0
153.40734,-28.08865,0
153.40734,-28.08865,0
153.40734,-28.08865,0
153.40734,-28.08865,0
153.40734,-28.08865,0
153.40734,-28.08865,0
153.40734,-28.08864,0
153.40734,-28.08864,0
153.40734,-28.08864,0
153.40734,-28.08864,0
153.40734,-28.08864,0
153.40734,-28.08864,0
153.40734,-28.08864,0
153.40734,-28.08864,0
153.40734,-28.08864,0
153.40734,-28.08864,0
153.40733,-28.08863,0
153.40733,-28.08863,0
153.40733,-28.08863,0
153.40733,-28.08863,0
153.40733,-28.08863,0
153.40733,-28.08863,0
153.40733,-28.08863,0
153.40733,-28.08863,0
153.40733,-28.08863,0
153.40733,-28.08862,0
153.40733,-28.08862,0
153.40733,-28.08862,0
153.40733,-28.08862,0
153.40733,-28.08862,0
153.40733,-28.08862,0
153.40733,-28.08862,0
153.40733,-28.08862,0
153.40733,-28.08862,0
153.40733,-28.08861,0
153.40733,-28.08861,0
153.40733,-28.08861,0
153.40733,-28.08861,0
153.40733,-28.08861,0
153.40733,-28.08861,0
153.40733,-28.08861,0
153.40733,-28.08861,0
153.40733,-28.08861,0
153.40733,-28.08861,0
153.40733,-28.0886,0
153.40733,-28.0886,0
153.40733,-28.0886,0
153.40733,-28.0886,0
153.40732,-28.0886,0
153.40732,-28.0886,0
153.40732,-28.0886,0
153.40732,-28.0886,0
153.40732,-28.0886,0
153.40732,-28.0886,0
153.40732,-28.0886,0
153.40732,-28.0886,0
153.40732,-28.0886,0
153.40732,-28.0886,0
153.40732,-28.08859,0
153.40732,-28.08859,0
153.40732,-28.08859,0
153.40732,-28.08859,0
153.40732,-28.08859,0
153.40732,-28.08859,0
153.40732,-28.08859,0
153.40732,-28.08859,0
153.40732,-28.08859,0
153.40732,-28.08858,0
153.40732,-28.08858,0
153.40732,-28.08858,0
153.40732,-28.08858,0
153.40732,-28.08858,0
153.40732,-28.08858,0
153.40732,-28.08858,0
153.40732,-28.08858,0
153.40732,-28.08858,0
153.40732,-28.08858,0
153.40732,-28.08858,0
153.40732,-28.08858,0
153.40732,-28.08858,0
153.40732,-28.08858,0
153.40731,-28.08857,0
153.40731,-28.08857,0
153.40731,-28.08857,0
153.40731,-28.08857,0
153.40731,-28.08857,0
153.40731,-28.08857,0
153.40731,-28.08857,0
153.40731,-28.08857,0
153.40731,-28.08857,0
153.40731,-28.08857,0
153.40731,-28.08856,0
153.40731,-28.08856,0
153.40731,-28.08856,0
153.40731,-28.08856,0
153.40731,-28.08856,0
153.40731,-28.08856,0
153.40731,-28.08856,0
153.40731,-28.08856,0
153.40731,-28.08856,0
153.40731,-28.08856,0
153.40731,-28.08856,0
153.40731,-28.08856,0
153.40731,-28.08856,0
153.40731,-28.08856,0
153.40731,-28.08856,0
153.40731,-28.08856,0
153.40731,-28.08856,0
153.40731,-28.08856,0
153.40731,-28.08856,0
153.40731,-28.08856,0
153.40731,-28.08856,0
153.40731,-28.08856,0
153.40731,-28.08856,0
153.40731,-28.08856,0
153.40731,-28.08856,0
153.40731,-28.08856,0
153.40731,-28.08856,0
153.40731,-28.08856,0
153.40731,-28.08856,0
153.40731,-28.08856,0
153.40731,-28.08856,0
153.40731,-28.08856,0
153.40731,-28.08856,0
153.40731,-28.08856,0
153.40731,-28.08856,0
153.40731,-28.08856,0
153.40731,-28.08856,0
153.40731,-28.08856,0
153.40731,-28.08856,0
153.40731,-28.08856,0
153.40731,-28.08856,0
153.40731,-28.08856,0
153.40731,-28.08856,0
153.40731,-28.08856,0
153.40731,-28.08856,0
153.40731,-28.08856,0
153.40731,-28.08856,0
153.40731,-28.08856,0
153.40731,-28.08856,0
153.40731,-28.08856,0
153.40731,-28.08856,0
153.40731,-28.08856,0
153.40731,-28.08856,0
153.40731,-28.08856,0
153.40731,-28.08856,0
153.40731,-28.08856,0
153.40731,-28.08856,0
153.40731,-28.08856,0
153.40731,-28.08856,0
153.40731,-28.08856,0
153.40731,-28.08856,0
153.40731,-28.08856,0
153.40731,-28.08856,0
153.40731,-28.08856,0
153.40731,-28.08856,0
153.40731,-28.08856,0
153.40731,-28.08856,0
153.40731,-28.08856,0
153.40731,-28.08856,0
153.40731,-28.08856,0
153.40731,-28.08856,0
153.40731,-28.08856,0
153.40731,-28.08856,0
153.40731,-28.08856,0
153.40731,-28.08856,0
153.40731,-28.08856,0
153.40731,-28.08856,0
153.40731,-28.08856,0
153.40731,-28.08856,0
153.40731,-28.08856,0
153.40731,-28.08855,0
153.40731,-28.08855,0
153.40731,-28.08855,0
153.40731,-28.08855,0
153.40731,-28.08855,0
153.40731,-28.08855,0
153.40731,-28.08855,0
153.40731,-28.08855,0
153.40731,-28.08855,0
153.40731,-28.08854,0
153.40731,-28.08854,0
153.40731,-28.08854,0
153.40731,-28.08854,0
153.40731,-28.08854,0
153.40731,-28.08854,0
153.40731,-28.08854,0
153.40731,-28.08854,0
153.40731,-28.08854,0
153.40731,-28.08854,0
153.40731,-28.08853,0
153.40731,-28.08853,0
153.40731,-28.08853,0
153.40731,-28.08853,0
153.40731,-28.08853,0
153.40731,-28.08853,0
153.40731,-28.08853,0
153.40731,-28.08853,0
153.40731,-28.08853,0
153.40731,-28.08852,0
153.40731,-28.08852,0
153.40731,-28.08852,0
153.40731,-28.08852,0
153.40731,-28.08852,0
153.40731,-28.08852,0
153.40731,-28.08852,0
153.40731,-28.08852,0
153.40731,-28.08852,0
153.40731,-28.08852,0
153.40731,-28.08851,0
153.40731,-28.08851,0
153.40731,-28.08851,0
153.40731,-28.08851,0
153.40731,-28.08851,0
153.40731,-28.08851,0
153.40731,-28.08851,0
153.40731,-28.08851,0
153.40731,-28.08851,0
153.40731,-28.0885,0
153.40731,-28.0885,0
153.40731,-28.0885,0
153.40731,-28.0885,0
153.40731,-28.0885,0
153.4073,-28.0885,0
153.4073,-28.0885,0
153.4073,-28.0885,0
153.4073,-28.0885,0
153.4073,-28.0885,0
153.4073,-28.08849,0
153.4073,-28.08849,0
153.4073,-28.08849,0
153.4073,-28.08849,0
153.4073,-28.08849,0
153.4073,-28.08849,0
153.4073,-28.08849,0
153.4073,-28.08849,0
153.4073,-28.08849,0
153.4073,-28.08848,0
153.4073,-28.08848,0
153.4073,-28.08848,0
153.4073,-28.08848,0
153.4073,-28.08848,0
153.4073,-28.08848,0
153.4073,-28.08848,0
153.4073,-28.08848,0
153.4073,-28.08848,0
153.4073,-28.08848,0
153.4073,-28.08848,0
153.4073,-28.08848,0
153.4073,-28.08848,0
153.4073,-28.08848,0
153.4073,-28.08848,0
153.4073,-28.08848,0
153.4073,-28.08848,0
153.4073,-28.08848,0
153.4073,-28.08848,0
153.4073,-28.08848,0
153.4073,-28.08848,0
153.4073,-28.08848,0
153.4073,-28.08848,0
153.4073,-28.08848,0
153.4073,-28.08849,0
153.4073,-28.08849,0
153.4073,-28.08849,0
153.4073,-28.08849,0
153.4073,-28.08849,0
153.4073,-28.08849,0
153.4073,-28.08849,0
153.4073,-28.08849,0
153.4073,-28.08849,0
153.4073,-28.08849,0
153.4073,-28.08849,0
153.4073,-28.08849,0
153.4073,-28.08849,0
153.4073,-28.08849,0
153.4073,-28.08849,0
153.4073,-28.08849,0
153.4073,-28.08849,0
153.4073,-28.08849,0
153.4073,-28.08849,0
153.4073,-28.08849,0
153.4073,-28.08849,0
153.4073,-28.08849,0
153.4073,-28.08849,0
153.4073,-28.08849,0
153.4073,-28.08849,0
153.4073,-28.08849,0
153.4073,-28.08849,0
153.4073,-28.08849,0
153.4073,-28.08849,0
153.4073,-28.08849,0
153.4073,-28.08849,0
153.4073,-28.08849,0
153.4073,-28.08849,0
153.4073,-28.08849,0
153.4073,-28.08849,0
153.4073,-28.08849,0
153.4073,-28.08849,0
153.4073,-28.08848,0
153.4073,-28.08848,0
153.4073,-28.08848,0
153.4073,-28.08848,0
153.4073,-28.08848,0
153.4073,-28.08847,0
153.4073,-28.08847,0
153.4073,-28.08847,0
153.4073,-28.08847,0
153.4073,-28.08847,0
153.4073,-28.08847,0
153.4073,-28.08847,0
153.4073,-28.08847,0
153.4073,-28.08847,0
153.4073,-28.08846,0
153.4073,-28.08846,0
153.4073,-28.08846,0
153.4073,-28.08846,0
153.4073,-28.08846,0
153.40729,-28.08846,0
153.40729,-28.08846,0
153.40729,-28.08846,0
153.40729,-28.08846,0
153.40729,-28.08846,0
153.40729,-28.08845,0
153.40729,-28.08845,0
153.40729,-28.08845,0
153.40729,-28.08845,0
153.40729,-28.08845,0
153.40729,-28.08845,0
153.40729,-28.08845,0
153.40729,-28.08845,0
153.40729,-28.08845,0
153.40729,-28.08844,0
153.40729,-28.08844,0
153.40729,-28.08844,0
153.40729,-28.08844,0
153.40729,-28.08844,0
153.40729,-28.08844,0
153.40729,-28.08844,0
153.40729,-28.08844,0
153.40729,-28.08844,0
153.40729,-28.08844,0
153.40728,-28.08843,0
153.40728,-28.08843,0
153.40728,-28.08843,0
153.40728,-28.08843,0
153.40728,-28.08843,0
153.40728,-28.08843,0
153.40728,-28.08843,0
153.40728,-28.08843,0
153.40728,-28.08843,0
153.40728,-28.08842,0
153.40728,-28.08842,0
153.40728,-28.08842,0
153.40728,-28.08842,0
153.40728,-28.08842,0
153.40728,-28.08842,0
153.40728,-28.08842,0
153.40728,-28.08842,0
153.40728,-28.08842,0
153.40728,-28.08841,0
153.40728,-28.08841,0
153.40728,-28.08841,0
153.40728,-28.08841,0
153.40728,-28.08841,0
153.40728,-28.08841,0
153.40728,-28.08841,0
153.40728,-28.08841,0
153.40728,-28.08841,0
153.40728,-28.08841,0
153.40728,-28.0884,0
153.40728,-28.0884,0
153.40728,-28.0884,0
153.40728,-28.0884,0
153.40727,-28.0884,0
153.40727,-28.0884,0
153.40727,-28.0884,0
153.40727,-28.0884,0
153.40727,-28.0884,0
153.40727,-28.0884,0
153.40727,-28.0884,0
153.40727,-28.0884,0
153.40727,-28.0884,0
153.40727,-28.0884,0
153.40727,-28.08839,0
153.40727,-28.08839,0
153.40727,-28.08839,0
153.40727,-28.08839,0
153.40727,-28.08839,0
153.40727,-28.08839,0
153.40727,-28.08839,0
153.40727,-28.08839,0
153.40727,-28.08839,0
153.40727,-28.08839,0
153.40727,-28.08839,0
153.40727,-28.08839,0
153.40727,-28.08839,0
153.40727,-28.08839,0
153.40727,-28.08839,0
153.40727,-28.08839,0
153.40727,-28.08839,0
153.40727,-28.08839,0
153.40727,-28.08839,0
153.40727,-28.08839,0
153.40727,-28.08839,0
153.40727,-28.08839,0
153.40727,-28.08839,0
153.40727,-28.08839,0
153.40727,-28.08839,0
153.40727,-28.08839,0
153.40727,-28.08839,0
153.40727,-28.08839,0
153.40727,-28.08839,0
153.40727,-28.08839,0
153.40727,-28.08839,0
153.40727,-28.08839,0
153.40727,-28.08839,0
153.40727,-28.08839,0
153.40727,-28.08839,0
153.40727,-28.08839,0
153.40727,-28.08839,0
153.40727,-28.08839,0
153.40727,-28.08839,0
153.40727,-28.08839,0
153.40727,-28.08839,0
153.40727,-28.08839,0
153.40727,-28.08839,0
153.40727,-28.08839,0
153.40727,-28.08839,0
153.40727,-28.08839,0
153.40727,-28.08839,0
153.40727,-28.08839,0
153.40727,-28.08839,0
153.40727,-28.08839,0
153.40727,-28.08839,0
153.40727,-28.08839,0
153.40727,-28.08839,0
153.40727,-28.08839,0
153.40727,-28.08839,0
153.40727,-28.08839,0
153.40727,-28.08839,0
153.40727,-28.08839,0
153.40727,-28.08839,0
153.40727,-28.08839,0
153.40727,-28.08839,0
153.40727,-28.08839,0
153.40727,-28.08839,0
153.40727,-28.08839,0
153.40727,-28.08839,0
153.40727,-28.08839,0
153.40727,-28.08839,0
153.40727,-28.08839,0
153.40727,-28.08839,0
153.40727,-28.08839,0
153.40727,-28.08839,0
153.40727,-28.08839,0
153.40727,-28.08839,0
153.40727,-28.08839,0
153.40727,-28.08839,0
153.40727,-28.08839,0
153.40727,-28.08839,0
153.40727,-28.08839,0
153.40727,-28.08839,0
153.40727,-28.08839,0
153.40727,-28.08838,0
153.40727,-28.08838,0
153.40727,-28.08838,0
153.40727,-28.08838,0
153.40727,-28.08838,0
153.40727,-28.08838,0
153.40727,-28.08838,0
153.40727,-28.08838,0
153.40727,-28.08838,0
153.40727,-28.08838,0
153.40727,-28.08837,0
153.40727,-28.08837,0
153.40727,-28.08837,0
153.40727,-28.08837,0
153.40727,-28.08837,0
153.40727,-28.08837,0
153.40727,-28.08837,0
153.40727,-28.08837,0
153.40727,-28.08837,0
153.40727,-28.08837,0
153.40727,-28.08836,0
153.40727,-28.08836,0
153.40727,-28.08836,0
153.40727,-28.08836,0
153.40727,-28.08835,0
153.40727,-28.08835,0
153.40727,-28.08835,0
153.40727,-28.08835,0
153.40727,-28.08835,0
153.40727,-28.08835,0
153.40727,-28.08835,0
153.40727,-28.08835,0
153.40727,-28.08835,0
153.40727,-28.08835,0
153.40727,-28.08834,0
153.40727,-28.08834,0
153.40727,-28.08834,0
153.40727,-28.08834,0
153.40726,-28.08833,0
153.40726,-28.08833,0
153.40726,-28.08833,0
153.40726,-28.08833,0
153.40726,-28.08833,0
153.40726,-28.08833,0
153.40726,-28.08833,0
153.40726,-28.08833,0
153.40726,-28.08833,0
153.40726,-28.08833,0
153.40726,-28.08832,0
153.40726,-28.08832,0
153.40726,-28.08832,0
153.40726,-28.08832,0
153.40726,-28.08832,0
153.40726,-28.08832,0
153.40726,-28.08832,0
153.40726,-28.08832,0
153.40726,-28.08832,0
153.40726,-28.08831,0
153.40726,-28.08831,0
153.40726,-28.08831,0
153.40726,-28.08831,0
153.40726,-28.08831,0
153.40726,-28.08831,0
153.40726,-28.08831,0
153.40726,-28.08831,0
153.40726,-28.08831,0
153.40726,-28.08831,0
153.40726,-28.08831,0
153.40726,-28.08831,0
153.40726,-28.08831,0
153.40726,-28.08831,0
153.40726,-28.08831,0
153.40726,-28.08831,0
153.40726,-28.08831,0
153.40726,-28.08831,0
153.40726,-28.08831,0
153.40726,-28.08831,0
153.40726,-28.08831,0
153.40726,-28.08831,0
153.40726,-28.08831,0
153.40726,-28.08831,0
153.40726,-28.08831,0
153.40726,-28.08831,0
153.40726,-28.08831,0
153.40726,-28.08831,0
153.40726,-28.08831,0
153.40726,-28.08831,0
153.40726,-28.08831,0
153.40726,-28.08831,0
153.40726,-28.08831,0
153.40726,-28.08831,0
153.40726,-28.08831,0
153.40726,-28.08831,0
153.40726,-28.08831,0
153.40726,-28.08831,0
153.40726,-28.08831,0
153.40726,-28.08831,0
153.40726,-28.08831,0
153.40726,-28.08831,0
153.40726,-28.08831,0
153.40726,-28.08831,0
153.40726,-28.08831,0
153.40726,-28.08831,0
153.40726,-28.08831,0
153.40726,-28.08831,0
153.40726,-28.08831,0
153.40726,-28.08831,0
153.40726,-28.08831,0
153.40726,-28.08831,0
153.40726,-28.08831,0
153.40726,-28.08831,0
153.40726,-28.08831,0
153.40726,-28.08831,0
153.40726,-28.08831,0
153.40726,-28.08831,0
153.40726,-28.08831,0
153.40726,-28.08831,0
153.40726,-28.08831,0
153.40726,-28.08831,0
153.40726,-28.08831,0
153.40726,-28.08831,0
153.40726,-28.08831,0
153.40726,-28.08831,0
153.40727,-28.08831,0
153.40727,-28.08831,0
153.40727,-28.08831,0
153.40727,-28.08831,0
153.40727,-28.08831,0
153.40727,-28.08831,0
153.40727,-28.08831,0
153.40727,-28.08831,0
153.40727,-28.08831,0
153.40727,-28.08831,0
153.40727,-28.08831,0
153.40727,-28.08831,0
153.40727,-28.08831,0
153.40727,-28.08831,0
153.40729,-28.08831,0
153.40729,-28.08831,0
153.40729,-28.08831,0
153.40729,-28.08831,0
153.40729,-28.08831,0
153.40729,-28.08831,0
153.40729,-28.08831,0
153.40729,-28.08831,0
153.40729,-28.08831,0
153.40729,-28.08831,0
153.40729,-28.08831,0
153.40729,-28.08831,0
153.40729,-28.08831,0
153.40729,-28.08831,0
153.4073,-28.08831,0
153.4073,-28.08831,0
153.4073,-28.08831,0
153.4073,-28.08831,0
153.4073,-28.08831,0
153.4073,-28.08831,0
153.4073,-28.08831,0
153.4073,-28.08831,0
153.4073,-28.08831,0
153.4073,-28.08831,0
153.4073,-28.08831,0
153.4073,-28.08831,0
153.4073,-28.08831,0
153.4073,-28.08831,0
153.4073,-28.08831,0
153.4073,-28.08831,0
153.4073,-28.08831,0
153.4073,-28.08831,0
153.4073,-28.08831,0
153.4073,-28.08831,0
153.4073,-28.08831,0
153.4073,-28.08831,0
153.4073,-28.08831,0
153.4073,-28.08831,0
153.4073,-28.08831,0
153.4073,-28.08831,0
153.4073,-28.08831,0
153.4073,-28.08831,0
153.4073,-28.08831,0
153.4073,-28.08831,0
153.4073,-28.08831,0
153.4073,-28.08831,0
153.4073,-28.08831,0
153.4073,-28.08831,0
153.4073,-28.08831,0
153.4073,-28.08831,0
153.4073,-28.08831,0
153.4073,-28.08831,0
153.4073,-28.08831,0
153.4073,-28.08831,0
153.4073,-28.08831,0
153.4073,-28.08831,0
153.4073,-28.08831,0
153.4073,-28.08831,0
153.4073,-28.08831,0
153.4073,-28.08831,0
153.4073,-28.08831,0
153.4073,-28.08831,0
153.4073,-28.08831,0
153.4073,-28.08831,0
153.4073,-28.08831,0
153.4073,-28.08831,0
153.4073,-28.08831,0
153.4073,-28.08831,0
153.4073,-28.08831,0
153.4073,-28.08831,0
153.4073,-28.08831,0
153.4073,-28.08831,0
153.4073,-28.08831,0
153.4073,-28.08831,0
153.4073,-28.08831,0
153.4073,-28.08831,0
153.4073,-28.08831,0
153.4073,-28.08831,0
153.4073,-28.08831,0
153.4073,-28.08831,0
153.4073,-28.08831,0
153.4073,-28.08831,0
153.4073,-28.08831,0
153.4073,-28.08831,0
153.4073,-28.08831,0
153.4073,-28.08831,0
153.4073,-28.08831,0
153.4073,-28.08831,0
153.4073,-28.08831,0
153.40731,-28.08831,0
153.40731,-28.08831,0
153.40731,-28.08831,0
153.40731,-28.08831,0
153.40731,-28.08831,0
153.40731,-28.08831,0
153.40731,-28.08831,0
153.40731,-28.08831,0
153.40731,-28.08831,0
153.40731,-28.08831,0
153.40731,-28.08831,0
153.40731,-28.08831,0
153.40731,-28.08831,0
153.40731,-28.08831,0
153.40731,-28.08831,0
153.40731,-28.08831,0
153.40731,-28.08831,0
153.40731,-28.08831,0
153.40731,-28.08831,0
153.40731,-28.08831,0
153.40731,-28.08831,0
153.40731,-28.08831,0
153.40731,-28.08831,0
153.40731,-28.08832,0
153.40731,-28.08832,0
153.40731,-28.08832,0
153.40731,-28.08832,0
153.40731,-28.08832,0
153.40731,-28.08832,0
153.40731,-28.08832,0
153.40731,-28.08832,0
153.40731,-28.08832,0
153.40731,-28.08832,0
153.40731,-28.08833,0
153.40731,-28.08833,0
153.40731,-28.08833,0
153.40731,-28.08833,0
153.40731,-28.08833,0
153.40731,-28.08834,0
153.40731,-28.08834,0
153.40731,-28.08834,0
153.40731,-28.08834,0
153.40731,-28.08834,0
153.40731,-28.08834,0
153.40731,-28.08834,0
153.40731,-28.08834,0
153.40731,-28.08834,0
153.40731,-28.08835,0
153.40731,-28.08835,0
153.40731,-28.08835,0
153.40731,-28.08835,0
153.40731,-28.08835,0
153.40731,-28.08835,0
153.40731,-28.08835,0
153.40731,-28.08835,0
153.40731,-28.08835,0
153.40731,-28.08836,0
153.40731,-28.08836,0
153.40731,-28.08836,0
153.40731,-28.08836,0
153.40731,-28.08836,0
153.40732,-28.08836,0
153.40732,-28.08836,0
153.40732,-28.08836,0
153.40732,-28.08836,0
153.40732,-28.08836,0
153.40732,-28.08837,0
153.40732,-28.08837,0
153.40732,-28.08837,0
153.40732,-28.08837,0
153.40733,-28.08837,0
153.40733,-28.08837,0
153.40733,-28.08837,0
153.40733,-28.08837,0
153.40733,-28.08837,0
153.40733,-28.08838,0
153.40733,-28.08838,0
153.40733,-28.08838,0
153.40733,-28.08838,0
153.40733,-28.08838,0
153.40733,-28.08838,0
153.40733,-28.08838,0
153.40733,-28.08838,0
153.40733,-28.08838,0
153.40733,-28.08839,0
153.40733,-28.08839,0
153.40733,-28.08839,0
153.40733,-28.08839,0
153.40733,-28.08839,0
153.40733,-28.0884,0
153.40733,-28.0884,0
153.40733,-28.0884,0
153.40733,-28.0884,0
153.40733,-28.0884,0
153.40734,-28.0884,0
153.40734,-28.0884,0
153.40734,-28.0884,0
153.40734,-28.0884,0
153.40734,-28.0884,0
153.40734,-28.08841,0
153.40734,-28.08841,0
153.40734,-28.08841,0
153.40734,-28.08841,0
153.40734,-28.08841,0
153.40734,-28.08841,0
153.40734,-28.08841,0
153.40734,-28.08841,0
153.40734,-28.08841,0
153.40734,-28.08842,0
153.40734,-28.08842,0
153.40734,-28.08842,0
153.40734,-28.08842,0
153.40734,-28.08842,0
153.40735,-28.08842,0
153.40735,-28.08842,0
153.40735,-28.08842,0
153.40735,-28.08842,0
153.40735,-28.08842,0
153.40735,-28.08842,0
153.40735,-28.08842,0
153.40735,-28.08842,0
153.40735,-28.08842,0
153.40735,-28.08842,0
153.40735,-28.08842,0
153.40735,-28.08842,0
153.40735,-28.08842,0
153.40735,-28.08842,0
153.40735,-28.08842,0
153.40735,-28.08842,0
153.40735,-28.08842,0
153.40735,-28.08842,0
153.40735,-28.08842,0
153.40735,-28.08842,0
153.40735,-28.08842,0
153.40735,-28.08842,0
153.40735,-28.08842,0
153.40735,-28.08842,0
153.40735,-28.08842,0
153.40735,-28.08842,0
153.40735,-28.08842,0
153.40735,-28.08842,0
153.40735,-28.08842,0
153.40735,-28.08842,0
153.40735,-28.08842,0
153.40735,-28.08842,0
153.40735,-28.08842,0
153.40735,-28.08842,0
153.40735,-28.08842,0
153.40735,-28.08842,0
153.40735,-28.08842,0
153.40735,-28.08842,0
153.40735,-28.08842,0
153.40735,-28.08842,0
153.40735,-28.08842,0
153.40735,-28.08842,0
153.40735,-28.08842,0
153.40735,-28.08842,0
153.40735,-28.08842,0
153.40735,-28.08842,0
153.40735,-28.08842,0
153.40735,-28.08842,0
153.40735,-28.08842,0
153.40735,-28.08842,0
153.40735,-28.08842,0
153.40736,-28.08842,0
153.40736,-28.08842,0
153.40736,-28.08842,0
153.40736,-28.08842,0
153.40736,-28.08842,0
153.40737,-28.08842,0
153.40737,-28.08842,0
153.40737,-28.08842,0
153.40737,-28.08842,0
153.40737,-28.08842,0
153.40738,-28.08842,0
153.40738,-28.08842,0
153.40738,-28.08842,0
153.40738,-28.08842,0
153.40738,-28.08842,0
153.40738,-28.08842,0
153.40738,-28.08842,0
153.40738,-28.08842,0
153.40738,-28.08842,0
153.40739,-28.08842,0
153.40739,-28.08842,0
153.40739,-28.08842,0
153.40739,-28.08842,0
153.40739,-28.08842,0
153.4074,-28.08842,0
153.4074,-28.08842,0
153.4074,-28.08842,0
153.4074,-28.08842,0
153.4074,-28.08842,0
153.4074,-28.08842,0
153.4074,-28.08842,0
153.4074,-28.08842,0
153.4074,-28.08842,0
153.40741,-28.08842,0
153.40741,-28.08842,0
153.40741,-28.08842,0
153.40741,-28.08842,0
153.40741,-28.08842,0
153.40742,-28.08842,0
153.40742,-28.08842,0
153.40742,-28.08842,0
153.40742,-28.08842,0
153.40742,-28.08842,0
153.40742,-28.08842,0
153.40742,-28.08842,0
153.40742,-28.08842,0
153.40742,-28.08842,0
153.40742,-28.08843,0
153.40742,-28.08843,0
153.40742,-28.08843,0
153.40742,-28.08843,0
153.40742,-28.08843,0
153.40743,-28.08843,0
153.40743,-28.08843,0
153.40743,-28.08843,0
153.40743,-28.08843,0
153.40743,-28.08843,0
153.40743,-28.08844,0
153.40743,-28.08844,0
153.40743,-28.08844,0
153.40743,-28.08844,0
153.40744,-28.08844,0
153.40744,-28.08844,0
153.40744,-28.08844,0
153.40744,-28.08844,0
153.40744,-28.08844,0
153.40744,-28.08845,0
153.40744,-28.08845,0
153.40744,-28.08845,0
153.40744,-28.08845,0
153.40744,-28.08845,0
153.40744,-28.08845,0
153.40744,-28.08845,0
153.40744,-28.08845,0
153.40744,-28.08845,0
153.40744,-28.08845,0
153.40745,-28.08846,0
153.40745,-28.08846,0
153.40745,-28.08846,0
153.40745,-28.08846,0
153.40746,-28.08846,0
153.40746,-28.08846,0
153.40746,-28.08846,0
153.40746,-28.08846,0
153.40746,-28.08846,0
153.40746,-28.08846,0
153.40746,-28.08846,0
153.40746,-28.08846,0
153.40746,-28.08846,0
153.40746,-28.08846,0
153.40746,-28.08846,0
153.40746,-28.08846,0
153.40746,-28.08846,0
153.40746,-28.08846,0
153.40747,-28.08847,0
153.40747,-28.08847,0
153.40747,-28.08847,0
153.40747,-28.08847,0
153.40747,-28.08847,0
153.40747,-28.08847,0
153.40747,-28.08847,0
153.40747,-28.08847,0
153.40747,-28.08847,0
153.40747,-28.08847,0
153.40748,-28.08848,0
153.40748,-28.08848,0
153.40748,-28.08848,0
153.40748,-28.08848,0
153.40749,-28.08848,0
153.40749,-28.08848,0
153.40749,-28.08848,0
153.40749,-28.08848,0
153.40749,-28.08848,0
153.40749,-28.08848,0
153.40749,-28.08848,0
153.40749,-28.08848,0
153.40749,-28.08848,0
153.40749,-28.08848,0
153.4075,-28.08849,0
153.4075,-28.08849,0
153.4075,-28.08849,0
153.4075,-28.08849,0
153.4075,-28.08849,0
153.4075,-28.08849,0
153.4075,-28.08849,0
153.4075,-28.08849,0
153.4075,-28.08849,0
153.4075,-28.08849,0
153.4075,-28.08849,0
153.4075,-28.08849,0
153.4075,-28.08849,0
153.4075,-28.08849,0
153.4075,-28.08849,0
153.4075,-28.08849,0
153.4075,-28.08849,0
153.4075,-28.08849,0
153.4075,-28.08849,0
153.4075,-28.08849,0
153.4075,-28.08849,0
153.4075,-28.08849,0
153.4075,-28.08849,0
153.4075,-28.08849,0
153.4075,-28.08849,0
153.4075,-28.08849,0
153.4075,-28.08849,0
153.4075,-28.08849,0
153.4075,-28.08849,0
153.4075,-28.08849,0
153.4075,-28.08849,0
153.4075,-28.08849,0
153.4075,-28.08849,0
153.4075,-28.08849,0
153.4075,-28.08849,0
153.4075,-28.08849,0
153.4075,-28.08849,0
153.4075,-28.08849,0
153.4075,-28.08849,0
153.4075,-28.08849,0
153.4075,-28.08849,0
153.4075,-28.08849,0
153.4075,-28.08849,0
153.4075,-28.08849,0
153.4075,-28.08849,0
153.4075,-28.08849,0
153.4075,-28.08849,0
153.4075,-28.08849,0
153.4075,-28.08849,0
153.4075,-28.08849,0
153.4075,-28.08849,0
153.4075,-28.08849,0
153.4075,-28.08849,0
153.4075,-28.08849,0
153.4075,-28.08849,0
153.4075,-28.08849,0
153.4075,-28.08849,0
153.4075,-28.08849,0
153.4075,-28.08849,0
153.4075,-28.08849,0
153.4075,-28.08849,0
153.4075,-28.08849,0
153.4075,-28.08849,0
153.4075,-28.08849,0
153.4075,-28.08849,0
153.4075,-28.08849,0
153.4075,-28.08849,0
153.4075,-28.08849,0
153.4075,-28.08849,0
153.4075,-28.08849,0
153.4075,-28.08849,0
153.4075,-28.08849,0
153.4075,-28.08849,0
153.4075,-28.08849,0
153.4075,-28.08849,0
153.4075,-28.08849,0
153.4075,-28.08849,0
153.4075,-28.08849,0
153.4075,-28.08849,0
153.4075,-28.08849,0
153.40751,-28.08849,0
153.40751,-28.08849,0
153.40751,-28.08849,0
153.40751,-28.08849,0
153.40751,-28.08849,0
153.40751,-28.0885,0
153.40751,-28.0885,0
153.40751,-28.0885,0
153.40751,-28.0885,0
153.40751,-28.0885,0
153.40751,-28.0885,0
153.40751,-28.0885,0
153.40751,-28.0885,0
153.40751,-28.0885,0
153.40751,-28.0885,0
153.40751,-28.0885,0
153.40751,-28.0885,0
153.40751,-28.0885,0
153.40751,-28.0885,0
153.40751,-28.0885,0
153.40751,-28.0885,0
153.40751,-28.0885,0
153.40751,-28.0885,0
153.40751,-28.0885,0
153.40751,-28.0885,0
153.40751,-28.0885,0
153.40751,-28.0885,0
153.40751,-28.0885,0
153.40751,-28.0885,0
153.40751,-28.0885,0
153.40751,-28.0885,0
153.40751,-28.0885,0
153.40751,-28.0885,0
153.40751,-28.0885,0
153.40751,-28.0885,0
153.40751,-28.0885,0
153.40751,-28.0885,0
153.40751,-28.0885,0
153.40751,-28.0885,0
153.40751,-28.0885,0
153.40751,-28.0885,0
153.40751,-28.0885,0
153.40751,-28.0885,0
153.40751,-28.0885,0
153.40751,-28.0885,0
153.40751,-28.0885,0
153.40751,-28.0885,0
153.40751,-28.0885,0
153.40751,-28.0885,0
153.40751,-28.0885,0
153.40751,-28.0885,0
153.40751,-28.0885,0
153.40751,-28.0885,0
153.40751,-28.0885,0
153.40751,-28.0885,0
153.40751,-28.0885,0
153.40751,-28.0885,0
153.40751,-28.0885,0
153.40751,-28.0885,0
153.40751,-28.0885,0
153.40751,-28.0885,0
153.40751,-28.0885,0
153.40751,-28.0885,0
153.40751,-28.0885,0
153.40751,-28.0885,0
153.40751,-28.0885,0
153.40752,-28.08849,0
153.40752,-28.08849,0
153.40752,-28.08849,0
153.40752,-28.08849,0
153.40752,-28.08849,0
153.40752,-28.08848,0
153.40752,-28.08848,0
153.40752,-28.08848,0
153.40752,-28.08848,0
153.40752,-28.08848,0
153.40753,-28.08848,0
153.40753,-28.08848,0
153.40753,-28.08848,0
153.40753,-28.08848,0
153.40753,-28.08848,0
153.40753,-28.08848,0
153.40753,-28.08848,0
153.40753,-28.08848,0
153.40753,-28.08848,0
153.40754,-28.08847,0
153.40754,-28.08847,0
153.40754,-28.08847,0
153.40754,-28.08847,0
153.40754,-28.08847,0
153.40754,-28.08847,0
153.40754,-28.08847,0
153.40754,-28.08847,0
153.40754,-28.08847,0
153.40755,-28.08846,0
153.40755,-28.08846,0
153.40755,-28.08846,0
153.40755,-28.08846,0
153.40755,-28.08846,0
153.40755,-28.08846,0
153.40755,-28.08846,0
153.40755,-28.08846,0
153.40755,-28.08846,0
153.40755,-28.08846,0
153.40756,-28.08846,0
153.40756,-28.08846,0
153.40756,-28.08846,0
153.40756,-28.08846,0
153.40756,-28.08846,0
153.40756,-28.08846,0
153.40756,-28.08846,0
153.40756,-28.08846,0
153.40756,-28.08846,0
153.40757,-28.08845,0
153.40757,-28.08845,0
153.40757,-28.08845,0
153.40757,-28.08845,0
153.40757,-28.08845,0
153.40757,-28.08845,0
153.40757,-28.08845,0
153.40757,-28.08845,0
153.40757,-28.08845,0
153.40757,-28.08845,0
153.40757,-28.08845,0
153.40757,-28.08845,0
153.40757,-28.08845,0
153.40757,-28.08845,0
153.40757,-28.08845,0
153.40758,-28.08846,0
153.40758,-28.08846,0
153.40758,-28.08846,0
153.40758,-28.08846,0
153.40758,-28.08846,0
153.40758,-28.08846,0
153.40758,-28.08846,0
153.40758,-28.08846,0
153.40758,-28.08846,0
153.40759,-28.08847,0
153.40759,-28.08847,0
153.40759,-28.08847,0
153.40759,-28.08847,0
153.40759,-28.08847,0
153.4076,-28.08847,0
153.4076,-28.08847,0
153.4076,-28.08847,0
153.4076,-28.08847,0
153.4076,-28.08847,0
153.4076,-28.08847,0
153.4076,-28.08847,0
153.4076,-28.08847,0
153.4076,-28.08847,0
153.4076,-28.08847,0
153.4076,-28.08847,0
153.4076,-28.08847,0
153.4076,-28.08847,0
153.4076,-28.08847,0
153.40761,-28.08848,0
153.40761,-28.08848,0
153.40761,-28.08848,0
153.40761,-28.08848,0
153.40762,-28.08848,0
153.40762,-28.08848,0
153.40762,-28.08848,0
153.40762,-28.08848,0
153.40762,-28.08848,0
153.40762,-28.08848,0
153.40762,-28.08848,0
153.40762,-28.08848,0
153.40762,-28.08848,0
153.40762,-28.08848,0
153.40762,-28.08849,0
153.40762,-28.08849,0
153.40762,-28.08849,0
153.40762,-28.08849,0
153.40762,-28.08849,0
153.40762,-28.08849,0
153.40762,-28.08849,0
153.40762,-28.08849,0
153.40762,-28.08849,0
153.40762,-28.08849,0
153.40762,-28.08849,0
153.40762,-28.08849,0
153.40762,-28.08849,0
153.40762,-28.08849,0
153.40762,-28.08849,0
153.40762,-28.08849,0
153.40762,-28.08849,0
153.40762,-28.08849,0
153.40762,-28.08849,0
153.40762,-28.08849,0
153.40762,-28.08849,0
153.40762,-28.08849,0
153.40762,-28.08849,0
153.40762,-28.08849,0
153.40762,-28.08849,0
153.40762,-28.08849,0
153.40762,-28.08849,0
153.40762,-28.08849,0
153.40762,-28.08848,0
153.40762,-28.08848,0
153.40762,-28.08848,0
153.40762,-28.08848,0
153.40762,-28.08848,0
153.40762,-28.08848,0
153.40762,-28.08848,0
153.40762,-28.08848,0
153.40762,-28.08848,0
153.40762,-28.08847,0
153.40762,-28.08847,0
153.40762,-28.08847,0
153.40762,-28.08847,0
153.40762,-28.08847,0
153.40762,-28.08847,0
153.40762,-28.08847,0
153.40762,-28.08847,0
153.40762,-28.08847,0
153.40762,-28.08847,0
153.40762,-28.08846,0
153.40762,-28.08846,0
153.40762,-28.08846,0
153.40762,-28.08846,0
153.40762,-28.08846,0
153.40761,-28.08845,0
153.40761,-28.08845,0
153.40761,-28.08845,0
153.40761,-28.08845,0
153.40761,-28.08845,0
153.40761,-28.08845,0
153.40761,-28.08845,0
153.40761,-28.08845,0
153.40761,-28.08845,0
153.40761,-28.08845,0
153.40761,-28.08845,0
153.40761,-28.08845,0
153.40761,-28.08845,0
153.40761,-28.08845,0
153.40761,-28.08844,0
153.40761,-28.08844,0
153.40761,-28.08844,0
153.40761,-28.08844,0
153.40761,-28.08844,0
153.40761,-28.08843,0
153.40761,-28.08843,0
153.40761,-28.08843,0
153.40761,-28.08843,0
153.4076,-28.08842,0
153.4076,-28.08842,0
153.4076,-28.08842,0
153.4076,-28.08842,0
153.4076,-28.08842,0
153.4076,-28.08842,0
153.4076,-28.08842,0
153.4076,-28.08842,0
153.4076,-28.08842,0
153.4076,-28.08842,0
153.4076,-28.08841,0
153.4076,-28.08841,0
153.4076,-28.08841,0
153.4076,-28.08841,0
153.4076,-28.08841,0
153.4076,-28.08841,0
153.4076,-28.08841,0
153.4076,-28.08841,0
153.4076,-28.08841,0
153.4076,-28.0884,0
153.4076,-28.0884,0
153.4076,-28.0884,0
153.4076,-28.0884,0
153.4076,-28.0884,0
153.40759,-28.0884,0
153.40759,-28.0884,0
153.40759,-28.0884,0
153.40759,-28.0884,0
153.40759,-28.0884,0
153.40759,-28.0884,0
153.40759,-28.0884,0
153.40759,-28.0884,0
153.40759,-28.0884,0
153.40759,-28.08839,0
153.40759,-28.08839,0
153.40759,-28.08839,0
153.40759,-28.08839,0
153.40759,-28.08839,0
153.40759,-28.08839,0
153.40759,-28.08839,0
153.40759,-28.08839,0
153.40759,-28.08839,0
153.40759,-28.08839,0
153.40759,-28.08839,0
153.40759,-28.08839,0
153.40759,-28.08839,0
153.40759,-28.08839,0
153.40758,-28.08838,0
153.40758,-28.08838,0
153.40758,-28.08838,0
153.40758,-28.08838,0
153.40758,-28.08838,0
153.40758,-28.08837,0
153.40758,-28.08837,0
153.40758,-28.08837,0
153.40758,-28.08837,0
153.40758,-28.08837,0
153.40757,-28.08837,0
153.40757,-28.08837,0
153.40757,-28.08837,0
153.40757,-28.08837,0
153.40757,-28.08837,0
153.40757,-28.08837,0
153.40757,-28.08837,0
153.40757,-28.08837,0
153.40757,-28.08837,0
153.40757,-28.08837,0
153.40757,-28.08837,0
153.40757,-28.08837,0
153.40757,-28.08837,0
153.40757,-28.08837,0
153.40756,-28.08836,0
153.40756,-28.08836,0
153.40756,-28.08836,0
153.40756,-28.08836,0
153.40756,-28.08836,0
153.40756,-28.08835,0
153.40756,-28.08835,0
153.40756,-28.08835,0
153.40756,-28.08835,0
153.40756,-28.08835,0
153.40755,-28.08835,0
153.40755,-28.08835,0
153.40755,-28.08835,0
153.40755,-28.08835,0
153.40755,-28.08835,0
153.40755,-28.08835,0
153.40755,-28.08835,0
153.40755,-28.08835,0
153.40755,-28.08835,0
153.40755,-28.08835,0
153.40755,-28.08835,0
153.40755,-28.08835,0
153.40755,-28.08835,0
153.40755,-28.08835,0
153.40755,-28.08835,0
153.40755,-28.08835,0
153.40755,-28.08835,0
153.40755,-28.08835,0
153.40755,-28.08835,0
153.40755,-28.08835,0
153.40755,-28.08835,0
153.40755,-28.08835,0
153.40755,-28.08835,0
153.40755,-28.08835,0
153.40755,-28.08835,0
153.40755,-28.08835,0
153.40755,-28.08835,0
153.40755,-28.08835,0
153.40755,-28.08835,0
153.40755,-28.08835,0
153.40755,-28.08835,0
153.40755,-28.08835,0
153.40755,-28.08835,0
153.40755,-28.08835,0
153.40755,-28.08835,0
153.40755,-28.08835,0
153.40755,-28.08835,0
153.40755,-28.08835,0
153.40755,-28.08835,0
153.40755,-28.08835,0
153.40755,-28.08835,0
153.40755,-28.08835,0
153.40755,-28.08835,0
153.40755,-28.08835,0
153.40755,-28.08835,0
153.40755,-28.08835,0
153.40755,-28.08835,0
153.40755,-28.08835,0
153.40755,-28.08835,0
153.40755,-28.08835,0
153.40755,-28.08835,0
153.40755,-28.08835,0
153.40755,-28.08835,0
153.40755,-28.08835,0
153.40755,-28.08835,0
153.40755,-28.08835,0
153.40755,-28.08835,0
153.40755,-28.08835,0
153.40755,-28.08835,0
153.40755,-28.08835,0
153.40755,-28.08835,0
153.40755,-28.08835,0
153.40755,-28.08835,0
153.40755,-28.08835,0
153.40755,-28.08835,0
153.40755,-28.08835,0
153.40755,-28.08835,0
153.40755,-28.08835,0
153.40755,-28.08835,0
153.40755,-28.08835,0
153.40755,-28.08835,0
153.40755,-28.08835,0
153.40755,-28.08835,0
153.40755,-28.08835,0
153.40755,-28.08835,0
153.40755,-28.08835,0
153.40755,-28.08835,0
153.40755,-28.08835,0
153.40755,-28.08835,0
153.40755,-28.08835,0
153.40755,-28.08835,0
153.40755,-28.08835,0
153.40755,-28.08835,0
153.40755,-28.08835,0
153.40755,-28.08835,0
153.40755,-28.08835,0
153.40755,-28.08835,0
153.40755,-28.08835,0
153.40755,-28.08835,0
153.40755,-28.08835,0
153.40755,-28.08835,0
153.40755,-28.08835,0
153.40755,-28.08835,0
153.40755,-28.08835,0
153.40755,-28.08835,0
153.40755,-28.08835,0
153.40755,-28.08835,0
153.40755,-28.08835,0
153.40755,-28.08835,0
153.40755,-28.08835,0
153.40755,-28.08835,0
153.40755,-28.08835,0
153.40755,-28.08835,0
153.40755,-28.08835,0
153.40755,-28.08835,0
153.40755,-28.08835,0
153.40755,-28.08835,0
153.40755,-28.08835,0
153.40755,-28.08835,0
153.40755,-28.08835,0
153.40755,-28.08835,0
153.40755,-28.08835,0
153.40755,-28.08835,0
153.40755,-28.08835,0
153.40755,-28.08835,0
153.40755,-28.08835,0
153.40755,-28.08835,0
153.40755,-28.08835,0
153.40755,-28.08835,0
153.40755,-28.08835,0
153.40755,-28.08835,0
153.40755,-28.08835,0
153.40755,-28.08835,0
153.40755,-28.08835,0
153.40755,-28.08835,0
153.40755,-28.08835,0
153.40755,-28.08835,0
153.40755,-28.08835,0
153.40755,-28.08835,0
153.40755,-28.08835,0
153.40755,-28.08835,0
153.40755,-28.08835,0
153.40755,-28.08835,0
153.40755,-28.08835,0
153.40755,-28.08835,0
153.40755,-28.08835,0
153.40755,-28.08835,0
153.40755,-28.08835,0
153.40755,-28.08835,0
153.40755,-28.08835,0
153.40755,-28.08835,0
153.40755,-28.08835,0
153.40755,-28.08835,0
153.40755,-28.08835,0
153.40755,-28.08835,0
153.40755,-28.08835,0
153.40755,-28.08835,0
153.40755,-28.08835,0
153.40755,-28.08835,0
153.40755,-28.08835,0
153.40755,-28.08835,0
153.40755,-28.08835,0
153.40755,-28.08835,0
153.40755,-28.08835,0
153.40755,-28.08835,0
153.40755,-28.08835,0
153.40755,-28.08835,0
153.40755,-28.08835,0
153.40755,-28.08835,0
153.40755,-28.08835,0
153.40755,-28.08835,0
153.40755,-28.08835,0
153.40755,-28.08835,0
153.40755,-28.08835,0
153.40755,-28.08835,0
153.40755,-28.08835,0
153.40755,-28.08835,0
153.40755,-28.08835,0
153.40755,-28.08835,0
153.40755,-28.08835,0
153.40755,-28.08835,0
153.40755,-28.08835,0
153.40755,-28.08835,0
153.40755,-28.08835,0
153.40755,-28.08834,0
153.40755,-28.08834,0
153.40755,-28.08834,0
153.40755,-28.08834,0
153.40755,-28.08834,0
153.40755,-28.08834,0
153.40755,-28.08834,0
153.40755,-28.08834,0
153.40755,-28.08834,0
153.40754,-28.08833,0
153.40754,-28.08833,0
153.40754,-28.08833,0
153.40754,-28.08833,0
153.40754,-28.08833,0
153.40754,-28.08832,0
153.40754,-28.08832,0
153.40754,-28.08832,0
153.40754,-28.08832,0
153.40754,-28.08832,0
153.40754,-28.08832,0
153.40754,-28.08832,0
153.40754,-28.08832,0
153.40754,-28.08832,0
153.40753,-28.08831,0
153.40753,-28.08831,0
153.40753,-28.08831,0
153.40753,-28.08831,0
153.40753,-28.08831,0
153.40753,-28.08831,0
153.40753,-28.08831,0
153.40753,-28.08831,0
153.40753,-28.08831,0
153.40753,-28.08831,0
153.40753,-28.0883,0
153.40753,-28.0883,0
153.40753,-28.0883,0
153.40753,-28.0883,0
153.40753,-28.0883,0
153.40753,-28.08829,0
153.40753,-28.08829,0
153.40753,-28.08829,0
153.40753,-28.08829,0
153.40753,-28.08829,0
153.40753,-28.08829,0
153.40753,-28.08829,0
153.40753,-28.08829,0
153.40753,-28.08829,0
153.40753,-28.08828,0
153.40753,-28.08828,0
153.40753,-28.08828,0
153.40753,-28.08828,0
153.40753,-28.08828,0
153.40752,-28.08828,0
153.40752,-28.08828,0
153.40752,-28.08828,0
153.40752,-28.08828,0
153.40752,-28.08827,0
153.40752,-28.08827,0
153.40752,-28.08827,0
153.40752,-28.08827,0
153.40752,-28.08827,0
153.40752,-28.08827,0
153.40752,-28.08827,0
153.40752,-28.08827,0
153.40752,-28.08827,0
153.40752,-28.08827,0
153.40752,-28.08826,0
153.40752,-28.08826,0
153.40752,-28.08826,0
153.40752,-28.08826,0
153.40752,-28.08826,0
153.40752,-28.08826,0
153.40752,-28.08826,0
153.40752,-28.08826,0
153.40752,-28.08826,0
153.40752,-28.08825,0
153.40752,-28.08825,0
153.40752,-28.08825,0
153.40752,-28.08825,0
153.40752,-28.08825,0
153.40752,-28.08825,0
153.40752,-28.08825,0
153.40752,-28.08825,0
153.40752,-28.08825,0
153.40752,-28.08825,0
153.40752,-28.08825,0
153.40752,-28.08825,0
153.40752,-28.08825,0
153.40752,-28.08825,0
153.40751,-28.08824,0
153.40751,-28.08824,0
153.40751,-28.08824,0
153.40751,-28.08824,0
153.40751,-28.08824,0
153.40751,-28.08824,0
153.40751,-28.08824,0
153.40751,-28.08824,0
153.40751,-28.08824,0
153.40751,-28.08824,0
153.40751,-28.08824,0
153.40751,-28.08824,0
153.40751,-28.08824,0
153.40751,-28.08824,0
153.40751,-28.08824,0
153.40751,-28.08824,0
153.40751,-28.08824,0
153.40751,-28.08824,0
153.40751,-28.08824,0
153.40751,-28.08824,0
153.40751,-28.08824,0
153.40751,-28.08824,0
153.40751,-28.08824,0
153.40751,-28.08824,0
153.40751,-28.08824,0
153.40751,-28.08824,0
153.40751,-28.08824,0
153.40751,-28.08824,0
153.40751,-28.08824,0
153.40751,-28.08824,0
153.40751,-28.08824,0
153.40751,-28.08824,0
153.40751,-28.08824,0
153.40751,-28.08824,0
153.40751,-28.08824,0
153.40751,-28.08824,0
153.40751,-28.08824,0
153.40751,-28.08824,0
153.40751,-28.08824,0
153.40751,-28.08824,0
153.40751,-28.08824,0
153.40751,-28.08824,0
153.40751,-28.08824,0
153.40751,-28.08824,0
153.40751,-28.08824,0
153.40751,-28.08824,0
153.40751,-28.08824,0
153.40751,-28.08824,0
153.40751,-28.08824,0
153.40751,-28.08824,0
153.40751,-28.08824,0
153.40751,-28.08824,0
153.40751,-28.08824,0
153.40751,-28.08824,0
153.40751,-28.08824,0
153.40751,-28.08824,0
153.40751,-28.08824,0
153.40751,-28.08824,0
153.40751,-28.08824,0
153.40751,-28.08824,0
153.40751,-28.08824,0
153.40751,-28.08824,0
153.40751,-28.08824,0
153.40751,-28.08824,0
153.40751,-28.08824,0
153.40751,-28.08824,0
153.40751,-28.08824,0
153.40751,-28.08824,0
153.40751,-28.08824,0
153.40751,-28.08824,0
153.40751,-28.08824,0
153.40751,-28.08824,0
153.40751,-28.08824,0
153.40751,-28.08824,0
153.40751,-28.08824,0
153.40751,-28.08824,0
153.40751,-28.08824,0
153.40751,-28.08824,0
153.40751,-28.08824,0
153.40751,-28.08824,0
153.40751,-28.08824,0
153.40751,-28.08824,0
153.40751,-28.08824,0
153.40751,-28.08824,0
153.40751,-28.08824,0
153.40751,-28.08824,0
153.40751,-28.08824,0
153.40751,-28.08824,0
153.40751,-28.08824,0
153.40751,-28.08824,0
153.40751,-28.08824,0
153.40751,-28.08824,0
153.40751,-28.08824,0
153.40751,-28.08824,0
153.40751,-28.08824,0
153.40751,-28.08824,0
153.40751,-28.08824,0
153.40751,-28.08824,0
153.40751,-28.08824,0
153.40751,-28.08824,0
153.40751,-28.08824,0
153.40751,-28.08824,0
153.40751,-28.08824,0
153.40751,-28.08824,0
153.40751,-28.08824,0
153.40751,-28.08824,0
153.40751,-28.08824,0
153.40751,-28.08824,0
153.40751,-28.08824,0
153.40751,-28.08824,0
153.40751,-28.08824,0
153.40751,-28.08824,0
153.40751,-28.08824,0
153.40751,-28.08824,0
153.40751,-28.08824,0
153.40751,-28.08824,0
153.40751,-28.08824,0
153.40751,-28.08824,0
153.40751,-28.08824,0
153.40751,-28.08824,0
153.40751,-28.08824,0
153.40751,-28.08824,0
153.40751,-28.08824,0
153.40751,-28.08824,0
153.40751,-28.08824,0
153.40751,-28.08824,0
153.40751,-28.08824,0
153.40751,-28.08824,0
153.40751,-28.08824,0
153.40751,-28.08824,0
153.40751,-28.08824,0
153.40751,-28.08824,0
153.40751,-28.08824,0
153.40751,-28.08824,0
153.40751,-28.08824,0
153.40751,-28.08824,0
153.40751,-28.08824,0
153.40751,-28.08824,0
153.40751,-28.08824,0
153.40751,-28.08824,0
153.40751,-28.08824,0
153.40751,-28.08824,0
153.40751,-28.08824,0
153.40751,-28.08824,0
153.40751,-28.08824,0
153.40751,-28.08824,0
153.40751,-28.08824,0
153.40751,-28.08824,0
153.40751,-28.08824,0
153.40751,-28.08824,0
153.40751,-28.08824,0
153.40751,-28.08824,0
153.40751,-28.08824,0
153.40751,-28.08824,0
153.40751,-28.08824,0
153.40751,-28.08824,0
153.40751,-28.08824,0
153.40751,-28.08824,0
153.40751,-28.08824,0
153.40751,-28.08824,0
153.40751,-28.08824,0
153.40751,-28.08824,0
153.40751,-28.08824,0
153.40751,-28.08824,0
153.40751,-28.08824,0
153.40751,-28.08824,0
153.40751,-28.08824,0
153.40751,-28.08824,0
153.40751,-28.08824,0
153.40751,-28.08824,0
153.40751,-28.08824,0
153.40751,-28.08824,0
153.40751,-28.08824,0
153.40751,-28.08824,0
153.40751,-28.08824,0
153.40752,-28.08823,0
153.40752,-28.08823,0
153.40752,-28.08823,0
153.40752,-28.08823,0
153.40752,-28.08823,0
153.40752,-28.08823,0
153.40752,-28.08823,0
153.40752,-28.08823,0
153.40752,-28.08823,0
153.40753,-28.08823,0
153.40753,-28.08823,0
153.40753,-28.08823,0
153.40753,-28.08823,0
153.40753,-28.08823,0
153.40754,-28.08823,0
153.40754,-28.08823,0
153.40754,-28.08823,0
153.40754,-28.08823,0
153.40755,-28.08823,0
153.40755,-28.08823,0
153.40755,-28.08823,0
153.40755,-28.08823,0
153.40755,-28.08823,0
153.40756,-28.08823,0
153.40756,-28.08823,0
153.40756,-28.08823,0
153.40756,-28.08823,0
153.40756,-28.08823,0
153.40756,-28.08823,0
153.40756,-28.08823,0
153.40756,-28.08823,0
153.40756,-28.08823,0
153.40756,-28.08823,0
153.40757,-28.08823,0
153.40757,-28.08823,0
153.40757,-28.08823,0
153.40757,-28.08823,0
153.40757,-28.08823,0
153.40757,-28.08824,0
153.40757,-28.08824,0
153.40757,-28.08824,0
153.40757,-28.08824,0
153.40758,-28.08824,0
153.40758,-28.08824,0
153.40758,-28.08824,0
153.40758,-28.08824,0
153.40758,-28.08824,0
153.40758,-28.08824,0
153.40758,-28.08824,0
153.40758,-28.08824,0
153.40758,-28.08824,0
153.40758,-28.08824,0
153.40758,-28.08824,0
153.40758,-28.08824,0
153.40758,-28.08824,0
153.40758,-28.08824,0
153.40758,-28.08824,0
153.40758,-28.08824,0
153.40758,-28.08824,0
153.40758,-28.08824,0
153.40758,-28.08824,0
153.40758,-28.08824,0
153.40758,-28.08824,0
153.40758,-28.08824,0
153.40758,-28.08824,0
153.40758,-28.08824,0
153.40758,-28.08824,0
153.40758,-28.08824,0
153.40758,-28.08824,0
153.40758,-28.08824,0
153.40758,-28.08824,0
153.40758,-28.08824,0
153.40758,-28.08824,0
153.40758,-28.08824,0
153.40758,-28.08824,0
153.40758,-28.08824,0
153.40758,-28.08824,0
153.40758,-28.08824,0
153.40758,-28.08824,0
153.40758,-28.08824,0
153.40758,-28.08824,0
153.40758,-28.08824,0
153.40758,-28.08824,0
153.40758,-28.08824,0
153.40758,-28.08824,0
153.40759,-28.08825,0
153.40759,-28.08825,0
153.40759,-28.08825,0
153.40759,-28.08825,0
153.4076,-28.08825,0
153.4076,-28.08825,0
153.4076,-28.08825,0
153.4076,-28.08825,0
153.4076,-28.08825,0
153.4076,-28.08825,0
153.4076,-28.08825,0
153.4076,-28.08825,0
153.4076,-28.08825,0
153.4076,-28.08825,0
153.40761,-28.08825,0
153.40761,-28.08825,0
153.40761,-28.08825,0
153.40761,-28.08825,0
153.40761,-28.08825,0
153.40761,-28.08826,0
153.40761,-28.08826,0
153.40761,-28.08826,0
153.40761,-28.08826,0
153.40762,-28.08826,0
153.40762,-28.08826,0
153.40762,-28.08826,0
153.40762,-28.08826,0
153.40762,-28.08826,0
153.40762,-28.08826,0
153.40762,-28.08826,0
153.40762,-28.08826,0
153.40762,-28.08826,0
153.40762,-28.08826,0
153.40763,-28.08826,0
153.40763,-28.08826,0
153.40763,-28.08826,0
153.40763,-28.08826,0
153.40763,-28.08826,0
153.40763,-28.08827,0
153.40763,-28.08827,0
153.40763,-28.08827,0
153.40763,-28.08827,0
153.40763,-28.08827,0
153.40763,-28.08827,0
153.40763,-28.08827,0
153.40763,-28.08827,0
153.40763,-28.08827,0
153.40765,-28.08827,0
153.40765,-28.08827,0
153.40765,-28.08827,0
153.40765,-28.08827,0
153.40765,-28.08827,0
153.40765,-28.08827,0
153.40765,-28.08827,0
153.40765,-28.08827,0
153.40765,-28.08827,0
153.40765,-28.08827,0
153.40766,-28.08827,0
153.40766,-28.08827,0
153.40766,-28.08827,0
153.40766,-28.08827,0
153.40766,-28.08827,0
153.40766,-28.08827,0
153.40766,-28.08827,0
153.40766,-28.08827,0
153.40766,-28.08827,0
153.40767,-28.08828,0
153.40767,-28.08828,0
153.40767,-28.08828,0
153.40767,-28.08828,0
153.40767,-28.08828,0
153.40767,-28.08828,0
153.40767,-28.08828,0
153.40767,-28.08828,0
153.40767,-28.08828,0
153.40767,-28.08828,0
153.40767,-28.08828,0
153.40767,-28.08828,0
153.40767,-28.08828,0
153.40767,-28.08828,0
153.40767,-28.08828,0
153.40768,-28.08828,0
153.40768,-28.08828,0
153.40768,-28.08828,0
153.40768,-28.08828,0
153.40768,-28.08828,0
153.40768,-28.08828,0
153.40768,-28.08828,0
153.40768,-28.08828,0
153.40768,-28.08828,0
153.40769,-28.08829,0
153.40769,-28.08829,0
153.40769,-28.08829,0
153.40769,-28.08829,0
153.40769,-28.08829,0
153.4077,-28.08829,0
153.4077,-28.08829,0
153.4077,-28.08829,0
153.4077,-28.08829,0
153.4077,-28.08829,0
153.4077,-28.08829,0
153.4077,-28.08829,0
153.4077,-28.08829,0
153.4077,-28.08829,0
153.4077,-28.08829,0
153.4077,-28.08829,0
153.4077,-28.08829,0
153.4077,-28.08829,0
153.4077,-28.08829,0
153.4077,-28.08829,0
153.4077,-28.08829,0
153.4077,-28.08829,0
153.4077,-28.08829,0
153.4077,-28.08829,0
153.4077,-28.08829,0
153.4077,-28.08829,0
153.4077,-28.08829,0
153.4077,-28.08829,0
153.4077,-28.08829,0
153.4077,-28.08829,0
153.4077,-28.08829,0
153.4077,-28.08829,0
153.4077,-28.08829,0
153.4077,-28.08829,0
153.4077,-28.08829,0
153.4077,-28.08829,0
153.4077,-28.08829,0
153.4077,-28.08829,0
153.4077,-28.08829,0
153.4077,-28.08829,0
153.4077,-28.08829,0
153.4077,-28.08829,0
153.4077,-28.08829,0
153.4077,-28.08829,0
153.4077,-28.08829,0
153.4077,-28.08829,0
153.4077,-28.08829,0
153.4077,-28.08829,0
153.4077,-28.08829,0
153.4077,-28.08829,0
153.4077,-28.08829,0
153.4077,-28.08829,0
153.4077,-28.08829,0
153.4077,-28.08829,0
153.4077,-28.08829,0
153.4077,-28.08829,0
153.4077,-28.08829,0
153.4077,-28.08829,0
153.4077,-28.08829,0
153.4077,-28.08829,0
153.4077,-28.08829,0
153.4077,-28.08829,0
153.4077,-28.08829,0
153.4077,-28.08829,0
153.4077,-28.08829,0
153.4077,-28.08829,0
153.4077,-28.08829,0
153.4077,-28.08829,0
153.4077,-28.08829,0
153.4077,-28.08829,0
153.4077,-28.08829,0
153.4077,-28.08829,0
153.4077,-28.08829,0
153.4077,-28.08829,0
153.4077,-28.08829,0
153.4077,-28.08829,0
153.4077,-28.08829,0
153.4077,-28.08829,0
153.4077,-28.08829,0
153.4077,-28.08829,0
153.4077,-28.08829,0
153.4077,-28.08829,0
153.4077,-28.08829,0
153.4077,-28.08829,0
153.4077,-28.08829,0
153.4077,-28.08829,0
153.4077,-28.08829,0
153.4077,-28.08829,0
153.4077,-28.08829,0
153.4077,-28.08829,0
153.4077,-28.0883,0
153.4077,-28.0883,0
153.4077,-28.0883,0
153.4077,-28.0883,0
153.4077,-28.0883,0
153.40771,-28.0883,0
153.40771,-28.0883,0
153.40771,-28.0883,0
153.40771,-28.0883,0
153.40771,-28.08831,0
153.40771,-28.08831,0
153.40771,-28.08831,0
153.40771,-28.08831,0
153.40771,-28.08831,0
153.40771,-28.08831,0
153.40771,-28.08831,0
153.40771,-28.08831,0
153.40771,-28.08831,0
153.40771,-28.08831,0
153.40771,-28.08831,0
153.40771,-28.08831,0
153.40771,-28.08831,0
153.40771,-28.08831,0
153.40772,-28.08832,0
153.40772,-28.08832,0
153.40772,-28.08832,0
153.40772,-28.08832,0
153.40772,-28.08832,0
153.40772,-28.08832,0
153.40772,-28.08832,0
153.40772,-28.08832,0
153.40772,-28.08832,0
153.40772,-28.08832,0
153.40773,-28.08833,0
153.40773,-28.08833,0
153.40773,-28.08833,0
153.40773,-28.08833,0
153.40773,-28.08834,0
153.40773,-28.08834,0
153.40773,-28.08834,0
153.40773,-28.08834,0
153.40773,-28.08834,0
153.40774,-28.08834,0
153.40774,-28.08834,0
153.40774,-28.08834,0
153.40774,-28.08834,0
153.40774,-28.08834,0
153.40774,-28.08835,0
153.40774,-28.08835,0
153.40774,-28.08835,0
153.40774,-28.08835,0
153.40774,-28.08835,0
153.40774,-28.08835,0
153.40774,-28.08835,0
153.40774,-28.08835,0
153.40774,-28.08835,0
153.40775,-28.08835,0
153.40775,-28.08835,0
153.40775,-28.08835,0
153.40775,-28.08835,0
153.40775,-28.08835,0
153.40775,-28.08836,0
153.40775,-28.08836,0
153.40775,-28.08836,0
153.40775,-28.08836,0
153.40776,-28.08836,0
153.40776,-28.08836,0
153.40776,-28.08836,0
153.40776,-28.08836,0
153.40776,-28.08836,0
153.40776,-28.08837,0
153.40776,-28.08837,0
153.40776,-28.08837,0
153.40776,-28.08837,0
153.40776,-28.08837,0
153.40776,-28.08837,0
153.40776,-28.08837,0
153.40776,-28.08837,0
153.40776,-28.08837,0
153.40776,-28.08837,0
153.40776,-28.08837,0
153.40776,-28.08837,0
153.40776,-28.08837,0
153.40776,-28.08837,0
153.40777,-28.08838,0
153.40777,-28.08838,0
153.40777,-28.08838,0
153.40777,-28.08838,0
153.40777,-28.08838,0
153.40778,-28.08839,0
153.40778,-28.08839,0
153.40778,-28.08839,0
153.40778,-28.08839,0
153.40778,-28.08839,0
153.40778,-28.08839,0
153.40778,-28.08839,0
153.40778,-28.08839,0
153.40778,-28.08839,0
153.40778,-28.08839,0
153.40779,-28.08839,0
153.40779,-28.08839,0
153.40779,-28.08839,0
153.40779,-28.08839,0
153.40779,-28.0884,0
153.40779,-28.0884,0
153.40779,-28.0884,0
153.40779,-28.0884,0
153.40779,-28.0884,0
153.40779,-28.0884,0
153.40779,-28.0884,0
153.40779,-28.0884,0
153.40779,-28.0884,0
153.40779,-28.0884,0
153.4078,-28.08841,0
153.4078,-28.08841,0
153.4078,-28.08841,0
153.4078,-28.08841,0
153.4078,-28.08841,0
153.4078,-28.08841,0
153.4078,-28.08841,0
153.4078,-28.08841,0
153.4078,-28.08841,0
153.4078,-28.08842,0
153.4078,-28.08842,0
153.4078,-28.08842,0
153.4078,-28.08842,0
153.4078,-28.08842,0
153.40781,-28.08842,0
153.40781,-28.08842,0
153.40781,-28.08842,0
153.40781,-28.08842,0
153.40781,-28.08842,0
153.40781,-28.08843,0
153.40781,-28.08843,0
153.40781,-28.08843,0
153.40781,-28.08843,0
153.40781,-28.08843,0
153.40781,-28.08843,0
153.40781,-28.08843,0
153.40781,-28.08843,0
153.40781,-28.08843,0
153.40781,-28.08843,0
153.40781,-28.08843,0
153.40781,-28.08843,0
153.40781,-28.08843,0
153.40781,-28.08843,0
153.40782,-28.08844,0
153.40782,-28.08844,0
153.40782,-28.08844,0
153.40782,-28.08844,0
153.40782,-28.08844,0
153.40782,-28.08844,0
153.40782,-28.08844,0
153.40782,-28.08844,0
153.40782,-28.08844,0
153.40782,-28.08844,0
153.40782,-28.08844,0
153.40782,-28.08844,0
153.40782,-28.08844,0
153.40782,-28.08844,0
153.40782,-28.08844,0
153.40782,-28.08844,0
153.40782,-28.08844,0
153.40782,-28.08844,0
153.40782,-28.08844,0
153.40782,-28.08844,0
153.40782,-28.08844,0
153.40782,-28.08844,0
153.40782,-28.08844,0
153.40782,-28.08844,0
153.40782,-28.08844,0
153.40782,-28.08844,0
153.40782,-28.08844,0
153.40782,-28.08844,0
153.40782,-28.08844,0
153.40782,-28.08844,0
153.40782,-28.08844,0
153.40782,-28.08844,0
153.40782,-28.08844,0
153.40782,-28.08844,0
153.40782,-28.08844,0
153.40782,-28.08844,0
153.40782,-28.08844,0
153.40782,-28.08844,0
153.40782,-28.08844,0
153.40782,-28.08844,0
153.40782,-28.08844,0
153.40782,-28.08844,0
153.40782,-28.08844,0
153.40782,-28.08844,0
153.40782,-28.08844,0
153.40782,-28.08844,0
153.40782,-28.08844,0
153.40782,-28.08844,0
153.40782,-28.08844,0
153.40782,-28.08844,0
153.40782,-28.08844,0
153.40782,-28.08844,0
153.40782,-28.08844,0
153.40782,-28.08844,0
153.40782,-28.08844,0
153.40782,-28.08844,0
153.40782,-28.08844,0
153.40782,-28.08844,0
153.40782,-28.08844,0
153.40782,-28.08844,0
153.40782,-28.08844,0
153.40782,-28.08844,0
153.40782,-28.08844,0
153.40782,-28.08844,0
153.40782,-28.08844,0
153.40782,-28.08844,0
153.40782,-28.08844,0
153.40782,-28.08844,0
153.40782,-28.08844,0
153.40782,-28.08844,0
153.40782,-28.08844,0
153.40782,-28.08844,0
153.40782,-28.08844,0
153.40782,-28.08844,0
153.40782,-28.08844,0
153.40782,-28.08844,0
153.40782,-28.08844,0
153.40782,-28.08844,0
153.40782,-28.08844,0
153.40782,-28.08844,0
153.40782,-28.08844,0
153.40782,-28.08844,0
153.40782,-28.08844,0
153.40782,-28.08844,0
153.40782,-28.08844,0
153.40782,-28.08844,0
153.40782,-28.08844,0
153.40782,-28.08844,0
153.40782,-28.08844,0
153.40782,-28.08844,0
153.40782,-28.08844,0
153.40782,-28.08844,0
153.40782,-28.08844,0
153.40782,-28.08844,0
153.40782,-28.08844,0
153.40782,-28.08844,0
153.40782,-28.08844,0
153.40782,-28.08844,0
153.40782,-28.08844,0
153.40782,-28.08844,0
153.40782,-28.08844,0
153.40782,-28.08844,0
153.40782,-28.08844,0
153.40782,-28.08844,0
153.40782,-28.08844,0
153.40782,-28.08844,0
153.40782,-28.08844,0
153.40782,-28.08844,0
153.40782,-28.08844,0
153.40782,-28.08844,0
153.40782,-28.08844,0
153.40782,-28.08844,0
153.40782,-28.08844,0
153.40782,-28.08844,0
153.40782,-28.08844,0
153.40782,-28.08844,0
153.40782,-28.08844,0
153.40782,-28.08844,0
153.40782,-28.08844,0
153.40782,-28.08844,0
153.40782,-28.08844,0
153.40782,-28.08844,0
153.40782,-28.08844,0
153.40782,-28.08844,0
153.40782,-28.08844,0
153.40782,-28.08844,0
153.40782,-28.08844,0
153.40782,-28.08844,0
153.40782,-28.08844,0
153.40782,-28.08844,0
153.40782,-28.08844,0
153.40782,-28.08844,0
153.40782,-28.08844,0
153.40782,-28.08844,0
153.40782,-28.08844,0
153.40782,-28.08844,0
153.40782,-28.08844,0
153.40782,-28.08844,0
153.40782,-28.08844,0
153.40782,-28.08844,0
153.40782,-28.08844,0
153.40782,-28.08844,0
153.40782,-28.08844,0
153.40782,-28.08844,0
153.40782,-28.08844,0
153.40782,-28.08844,0
153.40782,-28.08844,0
153.40782,-28.08844,0
153.40782,-28.08844,0
153.40782,-28.08844,0
153.40782,-28.08844,0
153.40782,-28.08844,0
153.40782,-28.08844,0
153.40782,-28.08844,0
153.40782,-28.08844,0
153.40782,-28.08844,0
153.40782,-28.08844,0
153.40782,-28.08844,0
153.40782,-28.08844,0
153.40782,-28.08844,0
153.40782,-28.08844,0
153.40782,-28.08844,0
153.40782,-28.08844,0
153.40782,-28.08844,0
153.40782,-28.08844,0
153.40782,-28.08844,0
153.40782,-28.08844,0
153.40782,-28.08844,0
153.40782,-28.08844,0
153.40782,-28.08844,0
153.40782,-28.08844,0
153.40782,-28.08844,0
153.40782,-28.08844,0
153.40782,-28.08844,0
153.40782,-28.08844,0
153.40782,-28.08844,0
153.40782,-28.08844,0
153.40782,-28.08844,0
153.40782,-28.08844,0
153.40782,-28.08844,0
153.40782,-28.08844,0
153.40782,-28.08844,0
153.40782,-28.08844,0
153.40782,-28.08844,0
153.40782,-28.08844,0
153.40782,-28.08844,0
153.40782,-28.08844,0
153.40782,-28.08844,0
153.40782,-28.08844,0
153.40782,-28.08844,0
153.40782,-28.08844,0
153.40782,-28.08844,0
153.40782,-28.08844,0
153.40782,-28.08844,0
153.40782,-28.08844,0
153.40782,-28.08844,0
153.40782,-28.08844,0
153.40782,-28.08844,0
153.40782,-28.08844,0
153.40782,-28.08844,0
153.40782,-28.08844,0
153.40782,-28.08844,0
153.40782,-28.08844,0
153.40782,-28.08844,0
153.40782,-28.08844,0
153.40782,-28.08844,0
153.40782,-28.08844,0
153.40782,-28.08844,0
153.40782,-28.08844,0
153.40782,-28.08844,0
153.40782,-28.08844,0
153.40782,-28.08844,0
153.40782,-28.08844,0
153.40782,-28.08844,0
153.40782,-28.08844,0
153.40782,-28.08844,0
153.40782,-28.08844,0
153.40782,-28.08844,0
153.40782,-28.08844,0
153.40782,-28.08844,0
153.40782,-28.08844,0
153.40782,-28.08844,0
153.40782,-28.08844,0
153.40782,-28.08844,0
153.40782,-28.08844,0
153.40782,-28.08844,0
153.40782,-28.08844,0
153.40782,-28.08844,0
153.40782,-28.08844,0
153.40782,-28.08844,0
153.40782,-28.08844,0
153.40782,-28.08844,0
153.40782,-28.08844,0
153.40782,-28.08844,0
153.40782,-28.08844,0
153.40782,-28.08844,0
153.40782,-28.08844,0
153.40782,-28.08844,0
153.40782,-28.08844,0
153.40782,-28.08844,0
153.40782,-28.08844,0
153.40782,-28.08844,0
153.40782,-28.08844,0
153.40782,-28.08844,0
153.40782,-28.08844,0
153.40782,-28.08844,0
153.40782,-28.08844,0
153.40782,-28.08844,0
153.40782,-28.08844,0
153.40782,-28.08844,0
153.40782,-28.08844,0
153.40782,-28.08844,0
153.40782,-28.08844,0
153.40782,-28.08844,0
153.40782,-28.08844,0
153.40782,-28.08844,0
153.40782,-28.08844,0
153.40782,-28.08844,0
153.40782,-28.08844,0
153.40782,-28.08844,0
153.40782,-28.08844,0
153.40782,-28.08844,0
153.40782,-28.08844,0
153.40782,-28.08844,0
153.40782,-28.08844,0
153.40782,-28.08844,0
153.40782,-28.08844,0
153.40782,-28.08844,0
153.40782,-28.08844,0
153.40782,-28.08844,0
153.40782,-28.08844,0
153.40782,-28.08844,0
153.40782,-28.08844,0
153.40782,-28.08844,0
153.40782,-28.08844,0
153.40782,-28.08844,0
153.40782,-28.08844,0
153.40782,-28.08844,0
153.40782,-28.08844,0
153.40782,-28.08844,0
153.40782,-28.08844,0
153.40782,-28.08844,0
153.40782,-28.08844,0
153.40782,-28.08844,0
153.40782,-28.08844,0
153.40782,-28.08844,0
153.40782,-28.08844,0
153.40782,-28.08844,0
153.40782,-28.08844,0
153.40782,-28.08844,0
153.40782,-28.08844,0
153.40782,-28.08844,0
153.40782,-28.08844,0
153.40782,-28.08844,0
153.40782,-28.08844,0
153.40782,-28.08844,0
153.40782,-28.08844,0
153.40782,-28.08844,0
153.40782,-28.08844,0
153.40782,-28.08844,0
153.40782,-28.08844,0
153.40782,-28.08844,0
153.40782,-28.08844,0
153.40782,-28.08844,0
153.40782,-28.08844,0
153.40782,-28.08844,0
153.40782,-28.08844,0
153.40783,-28.08844,0
153.40783,-28.08844,0
153.40783,-28.08844,0
153.40783,-28.08844,0
153.40783,-28.08844,0
153.40784,-28.08844,0
153.40784,-28.08844,0
153.40784,-28.08844,0
153.40784,-28.08844,0
153.40784,-28.08844,0
153.40784,-28.08844,0
153.40784,-28.08844,0
153.40784,-28.08844,0
153.40784,-28.08844,0
153.40785,-28.08844,0
153.40785,-28.08844,0
153.40785,-28.08844,0
153.40785,-28.08844,0
153.40785,-28.08844,0
153.40785,-28.08844,0
153.40785,-28.08844,0
153.40785,-28.08844,0
153.40785,-28.08844,0
153.40785,-28.08844,0
153.40786,-28.08844,0
153.40786,-28.08844,0
153.40786,-28.08844,0
153.40786,-28.08844,0
153.40786,-28.08844,0
153.40786,-28.08844,0
153.40786,-28.08844,0
153.40786,-28.08844,0
153.40786,-28.08844,0
153.40787,-28.08844,0
153.40787,-28.08844,0
153.40787,-28.08844,0
153.40787,-28.08844,0
153.40787,-28.08844,0
153.40787,-28.08844,0
153.40787,-28.08844,0
153.40787,-28.08844,0
153.40787,-28.08844,0
153.40787,-28.08844,0
153.40787,-28.08844,0
153.40787,-28.08844,0
153.40787,-28.08844,0
153.40787,-28.08844,0
153.40787,-28.08844,0
153.40787,-28.08844,0
153.40787,-28.08844,0
153.40787,-28.08844,0
153.40787,-28.08844,0
153.40787,-28.08844,0
153.40787,-28.08844,0
153.40787,-28.08844,0
153.40787,-28.08844,0
153.40787,-28.08844,0
153.40787,-28.08844,0
153.40787,-28.08844,0
153.40787,-28.08844,0
153.40787,-28.08844,0
153.40787,-28.08844,0
153.40787,-28.08844,0
153.40787,-28.08844,0
153.40787,-28.08844,0
153.40787,-28.08844,0
153.40787,-28.08844,0
153.40787,-28.08844,0
153.40787,-28.08844,0
153.40787,-28.08844,0
153.40787,-28.08844,0
153.40787,-28.08844,0
153.40787,-28.08844,0
153.40787,-28.08844,0
153.40787,-28.08844,0
153.40787,-28.08844,0
153.40787,-28.08844,0
153.40787,-28.08844,0
153.40787,-28.08844,0
153.40787,-28.08844,0
153.40787,-28.08844,0
153.40787,-28.08844,0
153.40787,-28.08844,0
153.40787,-28.08844,0
153.40787,-28.08844,0
153.40787,-28.08844,0
153.40787,-28.08844,0
153.40787,-28.08844,0
153.40787,-28.08844,0
153.40787,-28.08844,0
153.40787,-28.08844,0
153.40787,-28.08844,0
153.40787,-28.08844,0
153.40787,-28.08844,0
153.40787,-28.08844,0
153.40787,-28.08844,0
153.40787,-28.08844,0
153.40787,-28.08844,0
153.40787,-28.08844,0
153.40787,-28.08844,0
153.40787,-28.08844,0
153.40787,-28.08844,0
153.40787,-28.08844,0
153.40787,-28.08844,0
153.40787,-28.08844,0
153.40787,-28.08844,0
153.40787,-28.08844,0
153.40787,-28.08844,0
153.40787,-28.08844,0
153.40787,-28.08844,0
153.40787,-28.08844,0
153.40787,-28.08844,0
153.40787,-28.08844,0
153.40787,-28.08844,0
153.40787,-28.08844,0
153.40787,-28.08844,0
153.40787,-28.08844,0
153.40787,-28.08844,0
153.40787,-28.08844,0
153.40787,-28.08844,0
153.40787,-28.08844,0
153.40787,-28.08844,0
153.40787,-28.08844,0
153.40787,-28.08844,0
153.40787,-28.08844,0
153.40787,-28.08844,0
153.40787,-28.08844,0
153.40787,-28.08844,0
153.40787,-28.08844,0
153.40787,-28.08844,0
153.40787,-28.08844,0
153.40787,-28.08844,0
153.40787,-28.08844,0
153.40787,-28.08844,0
153.40787,-28.08844,0
153.40787,-28.08844,0
153.40787,-28.08844,0
153.40787,-28.08844,0
153.40787,-28.08844,0
153.40787,-28.08844,0
153.40787,-28.08844,0
153.40787,-28.08844,0
153.40787,-28.08844,0
153.40787,-28.08844,0
153.40787,-28.08844,0
153.40787,-28.08844,0
153.40787,-28.08844,0
153.40788,-28.08844,0
153.40788,-28.08844,0
153.40788,-28.08844,0
153.40788,-28.08844,0
153.40788,-28.08844,0
153.40788,-28.08844,0
153.40788,-28.08844,0
153.40788,-28.08844,0
153.40788,-28.08844,0
153.40788,-28.08844,0
153.40788,-28.08844,0
153.40788,-28.08844,0
153.40788,-28.08844,0
153.40788,-28.08844,0
153.40789,-28.08844,0
153.40789,-28.08844,0
153.40789,-28.08844,0
153.40789,-28.08844,0
153.40789,-28.08844,0
153.4079,-28.08843,0
153.4079,-28.08843,0
153.4079,-28.08843,0
153.4079,-28.08843,0
153.4079,-28.08843,0
153.4079,-28.08843,0
153.4079,-28.08843,0
153.4079,-28.08843,0
153.4079,-28.08843,0
153.4079,-28.08843,0
153.40791,-28.08843,0
153.40791,-28.08843,0
153.40791,-28.08843,0
153.40791,-28.08843,0
153.40791,-28.08843,0
153.40791,-28.08843,0
153.40791,-28.08843,0
153.40791,-28.08843,0
153.40791,-28.08843,0
153.40791,-28.08843,0
153.40791,-28.08843,0
153.40791,-28.08843,0
153.40791,-28.08843,0
153.40791,-28.08843,0
153.40792,-28.08843,0
153.40792,-28.08843,0
153.40792,-28.08843,0
153.40792,-28.08843,0
153.40792,-28.08843,0
153.40792,-28.08843,0
153.40792,-28.08843,0
153.40792,-28.08843,0
153.40792,-28.08843,0
153.40792,-28.08843,0
153.40792,-28.08843,0
153.40792,-28.08843,0
153.40792,-28.08843,0
153.40792,-28.08843,0
153.40792,-28.08843,0
153.40792,-28.08843,0
153.40792,-28.08843,0
153.40792,-28.08843,0
153.40792,-28.08843,0
153.40792,-28.08843,0
153.40792,-28.08843,0
153.40792,-28.08843,0
153.40792,-28.08843,0
153.40792,-28.08843,0
153.40792,-28.08843,0
153.40792,-28.08843,0
153.40792,-28.08843,0
153.40792,-28.08843,0
153.40792,-28.08843,0
153.40792,-28.08843,0
153.40792,-28.08843,0
153.40792,-28.08843,0
153.40792,-28.08843,0
153.40792,-28.08843,0
153.40792,-28.08843,0
153.40792,-28.08843,0
153.40792,-28.08843,0
153.40792,-28.08843,0
153.40792,-28.08843,0
153.40792,-28.08843,0
153.40792,-28.08843,0
153.40792,-28.08843,0
153.40792,-28.08843,0
153.40792,-28.08843,0
153.40792,-28.08843,0
153.40792,-28.08843,0
153.40792,-28.08843,0
153.40792,-28.08843,0
153.40792,-28.08843,0
153.40792,-28.08843,0
153.40792,-28.08843,0
153.40792,-28.08843,0
153.40792,-28.08843,0
153.40792,-28.08844,0
153.40792,-28.08844,0
153.40792,-28.08844,0
153.40792,-28.08844,0
153.40792,-28.08844,0
153.40792,-28.08844,0
153.40792,-28.08844,0
153.40792,-28.08844,0
153.40792,-28.08844,0
153.40792,-28.08844,0
153.40792,-28.08844,0
153.40792,-28.08844,0
153.40792,-28.08844,0
153.40792,-28.08844,0
153.40792,-28.08844,0
153.40792,-28.08844,0
153.40792,-28.08844,0
153.40792,-28.08844,0
153.40792,-28.08844,0
153.40792,-28.08844,0
153.40792,-28.08844,0
153.40792,-28.08844,0
153.40792,-28.08844,0
153.40792,-28.08844,0
153.40792,-28.08844,0
153.40792,-28.08844,0
153.40792,-28.08844,0
153.40792,-28.08844,0
153.40792,-28.08844,0
153.40792,-28.08844,0
153.40792,-28.08844,0
153.40792,-28.08844,0
153.40792,-28.08844,0
153.40792,-28.08844,0
153.40792,-28.08844,0
153.40792,-28.08844,0
153.40792,-28.08844,0
153.40792,-28.08844,0
153.40792,-28.08844,0
153.40792,-28.08844,0
153.40792,-28.08844,0
153.40792,-28.08844,0
153.40792,-28.08844,0
153.40792,-28.08844,0
153.40792,-28.08844,0
153.40792,-28.08844,0
153.40792,-28.08844,0
153.40792,-28.08844,0
153.40792,-28.08844,0
153.40792,-28.08844,0
153.40792,-28.08844,0
153.40792,-28.08844,0
153.40792,-28.08844,0
153.40792,-28.08844,0
153.40792,-28.08844,0
153.40792,-28.08844,0
153.40792,-28.08844,0
153.40792,-28.08844,0
153.40792,-28.08844,0
153.40792,-28.08844,0
153.40792,-28.08844,0
153.40792,-28.08844,0
153.40792,-28.08844,0
153.40792,-28.08844,0
153.40792,-28.08844,0
153.40792,-28.08844,0
153.40792,-28.08844,0
153.40792,-28.08844,0
153.40792,-28.08844,0
153.40792,-28.08844,0
153.40792,-28.08844,0
153.40792,-28.08844,0
153.40792,-28.08844,0
153.40792,-28.08844,0
153.40792,-28.08844,0
153.40792,-28.08844,0
153.40792,-28.08844,0
153.40792,-28.08844,0
153.40792,-28.08844,0
153.40792,-28.08844,0
153.40792,-28.08844,0
153.40792,-28.08844,0
153.40792,-28.08844,0
153.40792,-28.08844,0
153.40792,-28.08844,0
153.40792,-28.08844,0
153.40792,-28.08844,0
153.40792,-28.08844,0
153.40792,-28.08844,0
153.40792,-28.08844,0
153.40792,-28.08844,0
153.40792,-28.08844,0
153.40792,-28.08844,0
153.40792,-28.08844,0
153.40792,-28.08844,0
153.40792,-28.08844,0
153.40792,-28.08844,0
153.40792,-28.08844,0
153.40792,-28.08844,0
153.40792,-28.08844,0
153.40792,-28.08844,0
153.40792,-28.08844,0
153.40792,-28.08844,0
153.40792,-28.08844,0
153.40792,-28.08844,0
153.40792,-28.08844,0
153.40792,-28.08844,0
153.40792,-28.08844,0
153.40792,-28.08844,0
153.40792,-28.08844,0
153.40792,-28.08844,0
153.40792,-28.08844,0
153.40792,-28.08844,0
153.40792,-28.08844,0
153.40792,-28.08844,0
153.40792,-28.08844,0
153.40792,-28.08844,0
153.40792,-28.08844,0
153.40792,-28.08844,0
153.40792,-28.08844,0
153.40792,-28.08844,0
153.40792,-28.08844,0
153.40792,-28.08844,0
153.40792,-28.08844,0
153.40792,-28.08844,0
153.40792,-28.08844,0
153.40792,-28.08844,0
153.40792,-28.08844,0
153.40792,-28.08844,0
153.40792,-28.08844,0
153.40792,-28.08844,0
153.40792,-28.08844,0
153.40792,-28.08844,0
153.40792,-28.08844,0
153.40792,-28.08844,0
153.40792,-28.08844,0
153.40792,-28.08844,0
153.40792,-28.08844,0
153.40792,-28.08844,0
153.40792,-28.08844,0
153.40792,-28.08844,0
153.40792,-28.08844,0
153.40792,-28.08844,0
153.40792,-28.08844,0
153.40792,-28.08844,0
153.40792,-28.08844,0
153.40792,-28.08844,0
153.40792,-28.08844,0
153.40792,-28.08844,0
153.40792,-28.08844,0
153.40792,-28.08844,0
153.40792,-28.08844,0
153.40792,-28.08844,0
153.40792,-28.08844,0
153.40792,-28.08844,0
153.40792,-28.08844,0
153.40792,-28.08844,0
153.40792,-28.08844,0
153.40792,-28.08844,0
153.40792,-28.08844,0
153.40792,-28.08844,0
153.40792,-28.08844,0
153.40792,-28.08844,0
153.40792,-28.08844,0
153.40792,-28.08844,0
153.40792,-28.08844,0
153.40792,-28.08844,0
153.40792,-28.08844,0
153.40792,-28.08844,0
153.40792,-28.08844,0
153.40792,-28.08844,0
153.40792,-28.08844,0
153.40792,-28.08844,0
153.40792,-28.08844,0
153.40792,-28.08844,0
153.40792,-28.08844,0
153.40792,-28.08844,0
153.40792,-28.08844,0
153.40792,-28.08844,0
153.40792,-28.08844,0
153.40792,-28.08844,0
153.40792,-28.08844,0
153.40792,-28.08844,0
153.40792,-28.08844,0
153.40792,-28.08844,0
153.40792,-28.08844,0
153.40792,-28.08844,0
153.40792,-28.08844,0
153.40792,-28.08844,0
153.40792,-28.08844,0
153.40792,-28.08844,0
153.40792,-28.08844,0
153.40792,-28.08844,0
153.40792,-28.08844,0
153.40792,-28.08844,0
153.40792,-28.08844,0
153.40792,-28.08844,0
153.40792,-28.08844,0
153.40792,-28.08844,0
153.40792,-28.08844,0
153.40792,-28.08844,0
153.40792,-28.08844,0
153.40792,-28.08844,0
153.40792,-28.08844,0
153.40792,-28.08844,0
153.40792,-28.08844,0
153.40792,-28.08844,0
153.40792,-28.08844,0
153.40792,-28.08844,0
153.40792,-28.08844,0
153.40792,-28.08844,0
153.40792,-28.08844,0
153.40792,-28.08844,0
153.40792,-28.08844,0
153.40792,-28.08844,0
153.40792,-28.08844,0
153.40792,-28.08844,0
153.40792,-28.08844,0
153.40792,-28.08844,0
153.40792,-28.08844,0
153.40792,-28.08844,0
153.40792,-28.08844,0
153.40792,-28.08844,0
153.40792,-28.08844,0
153.40792,-28.08844,0
153.40792,-28.08844,0
153.40792,-28.08844,0
153.40792,-28.08844,0
153.40792,-28.08844,0
153.40792,-28.08844,0
153.40792,-28.08844,0
153.40792,-28.08844,0
153.40792,-28.08844,0
153.40792,-28.08844,0
153.40792,-28.08844,0
153.40792,-28.08844,0
153.40792,-28.08844,0
153.40792,-28.08844,0
153.40792,-28.08844,0
153.40792,-28.08844,0
153.40792,-28.08844,0
153.40792,-28.08844,0
153.40792,-28.08844,0
153.40792,-28.08844,0
153.40792,-28.08844,0
153.40792,-28.08844,0
153.40792,-28.08844,0
153.40792,-28.08844,0
153.40792,-28.08844,0
153.40792,-28.08844,0
153.40792,-28.08844,0
153.40792,-28.08844,0
153.40792,-28.08844,0
153.40792,-28.08844,0
153.40792,-28.08844,0
153.40792,-28.08844,0
153.40792,-28.08844,0
153.40792,-28.08844,0
153.40792,-28.08844,0
153.40792,-28.08844,0
153.40792,-28.08844,0
153.40792,-28.08844,0
153.40792,-28.08844,0
153.40792,-28.08844,0
153.40792,-28.08844,0
153.40792,-28.08844,0
153.40792,-28.08844,0
153.40792,-28.08844,0
153.40792,-28.08844,0
153.40792,-28.08844,0
153.40792,-28.08844,0
153.40792,-28.08844,0
153.40792,-28.08844,0
153.40792,-28.08844,0
153.40792,-28.08844,0
153.40792,-28.08844,0
153.40792,-28.08844,0
153.40792,-28.08844,0
153.40792,-28.08844,0
153.40792,-28.08844,0
153.40792,-28.08844,0
153.40792,-28.08844,0
153.40792,-28.08844,0
153.40792,-28.08844,0
153.40791,-28.08844,0
153.40791,-28.08844,0
153.40791,-28.08844,0
153.40791,-28.08844,0
153.40791,-28.08844,0
153.40791,-28.08844,0
153.40791,-28.08844,0
153.40791,-28.08844,0
153.40791,-28.08844,0
153.40791,-28.08844,0
153.40791,-28.08844,0
153.40791,-28.08844,0
153.40791,-28.08844,0
153.40791,-28.08844,0
153.40791,-28.08844,0
153.40791,-28.08844,0
153.40791,-28.08844,0
153.40791,-28.08844,0
153.40791,-28.08844,0
153.40791,-28.08844,0
153.40791,-28.08844,0
153.40791,-28.08844,0
153.40791,-28.08844,0
153.40791,-28.08844,0
153.40791,-28.08844,0
153.40791,-28.08844,0
153.40791,-28.08844,0
153.40791,-28.08844,0
153.40791,-28.08844,0
153.40791,-28.08844,0
153.40791,-28.08844,0
153.40791,-28.08844,0
153.40791,-28.08844,0
153.40791,-28.08844,0
153.40791,-28.08844,0
153.40791,-28.08844,0
153.40791,-28.08844,0
153.40791,-28.08844,0
153.40791,-28.08844,0
153.40791,-28.08844,0
153.40791,-28.08844,0
153.40791,-28.08844,0
153.40791,-28.08844,0
153.40791,-28.08844,0
153.40791,-28.08844,0
153.40791,-28.08844,0
153.40791,-28.08844,0
153.40791,-28.08844,0
153.40791,-28.08844,0
153.40791,-28.08844,0
153.40791,-28.08844,0
153.40791,-28.08844,0
153.40791,-28.08844,0
153.40791,-28.08844,0
153.40791,-28.08844,0
153.40791,-28.08844,0
153.40791,-28.08844,0
153.40791,-28.08844,0
153.40791,-28.08844,0
153.40791,-28.08844,0
153.40791,-28.08844,0
153.40791,-28.08844,0
153.40791,-28.08844,0
153.40791,-28.08844,0
153.40791,-28.08844,0
153.40791,-28.08844,0
153.40791,-28.08844,0
153.40791,-28.08844,0
153.40791,-28.08844,0
153.40791,-28.08844,0
153.40791,-28.08844,0
153.40791,-28.08844,0
153.40791,-28.08844,0
153.40791,-28.08844,0
153.40791,-28.08844,0
153.40791,-28.08844,0
153.40791,-28.08844,0
153.40791,-28.08844,0
153.40791,-28.08844,0
153.40791,-28.08844,0
153.40791,-28.08844,0
153.40791,-28.08844,0
153.40791,-28.08844,0
153.40791,-28.08844,0
153.40791,-28.08844,0
153.40791,-28.08844,0
153.40791,-28.08844,0
153.40791,-28.08844,0
153.40791,-28.08844,0
153.40791,-28.08844,0
153.40791,-28.08844,0
153.40791,-28.08844,0
153.40791,-28.08844,0
153.40791,-28.08844,0
153.40791,-28.08844,0
153.40791,-28.08844,0
153.40791,-28.08844,0
153.40791,-28.08844,0
153.40791,-28.08844,0
153.40791,-28.08844,0
153.40791,-28.08844,0
153.40791,-28.08844,0
153.40791,-28.08844,0
153.40791,-28.08844,0
153.40791,-28.08844,0
153.40791,-28.08844,0
153.40791,-28.08844,0
153.40791,-28.08844,0
153.40791,-28.08844,0
153.40791,-28.08844,0
153.40791,-28.08844,0
153.40791,-28.08844,0
153.40791,-28.08844,0
153.40791,-28.08844,0
153.40791,-28.08844,0
153.40791,-28.08844,0
153.40791,-28.08844,0
153.40791,-28.08844,0
153.40791,-28.08844,0
153.40791,-28.08844,0
153.40791,-28.08844,0
153.40791,-28.08844,0
153.40791,-28.08844,0
153.40791,-28.08844,0
153.40791,-28.08844,0
153.40791,-28.08844,0
153.40791,-28.08844,0
153.40791,-28.08844,0
153.40791,-28.08844,0
153.40791,-28.08844,0
153.40791,-28.08844,0
153.40791,-28.08844,0
153.40791,-28.08844,0
153.40791,-28.08844,0
153.40791,-28.08844,0
153.40791,-28.08844,0
153.40791,-28.08844,0
153.40791,-28.08844,0
153.40791,-28.08844,0
153.40791,-28.08844,0
153.40791,-28.08844,0
153.40791,-28.08844,0
153.40791,-28.08844,0
153.40791,-28.08844,0
153.40791,-28.08844,0
153.40791,-28.08844,0
153.40791,-28.08844,0
153.40791,-28.08844,0
153.40791,-28.08844,0
153.40791,-28.08844,0
153.40791,-28.08844,0
153.40791,-28.08844,0
153.40791,-28.08844,0
153.40791,-28.08844,0
153.40791,-28.08844,0
153.40791,-28.08844,0
153.40791,-28.08844,0
153.40791,-28.08844,0
153.40791,-28.08844,0
153.40791,-28.08844,0
153.40791,-28.08844,0
153.40791,-28.08844,0
153.40791,-28.08844,0
153.40791,-28.08844,0
153.40791,-28.08844,0
153.40791,-28.08844,0
153.40791,-28.08844,0
153.40791,-28.08844,0
153.40791,-28.08844,0
153.40791,-28.08844,0
153.40791,-28.08844,0
153.40791,-28.08844,0
153.40791,-28.08844,0
153.40791,-28.08844,0
153.40791,-28.08844,0
153.40791,-28.08844,0
153.40791,-28.08844,0
153.40791,-28.08844,0
153.40791,-28.08844,0
153.40791,-28.08844,0
153.40791,-28.08844,0
153.40791,-28.08844,0
153.40791,-28.08844,0
153.40791,-28.08844,0
153.40791,-28.08844,0
153.40791,-28.08844,0
153.40791,-28.08844,0
153.40791,-28.08844,0
153.40791,-28.08844,0
153.40791,-28.08844,0
153.40791,-28.08844,0
153.40791,-28.08844,0
153.40791,-28.08844,0
153.40791,-28.08844,0
153.40791,-28.08844,0
153.40791,-28.08844,0
153.40791,-28.08844,0
153.40791,-28.08844,0
153.40791,-28.08844,0
153.40791,-28.08844,0
153.40791,-28.08844,0
153.40791,-28.08844,0
153.40791,-28.08844,0
153.40791,-28.08844,0
153.40791,-28.08844,0
153.40791,-28.08844,0
153.40791,-28.08844,0
153.40791,-28.08844,0
153.40791,-28.08844,0
153.40791,-28.08844,0
153.40791,-28.08844,0
153.40791,-28.08844,0
153.40791,-28.08844,0
153.40791,-28.08844,0
153.40791,-28.08844,0
153.40791,-28.08844,0
153.40791,-28.08844,0
153.40791,-28.08844,0
153.40791,-28.08844,0
153.40791,-28.08844,0
153.40791,-28.08844,0
153.40791,-28.08844,0
153.40791,-28.08844,0
153.40791,-28.08844,0
153.40791,-28.08844,0
153.40791,-28.08844,0
153.40791,-28.08844,0
153.40791,-28.08844,0
153.40791,-28.08844,0
153.40791,-28.08844,0
153.40791,-28.08844,0
153.40791,-28.08844,0
153.40791,-28.08844,0
153.40791,-28.08844,0
153.40791,-28.08844,0
153.40791,-28.08844,0
153.40791,-28.08844,0
153.40791,-28.08844,0
153.40791,-28.08844,0
153.40791,-28.08844,0
153.40791,-28.08844,0
153.40791,-28.08844,0
153.40791,-28.08844,0
153.40791,-28.08844,0
153.40791,-28.08844,0
153.40791,-28.08844,0
153.40791,-28.08844,0
153.40791,-28.08844,0
153.40791,-28.08844,0
153.40791,-28.08844,0
153.40791,-28.08844,0
153.40791,-28.08844,0
153.40791,-28.08844,0
153.40791,-28.08844,0
153.40791,-28.08844,0
153.40791,-28.08844,0
153.40791,-28.08844,0
153.40791,-28.08844,0
153.40791,-28.08844,0
153.40791,-28.08844,0
153.40791,-28.08844,0
153.40791,-28.08844,0
153.40791,-28.08844,0
153.40791,-28.08844,0
153.40791,-28.08844,0
153.40791,-28.08844,0
153.40791,-28.08844,0
153.40791,-28.08844,0
153.40791,-28.08844,0
153.40791,-28.08844,0
153.40791,-28.08844,0
153.40791,-28.08844,0
153.40791,-28.08844,0
153.40791,-28.08844,0
153.40791,-28.08844,0
153.40791,-28.08844,0
153.40791,-28.08844,0
153.40791,-28.08844,0
153.40791,-28.08844,0
153.40791,-28.08844,0
153.40791,-28.08844,0
153.40791,-28.08844,0
153.40791,-28.08844,0
153.40791,-28.08844,0
153.40791,-28.08844,0
153.40791,-28.08844,0
153.40791,-28.08844,0
153.40791,-28.08844,0
153.40791,-28.08844,0
153.40791,-28.08844,0
153.40791,-28.08844,0
153.40791,-28.08844,0
153.40791,-28.08844,0
153.40791,-28.08844,0
153.40791,-28.08844,0
153.40791,-28.08844,0
153.40791,-28.08844,0
153.40791,-28.08844,0
153.40791,-28.08844,0
153.40791,-28.08844,0
153.40791,-28.08844,0
153.40791,-28.08844,0
153.40791,-28.08844,0
153.40791,-28.08844,0
153.40791,-28.08844,0
153.40791,-28.08844,0
153.40791,-28.08844,0
153.40791,-28.08844,0
153.40791,-28.08844,0
153.40791,-28.08844,0
153.40791,-28.08844,0
153.40791,-28.08844,0
153.40791,-28.08844,0
153.40791,-28.08844,0
153.40791,-28.08844,0
153.40791,-28.08844,0
153.40791,-28.08844,0
153.40791,-28.08844,0
153.40791,-28.08844,0
153.40791,-28.08844,0
153.40791,-28.08844,0
153.40791,-28.08844,0
153.40791,-28.08844,0
153.40791,-28.08844,0
153.40791,-28.08844,0
153.40791,-28.08844,0
153.40791,-28.08844,0
153.40791,-28.08844,0
153.40791,-28.08844,0
153.40791,-28.08844,0
153.40791,-28.08844,0
153.40791,-28.08844,0
153.40791,-28.08844,0
153.40791,-28.08844,0
153.40791,-28.08844,0
153.40791,-28.08844,0
153.40791,-28.08844,0
153.40791,-28.08844,0
153.40791,-28.08844,0
153.40791,-28.08844,0
153.40791,-28.08844,0
153.40791,-28.08844,0
153.40791,-28.08844,0
153.40791,-28.08844,0
153.40791,-28.08844,0
153.40791,-28.08844,0
153.40791,-28.08844,0
153.40791,-28.08844,0
153.40791,-28.08844,0
153.40791,-28.08844,0
153.40791,-28.08844,0
153.40791,-28.08844,0
153.40791,-28.08844,0
153.40791,-28.08844,0
153.40791,-28.08844,0
153.40791,-28.08844,0
153.40791,-28.08844,0
153.40791,-28.08844,0
153.40791,-28.08844,0
153.40791,-28.08844,0
153.40791,-28.08844,0
153.40791,-28.08844,0
153.40791,-28.08844,0
153.40791,-28.08844,0
153.40791,-28.08844,0
153.40791,-28.08844,0
153.40791,-28.08844,0
153.40791,-28.08844,0
153.40791,-28.08844,0
153.40791,-28.08844,0
153.40791,-28.08844,0
153.40791,-28.08844,0
153.40791,-28.08844,0
153.40791,-28.08844,0
153.40791,-28.08844,0
153.40791,-28.08844,0
153.40791,-28.08844,0
153.40791,-28.08844,0
153.40791,-28.08844,0
153.40791,-28.08844,0
153.40791,-28.08844,0
153.40791,-28.08844,0
153.40791,-28.08844,0
153.40791,-28.08844,0
153.40791,-28.08844,0
153.40791,-28.08844,0
153.40791,-28.08844,0
153.40791,-28.08844,0
153.40791,-28.08844,0
153.40791,-28.08844,0
153.40791,-28.08844,0
153.40791,-28.08844,0
153.40791,-28.08844,0
153.40792,-28.08844,0
153.40792,-28.08844,0
153.40792,-28.08844,0
153.40792,-28.08844,0
153.40792,-28.08844,0
153.40792,-28.08844,0
153.40792,-28.08844,0
153.40792,-28.08844,0
153.40792,-28.08844,0
153.40792,-28.08844,0
153.40792,-28.08844,0
153.40792,-28.08844,0
153.40792,-28.08844,0
153.40792,-28.08844,0
153.40792,-28.08844,0
153.40792,-28.08844,0
153.40792,-28.08844,0
153.40792,-28.08844,0
153.40792,-28.08844,0
153.40792,-28.08844,0
153.40792,-28.08844,0
153.40792,-28.08844,0
153.40792,-28.08844,0
153.40792,-28.08844,0
153.40792,-28.08844,0
153.40792,-28.08844,0
153.40792,-28.08844,0
153.40792,-28.08844,0
153.40792,-28.08844,0
153.40792,-28.08844,0
153.40792,-28.08844,0
153.40792,-28.08844,0
153.40792,-28.08844,0
153.40792,-28.08844,0
153.40792,-28.08844,0
153.40792,-28.08844,0
153.40792,-28.08844,0
153.40792,-28.08844,0
153.40792,-28.08844,0
153.40792,-28.08844,0
153.40792,-28.08844,0
153.40792,-28.08844,0
153.40792,-28.08844,0
153.40792,-28.08844,0
153.40792,-28.08844,0
153.40792,-28.08844,0
153.40792,-28.08844,0
153.40792,-28.08844,0
153.40792,-28.08844,0
153.40792,-28.08844,0
153.40792,-28.08844,0
153.40792,-28.08844,0
153.40792,-28.08844,0
153.40792,-28.08844,0
153.40792,-28.08844,0
153.40792,-28.08844,0
153.40792,-28.08844,0
153.40792,-28.08844,0
153.40792,-28.08844,0
153.40792,-28.08844,0
153.40792,-28.08844,0
153.40792,-28.08844,0
153.40792,-28.08844,0
153.40792,-28.08844,0
153.40792,-28.08844,0
153.40792,-28.08844,0
153.40792,-28.08844,0
153.40792,-28.08844,0
153.40792,-28.08844,0
153.40792,-28.08844,0
153.40792,-28.08844,0
153.40792,-28.08844,0
153.40792,-28.08844,0
153.40792,-28.08844,0
153.40792,-28.08844,0
153.40792,-28.08844,0
153.40792,-28.08844,0
153.40792,-28.08844,0
153.40792,-28.08844,0
153.40792,-28.08844,0
153.40792,-28.08844,0
153.40792,-28.08844,0
153.40792,-28.08844,0
153.40792,-28.08844,0
153.40792,-28.08844,0
153.40792,-28.08844,0
153.40792,-28.08844,0
153.40792,-28.08844,0
153.40792,-28.08844,0
153.40792,-28.08844,0
153.40792,-28.08844,0
153.40792,-28.08844,0
153.40792,-28.08844,0
153.40792,-28.08844,0
153.40792,-28.08844,0
153.40792,-28.08844,0
153.40792,-28.08844,0
153.40792,-28.08844,0
153.40792,-28.08844,0
153.40792,-28.08844,0
153.40792,-28.08844,0
153.40792,-28.08844,0
153.40792,-28.08844,0
153.40792,-28.08844,0
153.40792,-28.08844,0
153.40792,-28.08844,0
153.40792,-28.08844,0
153.40792,-28.08844,0
153.40792,-28.08844,0
153.40792,-28.08844,0
153.40792,-28.08844,0
153.40792,-28.08844,0
153.40792,-28.08844,0
153.40792,-28.08844,0
153.40792,-28.08844,0
153.40792,-28.08844,0
153.40792,-28.08844,0
153.40792,-28.08844,0
153.40792,-28.08844,0
153.40792,-28.08844,0
153.40792,-28.08844,0
153.40792,-28.08844,0
153.40792,-28.08844,0
153.40792,-28.08844,0
153.40792,-28.08844,0
153.40792,-28.08844,0
153.40792,-28.08844,0
153.40792,-28.08844,0
153.40792,-28.08844,0
153.40792,-28.08844,0
153.40792,-28.08844,0
153.40792,-28.08844,0
153.40792,-28.08844,0
153.40792,-28.08844,0
153.40792,-28.08844,0
153.40792,-28.08844,0
153.40792,-28.08844,0
153.40792,-28.08844,0
153.40792,-28.08844,0
153.40792,-28.08844,0
153.40792,-28.08844,0
153.40792,-28.08844,0
153.40792,-28.08844,0
153.40792,-28.08844,0
153.40792,-28.08844,0
153.40792,-28.08844,0
153.40792,-28.08844,0
153.40792,-28.08844,0
153.40792,-28.08844,0
153.40792,-28.08844,0
153.40792,-28.08844,0
153.40792,-28.08844,0
153.40792,-28.08844,0
153.40792,-28.08844,0
153.40792,-28.08844,0
153.40792,-28.08844,0
153.40792,-28.08844,0
153.40792,-28.08844,0
153.40792,-28.08844,0
153.40792,-28.08844,0
153.40792,-28.08844,0
153.40792,-28.08844,0
153.40792,-28.08844,0
153.40792,-28.08844,0
153.40792,-28.08844,0
153.40792,-28.08844,0
153.40792,-28.08844,0
153.40792,-28.08844,0
153.40792,-28.08844,0
153.40792,-28.08844,0
153.40792,-28.08844,0
153.40792,-28.08844,0
153.40792,-28.08844,0
153.40792,-28.08844,0
153.40792,-28.08844,0
153.40792,-28.08844,0
153.40792,-28.08844,0
153.40792,-28.08844,0
153.40792,-28.08844,0
153.40792,-28.08844,0
153.40792,-28.08844,0
153.40792,-28.08844,0
153.40792,-28.08844,0
153.40792,-28.08844,0
153.40792,-28.08844,0
153.40792,-28.08844,0
153.40792,-28.08844,0
153.40792,-28.08844,0
153.40792,-28.08844,0
153.40792,-28.08844,0
153.40792,-28.08844,0
153.40792,-28.08844,0
153.40792,-28.08844,0
153.40792,-28.08844,0
153.40792,-28.08844,0
153.40792,-28.08844,0
153.40792,-28.08844,0
153.40792,-28.08844,0
153.40792,-28.08844,0
153.40792,-28.08844,0
153.40792,-28.08844,0
153.40792,-28.08844,0
153.40792,-28.08844,0
153.40792,-28.08844,0
153.40792,-28.08844,0
153.40792,-28.08844,0
153.40792,-28.08844,0
153.40792,-28.08844,0
153.40792,-28.08844,0
153.40792,-28.08844,0
153.40792,-28.08844,0
153.40792,-28.08844,0
153.40792,-28.08844,0
153.40792,-28.08844,0
153.40792,-28.08844,0
153.40792,-28.08844,0
153.40792,-28.08844,0
153.40792,-28.08844,0
153.40792,-28.08844,0
153.40792,-28.08844,0
153.40792,-28.08844,0
153.40792,-28.08844,0
153.40792,-28.08844,0
153.40792,-28.08844,0
153.40792,-28.08844,0
153.40792,-28.08844,0
153.40792,-28.08844,0
153.40792,-28.08844,0
153.40792,-28.08844,0
153.40792,-28.08844,0
153.40792,-28.08844,0
153.40792,-28.08844,0
153.40792,-28.08844,0
153.40792,-28.08844,0
153.40792,-28.08844,0
153.40792,-28.08844,0
153.40792,-28.08844,0
153.40792,-28.08844,0
153.40792,-28.08844,0
153.40792,-28.08844,0
153.40792,-28.08844,0
153.40792,-28.08844,0
153.40792,-28.08844,0
153.40792,-28.08844,0
153.40792,-28.08844,0
153.40792,-28.08844,0
153.40792,-28.08844,0
153.40792,-28.08844,0
153.40792,-28.08844,0
153.40792,-28.08844,0
153.40792,-28.08844,0
153.40792,-28.08844,0
153.40792,-28.08844,0
153.40792,-28.08844,0
153.40792,-28.08844,0
153.40792,-28.08844,0
153.40792,-28.08844,0
153.40792,-28.08844,0
153.40792,-28.08844,0
153.40792,-28.08844,0
153.40792,-28.08844,0
153.40792,-28.08844,0
153.40792,-28.08844,0
153.40792,-28.08844,0
153.40792,-28.08844,0
153.40792,-28.08844,0
153.40792,-28.08844,0
153.40792,-28.08844,0
153.40792,-28.08844,0
153.40792,-28.08844,0
153.40792,-28.08844,0
153.40792,-28.08844,0
153.40792,-28.08844,0
153.40792,-28.08844,0
153.40792,-28.08844,0
153.40792,-28.08844,0
153.40792,-28.08844,0
153.40792,-28.08844,0
153.40792,-28.08844,0
153.40792,-28.08844,0
153.40792,-28.08844,0
153.40792,-28.08844,0
153.40792,-28.08844,0
153.40792,-28.08844,0
153.40792,-28.08844,0
</coordinates></LineString></Placemark>
<Folder><name>Block 1 — 20:49:29.000 to 20:49:38.000 Brisbane</name><Placemark><name>Blocked drone track</name><styleUrl>#blocked</styleUrl><TimeSpan><begin>10/03/2026 20:49:29</begin><end>10/03/2026 20:49:38</end></TimeSpan><LineString><tessellate>1</tessellate><coordinates>
153.407586138305,-28.0888329030431,0
153.407586138305,-28.0888329030431,0
153.407586138305,-28.0888329030431,0
153.407586138305,-28.0888329030431,0
153.407586138305,-28.0888329030431,0
153.407585950695,-28.0888327996915,0
153.407585950695,-28.0888327996915,0
153.407585950695,-28.0888327996915,0
153.407585950695,-28.0888327996915,0
153.407585950695,-28.0888327996915,0
153.407585805735,-28.0888326076549,0
153.407585805735,-28.0888326076549,0
153.407585805735,-28.0888326076549,0
153.407585805735,-28.0888326076549,0
153.40758581463,-28.0888324512567,0
153.40758581463,-28.0888324512567,0
153.40758581463,-28.0888324512567,0
153.40758581463,-28.0888324512567,0
153.40758581463,-28.0888324512567,0
153.407585769028,-28.0888322604537,0
153.407585769028,-28.0888322604537,0
153.407585769028,-28.0888322604537,0
153.407585769028,-28.0888322604537,0
153.407585769028,-28.0888322604537,0
153.407585769028,-28.0888322604537,0
153.407585450441,-28.0888322220738,0
153.407585450441,-28.0888322220738,0
153.407585450441,-28.0888322220738,0
153.407585450441,-28.0888322220738,0
153.407585450441,-28.0888322220738,0
153.407585332942,-28.0888321504199,0
153.407585332942,-28.0888321504199,0
153.407585332942,-28.0888321504199,0
153.407585332942,-28.0888321504199,0
153.407585332942,-28.0888321504199,0
153.407585263375,-28.0888320430589,0
153.407585263375,-28.0888320430589,0
153.407585263375,-28.0888320430589,0
153.407585263375,-28.0888320430589,0
153.407585263375,-28.0888320430589,0
153.407584999828,-28.0888320136572,0
153.407584999828,-28.0888320136572,0
153.407584999828,-28.0888320136572,0
153.407584999828,-28.0888320136572,0
153.407584999828,-28.0888320136572,0
153.407585289866,-28.0888321491863,0
153.407585289866,-28.0888321491863,0
153.407585289866,-28.0888321491863,0
153.407585289866,-28.0888321491863,0
153.407585289866,-28.0888321491863,0
153.407585346265,-28.0888322228962,0
153.407585346265,-28.0888322228962,0
153.407585346265,-28.0888322228962,0
153.407585346265,-28.0888322228962,0
153.407585346265,-28.0888322228962,0
153.407585399752,-28.0888321625164,0
153.407585399752,-28.0888321625164,0
153.407585399752,-28.0888321625164,0
153.407585399752,-28.0888321625164,0
153.407585530496,-28.0888319330936,0
153.407585530496,-28.0888319330936,0
153.407585530496,-28.0888319330936,0
153.407585530496,-28.0888319330936,0
153.407585530496,-28.0888319330936,0
153.407585530496,-28.0888319330936,0
153.407585646441,-28.0888318411189,0
153.407585646441,-28.0888318411189,0
153.407585646441,-28.0888318411189,0
153.407585646441,-28.0888318411189,0
153.40758546458,-28.0888317886892,0
153.40758546458,-28.0888317886892,0
153.40758546458,-28.0888317886892,0
153.40758546458,-28.0888317886892,0
153.40758546458,-28.0888317886892,0
153.40758546458,-28.0888317886892,0
153.407585650908,-28.0888317460258,0
153.407585650908,-28.0888317460258,0
153.407585650908,-28.0888317460258,0
153.407585650908,-28.0888317460258,0
</coordinates></LineString></Placemark>
<Placemark><name>Drone at block 1 start — 20:49:29.000</name><description>Route rejected: minimum clearance below 18 m. At interval start: direct horizontal separation 23.31 m; shore-normal projected separation 5.89 m; alongshore alignment error 22.56 m. Target GPS age 130 ms; aircraft position age 118 ms.</description><TimeStamp><when>10/03/2026 20:49:29</when></TimeStamp><Point><coordinates>153.407586138305,-28.0888329030431,0</coordinates></Point></Placemark>
<Placemark><name>Surfer at block 1 start — 20:49:29.000</name><description>Route rejected: minimum clearance below 18 m. At interval start: direct horizontal separation 23.31 m; shore-normal projected separation 5.89 m; alongshore alignment error 22.56 m. Target GPS age 130 ms; aircraft position age 118 ms.</description><TimeStamp><when>10/03/2026 20:49:29</when></TimeStamp><Point><coordinates>153.40747,-28.08865,0</coordinates></Point></Placemark>
</Folder>
<Folder><name>Block 2 — 20:51:39.000 to 20:53:12.000 Brisbane</name><Placemark><name>Blocked drone track</name><styleUrl>#blocked</styleUrl><TimeSpan><begin>10/03/2026 20:51:39</begin><end>10/03/2026 20:53:12</end></TimeSpan><LineString><tessellate>1</tessellate><coordinates>
153.407487486278,-28.0885652613137,0
153.407487486278,-28.0885652613137,0
153.407487486278,-28.0885652613137,0
153.407487486278,-28.0885652613137,0
153.407487013797,-28.0885650855757,0
153.407487013797,-28.0885650855757,0
153.407487013797,-28.0885650855757,0
153.407487013797,-28.0885650855757,0
153.407486970176,-28.0885657895473,0
153.407486970176,-28.0885657895473,0
153.407486970176,-28.0885657895473,0
153.407486970176,-28.0885657895473,0
153.407486970176,-28.0885657895473,0
153.407486970176,-28.0885657895473,0
153.407486928848,-28.0885660330027,0
153.407486928848,-28.0885660330027,0
153.407486928848,-28.0885660330027,0
153.407486928848,-28.0885660330027,0
153.407486771108,-28.0885661340712,0
153.407486771108,-28.0885661340712,0
153.407486771108,-28.0885661340712,0
153.407486771108,-28.0885661340712,0
153.407486771108,-28.0885661340712,0
153.407486811349,-28.0885661139903,0
153.407486811349,-28.0885661139903,0
153.407486811349,-28.0885661139903,0
153.407486811349,-28.0885661139903,0
153.407486811349,-28.0885661139903,0
153.407486811349,-28.0885661139903,0
153.407486807775,-28.0885658566007,0
153.407486807775,-28.0885658566007,0
153.407486807775,-28.0885658566007,0
153.407486807775,-28.0885658566007,0
153.407486671943,-28.0885657171566,0
153.407486671943,-28.0885657171566,0
153.407486671943,-28.0885657171566,0
153.407486671943,-28.0885657171566,0
153.407486671943,-28.0885657171566,0
153.407486671943,-28.0885657171566,0
153.407486469534,-28.088565561915,0
153.407486469534,-28.088565561915,0
153.407486469534,-28.088565561915,0
153.407486469534,-28.088565561915,0
153.407486469534,-28.088565561915,0
153.407486351297,-28.0885654553465,0
153.407486351297,-28.0885654553465,0
153.407486351297,-28.0885654553465,0
153.407486351297,-28.0885654553465,0
153.407486351297,-28.0885654553465,0
153.407486126515,-28.0885653572292,0
153.407486126515,-28.0885653572292,0
153.407486126515,-28.0885653572292,0
153.407486126515,-28.0885653572292,0
153.407486126515,-28.0885653572292,0
153.407485916415,-28.0885653052365,0
153.407485916415,-28.0885653052365,0
153.407485916415,-28.0885653052365,0
153.407485916415,-28.0885653052365,0
153.407485729932,-28.0885651757471,0
153.407485729932,-28.0885651757471,0
153.407485729932,-28.0885651757471,0
153.407485729932,-28.0885651757471,0
153.407485729932,-28.0885651757471,0
153.407485630068,-28.0885648739165,0
153.407485630068,-28.0885648739165,0
153.407485630068,-28.0885648739165,0
153.407485630068,-28.0885648739165,0
153.407485630068,-28.0885648739165,0
153.407485473648,-28.0885646970648,0
153.407485473648,-28.0885646970648,0
153.407485473648,-28.0885646970648,0
153.407485473648,-28.0885646970648,0
153.407485473648,-28.0885646970648,0
153.407485205906,-28.0885644753394,0
153.407485205906,-28.0885644753394,0
153.407485205906,-28.0885644753394,0
153.407485205906,-28.0885644753394,0
153.407485205906,-28.0885644753394,0
153.407484890854,-28.0885641005956,0
153.407484890854,-28.0885641005956,0
153.407484890854,-28.0885641005956,0
153.407484890854,-28.0885641005956,0
153.407484890854,-28.0885641005956,0
153.407484890854,-28.0885641005956,0
153.4074845772,-28.0885639347738,0
153.4074845772,-28.0885639347738,0
153.4074845772,-28.0885639347738,0
153.4074845772,-28.0885639347738,0
153.4074845772,-28.0885639347738,0
153.407484220198,-28.0885636224273,0
153.407484220198,-28.0885636224273,0
153.407484220198,-28.0885636224273,0
153.407484220198,-28.0885636224273,0
153.407484220198,-28.0885636224273,0
153.407484007651,-28.0885632481889,0
153.407484007651,-28.0885632481889,0
153.407484007651,-28.0885632481889,0
153.407484007651,-28.0885632481889,0
153.407483780344,-28.0885629601296,0
153.407483780344,-28.0885629601296,0
153.407483780344,-28.0885629601296,0
153.407483780344,-28.0885629601296,0
153.407483780344,-28.0885629601296,0
153.407483780344,-28.0885629601296,0
153.407483516292,-28.0885627513275,0
153.407483516292,-28.0885627513275,0
153.407483516292,-28.0885627513275,0
153.407483516292,-28.0885627513275,0
153.407483383877,-28.088562473917,0
153.407483383877,-28.088562473917,0
153.407483383877,-28.088562473917,0
153.407483383877,-28.088562473917,0
153.407483383877,-28.088562473917,0
153.407483383877,-28.088562473917,0
153.407483288596,-28.088562339129,0
153.407483288596,-28.088562339129,0
153.407483288596,-28.088562339129,0
153.407483288596,-28.088562339129,0
153.407483288596,-28.088562339129,0
153.407482850102,-28.0885623536285,0
153.407482850102,-28.0885623536285,0
153.407482850102,-28.0885623536285,0
153.407482850102,-28.0885623536285,0
153.407482478107,-28.0885622952319,0
153.407482478107,-28.0885622952319,0
153.407482478107,-28.0885622952319,0
153.407482478107,-28.0885622952319,0
153.407482478107,-28.0885622952319,0
153.407482478107,-28.0885622952319,0
153.407482243808,-28.088562194776,0
153.407482243808,-28.088562194776,0
153.407482243808,-28.088562194776,0
153.407482243808,-28.088562194776,0
153.407482243808,-28.088562194776,0
153.407482121104,-28.0885622346936,0
153.407482121104,-28.0885622346936,0
153.407482121104,-28.0885622346936,0
153.407482121104,-28.0885622346936,0
153.407482121104,-28.0885622346936,0
153.407482067424,-28.0885621868944,0
153.407482067424,-28.0885621868944,0
153.407482067424,-28.0885621868944,0
153.407482067424,-28.0885621868944,0
153.407482067424,-28.0885621868944,0
153.407482098964,-28.0885619956802,0
153.407482098964,-28.0885619956802,0
153.407482098964,-28.0885619956802,0
153.407482098964,-28.0885619956802,0
153.407482006441,-28.0885619118355,0
153.407482006441,-28.0885619118355,0
153.407482006441,-28.0885619118355,0
153.407482006441,-28.0885619118355,0
153.407482006441,-28.0885619118355,0
153.407481534076,-28.0885616084114,0
153.407481534076,-28.0885616084114,0
153.407481534076,-28.0885616084114,0
153.407481534076,-28.0885616084114,0
153.407481534076,-28.0885616084114,0
153.407481495156,-28.0885616496784,0
153.407481495156,-28.0885616496784,0
153.407481495156,-28.0885616496784,0
153.407481495156,-28.0885616496784,0
153.407481495156,-28.0885616496784,0
153.407481495156,-28.0885616496784,0
153.407481502303,-28.0885617696071,0
153.407481502303,-28.0885617696071,0
153.407481502303,-28.0885617696071,0
153.407481502303,-28.0885617696071,0
153.407481502303,-28.0885617696071,0
153.407481703119,-28.0885617762165,0
153.407481703119,-28.0885617762165,0
153.407481703119,-28.0885617762165,0
153.407481703119,-28.0885617762165,0
153.407481703119,-28.0885617762165,0
153.40748193396,-28.0885617009816,0
153.40748193396,-28.0885617009816,0
153.40748193396,-28.0885617009816,0
153.40748193396,-28.0885617009816,0
153.40748193396,-28.0885617009816,0
153.407481955984,-28.0885615587617,0
153.407481955984,-28.0885615587617,0
153.407481955984,-28.0885615587617,0
153.407481955984,-28.0885615587617,0
153.407481955984,-28.0885615587617,0
153.407481879892,-28.0885611680534,0
153.407481879892,-28.0885611680534,0
153.407481879892,-28.0885611680534,0
153.407481879892,-28.0885611680534,0
153.407481879892,-28.0885611680534,0
153.407481630172,-28.088561113589,0
153.407481630172,-28.088561113589,0
153.407481630172,-28.088561113589,0
153.407481630172,-28.088561113589,0
153.407481525103,-28.088561110038,0
153.407481525103,-28.088561110038,0
153.407481525103,-28.088561110038,0
153.407481525103,-28.088561110038,0
153.407481525103,-28.088561110038,0
153.407481525103,-28.088561110038,0
153.407481499389,-28.0885609596067,0
153.407481499389,-28.0885609596067,0
153.407481499389,-28.0885609596067,0
153.407481499389,-28.0885609596067,0
153.407481644777,-28.0885609500332,0
153.407481644777,-28.0885609500332,0
153.407481644777,-28.0885609500332,0
153.407481644777,-28.0885609500332,0
153.407481644777,-28.0885609500332,0
153.407481927513,-28.0885608441929,0
153.407481927513,-28.0885608441929,0
153.407481927513,-28.0885608441929,0
153.407481927513,-28.0885608441929,0
153.407481927513,-28.0885608441929,0
153.407482037049,-28.0885608942709,0
153.407482037049,-28.0885608942709,0
153.407482037049,-28.0885608942709,0
153.407482037049,-28.0885608942709,0
153.407482037049,-28.0885608942709,0
153.4074820729,-28.0885608989956,0
153.4074820729,-28.0885608989956,0
153.4074820729,-28.0885608989956,0
153.4074820729,-28.0885608989956,0
153.4074820729,-28.0885608989956,0
153.407482200343,-28.0885608304087,0
153.407482200343,-28.0885608304087,0
153.407482200343,-28.0885608304087,0
153.407482200343,-28.0885608304087,0
153.407482200343,-28.0885608304087,0
153.407482200343,-28.0885608304087,0
153.40748221957,-28.0885607862546,0
153.40748221957,-28.0885607862546,0
153.40748221957,-28.0885607862546,0
153.40748221957,-28.0885607862546,0
153.407482380184,-28.0885607174406,0
153.407482380184,-28.0885607174406,0
153.407482380184,-28.0885607174406,0
153.407482380184,-28.0885607174406,0
153.407482380184,-28.0885607174406,0
153.407482503548,-28.0885606724042,0
153.407482503548,-28.0885606724042,0
153.407482503548,-28.0885606724042,0
153.407482503548,-28.0885606724042,0
153.407482503548,-28.0885606724042,0
153.407482503548,-28.0885606724042,0
153.407482588186,-28.0885606519935,0
153.407482588186,-28.0885606519935,0
153.407482588186,-28.0885606519935,0
153.407482588186,-28.0885606519935,0
153.407482588186,-28.0885606519935,0
153.407482509414,-28.0885606939244,0
153.407482509414,-28.0885606939244,0
153.407482509414,-28.0885606939244,0
153.407482509414,-28.0885606939244,0
153.407482509414,-28.0885606939244,0
153.407482519513,-28.0885606082849,0
153.407482519513,-28.0885606082849,0
153.407482519513,-28.0885606082849,0
153.407482519513,-28.0885606082849,0
153.407482519513,-28.0885606082849,0
153.407482222483,-28.088560688146,0
153.407482222483,-28.088560688146,0
153.407482222483,-28.088560688146,0
153.407482222483,-28.088560688146,0
153.407482222483,-28.088560688146,0
153.407481963054,-28.0885606188951,0
153.407481963054,-28.0885606188951,0
153.407481963054,-28.0885606188951,0
153.407481963054,-28.0885606188951,0
153.407481947283,-28.0885606141961,0
153.407481947283,-28.0885606141961,0
153.407481947283,-28.0885606141961,0
153.407481947283,-28.0885606141961,0
153.407481947283,-28.0885606141961,0
153.407481947283,-28.0885606141961,0
153.407482239691,-28.0885606272521,0
153.407482239691,-28.0885606272521,0
153.407482239691,-28.0885606272521,0
153.407482239691,-28.0885606272521,0
153.407482239691,-28.0885606272521,0
153.407482371872,-28.088560595563,0
153.407482371872,-28.088560595563,0
153.407482371872,-28.088560595563,0
153.407482371872,-28.088560595563,0
153.407482539089,-28.0885606251661,0
153.407482539089,-28.0885606251661,0
153.407482539089,-28.0885606251661,0
153.407482539089,-28.0885606251661,0
153.407482539089,-28.0885606251661,0
153.407482799879,-28.0885607385924,0
153.407482799879,-28.0885607385924,0
153.407482799879,-28.0885607385924,0
153.407482799879,-28.0885607385924,0
153.407482799879,-28.0885607385924,0
153.407482932759,-28.088560805753,0
153.407482932759,-28.088560805753,0
153.407482932759,-28.088560805753,0
153.407482932759,-28.088560805753,0
153.407482932759,-28.088560805753,0
153.40748302839,-28.0885610138141,0
153.40748302839,-28.0885610138141,0
153.40748302839,-28.0885610138141,0
153.40748302839,-28.0885610138141,0
153.40748302839,-28.0885610138141,0
153.40748302839,-28.0885610138141,0
153.407483090849,-28.0885611928761,0
153.407483090849,-28.0885611928761,0
153.407483090849,-28.0885611928761,0
153.407483090849,-28.0885611928761,0
153.407483090849,-28.0885611928761,0
153.407483052433,-28.0885612701157,0
153.407483052433,-28.0885612701157,0
153.407483052433,-28.0885612701157,0
153.407483052433,-28.0885612701157,0
153.407483004424,-28.0885611671881,0
153.407483004424,-28.0885611671881,0
153.407483004424,-28.0885611671881,0
153.407483004424,-28.0885611671881,0
153.407483004424,-28.0885611671881,0
153.407483004424,-28.0885611671881,0
153.407483285644,-28.088561072352,0
153.407483285644,-28.088561072352,0
153.407483285644,-28.088561072352,0
153.407483285644,-28.088561072352,0
153.407483285644,-28.088561072352,0
153.407483565661,-28.0885610794455,0
153.407483565661,-28.0885610794455,0
153.407483565661,-28.0885610794455,0
153.407483565661,-28.0885610794455,0
153.407483565661,-28.0885610794455,0
153.407483655271,-28.0885610792398,0
153.407483655271,-28.0885610792398,0
153.407483655271,-28.0885610792398,0
153.407483655271,-28.0885610792398,0
153.407483858107,-28.0885610971276,0
153.407483858107,-28.0885610971276,0
153.407483858107,-28.0885610971276,0
153.407483858107,-28.0885610971276,0
153.407483858107,-28.0885610971276,0
153.407484115051,-28.0885610920517,0
153.407484115051,-28.0885610920517,0
153.407484115051,-28.0885610920517,0
153.407484115051,-28.0885610920517,0
153.407484115051,-28.0885610920517,0
153.407484061564,-28.0885611247517,0
153.407484061564,-28.0885611247517,0
153.407484061564,-28.0885611247517,0
153.407484061564,-28.0885611247517,0
153.407484061564,-28.0885611247517,0
153.407484061564,-28.0885611247517,0
153.407484044435,-28.0885611896292,0
153.407484044435,-28.0885611896292,0
153.407484044435,-28.0885611896292,0
153.407484044435,-28.0885611896292,0
153.407484111244,-28.0885612611032,0
153.407484111244,-28.0885612611032,0
153.407484111244,-28.0885612611032,0
153.407484111244,-28.0885612611032,0
153.407484111244,-28.0885612611032,0
153.407484111244,-28.0885612611032,0
153.407484570014,-28.088561531536,0
153.407484570014,-28.088561531536,0
153.407484570014,-28.088561531536,0
153.407484570014,-28.088561531536,0
153.407484570014,-28.088561531536,0
153.407484674773,-28.0885615463996,0
153.407484674773,-28.0885615463996,0
153.407484674773,-28.0885615463996,0
153.407484674773,-28.0885615463996,0
153.407484736727,-28.0885615761269,0
153.407484736727,-28.0885615761269,0
153.407484736727,-28.0885615761269,0
153.407484736727,-28.0885615761269,0
153.407484736727,-28.0885615761269,0
153.407484729774,-28.0885617730553,0
153.407484729774,-28.0885617730553,0
153.407484729774,-28.0885617730553,0
153.407484729774,-28.0885617730553,0
153.407484729774,-28.0885617730553,0
153.407484787416,-28.0885618867515,0
153.407484787416,-28.0885618867515,0
153.407484787416,-28.0885618867515,0
153.407484787416,-28.0885618867515,0
153.407484787416,-28.0885618867515,0
153.407484787416,-28.0885618867515,0
153.407484944263,-28.0885619693325,0
153.407484944263,-28.0885619693325,0
153.407484944263,-28.0885619693325,0
153.407484944263,-28.0885619693325,0
153.407484944263,-28.0885619693325,0
153.407485092175,-28.088561981172,0
153.407485092175,-28.088561981172,0
153.407485092175,-28.088561981172,0
153.407485092175,-28.088561981172,0
153.407485092175,-28.088561981172,0
153.407485261374,-28.0885621000812,0
153.407485261374,-28.0885621000812,0
153.407485261374,-28.0885621000812,0
153.407485261374,-28.0885621000812,0
153.407485261374,-28.0885621000812,0
153.407485298701,-28.0885622033215,0
153.407485298701,-28.0885622033215,0
153.407485298701,-28.0885622033215,0
153.407485298701,-28.0885622033215,0
153.407485298701,-28.0885622033215,0
153.407485368812,-28.0885622905244,0
153.407485368812,-28.0885622905244,0
153.407485368812,-28.0885622905244,0
153.407485368812,-28.0885622905244,0
153.407485368812,-28.0885622905244,0
153.407485396391,-28.0885623936062,0
153.407485396391,-28.0885623936062,0
153.407485396391,-28.0885623936062,0
153.407485396391,-28.0885623936062,0
153.407485409247,-28.0885625630603,0
153.407485409247,-28.0885625630603,0
153.407485409247,-28.0885625630603,0
153.407485409247,-28.0885625630603,0
153.407485409247,-28.0885625630603,0
153.407485165588,-28.0885627382543,0
153.407485165588,-28.0885627382543,0
153.407485165588,-28.0885627382543,0
153.407485165588,-28.0885627382543,0
153.407485165588,-28.0885627382543,0
153.40748519872,-28.0885628166076,0
153.40748519872,-28.0885628166076,0
153.40748519872,-28.0885628166076,0
153.40748519872,-28.0885628166076,0
153.40748519872,-28.0885628166076,0
153.40748519872,-28.0885628166076,0
153.407485345662,-28.0885629542827,0
153.407485345662,-28.0885629542827,0
153.407485345662,-28.0885629542827,0
153.407485345662,-28.0885629542827,0
153.407485345662,-28.0885629542827,0
153.407485493225,-28.0885630299631,0
153.407485493225,-28.0885630299631,0
153.407485493225,-28.0885630299631,0
153.407485493225,-28.0885630299631,0
153.40748563636,-28.0885631871537,0
153.40748563636,-28.0885631871537,0
153.40748563636,-28.0885631871537,0
153.40748563636,-28.0885631871537,0
153.40748563636,-28.0885631871537,0
153.40748563636,-28.0885631871537,0
153.407485607966,-28.0885632051443,0
153.407485607966,-28.0885632051443,0
153.407485607966,-28.0885632051443,0
153.407485607966,-28.0885632051443,0
153.407485667046,-28.0885631556787,0
153.407485667046,-28.0885631556787,0
153.407485667046,-28.0885631556787,0
153.407485667046,-28.0885631556787,0
153.407485667046,-28.0885631556787,0
153.407485631466,-28.0885632095348,0
153.407485631466,-28.0885632095348,0
153.407485631466,-28.0885632095348,0
153.407485631466,-28.0885632095348,0
153.407485631466,-28.0885632095348,0
153.407485631466,-28.0885632095348,0
153.407485350284,-28.0885633922934,0
153.407485350284,-28.0885633922934,0
153.407485350284,-28.0885633922934,0
153.407485350284,-28.0885633922934,0
153.407485350284,-28.0885633922934,0
153.407485300605,-28.088563411916,0
153.407485300605,-28.088563411916,0
153.407485300605,-28.088563411916,0
153.407485300605,-28.088563411916,0
153.407485300605,-28.088563411916,0
153.407485409869,-28.0885636973067,0
153.407485409869,-28.0885636973067,0
153.407485409869,-28.0885636973067,0
153.407485409869,-28.0885636973067,0
153.407485409869,-28.0885636973067,0
153.407485065413,-28.0885639547519,0
153.407485065413,-28.0885639547519,0
153.407485065413,-28.0885639547519,0
153.407485065413,-28.0885639547519,0
153.407485065413,-28.0885639547519,0
153.40748490608,-28.0885639176228,0
153.40748490608,-28.0885639176228,0
153.40748490608,-28.0885639176228,0
153.40748490608,-28.0885639176228,0
153.40748490608,-28.0885639176228,0
153.407484890232,-28.0885639057233,0
153.407484890232,-28.0885639057233,0
153.407484890232,-28.0885639057233,0
153.407484890232,-28.0885639057233,0
153.407484890232,-28.0885639057233,0
153.407485068675,-28.0885639892082,0
153.407485068675,-28.0885639892082,0
153.407485068675,-28.0885639892082,0
153.407485068675,-28.0885639892082,0
153.407485261335,-28.0885640291087,0
153.407485261335,-28.0885640291087,0
153.407485261335,-28.0885640291087,0
153.407485261335,-28.0885640291087,0
153.407485261335,-28.0885640291087,0
153.407485261335,-28.0885640291087,0
153.407485520687,-28.088564116907,0
153.407485520687,-28.088564116907,0
153.407485520687,-28.088564116907,0
153.407485520687,-28.088564116907,0
153.407485520687,-28.088564116907,0
153.407485556888,-28.0885641899916,0
153.407485556888,-28.0885641899916,0
153.407485556888,-28.0885641899916,0
153.407485556888,-28.0885641899916,0
153.407485556888,-28.0885641899916,0
153.407485583728,-28.0885641554925,0
153.407485583728,-28.0885641554925,0
153.407485583728,-28.0885641554925,0
153.407485583728,-28.0885641554925,0
153.407485660365,-28.0885640314175,0
153.407485660365,-28.0885640314175,0
153.407485660365,-28.0885640314175,0
153.407485660365,-28.0885640314175,0
153.407485660365,-28.0885640314175,0
153.407485607422,-28.0885641576086,0
153.407485607422,-28.0885641576086,0
153.407485607422,-28.0885641576086,0
153.407485607422,-28.0885641576086,0
153.407485607422,-28.0885641576086,0
153.40748551455,-28.0885643150862,0
153.40748551455,-28.0885643150862,0
153.40748551455,-28.0885643150862,0
153.40748551455,-28.0885643150862,0
153.40748551455,-28.0885643150862,0
153.407485206372,-28.0885642813367,0
153.407485206372,-28.0885642813367,0
153.407485206372,-28.0885642813367,0
153.407485206372,-28.0885642813367,0
153.407485206372,-28.0885642813367,0
153.407485206372,-28.0885642813367,0
153.40748507357,-28.088564414377,0
153.40748507357,-28.088564414377,0
153.40748507357,-28.088564414377,0
153.40748507357,-28.088564414377,0
153.407485292448,-28.0885646046831,0
153.407485292448,-28.0885646046831,0
153.407485292448,-28.0885646046831,0
153.407485292448,-28.0885646046831,0
153.407485292448,-28.0885646046831,0
153.407485808239,-28.0885646664294,0
153.407485808239,-28.0885646664294,0
153.407485808239,-28.0885646664294,0
153.407485808239,-28.0885646664294,0
153.407485808239,-28.0885646664294,0
153.407485808239,-28.0885646664294,0
153.407486104336,-28.0885647857327,0
153.407486104336,-28.0885647857327,0
153.407486104336,-28.0885647857327,0
153.407486104336,-28.0885647857327,0
153.407486104336,-28.0885647857327,0
153.407486092838,-28.0885648345685,0
153.407486092838,-28.0885648345685,0
153.407486092838,-28.0885648345685,0
153.407486092838,-28.0885648345685,0
153.407486094586,-28.0885648637347,0
153.407486094586,-28.0885648637347,0
153.407486094586,-28.0885648637347,0
153.407486094586,-28.0885648637347,0
153.407486094586,-28.0885648637347,0
153.407486094586,-28.0885648637347,0
153.407486220165,-28.0885648516939,0
153.407486220165,-28.0885648516939,0
153.407486220165,-28.0885648516939,0
153.407486220165,-28.0885648516939,0
153.407486206647,-28.0885648979339,0
153.407486206647,-28.0885648979339,0
153.407486206647,-28.0885648979339,0
153.407486206647,-28.0885648979339,0
153.407486206647,-28.0885648979339,0
153.407486206647,-28.0885648979339,0
153.407486185983,-28.0885648063576,0
153.407486185983,-28.0885648063576,0
153.407486185983,-28.0885648063576,0
153.407486185983,-28.0885648063576,0
153.407486185983,-28.0885648063576,0
153.407486118164,-28.0885647168502,0
153.407486118164,-28.0885647168502,0
153.407486118164,-28.0885647168502,0
153.407486118164,-28.0885647168502,0
153.407486118164,-28.0885647168502,0
153.407486205599,-28.0885645868039,0
153.407486205599,-28.0885645868039,0
153.407486205599,-28.0885645868039,0
153.407486205599,-28.0885645868039,0
153.407486293655,-28.088564366732,0
153.407486293655,-28.088564366732,0
153.407486293655,-28.088564366732,0
153.407486293655,-28.088564366732,0
153.407486293655,-28.088564366732,0
153.407486293655,-28.088564366732,0
153.407486413601,-28.0885640544583,0
153.407486413601,-28.0885640544583,0
153.407486413601,-28.0885640544583,0
153.407486413601,-28.0885640544583,0
153.407486404434,-28.0885639405779,0
153.407486404434,-28.0885639405779,0
153.407486404434,-28.0885639405779,0
153.407486404434,-28.0885639405779,0
153.407486404434,-28.0885639405779,0
153.407486419466,-28.088563780346,0
153.407486419466,-28.088563780346,0
153.407486419466,-28.088563780346,0
153.407486419466,-28.088563780346,0
153.407486419466,-28.088563780346,0
153.407486419466,-28.088563780346,0
153.407486480527,-28.0885635802565,0
153.407486480527,-28.0885635802565,0
153.407486480527,-28.0885635802565,0
153.407486480527,-28.0885635802565,0
153.407486480527,-28.0885635802565,0
153.407486469418,-28.0885634795992,0
153.407486469418,-28.0885634795992,0
153.407486469418,-28.0885634795992,0
153.407486469418,-28.0885634795992,0
153.407486238731,-28.0885633985045,0
153.407486238731,-28.0885633985045,0
153.407486238731,-28.0885633985045,0
153.407486238731,-28.0885633985045,0
153.407486238731,-28.0885633985045,0
153.407486080758,-28.0885633305172,0
153.407486080758,-28.0885633305172,0
153.407486080758,-28.0885633305172,0
153.407486080758,-28.0885633305172,0
153.407486080758,-28.0885633305172,0
153.407486080758,-28.0885633305172,0
153.407485874621,-28.0885632542671,0
153.407485874621,-28.0885632542671,0
153.407485874621,-28.0885632542671,0
153.407485874621,-28.0885632542671,0
153.407485560617,-28.0885630875801,0
153.407485560617,-28.0885630875801,0
153.407485560617,-28.0885630875801,0
153.407485560617,-28.0885630875801,0
153.407485560617,-28.0885630875801,0
153.407485560617,-28.0885630875801,0
153.407485426144,-28.088562852229,0
153.407485426144,-28.088562852229,0
153.407485426144,-28.088562852229,0
153.407485426144,-28.088562852229,0
153.407485426144,-28.088562852229,0
153.40748519705,-28.0885626231532,0
153.40748519705,-28.0885626231532,0
153.40748519705,-28.0885626231532,0
153.40748519705,-28.0885626231532,0
153.407484990485,-28.0885625385632,0
153.407484990485,-28.0885625385632,0
153.407484990485,-28.0885625385632,0
153.407484990485,-28.0885625385632,0
153.407484990485,-28.0885625385632,0
153.407484992583,-28.0885624988468,0
153.407484992583,-28.0885624988468,0
153.407484992583,-28.0885624988468,0
153.407484992583,-28.0885624988468,0
153.407484992583,-28.0885624988468,0
153.407484992583,-28.0885624988468,0
153.407485007964,-28.0885624947861,0
153.407485007964,-28.0885624947861,0
153.407485007964,-28.0885624947861,0
153.407485007964,-28.0885624947861,0
153.407485007964,-28.0885624947861,0
153.407485069763,-28.0885625015368,0
153.407485069763,-28.0885625015368,0
153.407485069763,-28.0885625015368,0
153.407485069763,-28.0885625015368,0
153.407485069763,-28.0885625015368,0
153.407484976463,-28.0885626185227,0
153.407484976463,-28.0885626185227,0
153.407484976463,-28.0885626185227,0
153.407484976463,-28.0885626185227,0
153.407484976463,-28.0885626185227,0
153.4074847913,-28.0885626784528,0
153.4074847913,-28.0885626784528,0
153.4074847913,-28.0885626784528,0
153.4074847913,-28.0885626784528,0
153.4074847913,-28.0885626784528,0
153.407484947331,-28.088562647449,0
153.407484947331,-28.088562647449,0
153.407484947331,-28.088562647449,0
153.407484947331,-28.088562647449,0
153.407484947331,-28.088562647449,0
153.407485014024,-28.0885626078398,0
153.407485014024,-28.0885626078398,0
153.407485014024,-28.0885626078398,0
153.407485014024,-28.0885626078398,0
153.407485014024,-28.0885626078398,0
153.407485058343,-28.0885626087693,0
153.407485058343,-28.0885626087693,0
153.407485058343,-28.0885626087693,0
153.407485058343,-28.0885626087693,0
153.407485058343,-28.0885626087693,0
153.407485107207,-28.0885627270359,0
153.407485107207,-28.0885627270359,0
153.407485107207,-28.0885627270359,0
153.407485107207,-28.0885627270359,0
153.407485147642,-28.0885627058413,0
153.407485147642,-28.0885627058413,0
153.407485147642,-28.0885627058413,0
153.407485147642,-28.0885627058413,0
153.407485147642,-28.0885627058413,0
153.407485147642,-28.0885627058413,0
153.407485240632,-28.0885625663115,0
153.407485240632,-28.0885625663115,0
153.407485240632,-28.0885625663115,0
153.407485240632,-28.0885625663115,0
153.407485240632,-28.0885625663115,0
153.407484941971,-28.0885626686693,0
153.407484941971,-28.0885626686693,0
153.407484941971,-28.0885626686693,0
153.407484941971,-28.0885626686693,0
153.407484941971,-28.0885626686693,0
153.407484731405,-28.0885626398844,0
153.407484731405,-28.0885626398844,0
153.407484731405,-28.0885626398844,0
153.407484731405,-28.0885626398844,0
153.407484731405,-28.0885626398844,0
153.407484609944,-28.0885626279721,0
153.407484609944,-28.0885626279721,0
153.407484609944,-28.0885626279721,0
153.407484609944,-28.0885626279721,0
153.407484609944,-28.0885626279721,0
153.407484664169,-28.0885626978141,0
153.407484664169,-28.0885626978141,0
153.407484664169,-28.0885626978141,0
153.407484664169,-28.0885626978141,0
153.407484560342,-28.0885627538205,0
153.407484560342,-28.0885627538205,0
153.407484560342,-28.0885627538205,0
153.407484560342,-28.0885627538205,0
153.407484560342,-28.0885627538205,0
153.407484560342,-28.0885627538205,0
153.407484567683,-28.0885628267852,0
153.407484567683,-28.0885628267852,0
153.407484567683,-28.0885628267852,0
153.407484567683,-28.0885628267852,0
153.407484523131,-28.0885630416356,0
153.407484523131,-28.0885630416356,0
153.407484523131,-28.0885630416356,0
153.407484523131,-28.0885630416356,0
153.407484523131,-28.0885630416356,0
153.407484523131,-28.0885630416356,0
153.407484588387,-28.0885632284035,0
153.407484588387,-28.0885632284035,0
153.407484588387,-28.0885632284035,0
153.407484588387,-28.0885632284035,0
153.407484526549,-28.0885634580704,0
153.407484526549,-28.0885634580704,0
153.407484526549,-28.0885634580704,0
153.407484526549,-28.0885634580704,0
153.407484526549,-28.0885634580704,0
153.40748455405,-28.0885635908709,0
153.40748455405,-28.0885635908709,0
153.40748455405,-28.0885635908709,0
153.40748455405,-28.0885635908709,0
153.40748455405,-28.0885635908709,0
153.407484548495,-28.0885636269635,0
153.407484548495,-28.0885636269635,0
153.407484548495,-28.0885636269635,0
153.407484548495,-28.0885636269635,0
153.407484548495,-28.0885636269635,0
153.407484548495,-28.0885636269635,0
153.407484499049,-28.088563753236,0
153.407484499049,-28.088563753236,0
153.407484499049,-28.088563753236,0
153.407484499049,-28.088563753236,0
153.407484499049,-28.088563753236,0
153.407484476209,-28.0885638752549,0
153.407484476209,-28.0885638752549,0
153.407484476209,-28.0885638752549,0
153.407484476209,-28.0885638752549,0
153.407484412041,-28.0885639058389,0
153.407484412041,-28.0885639058389,0
153.407484412041,-28.0885639058389,0
153.407484412041,-28.0885639058389,0
153.407484412041,-28.0885639058389,0
153.407484412041,-28.0885639058389,0
153.407484493028,-28.088563885017,0
153.407484493028,-28.088563885017,0
153.407484493028,-28.088563885017,0
153.407484493028,-28.088563885017,0
153.407484519596,-28.0885638624816,0
153.407484519596,-28.0885638624816,0
153.407484519596,-28.0885638624816,0
153.407484519596,-28.0885638624816,0
153.407484519596,-28.0885638624816,0
153.407484519596,-28.0885638624816,0
153.407484571801,-28.0885640695104,0
153.407484571801,-28.0885640695104,0
153.407484571801,-28.0885640695104,0
153.407484571801,-28.0885640695104,0
153.407484656283,-28.0885642448886,0
153.407484656283,-28.0885642448886,0
153.407484656283,-28.0885642448886,0
153.407484656283,-28.0885642448886,0
153.407484656283,-28.0885642448886,0
153.407484656283,-28.0885642448886,0
153.407484716256,-28.08856416301,0
153.407484716256,-28.08856416301,0
153.407484716256,-28.08856416301,0
153.407484716256,-28.08856416301,0
153.407484716256,-28.08856416301,0
153.407484771102,-28.0885641683001,0
153.407484771102,-28.0885641683001,0
153.407484771102,-28.0885641683001,0
153.407484771102,-28.0885641683001,0
153.407484771102,-28.0885641683001,0
153.407484884833,-28.0885641372064,0
153.407484884833,-28.0885641372064,0
153.407484884833,-28.0885641372064,0
153.407484884833,-28.0885641372064,0
153.407484884833,-28.0885641372064,0
153.407484988038,-28.0885641183548,0
153.407484988038,-28.0885641183548,0
153.407484988038,-28.0885641183548,0
153.407484988038,-28.0885641183548,0
153.407485008741,-28.0885640688465,0
153.407485008741,-28.0885640688465,0
153.407485008741,-28.0885640688465,0
153.407485008741,-28.0885640688465,0
153.407485008741,-28.0885640688465,0
153.407484962829,-28.0885640651927,0
153.407484962829,-28.0885640651927,0
153.407484962829,-28.0885640651927,0
153.407484962829,-28.0885640651927,0
153.407484962829,-28.0885640651927,0
153.407484962829,-28.0885640651927,0
153.407484832978,-28.0885640960508,0
153.407484832978,-28.0885640960508,0
153.407484832978,-28.0885640960508,0
153.407484832978,-28.0885640960508,0
153.407484677064,-28.0885641334626,0
153.407484677064,-28.0885641334626,0
153.407484677064,-28.0885641334626,0
153.407484677064,-28.0885641334626,0
153.407484677064,-28.0885641334626,0
153.407484572383,-28.088564148262,0
153.407484572383,-28.088564148262,0
153.407484572383,-28.088564148262,0
153.407484572383,-28.088564148262,0
153.407484572383,-28.088564148262,0
153.407484572383,-28.088564148262,0
153.407484396038,-28.0885642033646,0
153.407484396038,-28.0885642033646,0
153.407484396038,-28.0885642033646,0
153.407484396038,-28.0885642033646,0
153.407484396038,-28.0885642033646,0
153.407484371179,-28.0885642035702,0
153.407484371179,-28.0885642035702,0
153.407484371179,-28.0885642035702,0
153.407484371179,-28.0885642035702,0
153.407484356962,-28.0885642830158,0
153.407484356962,-28.0885642830158,0
153.407484356962,-28.0885642830158,0
153.407484356962,-28.0885642830158,0
153.407484356962,-28.0885642830158,0
153.40748428724,-28.0885642977467,0
153.40748428724,-28.0885642977467,0
153.40748428724,-28.0885642977467,0
153.40748428724,-28.0885642977467,0
153.40748428724,-28.0885642977467,0
153.40748428724,-28.0885642977467,0
153.40748433591,-28.0885643545198,0
153.40748433591,-28.0885643545198,0
153.40748433591,-28.0885643545198,0
153.40748433591,-28.0885643545198,0
153.407484426258,-28.0885643111753,0
153.407484426258,-28.0885643111753,0
153.407484426258,-28.0885643111753,0
153.407484426258,-28.0885643111753,0
153.407484426258,-28.0885643111753,0
153.407484426258,-28.0885643111753,0
153.407484677025,-28.0885643532348,0
153.407484677025,-28.0885643532348,0
153.407484677025,-28.0885643532348,0
</coordinates></LineString></Placemark>
<Placemark><name>Drone at block 2 start — 20:51:39.000</name><description>Route rejected: minimum clearance below 18 m. At interval start: direct horizontal separation 24.66 m; shore-normal projected separation 16.18 m; alongshore alignment error 18.62 m. Target GPS age 328 ms; aircraft position age 222 ms.</description><TimeStamp><when>10/03/2026 20:51:39</when></TimeStamp><Point><coordinates>153.407487486278,-28.0885652613137,0</coordinates></Point></Placemark>
<Placemark><name>Surfer at block 2 start — 20:51:39.000</name><description>Route rejected: minimum clearance below 18 m. At interval start: direct horizontal separation 24.66 m; shore-normal projected separation 16.18 m; alongshore alignment error 18.62 m. Target GPS age 328 ms; aircraft position age 222 ms.</description><TimeStamp><when>10/03/2026 20:51:39</when></TimeStamp><Point><coordinates>153.40728,-28.08844,0</coordinates></Point></Placemark>
</Folder>
<Folder><name>Block 3 — 20:59:44.000 to 21:00:16.000 Brisbane</name><Placemark><name>Blocked drone track</name><styleUrl>#blocked</styleUrl><TimeSpan><begin>10/03/2026 20:59:44</begin><end>10/03/2026 21:00:16</end></TimeSpan><LineString><tessellate>1</tessellate><coordinates>
153.407930229801,-28.0882997148534,0
153.407930229801,-28.0882997148534,0
153.407930229801,-28.0882997148534,0
153.407930229801,-28.0882997148534,0
153.407930129135,-28.0883005342474,0
153.407930129135,-28.0883005342474,0
153.407930129135,-28.0883005342474,0
153.407930129135,-28.0883005342474,0
153.407930129135,-28.0883005342474,0
153.407929747513,-28.0883009479109,0
153.407929747513,-28.0883009479109,0
153.407929747513,-28.0883009479109,0
153.407929747513,-28.0883009479109,0
153.407929747513,-28.0883009479109,0
153.407929578948,-28.0883011447964,0
153.407929578948,-28.0883011447964,0
153.407929578948,-28.0883011447964,0
153.407929578948,-28.0883011447964,0
153.407929581539,-28.088301162787,0
153.407929581539,-28.088301162787,0
153.407929581539,-28.088301162787,0
153.407929581539,-28.088301162787,0
153.407929581539,-28.088301162787,0
153.407929575297,-28.0883009879699,0
153.407929575297,-28.0883009879699,0
153.407929575297,-28.0883009879699,0
153.407929575297,-28.0883009879699,0
153.407929575297,-28.0883009879699,0
153.407929575297,-28.0883009879699,0
153.407929209487,-28.0883010428326,0
153.407929209487,-28.0883010428326,0
153.407929209487,-28.0883010428326,0
153.407929209487,-28.0883010428326,0
153.407929186155,-28.0883012275702,0
153.407929186155,-28.0883012275702,0
153.407929186155,-28.0883012275702,0
153.407929186155,-28.0883012275702,0
153.407929186155,-28.0883012275702,0
153.407929049952,-28.0883015838694,0
153.407929049952,-28.0883015838694,0
153.407929049952,-28.0883015838694,0
153.407929049952,-28.0883015838694,0
153.407929049952,-28.0883015838694,0
153.407929049952,-28.0883015838694,0
153.407928722806,-28.0883018235383,0
153.407928722806,-28.0883018235383,0
153.407928722806,-28.0883018235383,0
153.407928722806,-28.0883018235383,0
153.407928722806,-28.0883018235383,0
153.407928568329,-28.0883019749676,0
153.407928568329,-28.0883019749676,0
153.407928568329,-28.0883019749676,0
153.407928568329,-28.0883019749676,0
153.407928443865,-28.0883021142147,0
153.407928443865,-28.0883021142147,0
153.407928443865,-28.0883021142147,0
153.407928443865,-28.0883021142147,0
153.407928443865,-28.0883021142147,0
153.407928292029,-28.0883022107127,0
153.407928292029,-28.0883022107127,0
153.407928292029,-28.0883022107127,0
153.407928292029,-28.0883022107127,0
153.407928292029,-28.0883022107127,0
153.407928348081,-28.0883022298684,0
153.407928348081,-28.0883022298684,0
153.407928348081,-28.0883022298684,0
153.407928348081,-28.0883022298684,0
153.407928348081,-28.0883022298684,0
153.407928348081,-28.0883022298684,0
153.407928460241,-28.0883021533142,0
153.407928460241,-28.0883021533142,0
153.407928460241,-28.0883021533142,0
153.407928460241,-28.0883021533142,0
153.407928426238,-28.0883020314066,0
153.407928426238,-28.0883020314066,0
153.407928426238,-28.0883020314066,0
153.407928426238,-28.0883020314066,0
153.407928426238,-28.0883020314066,0
153.407928383448,-28.0883019789598,0
153.407928383448,-28.0883019789598,0
153.407928383448,-28.0883019789598,0
153.407928383448,-28.0883019789598,0
153.407928383448,-28.0883019789598,0
153.407928383448,-28.0883019789598,0
153.407928359418,-28.0883018809882,0
153.407928359418,-28.0883018809882,0
153.407928359418,-28.0883018809882,0
153.407928359418,-28.0883018809882,0
153.407928448065,-28.0883018230242,0
153.407928448065,-28.0883018230242,0
153.407928448065,-28.0883018230242,0
153.407928448065,-28.0883018230242,0
153.407928448065,-28.0883018230242,0
153.407928448065,-28.0883018230242,0
153.407928665668,-28.0883018004589,0
153.407928665668,-28.0883018004589,0
153.407928665668,-28.0883018004589,0
153.407928665668,-28.0883018004589,0
153.407928665668,-28.0883018004589,0
153.407929053671,-28.0883018884243,0
153.407929053671,-28.0883018884243,0
153.407929053671,-28.0883018884243,0
153.407929053671,-28.0883018884243,0
153.407929053671,-28.0883018884243,0
153.407929489379,-28.0883020618878,0
153.407929489379,-28.0883020618878,0
153.407929489379,-28.0883020618878,0
153.407929489379,-28.0883020618878,0
153.407929543104,-28.0883021126384,0
153.407929543104,-28.0883021126384,0
153.407929543104,-28.0883021126384,0
153.407929543104,-28.0883021126384,0
153.407929543104,-28.0883021126384,0
153.407929543104,-28.0883021126384,0
153.407929710322,-28.0883021884901,0
153.407929710322,-28.0883021884901,0
153.407929710322,-28.0883021884901,0
153.407929710322,-28.0883021884901,0
153.407929710322,-28.0883021884901,0
153.407929930923,-28.0883022555521,0
153.407929930923,-28.0883022555521,0
153.407929930923,-28.0883022555521,0
153.407929930923,-28.0883022555521,0
153.407929879173,-28.088302305189,0
153.407929879173,-28.088302305189,0
153.407929879173,-28.088302305189,0
153.407929879173,-28.088302305189,0
153.407929879173,-28.088302305189,0
153.407929879173,-28.088302305189,0
153.407929811072,-28.0883023760376,0
153.407929811072,-28.0883023760376,0
153.407929811072,-28.0883023760376,0
153.407929811072,-28.0883023760376,0
153.407929703103,-28.0883024693145,0
153.407929703103,-28.0883024693145,0
153.407929703103,-28.0883024693145,0
153.407929703103,-28.0883024693145,0
153.407929703103,-28.0883024693145,0
153.407929703103,-28.0883024693145,0
153.407929609328,-28.0883025863733,0
153.407929609328,-28.0883025863733,0
153.407929609328,-28.0883025863733,0
153.407929609328,-28.0883025863733,0
153.407929609328,-28.0883025863733,0
153.407929653991,-28.0883027599567,0
153.407929653991,-28.0883027599567,0
153.407929653991,-28.0883027599567,0
153.407929653991,-28.0883027599567,0
153.407929653991,-28.0883027599567,0
153.407929573068,-28.0883028940979,0
153.407929573068,-28.0883028940979,0
153.407929573068,-28.0883028940979,0
153.407929573068,-28.0883028940979,0
153.407929573068,-28.0883028940979,0
153.407929380428,-28.0883028286464,0
153.407929380428,-28.0883028286464,0
153.407929380428,-28.0883028286464,0
153.407929380428,-28.0883028286464,0
153.407929380428,-28.0883028286464,0
153.407929319081,-28.0883029379264,0
153.407929319081,-28.0883029379264,0
153.407929319081,-28.0883029379264,0
153.407929319081,-28.0883029379264,0
153.407929179954,-28.0883030223793,0
153.407929179954,-28.0883030223793,0
153.407929179954,-28.0883030223793,0
153.407929179954,-28.0883030223793,0
153.407929179954,-28.0883030223793,0
153.407929179954,-28.0883030223793,0
153.407929125634,-28.08830298292,0
153.407929125634,-28.08830298292,0
153.407929125634,-28.08830298292,0
153.407929125634,-28.08830298292,0
153.407929129809,-28.0883029331118,0
153.407929129809,-28.0883029331118,0
153.407929129809,-28.0883029331118,0
153.407929129809,-28.0883029331118,0
153.407929129809,-28.0883029331118,0
153.407929108945,-28.0883027962291,0
153.407929108945,-28.0883027962291,0
153.407929108945,-28.0883027962291,0
153.407929108945,-28.0883027962291,0
153.407929108945,-28.0883027962291,0
153.407929108945,-28.0883027962291,0
153.407929211355,-28.0883029749527,0
153.407929211355,-28.0883029749527,0
153.407929211355,-28.0883029749527,0
153.407929211355,-28.0883029749527,0
153.407929327458,-28.0883028524968,0
153.407929327458,-28.0883028524968,0
153.407929327458,-28.0883028524968,0
153.407929327458,-28.0883028524968,0
153.407929327458,-28.0883028524968,0
153.407929148314,-28.0883026367983,0
153.407929148314,-28.0883026367983,0
153.407929148314,-28.0883026367983,0
153.407929148314,-28.0883026367983,0
153.407929148314,-28.0883026367983,0
153.407928901187,-28.0883024680295,0
153.407928901187,-28.0883024680295,0
153.407928901187,-28.0883024680295,0
153.407928901187,-28.0883024680295,0
153.407928901187,-28.0883024680295,0
153.407928901187,-28.0883024680295,0
153.407928925047,-28.0883023255269,0
153.407928925047,-28.0883023255269,0
153.407928925047,-28.0883023255269,0
153.407928925047,-28.0883023255269,0
153.407928811485,-28.0883022694306,0
153.407928811485,-28.0883022694306,0
153.407928811485,-28.0883022694306,0
153.407928811485,-28.0883022694306,0
153.407928811485,-28.0883022694306,0
153.407928811485,-28.0883022694306,0
153.407928668696,-28.0883022103015,0
153.407928668696,-28.0883022103015,0
153.407928668696,-28.0883022103015,0
153.407928668696,-28.0883022103015,0
153.40792882157,-28.0883021897066,0
153.40792882157,-28.0883021897066,0
153.40792882157,-28.0883021897066,0
153.40792882157,-28.0883021897066,0
153.40792882157,-28.0883021897066,0
153.407929101423,-28.088302320027,0
153.407929101423,-28.088302320027,0
153.407929101423,-28.088302320027,0
153.407929101423,-28.088302320027,0
153.407929101423,-28.088302320027,0
153.407929101423,-28.088302320027,0
153.40792937576,-28.088302215613,0
153.40792937576,-28.088302215613,0
153.40792937576,-28.088302215613,0
153.40792937576,-28.088302215613,0
153.40792937576,-28.088302215613,0
153.407929532551,-28.0883021778157,0
153.407929532551,-28.0883021778157,0
153.407929532551,-28.0883021778157,0
153.407929532551,-28.0883021778157,0
153.407929532551,-28.0883021778157,0
153.407929554911,-28.0883020086014,0
153.407929554911,-28.0883020086014,0
153.407929554911,-28.0883020086014,0
153.407929554911,-28.0883020086014,0
153.407929554911,-28.0883020086014,0
153.407929546994,-28.0883018666814,0
153.407929546994,-28.0883018666814,0
153.407929546994,-28.0883018666814,0
153.407929546994,-28.0883018666814,0
153.407929503139,-28.0883017821942,0
153.407929503139,-28.0883017821942,0
153.407929503139,-28.0883017821942,0
153.407929503139,-28.0883017821942,0
153.407929503139,-28.0883017821942,0
153.407929503139,-28.0883017821942,0
153.407929702773,-28.0883019319786,0
153.407929702773,-28.0883019319786,0
153.407929702773,-28.0883019319786,0
153.407929702773,-28.0883019319786,0
153.407929702773,-28.0883019319786,0
153.407929865026,-28.0883018336644,0
153.407929865026,-28.0883018336644,0
153.407929865026,-28.0883018336644,0
153.407929865026,-28.0883018336644,0
153.407929726671,-28.0883016736853,0
153.407929726671,-28.0883016736853,0
153.407929726671,-28.0883016736853,0
153.407929726671,-28.0883016736853,0
153.407929726671,-28.0883016736853,0
153.407929726671,-28.0883016736853,0
153.407929673549,-28.0883015972681,0
153.407929673549,-28.0883015972681,0
153.407929673549,-28.0883015972681,0
153.407929673549,-28.0883015972681,0
153.407929673549,-28.0883015972681,0
153.407929672258,-28.0883015294693,0
153.407929672258,-28.0883015294693,0
153.407929672258,-28.0883015294693,0
153.407929672258,-28.0883015294693,0
153.407929847256,-28.0883015173214,0
153.407929847256,-28.0883015173214,0
153.407929847256,-28.0883015173214,0
153.407929847256,-28.0883015173214,0
153.407929847256,-28.0883015173214,0
153.407929847256,-28.0883015173214,0
153.407930129776,-28.0883015563524,0
153.407930129776,-28.0883015563524,0
153.407930129776,-28.0883015563524,0
153.407930129776,-28.0883015563524,0
153.407930261729,-28.0883015517605,0
153.407930261729,-28.0883015517605,0
153.407930261729,-28.0883015517605,0
153.407930261729,-28.0883015517605,0
153.407930261729,-28.0883015517605,0
153.407930261729,-28.0883015517605,0
153.407930232751,-28.0883015065784,0
153.407930232751,-28.0883015065784,0
153.407930232751,-28.0883015065784,0
153.407930232751,-28.0883015065784,0
153.407930324122,-28.0883014812031,0
153.407930324122,-28.0883014812031,0
153.407930324122,-28.0883014812031,0
153.407930324122,-28.0883014812031,0
153.407930324122,-28.0883014812031,0
153.407930322553,-28.0883014366893,0
153.407930322553,-28.0883014366893,0
153.407930322553,-28.0883014366893,0
153.407930322553,-28.0883014366893,0
153.407930322553,-28.0883014366893,0
</coordinates></LineString></Placemark>
<Placemark><name>Drone at block 3 start — 20:59:44.000</name><description>Route rejected: minimum clearance below 18 m. At interval start: direct horizontal separation 18.98 m; shore-normal projected separation 14.4 m; alongshore alignment error -12.36 m. Target GPS age 10 ms; aircraft position age 221 ms.</description><TimeStamp><when>10/03/2026 20:59:44</when></TimeStamp><Point><coordinates>153.407930229801,-28.0882997148534,0</coordinates></Point></Placemark>
<Placemark><name>Surfer at block 3 start — 20:59:44.000</name><description>Route rejected: minimum clearance below 18 m. At interval start: direct horizontal separation 18.98 m; shore-normal projected separation 14.4 m; alongshore alignment error -12.36 m. Target GPS age 10 ms; aircraft position age 221 ms.</description><TimeStamp><when>10/03/2026 20:59:44</when></TimeStamp><Point><coordinates>153.40782,-28.08844,0</coordinates></Point></Placemark>
</Folder>
<Folder><name>Block 4 — 21:00:23.000 to 21:00:29.000 Brisbane</name><Placemark><name>Blocked drone track</name><styleUrl>#blocked</styleUrl><TimeSpan><begin>10/03/2026 21:00:23</begin><end>10/03/2026 21:00:29</end></TimeSpan><LineString><tessellate>1</tessellate><coordinates>
153.407966263966,-28.0882485241217,0
153.407966263966,-28.0882485241217,0
153.407966263966,-28.0882485241217,0
153.407966263966,-28.0882485241217,0
153.407966803494,-28.0882489181155,0
153.407966803494,-28.0882489181155,0
153.407966803494,-28.0882489181155,0
153.407966803494,-28.0882489181155,0
153.407966951829,-28.088249241569,0
153.407966951829,-28.088249241569,0
153.407966951829,-28.088249241569,0
153.407966951829,-28.088249241569,0
153.407966951829,-28.088249241569,0
153.407967045508,-28.0882494799014,0
153.407967045508,-28.0882494799014,0
153.407967045508,-28.0882494799014,0
153.407967045508,-28.0882494799014,0
153.407967045508,-28.0882494799014,0
153.407967045508,-28.0882494799014,0
153.407967204544,-28.0882498059936,0
153.407967204544,-28.0882498059936,0
153.407967204544,-28.0882498059936,0
153.407967204544,-28.0882498059936,0
153.407967192425,-28.0882500265068,0
153.407967192425,-28.0882500265068,0
153.407967192425,-28.0882500265068,0
153.407967192425,-28.0882500265068,0
153.407967192425,-28.0882500265068,0
153.407967144688,-28.0882502178923,0
153.407967144688,-28.0882502178923,0
153.407967144688,-28.0882502178923,0
153.407967144688,-28.0882502178923,0
153.407967144688,-28.0882502178923,0
153.407967056622,-28.0882504943305,0
153.407967056622,-28.0882504943305,0
153.407967056622,-28.0882504943305,0
153.407967056622,-28.0882504943305,0
153.407967056622,-28.0882504943305,0
153.407967056622,-28.0882504943305,0
153.407966991284,-28.0882506759326,0
153.407966991284,-28.0882506759326,0
153.407966991284,-28.0882506759326,0
153.407966991284,-28.0882506759326,0
153.407967092192,-28.0882508498073,0
153.407967092192,-28.0882508498073,0
153.407967092192,-28.0882508498073,0
153.407967092192,-28.0882508498073,0
153.407967092192,-28.0882508498073,0
153.407967255044,-28.0882510410386,0
153.407967255044,-28.0882510410386,0
153.407967255044,-28.0882510410386,0
153.407967255044,-28.0882510410386,0
153.407967255044,-28.0882510410386,0
</coordinates></LineString></Placemark>
<Placemark><name>Drone at block 4 start — 21:00:23.000</name><description>Route rejected: minimum clearance below 18 m. At interval start: direct horizontal separation 23.29 m; shore-normal projected separation 14.51 m; alongshore alignment error -18.22 m. Target GPS age 134 ms; aircraft position age 211 ms.</description><TimeStamp><when>10/03/2026 21:00:23</when></TimeStamp><Point><coordinates>153.407966263966,-28.0882485241217,0</coordinates></Point></Placemark>
<Placemark><name>Surfer at block 4 start — 21:00:23.000</name><description>Route rejected: minimum clearance below 18 m. At interval start: direct horizontal separation 23.29 m; shore-normal projected separation 14.51 m; alongshore alignment error -18.22 m. Target GPS age 134 ms; aircraft position age 211 ms.</description><TimeStamp><when>10/03/2026 21:00:23</when></TimeStamp><Point><coordinates>153.40787,-28.08844,0</coordinates></Point></Placemark>
</Folder>
<Folder><name>Selected shoreline and central positions</name><Placemark><name>vc shoreline A to B</name><description>Selected shoreline vc; seaSide leftOfAToB. Straight saved A–B line.</description><Style><LineStyle><color>ff00ffff</color><width>5</width></LineStyle></Style><LineString><tessellate>1</tessellate><coordinates>
153.40806,-28.08899,0 153.40785,-28.08828,0
</coordinates></LineString></Placemark>
<Placemark><name>Shoreline vc — point A</name><Point><coordinates>153.40806,-28.08899,0</coordinates></Point></Placemark>
<Placemark><name>Shoreline vc — point B</name><Point><coordinates>153.40785,-28.08828,0</coordinates></Point></Placemark>
<Placemark><name>Central position 1 — 20:46:28.000 Brisbane</name><description>Logged central position generation 1. First recorded at 10/03/2026 20:46:28.</description><Point><coordinates>153.407443352453,-28.0887703242035,0</coordinates></Point></Placemark>
<Placemark><name>Central position 2 — 20:49:14.000 Brisbane</name><description>Logged central position generation 2. First recorded at 10/03/2026 20:49:14.</description><Point><coordinates>153.407586260271,-28.0887574169023,0</coordinates></Point></Placemark>
</Folder>
</Document></kml>
